doc_id,source_index,source_id,reference_normalized,n_chars,length_stratum
ag4e5b4b642f5daf,84922,,2,182,2
ag4db32e0947ee4d,387,,3,120,0
agd55dd0819f9e0b,21353,,0,289,13
ag0ffc99da31d96d,67964,,1,198,4
age7a434d2b80f64,113543,,1,307,14
ag8c8c81d9c8a5e1,22834,,0,269,12
ag98def99b3dcb9a,116010,,1,219,6
ag2fa026a862d049,1470,,3,231,7
agabc5f04dadb4cc,46698,,2,120,0
aga0e1efee8d1aa0,98287,,0,208,5
ag4581abc154459b,113534,,0,230,7
age204bcbeebb18e,48704,,1,218,6
ag5d49122c2957bd,91543,,1,188,3
agf54685c527f157,95545,,2,210,5
ag49630626563d0d,72446,,2,209,5
ag66b779464d26cc,55931,,2,162,1
agde7056e3ebd17b,39193,,3,260,11
ag2fcaa556963118,63508,,2,297,14
ag85ecd0f7092af0,43893,,2,272,12
ag5c3ddbc34c6f09,14167,,1,203,4
ag4e12141e582a65,43826,,1,186,3
agf7eefbf5214b5b,90662,,0,286,13
ag2b545eb3e7aa13,58280,,3,322,14
aga1ed522b211af4,29249,,2,192,3
age6a7557a9ae6ee,55016,,0,218,6
ag4308e7276e2fb9,71037,,1,233,8
ag15d7b0bd7eb325,113162,,0,146,0
agc24d09f9621721,95073,,3,213,5
ag9dcdabc2798502,30621,,0,216,6
ag53ca7f65738a24,81955,,2,197,4
ag7cf6f11f75e630,30121,,1,132,0
ag3d2077f31a5757,793,,2,164,1
agfbfe4d4c510495,1194,,0,179,2
agc871f14c9f5473,59007,,2,211,5
ag86c45c668c1773,31474,,1,193,3
ag51d58c85e19217,31274,,3,230,7
ag8a9bbecf70a239,25338,,1,324,15
ag5379ae016b0936,468,,1,396,15
aga5f59133ba480c,52370,,2,276,13
ag2fa82c5eb1f808,29740,,0,224,7
ag7ed90875847e94,5376,,1,157,1
ag80c2914dfaf2c3,110771,,1,227,7
agb6c2302720f6d7,39859,,0,205,4
agff7e27e09ac5c9,5351,,2,237,8
agdea911fb02ac8d,69604,,0,270,12
ag9e2057701f02a2,22551,,3,220,6
ag11990f33cbe25f,60326,,3,162,1
ag9a5bc54571f447,5251,,2,226,7
agd0c99b1a091880,97361,,1,192,3
ag59f4543952ad20,105986,,2,205,4
ag3e062d1953a8c9,81286,,0,248,10
ag5c40cd7a7dc862,4373,,1,210,5
age737b3d0fab651,8369,,1,193,3
agdfaaac8e144bbe,22330,,0,227,7
ag275d9e1a8b020c,13057,,0,131,0
ag4efd133acad970,11818,,1,183,2
agd9586b9014ed34,101439,,1,165,1
ag5d3ab6344b7523,73109,,0,158,1
age48eb598226804,65107,,3,494,15
ag58f2e6e96ee00f,26937,,3,195,3
ag74ee910a58229f,78263,,1,240,9
agae1a018c8cac23,49115,,3,193,3
ag0ecaee36691bd5,4286,,2,311,14
aga7da70cced957b,4838,,2,121,0
ag6cd352ba2f4102,61440,,2,162,1
ag7ce865dc989ba7,53645,,0,210,5
agf5b658073e8092,41291,,0,385,15
agf13b4a6d2af606,35249,,2,136,0
agc68a2727ffc26a,108343,,1,182,2
ag0724b686d4c359,55731,,0,307,14
agada9dcec434f49,7666,,1,212,5
ag718033680eb985,83950,,1,218,6
ag23d2f8f939cc98,119035,,3,350,15
ag3369d29e118a71,4980,,0,283,13
ag41019def26541c,40113,,2,240,9
ag12c6b9ef8a37a1,81313,,0,241,9
aga56dbf58dcce34,93420,,1,160,1
ag40d29ac05675ce,76067,,1,219,6
ag26fb66268ce5ec,14770,,0,278,13
aga3d7c516747158,34582,,3,316,14
aga783dd51ac6c2e,63698,,0,245,9
ag99ef2db3bbeaa0,61747,,3,269,12
agbff6e9ff9b07ae,108904,,1,231,8
ag3c6a74bc4e4851,10685,,0,207,5
ag2d444a3795cf79,112545,,0,244,9
age890ef9b39634f,53769,,2,257,11
ag04e1b5a3cc309e,77813,,2,245,9
ag94d8d18ed5da05,93870,,1,188,3
agb8c7fd34891a47,96090,,1,301,14
ag75c696e91e0797,83599,,0,244,9
ag465ba17033f3c2,35578,,2,258,11
ag9d06c4a8826e1a,68603,,0,269,12
agcc2ea7f91988a7,42147,,0,210,5
agf300f7792edd5a,78969,,2,226,7
ag75ffa25b17107e,111025,,3,226,7
ag142a74893c971c,46276,,0,230,7
ag642423dd1d97b6,69205,,3,215,6
agc287f6ebe451c3,5902,,0,256,11
age02d64b8c9abdf,66920,,2,294,14
agfbd5ae4ca903a1,53818,,1,264,11
agb4f91ffcf950ba,43629,,3,335,15
ag46462708ebbe4d,52234,,3,211,5
agb973a69396d4ff,81782,,3,246,9
agabd507622c073a,76458,,1,192,3
ag3e945a19cfe5ed,40343,,2,215,6
ag8ba9dc01d48b4f,56926,,3,164,1
ag4959c0a50ff57b,70045,,0,213,5
agb91a9053de8a27,58403,,2,272,12
ag8fe14bd3dbc40a,83026,,1,172,1
age7d47610d6ead9,114339,,3,227,7
agd4f76e91f5d1be,79189,,1,233,8
agdc89aedb840c41,92468,,1,175,2
aga70124fb96f296,112184,,0,265,11
ag9635705fc6b9b5,30270,,0,299,14
age41756b0fdee2e,93792,,0,287,13
ag0a7f8c496b049f,93950,,2,274,12
ag8a6be3261b17a6,1281,,2,291,14
agfa3395a0208cf5,118736,,2,173,2
ag979b384e2e266e,81271,,1,184,2
ag0d5aeb16c9c496,9678,,0,174,2
aga4847e54e7b094,58972,,3,172,1
ag919ab943467494,56404,,2,230,7
ag1791721dd68eaa,21686,,1,197,4
agab0a55a371747a,72917,,1,214,5
age9ae38e4f5c587,79736,,2,191,3
agd060e3a6bad3de,38533,,2,244,9
aga58e738787137c,42464,,3,201,4
aga379f07dbd7c39,6925,,2,223,6
agde84ec93970153,88522,,3,324,15
ag2f82254852abec,86356,,0,254,10
ag963426633adbe3,8348,,0,135,0
agfc7d771c0ef651,26914,,3,189,3
ag9d93a5cc7cbdaa,103794,,0,322,14
agaf09902b79b88f,96769,,0,224,7
ag9759c5dd0446e4,99075,,3,135,0
agcfa56111434e3b,61683,,1,201,4
ag9ed38568c44428,38561,,0,266,12
ag242e0645d1653e,20924,,0,213,5
ag9d11f6725bdcb0,100840,,2,191,3
ag1a4aceaa96bdc6,112016,,2,272,12
ag7c91948513d6a1,72148,,2,298,14
ag33824dbf8e997e,97934,,3,200,4
aga6e418c86d3430,40738,,2,247,10
ag824c52f4a6c2f5,112608,,2,231,8
ag685a933620f6d5,68652,,0,162,1
agcb395835a97908,51952,,2,225,7
agc20e3892515945,63403,,0,181,2
ag6c88c1947c05e4,35931,,2,185,2
ag602a0d4d0239cd,44729,,2,234,8
ag1501cdaa91855c,33037,,0,143,0
agf3d1eecdcf12ea,72063,,0,267,12
ag87b0b9d9a12196,98261,,1,203,4
ag93e75fa18c8625,36401,,3,187,3
ag64506fb0e5cb81,49906,,1,208,5
agcc9f8653296595,50591,,3,157,1
ag78810ddbc97744,60763,,0,272,12
ag653c7c85ae1363,56098,,1,254,10
ag87a3a170796a1b,48886,,0,238,8
ag833f0809ff0ba5,90379,,0,244,9
ag7fb6eaac285ff2,82174,,0,321,14
ag14a9599eb53df6,49365,,2,247,10
ag196c5c2fc29cc3,100234,,3,252,10
ag774669fc2d58d7,6287,,1,130,0
agd56da88e22c46c,63344,,1,165,1
age3055fd4e09b70,17689,,2,201,4
ag6e9a7d9fe86ed0,40996,,2,243,9
ag5e780a29ff6f05,22061,,2,277,13
ag43a3f9ced67fec,62706,,2,289,13
ag5e77d7d9a98d7d,106105,,1,145,0
ag78ff43084f7af7,105560,,2,111,0
ag47dcf2327422da,48576,,3,230,7
ag0f4abc49e281e2,95066,,1,197,4
ag5a493b6d5d9433,85275,,2,283,13
ag4cbff3a51653a1,12024,,1,176,2
ag47d014a7a08a4c,89049,,2,272,12
ag4d53c9ad87560c,106217,,3,231,8
ag38b8228b975113,117141,,3,214,5
ag1185e8a88756f2,96920,,2,225,7
ag00e3127c1be4a0,105065,,3,258,11
ag9014c7ce2f98f2,106043,,1,232,8
agdf25cbb369730f,111436,,3,181,2
ag337c3f52431016,10613,,1,282,13
age65f5d39209927,34285,,2,266,12
ag54848d6d89fa32,48787,,2,254,10
agce001b68205391,115737,,1,240,9
ag88cc921b221b0e,69324,,1,231,8
ag99a23397ee5acd,76878,,3,173,2
ag58863037e236f4,60240,,3,300,14
ag04557773792ebf,30947,,1,253,10
ag941618d3c2952c,26484,,1,205,4
agbef15984f860fc,56279,,1,197,4
age6bfbf789eaee6,78996,,2,222,6
age1652e4ee3506c,65423,,2,262,11
ag2f9d4a4b8190ba,109389,,3,202,4
ag0a2c9ca281f3dc,69970,,3,237,8
ag9beaf731745be8,71654,,1,279,13
aga550eb1f14b496,30586,,2,212,5
agcc2591b6bf2b0c,36699,,2,271,12
ag4a0d60c58f954c,26271,,3,219,6
age5259a99040ace,36932,,1,234,8
ag78ed59bde57947,61035,,3,279,13
agb2233aabf45d9d,88161,,3,242,9
ag6a2a745631f566,102369,,1,246,9
ag00ec5073296cd6,60540,,1,252,10
ag18b2bc8c6f7fd4,68717,,1,284,13
ag3469e0c8a34131,71310,,2,238,8
ag59d33f5a213263,50397,,3,324,15
ag1ae13739dfe976,104762,,1,175,2
ag1cf3dac5f7ee63,69623,,0,281,13
ag75fb5763e5e771,49317,,2,259,11
ag4ed2e86f10aaa8,43639,,3,231,8
ag126351baffecc9,62240,,0,237,8
ag0bd7338c2cf4dd,63524,,2,252,10
agf5a9a9c040220d,33208,,0,284,13
agcca02b53a5cd7d,53276,,2,268,12
agd855d13e1d1fbe,24188,,1,234,8
ag96d8d9d14adbdc,39078,,0,197,4
ag7e7f4f41aaa2ef,18043,,2,232,8
ag75d6856cfc58d6,102640,,0,248,10
ag0a949f8fc36d38,32892,,2,278,13
ag05694b1487eba6,91933,,0,284,13
ag8a59ce48b30429,41960,,1,241,9
ag293a9e86f24b21,697,,2,271,12
ag9dbffac6d65045,30943,,3,356,15
ag994926ff9850ad,48618,,2,244,9
ag5a4a6623fc9895,27026,,0,202,4
agbadce9a2513dda,76124,,1,225,7
ag01f873baaa100f,52548,,3,398,15
agc52c3ae86f6edb,55669,,0,286,13
ag892352f819614f,18953,,0,312,14
aga1971672e8f86a,114089,,3,595,15
ag5b70bd8377ea53,98490,,2,184,2
agba405738f772d0,93014,,1,295,14
ag4d610a72cd856d,26477,,2,229,7
ag305fc16d2a8535,25146,,1,224,7
agb10267472d615e,82579,,1,253,10
aga7c202d594317f,28484,,3,325,15
ag27afa2c3dffbbc,35815,,0,236,8
ag209cabac4dffbd,87637,,1,404,15
ag2f63b1313ea7f8,109250,,0,268,12
agf20c5e3e85b272,7656,,1,183,2
ag7a2bfaf720852d,20019,,0,369,15
ag71685acb290990,54999,,3,244,9
ag0df12147913fb3,784,,2,128,0
ag2fbc6ed8f45b62,64888,,1,222,6
ag67a75d01fb06dc,111493,,0,138,0
agefb014989b2edf,30287,,0,251,10
ag2b6129b8c8ff55,70744,,2,237,8
ag3055a89b1556c8,38793,,1,206,4
ag6d0afeece2c792,115975,,1,178,2
agc9090909632938,24390,,0,176,2
ag43cbd98cbf28eb,14576,,3,338,15
ag4698f9ca7a6b63,105508,,1,275,12
ag937574e4b3e150,32243,,1,215,6
agf2c46be2e107a0,75101,,1,267,12
ag66dd80f123f7c4,68753,,1,276,13
agb75b0628daf2f8,76814,,2,268,12
ag35f01177bcdb8d,23660,,1,216,6
ag1b91785a9320e6,47684,,0,502,15
agdb1ef675c0802b,33773,,0,223,7
ag8646c6fcde0d32,32482,,0,143,0
agaa207a007b0361,97291,,2,198,4
ag4c5f34754b82b9,77588,,1,213,5
ag6fa725318805ec,24824,,0,240,9
ag9898c2e29d8362,28202,,0,267,12
ag6826dca14d1709,82663,,3,123,0
ag9874ae9d20305e,36430,,2,292,14
agebb84a276b1abf,54882,,2,273,12
agb07cb2f0d2f160,61334,,3,323,15
ag0e729a4b85d976,46697,,2,371,15
ag9f9563cb4eeb14,116348,,1,173,2
agaf966a741d0e33,77238,,3,273,12
ag98bdcb99fc2795,4112,,3,392,15
ag980438675b75d9,10119,,3,184,2
ag2637ac987d3a1b,71693,,2,105,0
agae7e178bfc9f8f,41385,,1,240,9
agc2efcbc1eb9003,55632,,0,210,5
ag4b201e166972ae,31715,,1,293,14
agd831752a19b02b,85608,,2,269,12
agf39b2b6ad507ae,16659,,3,301,14
agf64a78dfe1e58e,48750,,2,211,5
ag007df9ff7bbef4,110503,,0,260,11
ag9dfdcf139d4029,108731,,0,268,12
ag8d50c5853dc4c5,73767,,0,206,5
agbf6178664fdf84,116599,,1,233,8
ag156ba34948394d,30154,,3,193,3
agc14d7531e8194c,37556,,0,170,1
ag05f32fea69daee,49211,,2,181,2
ag3eec67dc044549,104452,,3,258,11
ag8363f412f3ffca,36187,,2,289,13
ag28e13d2870736c,42069,,0,232,8
ag8660769b99e549,39018,,3,196,3
ag20791c60fbcceb,76238,,2,174,2
ag9932dec76c2139,76747,,1,276,13
agb48ca5ee499a7b,42615,,3,276,13
agb21d234cea23d0,114246,,2,202,4
agccabfa74d05b56,77542,,3,354,15
ag95a18f4becc07e,111417,,2,303,14
ag33e11d1fdddcc7,49801,,0,276,12
agc6cb9385bfcfd7,85583,,3,179,2
agd65b4556527b50,29493,,2,386,15
ag32e33173484bc4,114200,,1,195,3
agb93b5139894b0a,23451,,3,234,8
ag47ba2a63fccdda,71723,,2,246,9
agef0f1b1095baa0,4687,,0,280,13
agc7a12b568b19ea,78983,,3,264,11
ag23b6f9272fa77c,24505,,1,234,8
ag9d7e0d8de59579,94860,,2,168,1
age9a40a7c169907,60646,,3,192,3
ag5b52cc90ec8538,8140,,3,151,1
ag02b823f95f79e8,75543,,3,273,12
ag50311032895334,109506,,2,269,12
aga3eb59c52ca986,37547,,3,267,12
agdb7e29c4c0a583,64981,,2,234,8
ag9000645c3fbaec,23167,,1,224,7
agc324bee73f1aaf,88051,,2,290,13
ag531fc24b552988,11101,,3,205,4
ag1273100cb92b79,110724,,3,301,14
age5da06bfe28769,104457,,1,276,13
agc46888a3039bc5,106840,,3,166,1
ag5191e5764f86cd,101145,,0,257,11
ag5cccd7eae2e9cf,2882,,1,222,6
ag18d7a0596babe6,112108,,3,186,2
ag20e996cb28616e,7846,,3,279,13
ag0571faa1fea3d2,98544,,1,337,15
agd29a29305e424a,76632,,2,263,11
agf6fe3ee7046d4d,37171,,2,188,3
agf68d7b467b2e1b,76873,,0,147,0
ag53bfdbea2f2d2c,88961,,3,162,1
agcf603ab98f3157,62067,,0,353,15
ag10820d18be84a5,12105,,3,237,8
agd4b9d413c098a0,30510,,1,283,13
ag38bbf3effa7461,117079,,3,250,10
agac8877a183b8d0,30042,,2,248,10
ag4d1480e9a893fa,117787,,0,139,0
ag2f6ce1d5031278,69470,,0,206,4
ag1242a6fab489de,69767,,0,143,0
ag2a9b4a32d097e9,22411,,0,272,12
ag42df8cb5248b68,116121,,3,337,15
ag950e2d30ac2c2a,100722,,0,339,15
agfa7cee51835e54,106906,,3,112,0
agceec562172676f,62138,,0,128,0
aga02067506ab27a,46836,,2,273,12
ag3e744c250f3377,99949,,1,219,6
agde7f9c8d9da3f6,82722,,3,304,14
ag0c4998f15f54fc,19272,,1,205,4
agc3ad4c89c2d7a6,45838,,0,241,9
ag481fd07f8bcdfc,69810,,0,360,15
agd372a877961a11,99808,,2,239,9
agf7b010aa9a0cb7,16884,,2,221,6
ag6e709a3af692a8,92161,,1,214,5
agb4d5c6ae28f048,42398,,1,187,3
ag2c25ccec26d8d2,27687,,0,349,15
ag06952e1ff424da,4233,,2,261,11
agb51373e219982f,98511,,2,242,9
ag9576f15b35c9ff,40382,,1,244,9
ag8663fe1158d0bf,38841,,2,256,11
ag0bd68dda40beee,66815,,0,196,3
ag99cee5a0a23e53,14095,,0,398,15
ag61bb49118c31d3,11133,,0,272,12
ag9850807ca6c82e,54648,,3,232,8
ag2551773226ddc8,30296,,0,166,1
age3665616da91b5,96712,,0,273,12
agbac9f1e5b52262,80386,,3,258,11
ag2518d108f3984a,31681,,1,286,13
ag69fd7e14fd3e08,40283,,1,190,3
agdbc54fd3223a28,62146,,0,225,7
aga2d58459982bf1,109040,,1,220,6
ag865ba4a5500cc3,14443,,0,256,11
ag7be416c26aec7e,45868,,0,176,2
ag8c48c03e12e895,27275,,3,240,9
ag096158cef8fa7b,30611,,2,210,5
aga1e68590e568aa,659,,0,269,12
agee3c305ac760f5,13034,,0,292,14
ag57df89dae9366f,40620,,0,209,5
ag37302370bd30fe,31326,,3,264,11
ag695321d185b7d2,106625,,0,115,0
ag66a394bebe738e,51532,,1,396,15
ag28e7561a7ea34c,110902,,1,183,2
ag8f84dc83332416,11662,,2,250,10
ageeadb294616539,40497,,2,246,9
age198960a098791,67944,,3,188,3
agab497a1a1e3934,100009,,0,128,0
agd9f7a890c546d8,40387,,3,212,5
ag86ecacbb54f57e,51786,,0,244,9
ag97b7fc15cb05cb,88139,,2,213,5
ag8b9a720d2632e7,56035,,1,302,14
ag4ee44f9f12bea0,47979,,0,213,5
ag294058d8989633,76338,,3,213,5
agce907c02bbac2b,15991,,1,131,0
ag0109b0cc5bcca7,109305,,3,268,12
agbeef0715d4b035,105355,,3,118,0
ag96b79ce4e726a4,86030,,0,294,14
aga4b9165f445b06,15291,,0,313,14
ag8383bcf47bd865,56621,,1,163,1
ag5f531552ea3550,103580,,0,216,6
ag1fcc20541293ff,10302,,3,187,3
ag2427c29245dc52,80251,,3,231,7
ag57c6d041c34f39,15387,,1,250,10
agd3d4d431a026f7,58081,,2,276,13
ag2225d81d5a19f9,96312,,3,158,1
ag8fbe0e1487bb48,32288,,1,364,15
ag0a70f84f8289e6,49808,,3,217,6
agf51fad1f710efe,29750,,3,166,1
aga8225d2c528da7,51696,,3,291,14
ag9480d27e0a6d6f,30213,,0,254,10
ag0da4b738f0dfc5,40035,,1,256,11
ag3a8178fa10053f,2536,,3,139,0
agc5025bd745c56f,89821,,3,230,7
ag0c92bd1fd1a477,92895,,2,492,15
agd5c99674b9103e,22618,,3,218,6
ag9c7adbf877e49f,108601,,3,271,12
ag8907bf4504e283,75722,,0,273,12
agb0f076ffda4270,39195,,3,223,7
ag670efb8ca4f3bc,100957,,0,232,8
ag1cf2dfe943b40c,63570,,3,270,12
ag319deb3810b1f0,101609,,2,253,10
ag3004870731105e,48509,,0,210,5
ag7d7d4e147dafc9,99873,,3,275,12
ag563ae55ec26b89,24098,,1,222,6
ag3e60508957e755,3509,,0,218,6
agc398bf44078e87,212,,3,367,15
ag9d3a743f427ebf,38746,,2,246,9
ag383ac076b8addf,77711,,3,274,12
age4f39981e3e349,53505,,2,161,1
ag228aeda491c9e0,110358,,0,202,4
ag1cbf66655b11f6,52037,,0,156,1
agcdbb10c4d723ed,40874,,3,184,2
agedd439bc2c384c,18670,,2,389,15
ag6e660dc50f7d5b,61559,,2,217,6
age94b73e866c682,40107,,0,173,2
agcaa9cf0b0715a7,20810,,0,261,11
ag2e2a65422c4151,83854,,0,199,4
ag258c6995d1e2dc,16085,,3,792,15
ag16d1655251031b,72794,,3,268,12
ag3b2ff92b075068,54001,,3,245,9
aged315b0ad6b6c2,12421,,0,210,5
age3ab1625e028b3,41549,,1,233,8
agefab20b7983dff,12768,,1,226,7
agac3cc5fafdd6ea,88788,,3,252,10
ag04afd2995e9ae4,109056,,1,210,5
ag6b21cc4066bd4f,46151,,0,524,15
ag3e3637a06ca513,31247,,2,285,13
ag600d3f37127ad2,610,,0,282,13
ag8c6c408db71d9a,63608,,3,296,14
ag7d3c8d3bc69687,28122,,1,112,0
ag8f63b971ca2edb,25505,,2,243,9
ag14abaf3ee45ec5,49374,,1,184,2
aga1a772749f6df2,70858,,1,196,3
agec9d8fa9a8c792,119914,,3,244,9
ag6e07ad64cdda95,59128,,2,260,11
ag230f8cc34156ab,108360,,1,209,5
age5dc11f6969f65,86915,,0,224,7
agd668c2ce515a8d,69543,,1,364,15
agcffb3d31498557,4814,,1,155,1
agb417a1a4ae142d,62472,,1,204,4
ag618f2951d9ed06,102509,,1,195,3
agb254d626419ec8,79243,,1,148,0
ag503c9a6b5c72d5,81909,,0,237,8
ag34749ba471185c,40902,,3,439,15
ag9f904adb58e754,95052,,2,282,13
agc7e64c34bcbdd8,87033,,1,232,8
ag6a88287a43b2c1,24690,,0,349,15
ag6451eacfcb709d,62533,,3,269,12
ag7df7eef640b89e,62207,,1,327,15
agcf101f14507c63,40449,,2,234,8
agff14601376d13b,27499,,1,274,12
agc003cae00c9ded,113713,,1,281,13
ag681615c117d2a7,41615,,2,244,9
ag62e58294361005,48501,,0,301,14
ag2a377c90b83bc2,8597,,2,277,13
agccef9071d9d62a,99476,,3,251,10
agf62bb0b72ddfb1,17427,,1,168,1
ag4bced757c122cf,30358,,0,237,8
agd83dcfe694a04c,103093,,0,284,13
ag8f34ed62552803,85143,,1,353,15
ag5715843d38355b,97887,,1,190,3
ag8572a58ff9b110,104395,,2,204,4
ag88cfc6f91bd2a7,86925,,0,243,9
ageffbfef40e33a1,47487,,3,248,10
agc9758ac992d9a5,16013,,3,258,11
ag2d8266e8c82a95,27770,,1,252,10
agfcde015807404f,8376,,3,261,11
agbf5df90780c74a,28613,,0,226,7
agb0a54298a954cd,96119,,3,114,0
ag56ab49708007b5,59048,,1,270,12
agcc6d0f2b4d25fd,103833,,1,209,5
ag476d6caa1c0f0a,6814,,0,215,6
ag043ef8ba576ea2,53774,,0,326,15
ag020f7b0fe6b0f3,57897,,1,222,6
agc3518f95aa468a,60432,,2,163,1
ag396b42c46bac17,18667,,0,161,1
agccb72fc974c565,81702,,3,191,3
aga972ea102e21b0,44285,,2,293,14
ag3ce89698fcbd6e,41336,,0,264,11
agcdfe81db6af5e5,31553,,2,232,8
ag64b82e1f53cb76,108149,,3,277,13
ag9a4756db72bbd3,53288,,2,182,2
ag7fa7933034a845,20502,,2,233,8
agacd2d4ab8117b9,61596,,3,312,14
ag90af7ec329f87e,82526,,2,206,5
ag6968c6779068d5,14120,,0,297,14
ag3b373bd252ea66,56005,,1,318,14
ag3707b2a2d6d4ae,97356,,1,278,13
ag71f392fb7799fe,107127,,2,192,3
ag9e1fcec1170945,39910,,3,168,1
agb0c80c1d5c4c10,80937,,3,235,8
agc0a4b7985579fb,49857,,2,407,15
agc5aa42f9bbce1b,73716,,3,179,2
ag51d60c593f5b04,89983,,1,239,9
age5370da7ff03e9,87281,,3,144,0
aged7802fdc08bdf,94061,,0,232,8
agc172eec20383f9,71209,,2,111,0
age555c2a615a18d,94425,,1,214,6
ag6986a1ced25f49,54468,,0,273,12
agd53f7e65a94e43,48538,,0,293,14
ag73b3f78c7789ac,71211,,2,206,4
agc48bc12379f632,43695,,3,510,15
ag5b79787ba769e2,29379,,1,175,2
aged8135d34550ee,41416,,3,263,11
ag21db78ac9317d9,110054,,3,269,12
ag04b9f3cd33f96c,76212,,3,134,0
agb7601f4ea3234e,96121,,0,262,11
ag8606775814de96,37243,,3,142,0
ag932445e0358731,68861,,0,300,14
ag9d6e184dcd2733,33424,,1,235,8
ag0ad4b71cebcd2b,36887,,0,282,13
ag0b0baf2d3e35e9,104009,,0,205,4
ag2e5eb4047b66e1,57102,,1,158,1
aga2b6bb108ac357,8285,,0,256,11
ag84af8141834ef7,61841,,0,185,2
ag299edecd2849c7,95423,,3,188,3
ag2036746295d3e7,50335,,0,257,11
ageb733cfa94cecc,100436,,0,131,0
age7245554268837,41444,,3,274,12
ag87b69a6c3ea52e,16229,,2,139,0
aga80ff29504d466,6555,,1,217,6
agecb73a25a048c0,107484,,2,269,12
ag9c9d6b63b1eddc,91209,,2,232,8
ag7d2cd243460207,76406,,0,295,14
ag839d235b821867,37845,,2,264,11
aga3a6e108a42dc3,114827,,1,253,10
agf6fa4863ba797a,9977,,2,245,9
ag82468464762c38,45684,,2,267,12
agd722e3848bbfe9,36596,,3,241,9
ag713b4bfb4d409a,100356,,2,179,2
agc7f7037dae6aaa,69177,,3,222,6
agbead5838059077,109806,,2,229,7
age72278917182e1,3871,,0,282,13
ag9e07a9c53c39fb,30123,,1,267,12
ag5c8616ab6b68c4,10162,,1,226,7
ag54663199414434,104039,,3,208,5
ag5a380cbd115c0a,100006,,0,132,0
ag9571d3e64618ce,76885,,0,265,11
ag43e92784beff86,29876,,0,211,5
agb2309b902f0058,89238,,0,315,14
agc567669d2aaad2,114023,,1,184,2
ag114a2179358022,108552,,3,259,11
agfacc1faab61f45,119820,,1,219,6
age9a2fcb66a8945,61553,,3,297,14
ag8f67ff9a715fae,62456,,1,182,2
ag2142269b093983,82314,,3,292,14
age04f278d1faff4,89108,,0,220,6
ag7c45cdca4ebdab,86138,,2,199,4
aga50fc93d8e506c,24410,,3,213,5
agcaf0719be8631f,9708,,3,173,2
ag44bf960c5b23c7,13867,,1,177,2
ag781850f4a18b45,20140,,2,215,6
ag74077c059e88ab,47691,,1,240,9
ag01cdf9f32c2d62,1760,,1,148,0
agcf240095ef0533,113911,,2,242,9
ag0fa312230a4aff,70694,,0,209,5
ag13c44fccd28b1b,6650,,1,146,0
agd8cb4af8e3fd1c,24318,,1,261,11
ag651d1dc36fe324,108692,,1,262,11
ag0577a840ee3108,20191,,3,191,3
agf89a7d87bf4017,34739,,0,262,11
ag1540944237eb2a,117005,,1,223,6
ag626553540a265e,110108,,2,129,0
ag3c940c5162e486,41679,,0,326,15
ag5bd811fcc62444,100117,,3,287,13
ag1b225f00545644,33337,,2,244,9
ag0e85d90c79d0ca,29079,,2,271,12
ag05d2c4885fa75f,62373,,1,216,6
ag2eb0c2f0b81f97,761,,0,248,10
ag69a3d0b24a0f27,14955,,1,183,2
ag615df9f712e8c8,110209,,3,207,5
ag9875440e87bc06,2912,,3,291,14
ag9ecaecf69ecc2c,68884,,1,279,13
ag9eb7ba5a6fa3ba,71270,,2,235,8
ag6b85f4e2176315,85833,,3,214,5
agcc5572e71f0709,116629,,1,266,12
agf71f3f598751b7,114752,,3,355,15
ageb4adcd31a1d55,117860,,0,274,12
ag0c33a3e1614867,38512,,2,225,7
ag7dfbe14f3d8c50,57024,,0,285,13
aga1cd78a2b07b43,65863,,1,223,6
agba965863256ef9,42304,,3,235,8
ag498cfe408403c7,82723,,1,246,9
ag99fd88d9bdac14,17779,,2,202,4
ag44997ef8b762b9,73882,,3,527,15
ag1b2837a8421e75,47050,,1,234,8
ag57ceac70e55622,46206,,2,239,9
ag0c389f55292865,117017,,2,225,7
agdc0c7c1a56a319,37265,,1,237,8
aga1fe70762fae52,100341,,1,234,8
ag7caf3854bbeae0,41133,,2,244,9
ag13135dd37b3860,94318,,3,215,6
agf3f285956afe75,26465,,3,178,2
agf644a0bc7fb204,68101,,1,213,5
ag786cc5a5b97fc4,16555,,3,165,1
ag2d7f56c37cbede,109474,,2,307,14
ag55595f88a73286,108367,,3,216,6
agd4b06e6df6f99d,62053,,2,266,12
ag5251b92085e531,104252,,3,209,5
ag3d745f12b3ae1b,105196,,2,290,13
ag57dea11d373441,70782,,1,302,14
agb2edbe2e19dec0,69616,,0,327,15
ag097b2f5116d657,47080,,1,301,14
ag697c2aacbe34f6,16879,,2,274,12
agabdbae9587154a,38563,,0,176,2
ag41d75bcb8f4cd0,113943,,1,213,5
ag16d5601d046e0a,68715,,3,283,13
ag6d2edf900ab21c,55598,,0,202,4
ag522d9b7bbfa3b9,20536,,2,199,4
agf83eb1b26ec8c7,98698,,0,223,7
agffcb5860a98968,70499,,1,194,3
ag29a17f73722764,37804,,0,149,1
ag53ad726d6a8692,25905,,0,366,15
ag74caa8d2988d25,83487,,0,196,3
ag53ee9661b358d3,117688,,2,291,14
ag023386880ec16c,111589,,0,135,0
agfa3427de6cf75c,70501,,0,257,11
agc83435c1e95490,12371,,3,235,8
ag699ddf2269b1a0,111558,,3,261,11
ag0fa2f92b4d6d6c,46618,,2,225,7
ag456276feb060a0,52488,,2,218,6
ag2e345230679087,69219,,2,196,3
ag13b594f9c52286,30678,,0,245,9
ag03d807d824990d,38672,,0,262,11
ag912468a8232834,112496,,3,239,9
ag497f3e8531b976,53486,,0,250,10
agd6ab63d0a55bea,15491,,3,220,6
ag62cbd7124ff231,114846,,1,217,6
ag6768c4c9599883,72158,,0,196,3
ag68043fdf3cb24c,99572,,2,180,2
ag58e268dda3f76b,89416,,2,270,12
ag498c2b0b58a936,14886,,0,250,10
agc4b81fc919cf83,86970,,3,218,6
ag041df3fb11127b,114579,,1,201,4
agd38973fc88269d,117723,,0,137,0
ag48b84af1cb5997,41957,,2,180,2
ag2f164c292db0d9,59942,,2,240,9
ag5a95230e0c944c,117048,,3,212,5
agb51cdf37f58725,28297,,2,252,10
agaddfc473a0040c,48110,,1,209,5
ag1091484747e52c,83900,,2,329,15
ag6726ce62dba1e9,61652,,2,226,7
ag992f4cdcc05892,34867,,2,202,4
ag8a434a656d41c6,896,,3,289,13
ag3f6cfc78e1304c,51680,,3,660,15
ag46ff2c431679fb,80220,,1,239,9
ag375588d6cd3600,5582,,0,268,12
ag30aadafe8d8db1,74239,,2,259,11
ag9a21a41f0e5135,21588,,2,116,0
agf47572b3185e60,105275,,0,276,13
agc8071368747eea,17289,,2,179,2
ag67c8931da18940,22042,,3,280,13
agd2810363b8edd8,102418,,2,244,9
ag725b1fb6a2a7f6,78342,,1,195,3
agb0ff496eef44cc,10636,,3,247,10
age76ba333458ee1,73498,,0,220,6
agc7fee340a008d5,43852,,3,154,1
age69f5bac20a865,46690,,1,196,4
ag0004eac23f0201,40832,,2,171,1
ag7c7f1cdf54920a,53252,,1,245,9
ag9772b0d27b1de7,36713,,2,237,8
ag9e9fd7ca3c147a,110187,,2,194,3
ag98f0f23330e9b0,30471,,1,258,11
agb027b6b521f380,12822,,1,245,9
ag06a341565a2413,110579,,3,190,3
ag004d8f6536b289,34298,,0,170,1
agda460dac93f48d,22202,,3,392,15
ag41cc8b2c792858,81372,,3,240,9
ag35af03c652a1f8,19476,,3,261,11
agf43a2278bdaaff,43142,,3,247,10
agf61e4df93b6be8,45709,,2,201,4
agfd5d073b9f4d9a,47271,,1,174,2
ag8fd3fe1d5c8875,90552,,0,239,9
ag14f8d5e43b1c68,68230,,1,221,6
agbd13fbdd60be62,37360,,1,246,9
age5b46211dc3490,94023,,1,194,3
ag2fe65f50e85084,52361,,1,192,3
ag2a69c113642856,2231,,2,253,10
ag8087955e30339e,68016,,2,269,12
ag783b49b91f9cfb,108703,,2,178,2
agf63b9801a08bca,7936,,2,185,2
ag110c8de8e1f911,10866,,3,151,1
ag3d668cbe382a95,8647,,0,296,14
ag505efece2e366c,6765,,3,237,8
ag769a2d6a24658c,4015,,3,319,14
agf51d44670de58f,68280,,1,203,4
aga3c67e0522705e,57399,,3,249,10
aga70d046e7cf203,24719,,0,296,14
ag2329bf12ee8c7e,89813,,0,229,7
agb2be6cbde22f19,8328,,1,175,2
ag3804209141df50,37799,,1,220,6
agd7c6e9f934a1c3,99435,,1,288,13
ag6c9f2867fdc5f4,38807,,3,368,15
agf8385a1c109540,49729,,2,278,13
ag5bae6466fff714,22342,,1,154,1
agd2914a1e104121,113061,,3,229,7
agbe795190bb2d82,119005,,3,111,0
ag97652a9fe70dd5,86395,,1,238,8
agdc05d01cb4c25a,119202,,2,233,8
agaf46bc3b3f8353,103278,,2,250,10
agca74559d44ef7d,28982,,2,236,8
ag8919774e9059ee,106331,,2,179,2
ag2abfd69d1e9e38,30587,,2,250,10
ag9f17f92e33ddd0,1877,,3,198,4
ag89e224c6e23e62,44724,,3,200,4
agff6c6018d396c8,83070,,1,253,10
ag8c2d449bfa2b6c,65724,,0,317,14
agc0ceb3d873fa9a,68898,,2,210,5
ag0280361c604829,98732,,2,207,5
ag4d169a207548da,43189,,0,251,10
ag9c3e954f4b41d9,99269,,1,172,1
ag2b87e7da253cd8,45386,,2,188,3
ag9a7a2544a3af78,49602,,1,219,6
ag63bc6d2e505600,92816,,3,247,10
ag1d126fa4204f84,11384,,3,238,8
ag1f11d006a35364,52529,,2,226,7
ag9ce4fe8ab7a138,26044,,3,256,11
ag0d4bab024f9ce2,21746,,2,329,15
ag11d4d7341bf5bd,102529,,0,272,12
ag423485572fc988,92848,,2,256,11
ag68d2cfb60c7895,68731,,0,223,6
ag9061a63fb61ad9,83844,,3,235,8
ag28d828186b7cca,31262,,3,226,7
ag7767609751063b,111503,,2,212,5
ag9eaca177597683,86063,,1,222,6
ag5d57dbe27f9901,73844,,2,231,8
ag435d7b562fc571,45938,,3,194,3
ag099f4f8c5e7044,88244,,1,242,9
aged4c07fc82ede2,69834,,0,258,11
agedb2c7f4f1624f,88816,,2,176,2
ag39e916d8238076,110261,,3,199,4
agea410d540a8d6d,61864,,3,196,4
agfb784652a7aeea,31747,,2,197,4
ag5ff37c4be9025f,80523,,1,207,5
ag7a88cfe6350149,1906,,3,559,15
ag67f1fecdae1fec,106090,,1,264,11
agcb94249f8fb8af,70456,,0,231,8
ag8ddfe00970215f,10022,,3,252,10
ag90dc93dc090453,40590,,3,250,10
ageea26021621d6d,104332,,1,197,4
ag6221cac85b4ee2,90545,,1,253,10
ag65fbb61c49c08e,13187,,2,212,5
ag18899db9e5d376,36776,,3,276,12
agf7dc39d51bb2e2,64324,,2,229,7
ag4218a45fc3b880,115863,,3,232,8
ag2976721a164089,79357,,1,218,6
agb888f91d97f942,6862,,1,214,5
ag404c8a84ea6c9f,106698,,3,179,2
ag091d7f5c770727,75761,,0,231,7
ag2803780bea9053,5720,,0,407,15
ag7c83d029202840,97311,,0,193,3
aga88f2d1e6c9c19,6915,,0,220,6
ag39a3a8c05cc0dd,2907,,2,301,14
ag8d85fc3b74dc7f,58141,,2,258,11
agb2cf00cd50b56d,18093,,1,306,14
ag5b0983f9b4335f,110575,,0,145,0
ag6f63ad08514ec8,95739,,1,218,6
ag138001a19b0d39,110809,,2,218,6
agddd53033d448ee,8457,,1,191,3
ag23356fcacd8ce2,90065,,3,746,15
ag47e280fba77eb7,67539,,1,271,12
ag9d791191002756,31856,,3,349,15
agfd51be25093ba9,86731,,2,271,12
agdbb256e25015f1,22520,,2,196,3
ag63f37fbe12e419,72113,,3,504,15
ag79190505ac02db,64769,,3,194,3
ag6641cd85d5e620,47125,,1,196,3
agfeb85491972138,80544,,2,251,10
ag18f8153b7b9200,80886,,3,276,12
ag96a90e6705af75,89403,,3,397,15
ag3ccf56dab43448,102574,,3,223,6
ag8a5035f26746f1,8935,,3,233,8
ag22551e66e8442d,67925,,3,333,15
ag0c7fac5fd50e8f,101920,,2,247,10
aga5cd2883e1b623,74894,,0,310,14
ag069c690121d8fb,64802,,2,226,7
ag372a090a96c7f5,109934,,1,194,3
aga98890f444d30d,22017,,3,124,0
ag9d997426b98227,5742,,2,271,12
ag8828f54d1dae6b,105464,,3,260,11
agd06815f907f0a8,119247,,0,243,9
ag6374bbd3e20728,51821,,3,148,0
ag67f6b4e015d840,56997,,1,236,8
ag71ece2200c66cf,26204,,0,189,3
aga4cd4d3c66ad2f,95669,,2,257,11
ag140cd5bfa0e9c7,35118,,0,181,2
ag62bff67636787a,101682,,3,250,10
ag4165b62afded45,65747,,2,232,8
agbbc5202b3f767b,103500,,3,198,4
ag924e337dc6bda6,96671,,1,223,6
ag69d019bb3b8435,85344,,2,288,13
agd9397393e862f0,104168,,3,316,14
ag3d5f09a4a4953d,119075,,2,236,8
ag4a775259ea01b8,107961,,0,314,14
agbe196017a876e0,48706,,0,239,9
agd7bb8b1e0e1a58,32538,,0,253,10
ag59bc2f200be889,68317,,2,242,9
ag88c13beb288010,2823,,2,286,13
agad4652427dd40e,16781,,2,308,14
ag86c40bfc966cac,64084,,1,216,6
ag60bd38ec38c0e3,64109,,3,148,0
ag242b3e7638ee62,43087,,1,246,9
ag923cdbc96d86f4,61806,,1,208,5
agee44244835b572,44918,,2,162,1
ag6eec5baeca077f,9373,,3,361,15
ag79b8e1ab6d0059,113712,,1,193,3
ag97ac39a5883628,4754,,2,171,1
ag905b91da24441f,95527,,1,273,12
agc73c76c7829915,65909,,3,244,9
ag1fdcfc4143ae5c,12468,,1,220,6
aga8a26b0674abb6,65105,,1,225,7
ag78bd7a89173edc,42823,,2,240,9
ag63323e15c2d5ea,119965,,2,222,6
ag5dcbf4dda126ee,67951,,3,247,10
ag0641db5ea4fd0a,79506,,1,281,13
agec2b02b467e0ac,22956,,1,249,10
agc880149563dcc8,116531,,0,142,0
ag40fde77607c033,55231,,1,266,12
ag60c17050ae57ad,93718,,3,194,3
agdb009fc9a3c6a7,18876,,0,277,13
ag728df7068c1bd9,8833,,3,245,9
ag69d90c6af99565,104771,,3,206,4
agdbafe755883ec5,11862,,3,308,14
ag9c0a70ec7f7be0,107252,,0,276,13
ag151d2ba7d9994a,70503,,2,207,5
ag6fa0c9a1e95fc4,35187,,0,163,1
ag7871ae51b1a4c2,40886,,3,183,2
ag632536a88674c3,2521,,0,146,0
ag9cd911bcce04cc,81026,,0,238,8
ag750f354c871bfb,75363,,1,233,8
ag5e4b4af2b19511,117606,,1,201,4
ag29e6f4ba5e1ee1,115807,,2,321,14
agf8cc5944f98247,105616,,2,384,15
age4954aa046c591,50460,,1,170,1
ag299ea1fadb2623,2297,,2,185,2
ag04141b25b7708e,99507,,0,143,0
agc1df5c747f34fb,101953,,3,304,14
ag344b546572c9cc,61622,,0,276,12
ag37191d37c4a374,92735,,3,406,15
ag751967ff1c3314,1100,,3,258,11
agb55250a861f854,84005,,2,227,7
ag5ad5f029fc51be,27344,,3,276,13
ag97066debde55dd,69496,,3,171,1
agad763668fc1e58,95495,,0,230,7
ag485ed01ff26ead,84900,,1,188,3
ag537d723363cd63,100032,,2,197,4
ag0ad0ebf6e9787c,31764,,0,253,10
ag77bfcc4ebcb1ee,49523,,0,217,6
ag8e40d8691b6a93,546,,2,233,8
agc0484ebd69239b,89556,,0,290,13
age8f4ea226f004f,21647,,2,433,15
agd92be45339bd78,44685,,2,201,4
ag4a346e8d40011c,67705,,3,155,1
agbba032b764559b,73541,,3,233,8
ag565c5145a94cf2,68193,,1,250,10
ag85caa631d9ddec,37986,,2,497,15
ag03bfa1ad7c0edd,40237,,1,260,11
ag372f960d64c37a,17787,,3,180,2
ag1c1468ead5a05a,35390,,3,244,9
ag3aa4299ab49637,68829,,1,218,6
ag0a53b056bfbfd0,112246,,0,145,0
ag03e96711877e64,105804,,3,252,10
ag3242637934e222,46326,,3,109,0
ag7ac44aaced126a,29694,,3,405,15
ag6367344512ebff,6304,,0,177,2
aged33842cc6f035,59472,,0,291,14
ag441c099aa0c2b7,57240,,2,233,8
ag84e0f8c04c2169,63879,,1,202,4
ag50aba2d0b536bd,6358,,0,304,14
ag0b57f660a45917,43689,,3,274,12
agc8ab8a6743b93a,119787,,2,183,2
ag86b1f48b25f294,6323,,1,225,7
ag9a730ec62c1295,64768,,3,243,9
ag4839d9aedd3b16,108761,,1,207,5
agef2b6a7fc5cc83,23312,,1,248,10
agef1e66e7307b32,49462,,0,250,10
age5655a23f21a10,98270,,2,225,7
ag4b730fc063f87e,108927,,2,273,12
ag7560b849756def,4064,,1,104,0
ag3c07fb2c4f987a,57875,,3,207,5
ag949f54deaea6ec,38780,,2,243,9
agabec41fa81e373,60419,,3,168,1
agbee52cc264bcb7,107380,,3,280,13
ag4da89ba85f6c84,104829,,2,253,10
ag6303e9946bfd12,69786,,1,249,10
ag426fb7a10ea34f,74930,,3,154,1
ag76c2f58f441e77,98423,,3,257,11
agf467d993fd0ba9,40317,,0,192,3
agce77fc4c70710f,95414,,3,248,10
agc2456109c26a6b,68560,,2,315,14
ag6c0f9d3cace45e,95477,,2,320,14
ag9f8ea3f1ed0fe4,73171,,2,225,7
agc46267cf109e28,1791,,3,180,2
ag20050cbec70538,54751,,2,228,7
ag7639e0767eedc6,48190,,3,243,9
ag399f5e8625e72b,85641,,3,314,14
agc8f88a5af82059,18943,,2,272,12
ag0e53e8876a1ef0,37332,,2,176,2
aga7f8012215a1fd,76819,,3,235,8
agfd7de85d04082a,98823,,0,283,13
ag1de3d635c5af4d,29741,,0,364,15
ag827652b55803aa,102166,,2,294,14
ag15c4837de5fc47,19824,,0,215,6
ag7e03421075bfba,12848,,1,252,10
agf827e99ebe8cf1,109427,,2,245,9
agdeb6116e3fbb3d,64918,,1,103,0
ag33578a17920760,96681,,3,266,11
ag82a5535e15e1e0,113516,,0,276,13
ag8bd180fddf66fe,17377,,3,207,5
agfe0b673ee85495,80632,,2,226,7
ag4abdf6be2ea9c2,64897,,3,329,15
ag18bea377e6bf68,57699,,0,382,15
ag383ee56fac51df,52786,,1,224,7
ag55c8021737a63e,13173,,0,207,5
ag586c4c42737e2c,84851,,2,242,9
ag85be25e2296a53,8288,,3,235,8
ag7a33c76df28343,35038,,0,300,14
ag8e905d89ed12da,38779,,2,285,13
ag9bdeb7e9feeced,20274,,2,250,10
age7aad58f716a76,60969,,1,166,1
ag2c7e56d9d12f7e,50745,,1,226,7
agc141fc9d5cab3f,73685,,2,192,3
ag144446a528863d,16404,,1,256,11
ag246d3f1ec205ec,36897,,2,249,10
agb7fc0386e35c58,21755,,2,250,10
agddd30a3b544c2c,52916,,3,186,3
agf92fd4f99039d6,32014,,1,196,4
ag413a30cf282c29,65583,,2,243,9
ag8a72b5a1322c80,93315,,2,253,10
agf389d448ca0ec9,77718,,2,207,5
ag8f682b0239723f,838,,0,274,12
ag782c98cfd59847,4875,,2,515,15
agd0fabef6da24a9,87167,,3,171,1
ag565ebeeca35b6d,36106,,3,240,9
ag9b13ae51312a7c,52237,,3,219,6
agee668e7fda0070,10598,,0,262,11
ag758f4f7566b42d,9463,,1,236,8
age8035a999444da,112442,,0,147,0
ag03cf4b6bd52b13,72142,,0,218,6
ag4ec0f16e967327,27001,,0,281,13
ag85156041afefb8,43462,,2,184,2
ag847689c7b7129e,45230,,2,265,11
ag03bb9d5be2136b,55254,,0,262,11
ag1ec70fa2e68df3,105709,,3,260,11
agb60e26f670d730,106290,,2,267,12
ag9eb778e37c18df,6467,,1,217,6
agead9028ec963b6,79547,,3,215,6
ag4b5cd09114ef75,85889,,1,179,2
agab283564ccab90,96917,,1,221,6
ag1dfcf558f55f7b,108284,,1,274,12
ag6dac0710f34e57,7898,,0,298,14
ag8fd0257e105bba,30349,,1,321,14
agdc237b640fff8e,109409,,2,305,14
agb0a6306b76373f,89602,,0,234,8
ageb62efe900682c,75170,,2,271,12
agf1be11c137e8e0,1644,,0,274,12
ag8aab25ba7e3beb,34969,,3,232,8
ag817b4e1dfbf35f,67244,,2,230,7
ag627f98d5ab233d,55895,,1,222,6
ag9609ff85332adb,78203,,0,243,9
ag138d826117b7c2,31443,,0,200,4
ag31875ad0bc9ff2,33667,,0,272,12
agef7888f0129646,62220,,3,279,13
ag16a91f6fd5e397,13151,,1,193,3
ag8a09e8f52eec49,32836,,0,208,5
ag47de3787a2e057,78145,,1,246,9
ag06340eb981cf0d,77776,,2,203,4
ag177e0c49134615,13785,,0,204,4
agcdc2336a141ae9,34599,,0,254,10
ag6faed9e5e8ae5c,87552,,0,253,10
ag7d0336e1d09a22,65136,,2,423,15
ag7b5f453f034fd8,51578,,0,243,9
age8e0c1a57f2531,89565,,3,215,6
agf0c386414d692c,94188,,0,247,10
ag9573805e3d769d,9329,,0,164,1
agfd65b3fabd55c1,87857,,1,205,4
ag5630bd7ad34885,30099,,1,203,4
ag8a69802e52fd71,54281,,3,265,11
ag4f9db9f9d4ddd0,27605,,2,183,2
ag451e78a5b9de7e,53691,,3,256,11
agfc092b4e5cca7a,73800,,1,223,7
agf0e47e08dff968,26713,,3,235,8
agc18f465a2f1378,5188,,0,292,14
agced08cdd412c50,21102,,3,188,3
age54f19651bff7f,54032,,2,254,10
ag86316a5de47bef,118035,,0,316,14
ag7d9128ae7de877,31135,,0,195,3
agac764575ff9fc6,31709,,1,218,6
agb87d26a24d04e9,20417,,1,172,1
agd702f36d37da06,100921,,1,216,6
ag11349b073e439d,97783,,0,233,8
ag581cf129cff02d,80263,,2,181,2
ag5b492b1787ecbc,80407,,1,255,10
aga240e77e557f23,77865,,2,267,12
ag98f1446cdd50b3,480,,1,182,2
ag7ff16653fc3ea3,12182,,0,256,11
agecbd6a02f67674,75559,,2,234,8
ag96bb66a4102df9,42668,,2,247,10
ag4190d925402e25,18537,,0,226,7
ag12371e77b0b080,3424,,0,398,15
age45d3317fdbbb4,99244,,2,227,7
agedb4eab64b69ad,8539,,1,179,2
agd4eacf80ce5949,57383,,1,189,3
ag5dfaff9254ad53,34135,,3,185,2
ag2263e4f26a548b,16710,,1,230,7
ag63407839914017,96589,,0,248,10
ag6c850936199689,83237,,0,187,3
ag1bd2a989477534,85718,,2,377,15
age3ae8587114f58,42765,,2,176,2
aga3acf7a86b4a3a,56701,,0,253,10
agd66c483527fcb9,64059,,0,258,11
ag783efa556b5de9,102065,,3,231,8
ag5590ec8aefc2df,50236,,3,229,7
agc272e235a02d4a,107432,,0,252,10
agf56e15fd73a76a,26368,,0,272,12
agfb5008f2761072,20716,,2,226,7
agf4df65b032ad95,74082,,3,245,9
ag0ce09799d3944a,38472,,3,219,6
agb8340483eb8950,37297,,3,269,12
ag68e05cbf50b9c3,45776,,1,335,15
ag018e446d667bbe,18198,,3,270,12
aga537240bf2e44b,50741,,2,183,2
ag6a355b795896fe,16422,,2,254,10
ag95b3d6e04b02f2,84008,,3,259,11
agc4bac16cc8649b,114690,,3,251,10
agde257507b8398d,85663,,3,124,0
ag2ec3cfbedda2af,110948,,2,205,4
ag912b5819f87fba,106804,,3,222,6
agfa3960e4c012e2,93477,,3,274,12
ag2c1acd0f078d44,38538,,3,203,4
ag5b83c1f232f567,60486,,3,288,13
ag90f0223b42fbb5,16372,,0,279,13
agada2d7b6d7d9d7,49335,,0,199,4
ag93a9886f020298,96033,,3,173,2
ag3049627a0b9f6c,40450,,3,191,3
agd6939e545b69b6,5999,,1,272,12
ag89a728f9f2c7fa,117171,,2,241,9
ag6e3d46098573b5,45484,,3,223,6
ag05f9cdcc611ab6,62286,,3,214,5
ag8659c3e2ef5d91,119819,,1,197,4
ag9f31dc5f6bb9dd,77891,,0,178,2
agc9ed954f4901ec,18455,,3,172,1
agf8374381626017,95872,,1,312,14
ag40130cbaa807c2,12766,,1,244,9
ag2ee68006cd0cf6,73515,,2,171,1
aga69a8554399f40,104981,,1,284,13
ag230594e547810b,14439,,0,279,13
ag0b820749bba092,10536,,2,206,4
ag5deded80b4c5a2,56865,,0,365,15
agba32c16519ca4c,23764,,3,394,15
age4985832759a70,64607,,0,193,3
ag83af413f60ce0f,33177,,3,251,10
ag8eb40e113cb391,25257,,0,262,11
ag5ab3ec84582ac6,91810,,3,256,11
agadbb20a52d17a5,9560,,1,277,13
age73a952d823d80,75233,,2,183,2
ag8d73d578372015,58531,,3,285,13
ag96804489ae1744,62900,,1,169,1
aga297ffe5038716,108730,,1,232,8
aga1f0cdb291aafe,48978,,3,170,1
ag8d54ad0062813a,68729,,0,262,11
agc39cf591cb9e41,45715,,0,212,5
ag807da7bb26adcd,74290,,1,255,10
ag874489f5d3b3ca,41635,,0,253,10
ag1de1f01383e5a1,48067,,3,336,15
agd418571852f245,94387,,1,223,7
age81fa4c1f50db7,79662,,3,187,3
agc74fb32bc0cea0,98897,,3,207,5
agd5b7a03677a4e4,34232,,2,209,5
ag0a7811ebf03223,39908,,1,182,2
agfd17ca1ab36d18,42530,,0,212,5
ag48a7289212e3c9,85091,,3,386,15
agd5e20027fe1804,13914,,0,268,12
agdde528a0fbfb4b,115220,,3,231,8
ag415b59c29f54d4,99454,,1,238,8
ag9c5467904fbdcc,47263,,1,244,9
ag96c404ae57ef43,10612,,1,240,9
agca5aa42c35ccea,73942,,1,175,2
ag66a1e9dcd0e865,33714,,2,230,7
agdb4ffe9dd20e92,2676,,3,174,2
ag5e6eae2bd5c8a5,105791,,3,127,0
agc3901163abae28,65367,,3,291,14
ag746eab3caad08b,113436,,1,188,3
ag0870c76f8ea2d3,109920,,1,207,5
ag8cefb59853438e,58161,,0,304,14
ag00f9c8a07c19cb,46553,,3,195,3
agc4fb70518f3ba9,116371,,1,250,10
agaff835a69b74fc,28840,,3,186,3
ag96adadc3538acb,65530,,3,292,14
age3ef59a37d8ecc,75022,,1,154,1
ag9e82941015127f,37833,,2,257,11
age0456099ca6c80,11119,,2,289,13
aga88309e43b01ed,19996,,0,248,10
ag34f94456369493,30151,,3,163,1
ag4a362ecb09939f,43735,,3,259,11
ag376791ffee42dd,49824,,2,266,11
agfdbd73e84a1f42,857,,1,226,7
ag77c5e9ad0e590e,80839,,2,272,12
ag27ac7b4eeffb53,28722,,1,314,14
ag98e02d0a37e85a,13027,,2,231,8
ag917947465864fe,88323,,0,204,4
aga76606a33846c7,16286,,3,135,0
agdcf83ea3673f86,54423,,2,260,11
agfa4a4d5360b205,70746,,1,161,1
ag6e78cf55de5f0c,9438,,0,209,5
agddbde218a6942c,81549,,2,181,2
ag844302e8931453,73686,,2,203,4
ag93749b48d45989,36969,,3,235,8
agb8d9eb158a3e5b,41817,,2,258,11
ag7aec49d6acd792,34594,,3,180,2
ag159abeb3e7b2ed,22379,,2,261,11
ag0903dd36835dec,2390,,2,247,10
ag72fb4c46f7726e,89187,,2,268,12
ag4d872501fc2146,81810,,1,166,1
agd84142fa9409e3,116807,,1,234,8
ag9de7c9fa5d0035,112691,,3,281,13
aga7b7f180ed95f4,64680,,0,194,3
ag08f00c41c3e2ef,22123,,2,213,5
agb2ecede63367ad,69584,,0,282,13
ag0bf34077f591dd,105290,,2,214,5
ag2262c706b6e531,10153,,0,233,8
ag0194b68c942b76,30435,,0,239,9
ag4071b7b784da73,58036,,2,226,7
agabe77cf772ba52,49031,,2,264,11
ag52e79b4a89faeb,14034,,0,137,0
ag19d42e6213d225,71366,,2,213,5
agd37fdc99d7032d,53381,,1,253,10
ag339e1c2b820e0f,103213,,3,120,0
agf6a88ea07dfc6c,116311,,3,178,2
ag00cae99d10b64d,10752,,3,242,9
agd2483fe1e54edd,80647,,0,168,1
ag8113050aec881e,10907,,0,219,6
agf2fffa93dd7f2c,3831,,0,261,11
ag29af27edcaa82b,32059,,1,220,6
ag1c317b79b00ed6,78008,,1,247,10
ag98cd2b40698194,72255,,3,283,13
ag6e976f602f357a,110600,,0,209,5
ag24602442b7da3b,44312,,1,207,5
agad074ebd46dfd0,96927,,2,210,5
ag6cf47c395fed23,75193,,3,217,6
ag544b73e831ca52,92644,,3,167,1
ag90fcbfc76a0d80,4713,,0,276,13
age47c786c637444,98611,,1,169,1
ag3f27b11e520dd9,39292,,0,216,6
ag1fd284e5bf088d,83205,,0,278,13
agcc5644930ff0aa,83168,,1,210,5
ag18f8fb69e84216,20137,,0,282,13
ag1778e300321d66,78666,,1,251,10
ag7fa163745faa68,33913,,3,257,11
ag329dff03ab58f9,114867,,0,225,7
ag7cd17ebc792258,113266,,0,163,1
ag7857af52689d97,56589,,0,144,0
ag872dbdaceb1686,6104,,1,253,10
agbeec8475a57520,73562,,1,150,1
ag8be311e9ed1772,91629,,1,207,5
ag74b9a197a92ade,39437,,2,216,6
ag189229a3460458,44784,,0,134,0
ag4aab1af5776e89,114763,,1,217,6
aged509ba01e6975,47601,,1,239,9
ag13cc8681186841,49279,,3,288,13
ag376e5acd4404f2,86287,,2,265,11
ag40dadc43ba7529,44133,,2,275,12
ag4f3a1cee3ce4e6,113914,,3,197,4
aga5fe9c6d0c7eb6,28651,,3,168,1
ag9e0a3ddaa0cce9,82562,,0,206,5
ag55da7f0c576b34,24073,,3,206,4
ag63ee26ef385f90,66304,,3,201,4
agaeef1e0a3480c7,30829,,2,283,13
ag384f002bbb4687,117011,,2,344,15
ag2d83da02e506e2,114764,,1,175,2
ag23173ab5e8364c,99389,,3,187,3
agf3d0a592b571ad,74836,,0,313,14
ag40734e72fb3965,98684,,1,178,2
ag625ca6ac3ef5c8,72575,,0,186,3
ag605b64950f3869,40821,,1,213,5
ag5746f780fc3b08,38429,,2,219,6
ag15f75a16b75d70,32279,,1,201,4
ag170ea22dccf704,32120,,0,234,8
ag6e854b8f569740,119754,,0,215,6
aga040b6c6f9b0bc,51664,,1,245,9
aga4c1d61d719612,87693,,3,239,9
ag6a6f94b0f8f4a3,80218,,1,184,2
agcd4104be0aaf9b,66878,,3,197,4
ag014f6960619f4a,93064,,0,279,13
age8b0a890104b9e,51623,,3,272,12
agfde2e2631d1504,12047,,2,288,13
agcde5e797cf4ec5,106871,,2,286,13
agde63659cca820c,44065,,2,164,1
agb903fe99ea1de3,80511,,2,222,6
ag944da445187b16,107029,,1,321,14
agd70b160986a9c9,90735,,0,295,14
agb914c1ce4311d4,54050,,2,261,11
agf71e8538516511,86846,,3,414,15
ag89ca7e47ab41f5,118806,,2,235,8
ag92935c6720f9dc,55310,,0,249,10
age4333b8bd0461b,13433,,1,216,6
ageb9df69334b872,74766,,2,246,9
agdeadacd3d1abe2,117849,,3,181,2
ag89acaa2eb4fe29,10321,,1,147,0
age1500454307b1d,76417,,1,228,7
ag865040e9626edb,118126,,2,201,4
ag6e58b3786b9a34,117884,,0,275,12
ag8039cb499b33cc,92957,,1,148,0
ag1bdb5e00d33723,2652,,1,292,14
ag42fd2666aef763,14332,,2,228,7
ag1c203b3d62ddfc,83246,,3,253,10
ag50283fd38f74b6,43948,,3,294,14
agecedeef7c6ae85,66506,,2,196,4
ag0e0b2895bd44bb,101375,,0,164,1
ag45853f0f8dc051,27759,,0,360,15
agcfa904fda089e4,104887,,1,300,14
agf91a52345bd63e,24676,,3,120,0
agd34f1033102d26,80623,,2,245,9
ag63b4b6a67be129,107321,,2,277,13
agbefbd0db36c691,65246,,3,126,0
ag6c3b670972d269,20229,,0,199,4
agbd29bc0b437ce7,73631,,3,239,9
ag09410ea7068b25,52681,,0,247,10
ag7e56c50ed75ee1,76314,,3,164,1
ag35e3f0c8426354,59499,,3,162,1
agd151b146ea0457,36771,,3,163,1
ag78d6129cf1ce42,112213,,2,179,2
ag3218bcf8e1d982,67150,,0,144,0
ag4118317ed151ae,65754,,2,186,3
ag0205329b81ce4b,103250,,1,288,13
ag2330f69bd7983e,993,,3,179,2
agd82a28ed2b8865,5287,,2,586,15
age520c5f5345491,24883,,0,209,5
ag194925e8a3551d,94755,,1,287,13
age33b504d0917b5,9199,,0,214,6
agfe15b25ea54260,11402,,2,269,12
ag1df57e02a677b7,71217,,0,258,11
agb7caf2252f879a,96193,,3,283,13
agdf7e630047f984,75338,,1,262,11
ag59fe77ad2e3cbc,74761,,3,354,15
ag8d6a25a6abd87d,39639,,0,197,4
ag494f36bf7b9323,465,,1,201,4
ag1824f8916e7263,69761,,1,295,14
agc5d76fb012ddba,25579,,1,171,1
ag48c5838dc858df,36243,,2,239,9
agbf40c722211d75,69572,,0,246,9
ag733d8dbfb79f41,5814,,2,212,5
ag5a82b430405b3f,29978,,3,295,14
ag1b456336fcc7cc,9651,,2,174,2
ag1e29446556288f,48001,,1,209,5
ag58f7268eca517a,69567,,3,141,0
agef8a7b1d05e593,18538,,0,219,6
agb5ce3420c39e40,55055,,3,229,7
ag14614f82ed7775,106740,,0,286,13
ag939a8e4de6c2ef,116413,,3,227,7
agf469c973ed3fbf,11832,,2,166,1
agea85f8096c3ad1,105217,,2,225,7
agc43148e7d58d85,91375,,3,268,12
ag5547272bf18ea9,37422,,3,212,5
agad85076f1c4b72,34378,,1,159,1
agaff9f54ef895f6,44716,,3,222,6
agc1fc96ef4771bf,99162,,2,171,1
agf951addd3c2ad7,53692,,3,273,12
ag3ae6cb7ce0c62d,55920,,2,216,6
ag2d90a465511b46,2578,,0,199,4
ag4ef0882daca220,32283,,0,235,8
agfabbe2e78c553f,11615,,1,233,8
ag20a9e845e913be,107877,,3,220,6
ag1cba03e5e9f5dd,86529,,1,265,11
ag46f12327bdfc02,22362,,3,244,9
age93966f2258e76,16046,,3,228,7
agc85b4d25ab537c,115414,,0,206,5
agb771ecfaad39b3,44880,,2,228,7
ag46827b87dc6bc1,35887,,0,167,1
ag4413f9e91e29cb,58880,,1,262,11
agcbd6a26c4b345f,113033,,0,266,12
ag78178d6fdda949,64950,,3,251,10
agd3f33225ae3316,14261,,1,278,13
agdd1ff4512cbaf7,38267,,1,146,0
ag8b1dd0de9ebd0f,90551,,0,242,9
ag0beb246148f942,6686,,3,246,9
ag6b6f4532ba1763,74066,,1,276,13
ag227e85c91ccdd4,113140,,1,214,5
agcaff3ec07f1992,22262,,2,282,13
ag20b6e657920048,119243,,1,213,5
ag30bb7368297361,29048,,1,184,2
agd2b39077a30d7e,76803,,1,178,2
agbbea4a759a812b,67059,,0,267,12
aga7482fdc905aa9,100369,,0,205,4
agb3df9f131351be,58243,,0,281,13
ag596c88bc661205,24088,,0,234,8
ag41661d51e4dca0,95602,,0,261,11
aga54bb0f57d450c,81852,,2,223,6
agc180877467b791,4510,,0,236,8
aga3bacbcb5894de,41975,,0,243,9
ag6c758e2606ada8,102354,,0,197,4
agd2b2e072437560,14602,,0,229,7
aga2c417a90258da,22218,,0,249,10
agad2c66e759b2f8,64360,,1,219,6
ag4ab2b801c47bc3,29854,,3,163,1
agc631986cded018,88495,,2,199,4
agd1c8c8ec3b2f98,67949,,3,227,7
agb0631ca6c7c4e9,71621,,3,390,15
agea1ac4693924ed,60924,,3,237,8
agd9913de8ab656b,61658,,0,186,3
ag2005bc454e3654,11322,,0,212,5
ag94a5a235c49364,111802,,2,282,13
ag3c7ae591e72066,7433,,1,272,12
ag3fe219560950f8,93905,,1,235,8
ag6c053ac0c2f6e6,32629,,1,158,1
agff896da90a2e74,41626,,3,295,14
ag7494fc4333e6c2,95559,,0,267,12
ag70b4fc7f309eae,118296,,2,263,11
ag35ea49e477821e,72500,,0,295,14
ag9e1296d138d099,99037,,1,293,14
ag1912bf8dc4b388,113134,,1,244,9
ag2997a73bf9c59b,47686,,1,184,2
ag1656efd1377f97,14950,,2,192,3
ag310ce4718a98f4,84037,,1,327,15
ag868522ec83f24f,90176,,0,211,5
agb253c1a4b9c530,45621,,3,253,10
ag2e64653640144b,101548,,2,286,13
agedb55f3ebcb815,7587,,0,131,0
agaf1779c0a24197,57138,,2,257,11
agd7e8e352dd2c1a,81387,,2,266,12
agab43184bb493ea,40129,,3,233,8
ag680dfe6cf54267,94523,,2,261,11
ag0642ac7b857821,119671,,2,222,6
ag71e6593beb41a3,100519,,2,268,12
ag70133ea7234cb4,20707,,3,247,10
ag8c9c6c452c8146,26801,,3,298,14
ag102b8a957e0634,98151,,0,218,6
ag7fcca6af94fa40,28581,,3,252,10
age085bf1780527f,97721,,0,263,11
ag2b44a65047d7ca,15353,,2,289,13
age995a11d953d82,43455,,2,234,8
ag15dc10b4c1887f,80481,,1,221,6
agc000e242510ee1,14354,,2,140,0
agbb6be932187eae,87718,,1,306,14
agd3c7e64f8d80d4,30181,,1,212,5
age4245b186946d8,80044,,1,194,3
ag48a4a4f0f91194,68181,,2,226,7
agfce118ab7d7699,100853,,1,216,6
age08ca09978c4f1,45411,,2,382,15
agcb39ac872a069c,25482,,0,174,2
agc10513a1ebaaf0,53143,,3,240,9
ag6dcbe910ffb63a,51679,,3,259,11
ag84382264935d93,73445,,3,277,13
ag5f699f3dff662a,13170,,0,261,11
age46786dc6acc85,71307,,3,274,12
agbd863ef3b6b4be,4202,,3,262,11
agcec9770113af2f,79530,,3,249,10
ag90dad307ca05b5,57461,,0,220,6
ag320ccd2ca0b068,28203,,1,214,5
agf5a051cdec9b45,73769,,2,193,3
agf8aa4c04bb6dfc,53558,,2,204,4
aga4ce79e61e0baa,65877,,2,230,7
aga732add437be77,20237,,0,171,1
ag738b88de8582f1,42017,,1,197,4
agb0c23353fcd799,99551,,1,180,2
agb016b19e82862d,58355,,2,192,3
ag89a4d6a4d122df,27470,,0,259,11
ag96dd1764e785c9,111674,,3,236,8
aga6f39628384b85,40694,,2,245,9
aga17633450d5291,5976,,0,284,13
ag7365ec552dd4a2,19850,,0,308,14
ag636dbbbe6603c3,43890,,3,257,11
agc720a93a462b14,6717,,1,237,8
aga9341ef08b1766,77261,,0,284,13
agf6f435aa051521,98226,,2,249,10
agb6bb86c745b208,91526,,3,169,1
ag444f67e7bc24c7,26949,,3,249,10
age6e5b465468d4c,88341,,3,242,9
ag1a0631e630a1e2,79685,,2,176,2
ag69970a39b647e4,32542,,3,207,5
ag6aaf7399fbe8be,49500,,0,299,14
ag8a5bdfc6bea8f5,24545,,0,257,11
ag7329c5db838d9a,68576,,0,220,6
agd309d929492c74,53306,,2,226,7
ag010ab758868908,3223,,1,158,1
ag81f7a783742096,105024,,3,224,7
agd3bf764cd394ad,17766,,1,230,7
age3d677b6da2934,55594,,1,139,0
ag129aeddc51744b,31622,,0,236,8
ag5697cc870e1443,90578,,1,252,10
ag6ce24b8d96d5e7,17851,,3,215,6
agc1940dc12a6d6e,75399,,2,189,3
agafa366064f26f1,112942,,1,239,9
ag0d138c166409f9,60691,,0,176,2
agd3a89ba3886a89,43178,,2,553,15
ag47dd15e085b863,114036,,3,185,2
ag4b42927a655c61,100507,,3,191,3
ag32db341ee70c33,93807,,2,214,5
agb0d313902edf30,48880,,1,206,5
ag9881b1f4dec5b7,18674,,2,172,1
agf872fa44034a57,17667,,1,235,8
ag1b755e4ffe9e2b,26639,,0,254,10
ag090279f9b795fb,62676,,1,366,15
agdee41138aee463,80333,,0,262,11
ag1a464c78c90f7c,18767,,2,227,7
aga71fff14615623,113310,,1,231,8
ag29b031818c49b7,15919,,2,258,11
ag7a2837c9da8c3b,81710,,1,188,3
ag1a240ba5c8b91b,46512,,1,269,12
agc8c069f0d543ff,99261,,2,248,10
ag6652dde7ee2093,41701,,3,269,12
agd77ac937794d03,46135,,1,174,2
ag3ba146781a39b7,72598,,2,209,5
agd8920bc91ab61f,100778,,2,251,10
ag53be091be50bb9,97802,,1,288,13
ag8d5b4e6d061e36,5849,,1,253,10
ag2f8478b123a911,71956,,3,371,15
age10d1116b357e5,114613,,0,272,12
ag84f1d985689aed,90773,,2,243,9
ag7e6c8946ce1e06,8537,,1,260,11
agc55e55e94ac04b,27088,,2,245,9
agb9430d4bf8bebc,49610,,2,252,10
agc3e096772fad4b,92181,,1,195,3
ag7a23a7e3cfd0f8,26064,,0,213,5
agb0dac24a18e251,94673,,2,179,2
ag66ecec97fdda36,16346,,3,192,3
ag4352a2a1f9f281,719,,0,146,0
ag8e7bf3cf27700c,79995,,3,247,10
agf8f98ead4c9dd8,16089,,1,147,0
ag1fae5277ef1072,9349,,2,357,15
agc8fde5fd40007b,24144,,3,316,14
ag899099fc0cdb2b,83221,,0,304,14
ag9c79aa39074f02,50110,,3,206,5
ag0b111f5e60ff97,69109,,1,173,1
agb00777e2303a2c,10139,,2,206,5
agd8bc65d4c64eb8,78229,,0,197,4
ag392b41f974ef0a,118304,,3,226,7
ag0f1b70d18717c3,27261,,3,166,1
ag41b828ee72201a,33268,,3,197,4
ag543fecc1d4ce51,33110,,3,218,6
ag93e1431e69db78,95013,,1,240,9
agd55f09273ebbd5,44731,,2,412,15
ag8d80969f5d6bc3,6581,,1,211,5
ag7a68c71fc8caad,115786,,2,249,10
ag34067fba3ce6ee,116525,,0,231,7
agfeca84f88841c6,2588,,2,287,13
ag952eec05f6ee1b,81333,,3,176,2
ag9277f3561c2f62,46898,,3,216,6
ag83bc2e9539f834,11295,,0,267,12
ag71e4ce92f7d31b,78961,,0,245,9
ag3e0f981cabd8ca,27436,,1,243,9
agb004c4bb548edf,8417,,3,207,5
agad20b03b6a1165,18082,,2,255,10
ag2ae8be433a746b,72216,,2,216,6
ag99f62c098f6ab4,9398,,3,212,5
ag90f0a98c402898,103656,,2,199,4
agec4b4cff4dfdae,6068,,1,224,7
ag95537f703d64d2,55660,,1,301,14
ag02c82c3f3eaf47,31704,,2,282,13
agcbe5079445ad66,79929,,0,267,12
ag054183c3743b4d,72979,,2,169,1
ag3ab1327238593b,18087,,3,168,1
ag4a1795ac7aac04,30112,,2,217,6
ag3d93118b450840,54262,,1,206,4
ag80a6946fe8b530,40378,,3,246,9
ag389e96132797ed,57332,,2,238,8
ag2c60aa9c4d2f17,81604,,2,219,6
ag2356ca19ce6509,29159,,2,338,15
agc9422f6c93a405,99901,,1,179,2
ag2b656fb190bda6,56241,,1,193,3
agf1176a033f0010,38178,,2,234,8
agd73414104bbdcf,83401,,1,185,2
ag8b235673fa4b91,53293,,3,232,8
ag10810d658f0bd3,63053,,0,213,5
agb2590184d72db9,73902,,2,324,15
agb77de409b0c057,58949,,1,261,11
ag7f9963e5c0b351,111869,,1,188,3
ag150f083e1d6f9a,103856,,1,128,0
agab73da10f3688f,22391,,2,218,6
ag20228259345eed,116037,,1,233,8
ag148d456f3665bc,6395,,2,382,15
agb198b5539e48b3,78381,,0,247,10
agc5a40bcc653162,97082,,2,297,14
ag0daaaab7d49c44,47098,,3,143,0
age5db7055bd80d7,84935,,1,242,9
ag655d7b588a1f61,2255,,0,169,1
ag92e2919e6931fb,119402,,3,240,9
agcc99df03425e53,62069,,0,217,6
ag2d76cc8ebfa804,86376,,1,295,14
age9ad614eb810de,85937,,2,256,11
ag55d768dfe165a1,22309,,1,196,3
ag0ae5ea234c545a,85670,,0,227,7
ag07aa12ce6cc78a,28733,,3,274,12
age4686c391967f3,106135,,2,204,4
ag005c4d5876e8c7,70850,,2,497,15
ag5548735be5e9a9,33123,,2,234,8
ag15aa9164530d6e,107193,,0,182,2
agb8394b072a0a0a,17279,,3,271,12
agc02432a905f522,8610,,0,207,5
ag92c85534d6ce32,31246,,3,139,0
ag0f2e75a1050b0b,15933,,3,219,6
agd717652a7ebdde,84126,,1,191,3
ag648e35670b699c,7871,,3,406,15
ag38122868861425,86297,,2,275,12
ag6cd48c21fdda44,40954,,0,176,2
aga239ca790b745e,20095,,0,254,10
ag58c9942a9f7437,66659,,2,249,10
ag43e29d1768eea1,14780,,1,241,9
ag89d28a5f5a0007,61570,,0,147,0
ag12a398f3c7b093,13842,,0,237,8
ag0738c4a3ea154e,119067,,0,263,11
ag0bfd7588a7ec9e,115102,,1,228,7
ag82180032c20c6c,33079,,3,322,14
ag0692afa3652146,18407,,0,386,15
ag8e491d88b22ff2,94829,,2,266,12
ag5c12db1969e364,9305,,2,121,0
ag92079a3343a380,100326,,2,173,2
ag97aa60dbf70c9a,6018,,0,444,15
ag423a57d9c4e830,17827,,2,321,14
age6fddaccbcc540,18183,,1,247,10
ag77447d7a69363b,85532,,2,180,2
ag1d8e62a439f48d,44569,,2,282,13
ag1da0efd4d54fdd,42769,,3,217,6
ag2cc93c988a8db7,1783,,0,252,10
agbcd9845b7e14a7,3094,,0,272,12
ag35d233a0db616d,29627,,3,131,0
ag0703765886e097,16366,,2,262,11
ag9b6d1ea0688f37,17896,,3,233,8
age81a9ccebec423,105164,,1,271,12
ag4d221f349da676,81408,,0,246,9
ag6267eaf361bdb1,23583,,1,234,8
ag5ddac8f87e31de,77140,,3,301,14
ag314399b762a13b,20242,,2,202,4
ag0220d0012e7b06,9891,,3,391,15
ag829a9abc16e42b,5394,,1,168,1
ag174c84046d9c57,38214,,0,261,11
ag468dc952c39b96,74303,,2,142,0
ag707f358c5d9fd4,61772,,0,280,13
ag6547303ab2420e,102639,,1,242,9
agd0b7f1efc3cd89,51735,,2,268,12
age71238d2dc85ea,83738,,1,270,12
agfb555501f34927,82042,,1,168,1
ag1e84636f51b843,74874,,2,192,3
ag11795360621bae,73508,,1,206,4
ag8ad843b3a3da41,1032,,0,206,5
ag08cff547b7ac86,2514,,0,136,0
ag10163fcea14f91,48248,,0,274,12
agba9e71941b1d8d,47820,,0,207,5
agd7f6c77a9e1951,2978,,3,170,1
agacc9016f463217,40293,,0,402,15
agb818ca9e5ddab7,18612,,0,235,8
agdaac2b433bee50,346,,3,156,1
ag6dec793b578502,45607,,2,280,13
ag06d60805cf52c3,10027,,0,228,7
ag631c8d844a46ab,55662,,1,202,4
ag121cc32b4bd24c,25584,,2,246,9
ag5507ab6cfc7bb1,39552,,3,184,2
ag5828cc4e17b169,57381,,3,265,11
agb464c0b8ed22d8,86199,,2,243,9
ag262b21185d0423,18411,,2,234,8
ag52f99421e4ec37,45443,,3,117,0
ag179ce091afb11e,34428,,1,270,12
agcc3e73614cd976,42463,,2,223,7
ag2a103b1ad22af6,51008,,1,257,11
aged3ce69382f8d9,102890,,1,274,12
ag6a009eca885ff3,58088,,3,273,12
agbd5a377bf6202c,20507,,2,166,1
ag4032e4e2973491,86565,,1,276,12
ag7bb7adaab7937c,107457,,0,263,11
ag6d6da0ec910353,66212,,3,248,10
ag7459bb4179305c,75914,,2,254,10
ag6fef7fd7a1433f,55470,,0,267,12
agdd9fd82e359e8a,104580,,2,192,3
ag5e638b59060e32,67643,,1,199,4
ag6fb9429a800b51,55404,,1,277,13
ag5b739d4a74fcd5,100470,,0,134,0
agfaac5e38cb4fd4,70970,,3,323,15
agf066e12808407b,3383,,3,216,6
age906a1e55a21af,84419,,1,212,5
ag3161864a33ac19,93419,,1,157,1
ag089f332fbebb12,27192,,0,274,12
ag1076f014b82e3e,111497,,2,145,0
ag2432be5415059b,115295,,1,233,8
ag058d1d8b932654,51665,,0,209,5
agb1c4000b36ba5f,37295,,3,269,12
ag0f46cf781a00f3,13126,,3,274,12
ag6c668c55cf3bfa,105759,,1,221,6
ag5587cbbc42123a,51554,,3,125,0
age15e4b6fa9a96d,32716,,3,514,15
ag71b111cb1c441e,68031,,0,298,14
ag060b500a55bb66,44368,,1,209,5
agef640cc1f2b5d4,12778,,2,193,3
ag4984d86dbcc161,94564,,2,269,12
ag9c3d67f25a104a,107345,,1,197,4
ag68ca27c7f0c010,73223,,2,244,9
agee65ef44bde600,50328,,2,190,3
ag2f8c38c987e989,112754,,1,278,13
ag6386f706c2f07b,106713,,0,218,6
ag5b007e89bafce0,46225,,3,272,12
aga20566baef8a10,45479,,2,224,7
ag4b0d210a2c2910,53799,,3,157,1
agab1d40395d50d3,44276,,3,219,6
aga46a6df0739b5d,118475,,0,304,14
agf5649f9cfa3a97,40036,,0,205,4
ag269b5434232918,112329,,3,191,3
agbcb029d0e6a2ed,91658,,3,271,12
agaddf95cf592c88,34988,,1,241,9
ag208b6a3df2a2bd,66298,,1,223,6
ag3458e658da360c,15570,,2,247,10
agf5cc75b64468e8,93856,,3,260,11
agf1558104173d13,56304,,3,267,12
ag9a314f56b8adf1,118148,,0,247,10
ag4b092ccc191a07,33635,,2,245,9
ag957475670f49d6,93181,,0,297,14
agf7234af5cac930,1755,,1,153,1
ag76234f2b6182e5,47156,,0,189,3
ag8ae72447fbdf02,103326,,2,174,2
ag8c695ad63fb1e4,65300,,1,200,4
ag492ce6195e985d,52515,,1,157,1
ag304035282cbc94,85214,,3,290,13
ag12d8e7755922c0,110766,,2,271,12
ag70e0b6e75614c6,109965,,0,214,5
ag06f6323e5e2250,5753,,0,274,12
ag4f8e64574004cd,119115,,3,287,13
agb24c30031fd3d9,51997,,1,226,7
agb51924db014aea,52707,,1,217,6
ag7b56baf724ac48,59273,,3,268,12
ag4ff79d90ef287d,95321,,2,264,11
ag64f9d055b521de,114945,,3,167,1
age0e616fcf39ef3,82302,,3,122,0
ag1637e13f2c211f,27635,,3,389,15
ag987578e29989ab,58643,,2,243,9
ag33e97a48257a28,34696,,3,195,3
agfc0475034413c2,109170,,2,192,3
ag4b435b1ded0b83,103733,,0,219,6
age3fd2372e76708,64966,,2,195,3
ag0cb266eb4123db,72258,,2,233,8
ag852e1345b6e170,57198,,3,217,6
age5bdc3b7007a6e,98043,,0,248,10
ag276b5ceda4e311,27907,,0,149,1
ag5b5af642441b8c,42248,,2,245,9
ag8ae727b0d88e54,87218,,0,291,14
ag5ffb992d530509,101866,,2,171,1
ag7c8a19fcd728dd,31631,,0,251,10
ag6bf9559e110248,39794,,0,179,2
ag3f1764c8ba74b4,110434,,1,208,5
ag3ef14cb3b70c51,18803,,2,110,0
agb1da29211e0030,14209,,0,214,5
ag1499c74ae945be,96793,,3,134,0
ag709263dcda70e1,1679,,1,170,1
ag04846c42f61d4c,30372,,0,227,7
ag99fa4a4a7471ce,102580,,0,363,15
ag0ed46c110fdac6,70784,,2,237,8
agd5bb5e4d9ae392,6760,,0,201,4
ag0e7ddd43b89387,8945,,0,273,12
ag824283b48cc89a,99108,,0,116,0
ag5b6ea9f661b721,77574,,1,193,3
ag1dfeea401a6862,90458,,0,178,2
agc32eb7407882a6,61303,,1,160,1
ag14c29871e3833c,36173,,0,220,6
ag2aaa01bb7c793f,87768,,0,195,3
aga72de26f6bb78e,56727,,3,158,1
ag5561e808e8ff88,86068,,0,168,1
aga13d2a7185cb51,105201,,1,206,5
ag1cb9acee2af222,79982,,3,237,8
ag8876804ee88fa2,117361,,0,233,8
ag85d862bdb794e1,31172,,2,270,12
agd51e7cdfef8a64,82502,,2,227,7
ag1ce368e5f68efa,29590,,3,262,11
ag9eaec52e176b0e,95030,,1,203,4
ag95ec9ccacfc63a,116507,,1,209,5
ag20d4a6de7b3ead,61648,,3,139,0
ag5613bbd8765500,52417,,3,148,0
ag24ce48bbe8712b,56716,,2,172,1
agd1dbb9c144e12d,91857,,1,210,5
ag3d596489737584,82375,,2,213,5
agd6204e090cf072,57808,,1,263,11
agb3e2e028aaa36f,90136,,1,199,4
ag1f168314ca5ff4,85383,,3,254,10
ag3598af53800894,87004,,0,302,14
age4e0cb760af3b4,61963,,3,267,12
ag4c5492a4dbfd60,7454,,3,225,7
ag8d0a6b1dab3919,3060,,3,341,15
ag973f00e89ece8d,13166,,3,284,13
ag5f078ce35c4230,4121,,3,118,0
ag5aaaf6588f447c,25308,,1,228,7
ag18d504c109042e,94741,,2,195,3
ag2b5571e7ed7995,114717,,1,287,13
ag446c6ac34ff3d8,63158,,0,211,5
agb1f34a9ee8948a,35193,,1,248,10
agb10271f97e6a6b,61513,,0,215,6
ag8355cb028d6938,18342,,1,210,5
agd9465b038a8031,60416,,1,218,6
agaf3e9f986dabf7,15606,,0,272,12
ag7e74584a37a351,109127,,0,219,6
aga29b879e5701b6,104949,,2,261,11
agab3861af9edb61,75596,,2,283,13
ag5ea55ad2a0d8d9,22348,,0,442,15
agb810fef5d351aa,83670,,1,190,3
aga426b3c82257c7,31806,,0,129,0
agdc70307477fa46,1750,,3,255,10
ag39cc88067e1cc0,56365,,1,197,4
agc3485e842fd659,92296,,0,134,0
agc3a370ebea8fbc,37342,,0,278,13
ag4345c813e0584b,98197,,2,185,2
agbceaa0b0a6e172,26585,,1,180,2
agf4f6c55b3bf395,97848,,3,193,3
ag7912e0913f31b3,54270,,3,193,3
ag50712888fe8f54,89226,,3,212,5
agedce2aadb8153e,109626,,3,291,14
age94ec9409ba01e,39249,,1,190,3
aga055537ef1800c,98218,,1,210,5
ag84760aa2c8063b,97697,,0,286,13
ag55653a04b49cff,52630,,0,548,15
agcca34a8618199a,31217,,0,306,14
aga48827f25b7ddd,140,,3,303,14
ag5672269dbb9820,22617,,3,200,4
agd96625943e64b6,12961,,3,162,1
ag797789db924833,58686,,3,333,15
ag0926925431a027,98468,,0,181,2
ag21c5c9f41547f8,64944,,2,534,15
ag1fbb325a3a8d91,34524,,3,231,7
ag1a83dbee3eca08,26898,,3,251,10
ag64dbe1bd632fb3,22338,,2,160,1
agc9221ca69c35b8,61024,,1,202,4
ag308b44939d0716,74587,,2,191,3
ag9e1ff60333119f,47844,,1,225,7
ag5a032334c407c3,85528,,2,171,1
ag43f92841681911,79018,,3,174,2
ag36088ff3c19af6,40928,,3,106,0
agf51f794b3e0c8e,15290,,0,195,3
ag69ddfe38e9afd0,107021,,2,289,13
ag6986802efdde93,29856,,1,249,10
age88a868b194002,57070,,0,276,13
aga45a18d944d98a,95494,,0,255,10
ag5e30d030927cff,89125,,2,115,0
agc52c658bb9d9d7,109058,,0,225,7
ag500bc22b6b0249,8677,,0,132,0
ag4166aa484d670b,70343,,0,227,7
ag2acc1d71010b13,15540,,0,194,3
agc92f71e8525ed9,9034,,2,238,8
ag156cab6e382917,50770,,3,213,5
ag3a9602135b7d13,6341,,1,172,1
ag1c6195d6e91254,90218,,1,206,4
agbc04b77274bb9e,39306,,1,224,7
ag6fe76618eeb0e6,70991,,0,275,12
ag8d381eb552d671,91736,,1,204,4
ag047224be3278c3,85130,,2,219,6
ag4f23e4a604c614,83836,,0,142,0
agc103832b1ed34f,53494,,3,256,11
age95f7a65b19a5e,109505,,0,276,13
agb8f80669d989df,117164,,3,195,3
ag55cb16630605b8,44905,,0,232,8
ag4726c257565a73,39200,,2,236,8
ag469b3277c13643,81590,,2,264,11
agf5769c18f3e193,107299,,1,275,12
ag0ca1cc4fe58715,4711,,0,271,12
ag8f6b65fd76e67f,99599,,2,223,6
ag4e10451fd27bc2,17175,,2,375,15
agcd25df5821a4a1,57152,,2,107,0
aga3437cfef5194d,50341,,3,459,15
ag72f72aacdfec15,100192,,1,188,3
ag733816d2e5dd71,94945,,3,243,9
aga7ef22187d3d50,110598,,1,230,7
ag9f16ab3a0f57e6,60625,,2,195,3
ag4bef484fa0aa97,72735,,1,249,10
age5baccc08868f7,53596,,1,299,14
agc0508dc89e6ac0,60890,,0,167,1
ag17e25ec2fb05f4,15191,,1,258,11
ag68b6bfd1cbc364,95694,,2,228,7
ag95c45eeb004c91,18573,,0,246,9
ag16b1c7108b190b,17396,,3,218,6
ag3e590337515055,62244,,0,252,10
agd0d2203ce1b66e,85609,,2,201,4
ag5edfba2b4e4ab4,103032,,3,286,13
agb255da0b3472cd,1615,,3,175,2
ag80d16411c3749f,97694,,0,427,15
ag8e58412e719cee,43814,,1,238,8
agbb0be4cf55befa,62478,,1,239,9
ag9e13451f1b4697,30337,,0,462,15
ag23d561fe5ad140,57134,,2,242,9
agf1e41a94dd5a89,103884,,3,147,0
ag281b00439148e4,39918,,0,190,3
agc8e8cd02005aa3,63630,,2,264,11
agfb6bd9b6768fe6,67518,,1,231,8
ag278780858ddbd8,38356,,2,196,3
agc743acc3fc7c81,62272,,0,242,9
ag0b831e19357855,87407,,2,231,7
ag057dbf92fe13e0,84256,,0,232,8
ag583c3dd74f7619,15639,,2,265,11
ag9e710d8de255af,63453,,3,196,3
agb78ba247f63af0,18281,,0,222,6
ag411c7dfb605de8,10770,,2,110,0
age2d8822de78735,92191,,0,292,14
ag976f14c46ba1b4,33127,,1,190,3
ag2c489222fee115,78245,,1,214,5
agd8248c46faedef,96498,,0,182,2
agff9149816e36f2,29940,,3,291,14
ag7a27c60db0d2c1,72497,,3,396,15
agbe8508660815df,67566,,0,277,13
ag8cf77b8f436aff,44601,,0,275,12
ag5f410c9ed08c14,7057,,1,273,12
ag639bf5cec5dd89,82091,,3,415,15
age6b740dd6e2ecb,101752,,0,248,10
agf3bb72755c2d81,60490,,3,246,10
ag606587681f708d,112607,,2,276,13
agd4a09ae2d8eae3,84697,,3,349,15
ag14c2748e24d76e,7451,,2,231,7
agc60042c9bae9c5,115948,,3,296,14
ag2b39426dce01a7,61929,,0,301,14
ag704e43661c628a,52473,,2,194,3
agf62b8e51f7f3d1,50186,,2,253,10
ag4e27c6082e8d7e,106770,,0,289,13
agf885aadf15ff8c,66732,,3,254,10
ag6484579240c4af,71286,,3,185,2
ag1bdd15b24e8550,102434,,0,263,11
ag10c949f5c656ea,15519,,3,256,11
ag9e5cb08f766b4b,10008,,2,210,5
ag227588813a02d7,73235,,2,212,5
agcc0f79b74a4831,61633,,2,225,7
agc02e9b11b6295e,68245,,1,208,5
ag40eb8aa7f311ba,105591,,1,171,1
ag237ff818d82cc1,95436,,1,275,12
aga6600d0cadfd7f,101152,,3,151,1
ag44e5a1ce86204e,2847,,3,277,13
aga5cc6fab363385,14021,,1,241,9
ag4d19d74c23c885,54913,,2,255,10
ag6d9c73047a9e83,8937,,2,395,15
ag496afad938dcd1,24310,,2,185,2
ag76cd4639dda1ac,44834,,1,213,5
ag412ca6741fedd6,115460,,0,242,9
ag58053c72d4d6f1,83793,,1,194,3
ag506a4610737695,98133,,1,218,6
agd4fb091b6d1f3e,38550,,2,233,8
ag5905615383e46a,56787,,1,192,3
agfd0f13ad9e26fe,105697,,2,309,14
agf1a6bc1912dd21,118683,,1,266,12
ag0225154474b226,36949,,2,225,7
ag6dca2584311671,83860,,0,249,10
agabacaacee85e81,14614,,2,244,9
ag632801d811b8a0,73886,,1,202,4
ag0b7aa2b51dcf6a,2542,,3,167,1
ag05238b10630501,51265,,0,242,9
ag493435e0d2ba90,112841,,0,128,0
ag1cab7e6da2d4e5,9050,,3,221,6
aged7425ce7c901f,80394,,1,231,8
aga0fccadef1ba7e,82657,,2,127,0
ag75366c6ee9f399,28011,,2,231,8
agbe3c8bad47be23,50867,,3,191,3
ag1136301c3fb197,80194,,3,190,3
ag284d5a0992d203,15759,,3,238,8
agab20b88a78db4a,71010,,0,207,5
ag8fa41ea896ce8e,102520,,1,155,1
ag64f6eea9017174,23755,,2,234,8
agd0693570a6e0d0,93129,,2,255,10
ag1ff73fcffb99a4,66049,,2,111,0
ag82553c04db10c3,124,,3,249,10
ag95975d0c44fae0,526,,0,432,15
ag650ca45fc00d66,109706,,2,255,10
ag96d7c55f9e6f0a,115576,,3,169,1
ag09c081e04b5d72,97593,,0,282,13
ag3ac44e95ef7b87,21263,,3,198,4
ag59f52d802f3c62,14401,,2,388,15
agdd740ffdcf7ba9,42667,,2,277,13
agdefe8cdfb8c3ea,33388,,3,302,14
ag5c85e7ea6f5d1b,104591,,0,265,11
ag4117383f71ada6,89603,,2,236,8
ag389b5275fd11a8,96104,,0,128,0
ag4c44c3c5bfb9e4,111150,,2,253,10
ag46fec279f930f9,27074,,3,288,13
agaa4ce20f0aedac,78405,,3,236,8
agd8d2c70262996b,1667,,2,147,0
agcf94eb6b243f1f,624,,0,127,0
ag95d381215b2196,78927,,0,290,13
ag4095f203a4bd2e,26858,,0,123,0
ag626949764e153b,68229,,1,212,5
age77f728b7ed7bc,100295,,0,244,9
ag55fcfc9cd912a6,23140,,3,192,3
ag2a851e43c696e0,85829,,1,202,4
agf770b5c39d7f02,47793,,0,179,2
ag49d2ff026a2791,39331,,1,201,4
agde05ccb248b85e,108410,,2,164,1
ag00944ee11a08a7,105273,,1,295,14
aga94f3106d00762,108023,,2,224,7
ag76955c815c6a5a,90364,,0,209,5
agc2f24da71c1d42,19985,,3,283,13
agb307c099fea3ec,84862,,1,182,2
ag8afe17a1176434,85951,,3,191,3
agf28ac03bb39cc4,50371,,1,198,4
agac28cfbd7560ee,84621,,0,277,13
ag7a731254fc454a,96947,,2,227,7
aga18cc437e4ef4d,93204,,1,242,9
ag959e0fee3d1f31,38664,,1,241,9
agf49b7a3178c20c,85343,,1,191,3
ag92d82ad1858ddd,112337,,2,248,10
ag1227344e4ec0fa,65274,,2,282,13
ag087f6eac2727d9,1002,,1,287,13
agf98218206c726f,92722,,2,209,5
ag9cd9b0cf4f28ea,35689,,3,211,5
ag6cacb41b66b12d,58061,,3,246,9
ag3646efdff9efc5,1853,,3,331,15
ag8b540ae79ccfdf,71541,,0,269,12
ag9c9241e39cfc2a,4962,,2,260,11
ag27819a6412ec57,90350,,0,260,11
ag797d6afafab70c,103269,,0,404,15
agf8dbf61a4a763a,53588,,2,228,7
agf251f8e4f88ba6,94222,,1,206,5
ag0362f84fb77a81,92817,,2,363,15
ag0376464f86c54c,110333,,1,214,5
age8d081da5741dd,17780,,0,294,14
ag966900309ddbeb,68597,,3,266,12
ag79e5cd4df5e883,40167,,1,269,12
ag0ba1c03e4aad1b,84606,,0,199,4
ag9664fe7dbef7a4,53993,,0,242,9
ag992ea697eba42e,38316,,3,262,11
agdd78799dd0213f,68320,,2,233,8
ag5724624e190375,35322,,3,214,5
ag78168406f1a9fe,64310,,1,185,2
ag05de6b4740d5e9,70017,,1,214,5
ag6c6dfbfed0ba16,98093,,1,178,2
ag2e32d487039342,46286,,2,195,3
ag236aa2c1ca5b51,13117,,1,293,14
ag2d18e1065d2765,90535,,1,348,15
ag5a245637b95f74,6049,,1,160,1
agcb46d61703102b,68132,,1,168,1
ag6ef3ef674b7b73,101292,,1,195,3
ag965072c0ef2284,14837,,2,251,10
ag47c0745f20c64e,747,,1,122,0
agdeb64c2f9e3905,12318,,0,440,15
agc1a5cd0bc31664,10658,,2,252,10
ag4accf98016662e,17923,,3,102,0
ag59708207dff737,63576,,3,156,1
ag51a198e9e625c1,64462,,1,185,2
ag83b2363d982f9f,7545,,1,280,13
aga4329f1b0a021d,22385,,0,228,7
agf748b398fac6f3,107259,,3,275,12
agfb8fac5144271d,63876,,3,405,15
ag21833b8b4ddd12,95314,,3,124,0
agc301134f7a00d1,2700,,3,265,11
agfd8715345e9a29,28434,,2,213,5
ag747f81ef804f75,14232,,2,230,7
agc254dc41d30489,63655,,3,215,6
ag580e8560eca739,82946,,1,301,14
ag0e30a4c2ff1060,52142,,1,237,8
agcb3e8bdec97df8,49174,,0,284,13
ag89603112b668b7,95279,,2,277,13
ag6a19078d7ac866,65955,,0,187,3
agb08c3d18da9aba,90513,,1,186,3
aga827aa32bc5ef4,26777,,3,225,7
ag9f51b7aac59421,54862,,1,227,7
ag745e4408123700,62197,,1,286,13
ag1f245ca3d18ff4,75268,,3,176,2
ag6516212480a64c,60305,,3,241,9
ag61e82bd1fb3ef6,69621,,1,219,6
ag3c201376b560ef,81890,,3,220,6
agee808d1074a6a1,73522,,0,205,4
age745f6f801d220,26357,,3,120,0
ag9064dab00711d8,44108,,3,201,4
ag7150b6129c3c5e,23543,,2,214,5
ag0b34873b19cbaf,77826,,1,191,3
ag50528f2d45bbfc,86583,,1,233,8
aga4e74079db698c,116676,,2,502,15
agaaf66213defbda,12711,,0,279,13
ag469ef9849f7a5c,90248,,1,231,8
ag3fdda0fb307dad,58391,,0,291,14
aga602af3e98e0a0,60025,,2,232,8
ag4a27dc257fb0fe,87036,,3,272,12
ag80a36e566071a2,65570,,1,188,3
ag61b73e2e60dd8c,4304,,1,304,14
age0781e6c13ebec,5497,,1,280,13
ag4c78f37511b2e0,46576,,3,227,7
age9c9a8158a095a,39596,,1,134,0
ag23af4accbfbf18,16352,,2,445,15
ag16fa39b3452f0f,49770,,0,246,9
ag72abe98f509baf,65374,,2,218,6
aga95b14661abaf9,85913,,1,342,15
ag4d3bafd7d2bdb0,855,,0,207,5
ag6ed75a850583a0,84011,,1,201,4
ag3093876e1a4b10,14025,,0,256,11
ag030078d9d926e4,21127,,3,127,0
agd22bb04965ccf6,5765,,1,212,5
ag100a5fe53654f7,32113,,0,225,7
agda2b7860566ffd,103119,,0,229,7
agca1b611564de2a,112052,,2,240,9
ag2e842048ee7f6b,71949,,3,204,4
ag545a891bee5053,15917,,3,143,0
agc8f395d4511383,77783,,3,287,13
aga25bb35269db56,21366,,0,291,14
ag0f381568a98a3c,88738,,3,288,13
ag78787b45e287e4,79246,,2,243,9
ag6e599bd933ee80,74258,,2,208,5
agcb88292ae98d22,41978,,3,177,2
ag4216e9502db9d4,103073,,2,118,0
ag76b4496cea43f3,15810,,1,182,2
ag4f911e4d3da038,42820,,0,120,0
ag47ab3965bfb75e,72196,,2,226,7
ag16bbdf2aad1751,81888,,3,264,11
agd639df13152b26,86505,,0,236,8
ag7b25027e628b7b,69822,,3,234,8
ag130d4b10f4edd4,74656,,1,186,2
ag814e96e798f7b3,86350,,1,246,9
ag0eea5c1a445b96,44049,,1,231,7
aga9e6438e3270bc,25238,,0,336,15
ag429a1a59560b0b,61981,,3,116,0
ag81fd79db2858f8,95795,,0,303,14
agc89492d0014ffa,43071,,2,230,7
ag81eea10cd8aecd,63584,,3,255,10
ag67f783f35c6e8d,84642,,2,206,4
agf0f930bc7d47f3,69424,,1,167,1
ag5539ef51173a5a,52148,,0,185,2
age055cab0b959b9,1432,,3,368,15
agc8dbbf66591b72,19731,,0,208,5
agd9a3210d3a51b8,29194,,1,273,12
aga82e835eae58bb,8133,,1,193,3
agddff463cdffa30,107187,,1,252,10
ag8ab6f6e25909dd,81595,,3,230,7
ag8831a422c1e7f7,3802,,1,266,12
ag7eaf674c90872e,12874,,0,215,6
ag7134e51f5f875f,53075,,3,178,2
ag5ea4d1a91828a9,109331,,3,180,2
agb8188e9b936804,65513,,1,168,1
ag4c0931364d4004,117998,,1,246,9
agb522bd05872632,18167,,1,170,1
ag5ffd55ea933ab9,47856,,1,257,11
ag0c07ed6dc922e5,7192,,2,145,0
aga2cbf5af3ae0d6,117918,,1,295,14
ag3fe1f350cee849,62012,,2,208,5
ag7d27043975e85c,2638,,2,292,14
ag9a012426b2ccfd,6525,,1,223,6
ageea0069dd6d6a2,60502,,2,287,13
ag0560bda5d1a7cf,6820,,1,238,8
agb152220aba366f,81476,,3,238,8
ag78d527a1e34e9d,105661,,0,249,10
age10194e30ae025,41321,,3,212,5
ag81571d31c13b57,42748,,2,161,1
agca519f277228b3,89538,,1,187,3
ag824973325a2168,30924,,1,236,8
ag19fbcd61f50a89,41067,,1,230,7
ag97f9e83d313e36,58787,,3,218,6
ageec4435f8e17ce,27059,,3,213,5
agbcf23a5a2bb6f9,104540,,3,200,4
ag1e17ad1b6b0e7d,111298,,2,238,8
agd570546f97d61f,17339,,1,176,2
agccaf995cd8dd2c,80825,,0,227,7
agc6db527d6a7df8,78225,,0,212,5
ag286c0b3c0ae07c,116745,,1,207,5
agf56cfa975e0569,6105,,0,137,0
agd46f29b54b7ea0,72525,,0,343,15
agf6ec124f76f57e,114046,,0,174,2
ag592e0294829e9f,72646,,1,188,3
ag4b48f4a8391420,89557,,1,142,0
aga44c36f569450d,108052,,3,188,3
ag2fe40aff7b0946,6469,,0,241,9
aga4e5fb87628f53,35743,,3,228,7
ag0942349185fe3f,112911,,1,209,5
ag0bf4c25a16efd2,110764,,2,235,8
ag051bed3ca59714,35838,,1,229,7
ag0f11a85804ed85,102726,,1,229,7
agb0634ea2d40b63,82908,,3,267,12
ag2cc1f188676c7c,85180,,1,177,2
ag03d30b9ee0c63b,11732,,2,224,7
agc8497bee15f800,50498,,2,261,11
ag22e25fa3780724,14428,,0,199,4
ag77582640623ac1,108024,,3,235,8
ag233fba6c2a147b,95607,,3,425,15
agde231234a9ec57,50187,,2,242,9
ag1cf10b59180a4e,10062,,1,229,7
ag74f05083514684,114995,,2,266,12
ag364484a3ed3409,68780,,0,275,12
agecf94a25e005b5,16103,,1,209,5
ag38eaccd50ad97b,29391,,3,205,4
ag603d943da7b165,33283,,2,412,15
ag489ca1d651265d,76138,,2,192,3
ag28bf30efd214d9,98674,,3,229,7
ag9116e727b69fb4,80541,,2,275,12
aga26f8668045ec7,91281,,2,409,15
ag22b0d01d06cd9b,108852,,1,181,2
aga0568eb796135a,105165,,1,237,8
ag2f629ed42f3209,250,,3,137,0
ag17141a9911c858,104304,,1,214,5
agd51503e879e6d0,32353,,3,222,6
ag5dee481c2e1bce,28092,,1,186,3
ag4eed2c34af91a4,23880,,1,187,3
ag697e44b7582763,118784,,2,165,1
agcb0121bea97e09,119240,,2,222,6
aga79369640fb4f2,106591,,0,182,2
ag0372150c9d3230,114780,,3,193,3
ag56b25a87cef903,86174,,3,211,5
agff0459d9287413,46467,,1,194,3
ag837920303f8c73,92322,,0,170,1
agb9365e7e7163d4,25887,,2,171,1
ag8729f7e1e72b28,7044,,2,230,7
ag1bb7b302b11ea2,51382,,2,175,2
ag588ea7266f841a,59227,,3,221,6
ag4575993cf99b2f,18481,,3,247,10
agcd497026b34842,16596,,3,237,8
agd103d8c314633b,99768,,2,249,10
ag0c01310c16a086,56670,,1,158,1
ag836dce2558aebe,88793,,1,215,6
agb16cd0dcff8db6,66267,,3,197,4
ag3d93e9c7bfc6d8,113146,,3,204,4
ag0fcff8f55e3e2f,7289,,3,232,8
age1004271e2fd13,6356,,1,191,3
ag19a2a63aff025b,15293,,1,177,2
ag178859a26e1285,60402,,2,143,0
ag1126a5ed0cb2be,115120,,2,208,5
agd39ef254214e4b,79132,,1,237,8
ag63a74d8f795cc0,21701,,0,278,13
aga11eb9b913dd06,47096,,3,146,0
agd79b3059b57928,10442,,2,203,4
ag53b8558c193267,55137,,1,200,4
agea7decddee045d,95935,,0,323,15
ag404cf56e4a99c3,91202,,2,261,11
ag234363a5ac7f4a,48041,,2,190,3
ag87baa018b8d7cd,2885,,1,222,6
agde8ed2b10ae2a1,106967,,3,232,8
ag830f57e2c02e9a,36369,,0,327,15
agf5d40eb8463ab3,83210,,1,271,12
ag00df8cb7a4cd9d,97308,,0,243,9
ag625fb24c66bc13,1723,,2,185,2
ag9cdac62673a8dd,83831,,1,179,2
agc7e97b8fc2fbe3,48688,,3,236,8
age87de1cf99f6ea,108286,,0,280,13
ag94ec644ef29097,102819,,1,270,12
ag4ea4c9fec0ebd0,79358,,1,216,6
ag221eee98108f7a,39760,,0,266,11
agaaf516b4ba0f6c,54933,,0,286,13
ag0be6131a4050f2,106026,,0,240,9
ag579d62210bfd79,30168,,2,229,7
ag9ca1dc1aa4cd1c,105888,,1,212,5
ag4f513da7aef22f,99465,,1,287,13
ag323fcac4946158,57949,,0,278,13
ag70f50560ebe76c,38826,,0,252,10
agbb1780e813a144,50526,,2,252,10
ag7fadfc80f35823,95719,,1,207,5
agd8bb5905c9efc6,36966,,3,110,0
ag3fc4058f7752af,79429,,1,179,2
agc190d0b636fd90,73650,,2,197,4
ag2cf26c56f3650d,59214,,2,221,6
agc0ae4691557e21,20071,,2,273,12
ag205b02bb9702b5,119197,,1,196,3
ag85c2c1c141d4bf,54406,,1,261,11
ag705af467ba210b,39069,,2,214,5
ag29df91f79dce61,44192,,3,247,10
ag1a25614b2cfe58,50068,,1,275,12
ag8875cf5e12abfa,84496,,3,238,8
agb7014360435d9f,39461,,0,298,14
agcee7d8585b244a,6292,,1,238,8
ag6aba00186e4539,15445,,3,166,1
agd3f96c3f29d319,43020,,0,227,7
agc5825654c1ee85,47060,,3,260,11
agaec3bfdc9f533a,119919,,0,225,7
ag33d005428b23f4,104399,,3,717,15
ag2a112fda7a3a94,122,,3,279,13
agf21c7367ff72b2,58543,,3,123,0
ag824919c70a4888,85225,,0,297,14
ag8274c567ccc586,111279,,1,243,9
ag836d5a471b154f,94111,,0,231,8
ag4ae79ecbfc5cdc,62627,,0,145,0
ag91138a5c80118f,56443,,1,199,4
ag68edfe60f2af17,38613,,3,223,6
ag57d222e6f89821,59653,,1,236,8
ag5d06ed6831e16e,108032,,3,200,4
ag241cd1be737648,21673,,3,214,5
ag5c329e23c6c8c9,30272,,2,245,9
ag6f2bd04c6ff58f,109933,,1,247,10
ag958504f693573b,62617,,1,219,6
ag7ad163d7df948e,57274,,3,269,12
agf6d7051cd6fff7,5776,,2,201,4
ag3b526419e8b5ac,1288,,0,366,15
ag0fc493b4bd507e,59166,,2,282,13
agfc5e7c7695e4ca,93612,,0,294,14
ag3b79b2b672e8b5,111237,,1,247,10
ag3ffa8d144c291d,51754,,3,227,7
ag3a23437aa4a08a,82422,,3,206,4
ag230819c6aa1de0,30054,,3,297,14
age3b8b262654f56,93628,,3,218,6
aga49ca74ba9adb8,59429,,1,203,4
agb860624d8e8c0d,25363,,0,208,5
ag38be7f726a7285,19500,,1,143,0
agabac33368103d7,15752,,2,215,6
ag3dd73a29b9ed20,82623,,3,216,6
ag4fb944e9b650da,13325,,0,308,14
ag01172c4c15abc1,76809,,2,220,6
ag3384927434d157,79885,,2,267,12
agb888c5f3c7b7c7,80882,,0,273,12
agd81c8f48fac37c,58274,,2,194,3
aged8a09ac3eec34,49452,,3,125,0
agc94415c17b22b9,44800,,3,232,8
agcd31ced9d7e366,53484,,0,220,6
ag30545d3ad97dfe,1004,,0,223,6
ag4237e8dde91d27,119543,,0,246,9
agaa27268035b794,71763,,1,206,5
ag429406fb9ccd85,45137,,3,249,10
agf3a27d94c4f4ba,79774,,3,268,12
ag92b4db77bbea30,80583,,2,235,8
ag3e1b73fdb1e6aa,20349,,2,210,5
ag8e31a88c32d74f,73761,,2,189,3
agc684461340d3e0,5740,,2,253,10
agb9b3a64532aced,75769,,2,305,14
ag201cc0554dcd73,35338,,0,239,9
ag63ccbd254a0a6c,22386,,1,213,5
ag86a461369fc89f,26605,,2,259,11
agfb7ea950eadda6,98945,,3,109,0
ag2da7b947dfcbb2,42983,,3,257,11
aga72f05d7eff5c2,17464,,0,420,15
ag6723f35baa573c,69407,,0,200,4
ag6fd5d80aad01f4,41341,,2,249,10
ag49b5f4fac30f15,29779,,1,259,11
agc99a557cd276d1,44448,,1,158,1
ag3a2393cec545cc,85610,,2,247,10
ag4968c32d9af3ba,27958,,1,205,4
ag8f2a88ec93eba1,77782,,3,233,8
agf9713ce8ff88fa,32234,,2,226,7
agc68eb5e0037190,38168,,1,203,4
ag9cf8d2d687f214,1894,,1,206,5
agceadff85771acf,82147,,3,154,1
aga2af633f480248,107818,,1,220,6
agb93f6eb58d85b4,95848,,1,231,8
agcc85dd18ceef54,41601,,3,299,14
ag67ab9b4d36a0d7,16437,,1,125,0
ag3b5bf3a432dc36,77404,,1,243,9
ag037b4e49c6726e,16755,,1,229,7
ag04597eb263a1d5,79363,,1,270,12
ag188baaccc61283,90845,,0,249,10
age2e12ca8653aec,11812,,3,228,7
agfb5018c5ceab65,77503,,0,298,14
ag87d20a68ddace3,34415,,2,264,11
aga15d438bb55cd1,71261,,0,229,7
ag4c8ffe9d3e909a,66137,,0,178,2
ag003f01aa233ec1,99409,,1,239,8
aga9abf4ce3a2239,8076,,2,258,11
agc396a0b149cb8e,76859,,2,277,13
ag6ff67e8d6b4274,2922,,3,252,10
ag915a4809afa7bf,42818,,0,268,12
ag3d832daba47c6c,95601,,3,367,15
ag87cba15ea34d85,113907,,0,232,8
ag27a45d7fd5580d,53034,,2,419,15
ag9002edf20fe6f2,45221,,0,235,8
agc20cc29399f222,119757,,3,190,3
ag2d036394fa1a22,40007,,1,268,12
ag3bc54b97e55a0e,101127,,2,188,3
agaa6a0d93fac7cd,16794,,2,177,2
agdfa1d86cbe5ac3,115739,,2,188,3
ag00b2fc331b78ac,98158,,1,137,0
ag19e6ee92d3f91a,1958,,3,164,1
agd9d754b5915596,38116,,2,208,5
age57ae25eacfe92,88248,,1,240,9
ag905ab3118dfab2,57183,,1,229,7
ag352d2dad73f89d,81502,,3,211,5
ag3dc01b59aa6735,74632,,3,262,11
ag99ff7e63245dec,1316,,0,290,13
age82ed6113fcca6,48215,,0,177,2
agf01e2d3cd40bcc,80630,,2,213,5
ag26be7faa4fc818,21956,,2,231,7
ag3dcd3a7a7239b1,43211,,2,277,13
agdf97345adc8e8a,107900,,0,262,11
ag20aad270e36d40,59342,,1,282,13
ag1a42749d3e0cfa,57908,,1,185,2
ag9656dbdb36bf2a,28335,,0,284,13
ag98b8915b462d33,76774,,3,139,0
ag92bae7c8da24f2,34175,,3,201,4
ag5171c854a8acac,18336,,3,227,7
ag3f53e90baab533,75561,,0,228,7
ag405f7a6673ceb9,83432,,3,274,12
ag0aff84ab9800fb,4234,,3,285,13
ag83fb93c3255d09,69756,,0,271,12
aga566d88260fb47,113200,,3,286,13
ag085ebf313b315b,110530,,3,184,2
aga653cb9106004c,80459,,3,218,6
ag93bf141ce96f43,10381,,0,247,10
aga20a3a3913f291,25541,,2,215,6
ag247bd29a5eaa97,83825,,0,208,5
ag6dd5d8ab136895,27685,,1,255,10
agd2dfe2c470d998,31743,,1,347,15
ag096d190de925ec,3864,,2,332,15
ag8a12f15765d2f6,96568,,1,250,10
ag2e6536d91be689,116594,,3,252,10
ag415549d697cfa9,68163,,2,180,2
ag73037673d0bf08,113580,,0,445,15
agaa092327fd5baa,110890,,1,205,4
ag00126bdfe2b1e3,34192,,3,243,9
age73bf3d195a90d,38235,,3,223,7
ag3bafe309fb0efe,91255,,3,105,0
ag074dbef5710bb9,101453,,1,203,4
ag6628d892a4db6f,86326,,0,253,10
agdbc0b6dcce9af8,79770,,3,248,10
ag0bfe1c7e96088c,46662,,3,278,13
agde600e26acf7f6,105638,,1,207,5
ag812da613e2be45,110679,,3,171,1
ag62c095975095a4,109195,,0,228,7
ag9e012bb3db2169,28642,,3,197,4
ag1648d2e9ff813f,27916,,0,252,10
ag572914f82d2266,26122,,3,320,14
ag80d2a4dc6e31d8,233,,3,122,0
ag9b9654ae87abe5,89702,,2,203,4
aga3e590f2f84866,55796,,0,237,8
ag7adea1cad2005d,43594,,2,348,15
agd3d4be061b31d9,49442,,3,258,11
ag36de255c484103,19090,,3,208,5
ag9348373779ddb5,62421,,2,205,4
ag5a7629c3c87657,20547,,3,198,4
agbae6aabaf72b63,107502,,3,231,8
agcf3ad5567550e4,52009,,0,299,14
ag014ae170ce8284,116148,,1,210,5
ag2eb0da9ce41605,26667,,1,152,1
ag2b69f8d681c9e5,56286,,0,265,11
ag3455fe405dc62f,32985,,0,213,5
agfa91305bf42c65,26309,,3,213,5
aga3fdf5e29014f3,60710,,3,128,0
ag817e7339bd166a,106456,,3,130,0
ag58ca8db0104a02,116458,,3,180,2
ag21610a1fc454c0,78682,,1,218,6
ag60e37eda9a87fd,43795,,1,170,1
ag021b29930274e0,42944,,1,211,5
ag2766211be3f308,111318,,0,195,3
agab03f954ba62ff,677,,1,183,2
ag4b591a40fcf9e0,16689,,3,167,1
ag49c90fb4f7c77a,118521,,1,246,9
ag3bd4bde3c2c8d2,92197,,0,256,11
ag41a92fcbcbbd53,78253,,0,182,2
ag6480a8092a52a3,72464,,3,474,15
ag98f45a8cdfe890,109018,,3,191,3
ag787f9de0694160,106760,,0,176,2
aga8a649b2cb393c,98458,,1,138,0
ag15844edb8d929a,89271,,2,119,0
ag298d0ac8b4d5f0,42863,,2,275,12
age940f03915b0f9,114977,,1,152,1
ag9f31cc93a3bd93,32277,,1,191,3
ag340d80d89ad5d3,74378,,0,265,11
age04b40df242d28,46224,,3,279,13
ag4e2bc037c869de,33785,,3,271,12
ag36cfff6622062e,4053,,3,199,4
ag994cb5d175f9e7,52509,,1,252,10
ag29bc83e9bef5b2,12889,,0,276,12
ag5283784a3986c0,96157,,1,233,8
agd1fa6f525bdbce,14520,,0,171,1
age52d3e57f52bf5,109501,,1,215,6
agb0dc7cc1ae34e5,87575,,2,202,4
ag39aab01bae8183,114839,,0,261,11
agcb94bdbbe5a56e,42825,,2,228,7
ag8e7a8bb615a432,70053,,2,165,1
agd7899df9cb3510,96267,,2,247,10
ag94dde5f2fbbad0,82793,,1,184,2
ag698a69f7e96598,64300,,2,194,3
ag764982f36504dc,3815,,2,270,12
ag3de72f88338c90,24315,,1,224,7
ag7e7a2f23758984,42673,,3,174,2
agd75857ea150466,104254,,1,240,9
ag07abd78140bc85,53765,,1,256,11
agf66e5c51e58207,88776,,0,133,0
ag0097c66d91bf78,96891,,3,168,1
ag871bb027c89331,108865,,3,191,3
ag3d84dd62a65040,115121,,2,236,8
age8ebc410a06f3e,109875,,0,209,5
agc7a14ef898a5b1,97430,,0,335,15
ag97e9f73bdfa409,98926,,3,222,6
ag20e2554d6a1c5a,85554,,0,211,5
ag93fa712ee4b060,16461,,1,200,4
ag6ae8eacce1e1b0,7078,,1,239,9
agb60e184443b39a,32433,,3,972,15
ag6fd86835f0cc8d,116265,,3,236,8
ag28214c81699436,59184,,3,228,7
ag3ea42189f1d26b,82792,,1,159,1
ag181268b2e0c3a7,38966,,1,192,3
ag8789dade26d541,54552,,1,260,11
ag0769f1e40fdcc9,62844,,1,228,7
ag9bb3c1cb94893d,68134,,0,236,8
age9e979c167b396,16235,,1,194,3
agc6e04c23c20dcf,26345,,2,292,14
agecf2748af193b5,50994,,0,299,14
agfa3d1933ce8a70,106882,,0,262,11
ag828668582c485a,94043,,2,110,0
ag07b3699ad34d01,108726,,1,198,4
ag665665cbf6536d,70502,,2,166,1
ag8a45c112217466,2813,,2,400,15
ag483d0276770f76,67671,,0,233,8
age57184617ea4b9,33931,,3,250,10
ag96bf08e14c83e8,47848,,1,198,4
ag8aae6b7ae64043,27318,,0,302,14
ag96cf33ccda2e16,101370,,1,244,9
ag6a933b3e32c3c0,27158,,2,255,10
ag2b213ac9dbde93,110751,,1,181,2
ag53616709910cf4,74844,,2,186,3
ag0e0b7fbf091dba,94874,,1,230,7
ag64db66f7aedeab,46175,,1,184,2
agc2f0bcdff83ce9,100670,,3,294,14
ag44581fe0b75d35,33868,,1,254,10
ag280efd73728a2d,10876,,0,221,6
ag6ced18d5cec26f,93899,,3,206,4
aga017f896c915d4,112450,,0,263,11
agfa2c1e36cfae11,46390,,2,261,11
agb57804a1253684,88751,,1,300,14
agd461a4dbc5eb99,106690,,3,234,8
ag66803da7bc88b5,23935,,2,216,6
ag2a62abedffa408,94885,,1,224,7
ag59012429ddafd2,2520,,0,129,0
ag56bd7d6052ecb7,55654,,2,190,3
ag0d3f92010453d9,7684,,0,226,7
age29e79ab421113,76057,,2,240,9
agbf531405ef60cb,19380,,0,383,15
ag1b057fda2e2b32,22547,,3,169,1
ag5b88e67ae0da51,111637,,1,161,1
age5047b30f176a0,96493,,2,191,3
ag76ef50d13613b7,23861,,3,181,2
agcc8bf73c31673b,50889,,1,232,8
agd4902fc1e47cc7,105682,,2,208,5
ag96519b54a7b465,95146,,1,260,11
ag9b7634225ebdb6,96672,,1,136,0
ag48111089ac9168,73753,,0,230,7
agdb51611232026c,8678,,0,122,0
ag3e251462dc247e,20617,,3,142,0
ag7988323ebbc589,10764,,0,301,14
aga7f0b6f355bc31,1530,,0,136,0
ag7ae81bd9a423c9,92456,,0,244,9
agedb936c0cf8f64,45862,,2,210,5
ag3ea9677a46e39c,19709,,1,159,1
ag1e09091b1840c3,79012,,3,256,11
ag89e2f4d37b7947,89283,,3,262,11
ag7bdec473f7daa8,82358,,3,244,9
ag5c69a226b38937,96910,,1,204,4
agb87f7e96e120b7,33028,,1,168,1
agdef23e98730c76,107135,,0,291,14
agebb70e9a996357,117607,,1,202,4
ag31351309a4d4d8,10175,,0,204,4
agf9b966166d8f65,70091,,2,216,6
aga22b174ab62a3a,20986,,2,172,1
agadc67acae41a61,72496,,3,230,7
age133697ba92959,54791,,0,208,5
ag353fc69b8b6afe,52389,,1,185,2
ag95c02e88d95224,21543,,3,118,0
agd9da6e53a9d8cd,156,,3,313,14
ag6550701ceb6b0d,115367,,1,271,12
ag796e931e4a9496,48301,,2,229,7
agc7854fd3035a20,67257,,2,284,13
ag363230bd31fb4e,38971,,0,216,6
ag004848678308c1,34336,,1,247,10
ag16de0965d18fe9,91965,,3,328,15
ag0e71f5f1dc0546,54789,,0,132,0
ag0c1b12f06ce4f8,113441,,2,277,13
ag72388144896cfc,36906,,3,282,13
ag952b89cb8af685,116184,,0,268,12
ag2733caf95ca0d2,15930,,3,239,9
ag0028a9ff53b904,11830,,2,189,3
ag4ff58f6b2981ba,114947,,2,419,15
ag3e9772aca33cfa,98213,,0,236,8
ag883f196e0ef4b7,17445,,0,127,0
agd598c3a3210658,9879,,2,246,9
ag9fe5ef6fbd50c7,118839,,1,135,0
ag65a622b87860a9,106396,,2,228,7
agaea75d5003f9a6,67933,,0,140,0
ag5aacc7c92ee261,57538,,3,201,4
ag0c168bc8ef5ecf,59385,,1,308,14
agaea9c737180811,3201,,1,217,6
ag0f6b73caf5e948,40538,,1,233,8
ag9eeb5f6478f2ec,13740,,0,153,1
ag9c4f7d66f8e3ce,98542,,2,164,1
ag524d4faac77651,62784,,3,285,13
agbe3ccdb0b7402f,95304,,3,261,11
agbd37feddf94f94,74326,,1,219,6
agc803dd263e6ca4,101531,,3,182,2
agdacb23e25d6462,5098,,3,233,8
ag6d4bba1058ff33,66437,,1,299,14
ag77aa07bbe18ad7,59851,,0,227,7
aga7cde757057de0,51781,,1,245,9
agff5d1610aeca8f,67153,,2,268,12
agc1b9edd6e3f539,11127,,1,178,2
ag811dcc08c059da,35096,,1,254,10
ag39fd20a5aa2610,118275,,3,185,2
agf17da87640e5a8,102822,,0,201,4
ag53d7835b0d3c2d,77482,,1,229,7
age4c34edacf31b0,17511,,3,120,0
agd3dec25310d481,30882,,1,199,4
ag8fc73ea22fc748,76487,,1,238,8
ag586580192aed95,42558,,3,273,12
aga26e4f43241562,87681,,2,200,4
ag2edd67ae6a6b92,82716,,1,177,2
ag0883964f255f42,41969,,1,189,3
agd923d0966b4518,49964,,0,242,9
agb37e407b9f2ffe,57545,,1,164,1
agf66743c82db612,24159,,3,331,15
ag8433c0b1e7ca5b,17870,,0,300,14
ag6348efd4ad7e03,88470,,2,179,2
aga5a56c9bff1b3a,26717,,1,234,8
agf9d3fc72753408,94245,,2,282,13
ag9fa49570313665,11345,,1,282,13
ag21c16a6114d48a,30456,,0,262,11
ag802de33e24f457,54278,,1,184,2
agf7035ad9aa73a3,44546,,1,218,6
agaa4bcf27489617,93158,,1,140,0
ag6e62120e13b996,100500,,3,219,6
ag4fcdf151c78f8a,85873,,3,284,13
ag8b05426a471ffb,34046,,3,171,1
agbb462dcf13fb60,93464,,3,275,12
agd5288246e20c52,14939,,3,254,10
ag9b26f9f7960eb5,9069,,2,205,4
agf0cb9ce6866f20,107574,,2,274,12
ag6364d5b9ef9ecb,44429,,3,232,8
ag3629fea8d9ddc0,110788,,2,266,11
ag0954f8d772df9c,117657,,1,299,14
agf42ed91fa45b6b,57311,,3,243,9
ag76c71fe4c14b61,55119,,1,189,3
agf1564c6c1a5136,37408,,3,268,12
ag982c52c37e5c1c,116842,,3,193,3
ag149d1219fd53ec,55941,,0,241,9
ag223bf7cbecca55,102718,,1,221,6
ag015acd16eee7e6,119166,,2,173,1
aga185ea33e6b246,102289,,0,141,0
age43a5fd840d478,101060,,1,170,1
ag43e8df83f50226,99895,,3,267,12
ag74b4c6d81ecb28,96446,,2,155,1
ag01c3b702203a91,110516,,2,274,12
ag610e6ba5dcf2eb,86048,,3,287,13
ag9ffe0ea95c58ad,107862,,2,278,13
aga5611d7abb30cc,67555,,2,234,8
ag5cd893c103b08e,9931,,1,283,13
ag59eeb9883a5fb5,77658,,2,213,5
ag6915c395a4fd47,103717,,3,190,3
ag9ebdca9cdab482,117945,,1,238,8
ag7ef408c9dfb432,89895,,0,218,6
ag51b1e19cbec553,115710,,3,104,0
ag173d99675979ad,23995,,2,251,10
agf30fb7ad8d4220,29847,,2,285,13
ag018aac714b4c1c,24046,,0,316,14
ag599edd08d8b6db,40068,,0,212,5
agf5ee2053c3f9cf,99612,,1,253,10
ag687f67c8d1eb4f,40692,,0,230,7
ag6428f6106ffa65,80582,,0,239,9
ag2ca743f89eafb5,78948,,0,212,5
ag575199eb753168,117782,,0,226,7
ag5a559cb7308fbe,80054,,1,244,9
ag722c7b39b5e531,68763,,3,211,5
agf73f12fb63da08,19362,,2,256,11
ag0fb1ddb8bec3df,81714,,1,254,10
ag4cd65416d81b71,108880,,1,252,10
agf9144f4925fb4c,59646,,1,257,11
agf8c46aca577639,75349,,0,246,10
ag8886df37d3091d,21276,,1,250,10
agfcbb8e0bb423b3,78649,,2,205,4
ag81ac0338fe8a35,958,,3,159,1
ag4bd73a75873acb,42295,,2,173,2
ag53718dce4a89e0,10530,,1,235,8
agba318746d2e538,45199,,2,177,2
agb296fd398dd395,80345,,1,205,4
ag1493cb105cc2a0,15708,,2,233,8
agd31fa3eda78075,49788,,3,234,8
agc578688bb7cbb3,29751,,3,309,14
ag5f791e0f5968b5,85265,,3,178,2
ag82b375643dc004,104782,,2,218,6
ag8875a86f1aec33,28821,,0,323,14
agc934c01b51604b,94215,,2,220,6
agc593a29f952dfc,88671,,0,262,11
agc9b144cf3dd2ac,80823,,2,219,6
ag4875d0c20faf8a,9894,,3,468,15
ag8645f62d01f1e2,71249,,0,274,12
ag9ddd105d065fe4,2789,,1,287,13
ag40242172658c39,50973,,3,178,2
agc83d9c293146e4,59150,,0,232,8
ag9305dcd6cd9441,13157,,3,297,14
ag6e11e40af2213c,28696,,0,242,9
agbe861da3da4a4e,86636,,0,247,10
ag33a7a7351abad2,32665,,1,198,4
ag8762d2c56adbc1,98365,,2,198,4
aga69ccfbf90cd85,93719,,1,182,2
ag316f78632e41ba,26892,,1,235,8
ag57fd8337acef08,10509,,3,299,14
ag458416e11df5f6,23969,,1,248,10
ag19014525f1609b,67610,,1,251,10
ag5f86e96d51e575,94095,,0,345,15
ag8beff0751f3514,68011,,2,266,12
agaf0d8b53f5a998,101681,,3,177,2
agb11d7506a5fc93,109606,,1,251,10
ag3542e9c6e6bd38,117012,,2,244,9
ag91cafc7138b9fd,60333,,3,193,3
agbc6119599928e1,11344,,2,270,12
agc8f91f58604afe,93696,,1,191,3
ag651e482cb14d05,36839,,1,163,1
ag270d135ae9e0d2,72189,,3,255,10
ag079e43602946a9,45327,,3,235,8
ag8db2c167cb1149,98534,,1,216,6
agdcb5fe91d46f93,35927,,0,196,3
agf4518fb529e0ca,48995,,2,161,1
agb095eb307a8f0a,61142,,2,211,5
ag7fd99e786458ef,63450,,0,214,5
ag41b284641a16ad,101115,,0,202,4
ag93ebf8ebbf8beb,63162,,0,269,12
ag254d62ac01598b,82434,,1,191,3
ag0f747a4fba3020,58096,,0,333,15
agf083c50a656b6b,114743,,0,141,0
ag271e36de9d54a2,65192,,2,194,3
age30c9a92a7573d,117370,,2,269,12
ag124cc4084f8226,68135,,2,419,15
ag0b1118e255bfb9,103842,,1,222,6
ag7f3902dd616959,62511,,2,223,6
agcaa2042f40da75,83636,,2,208,5
agec17b3e78487c7,99593,,3,110,0
agff233d713ef78b,69260,,0,164,1
ag06102ef8aa9070,48386,,1,253,10
agd0a42c8450471d,51341,,2,298,14
ag28e41f300b9d25,98919,,3,222,6
aga4a032c4288e4f,32302,,2,185,2
ag57027a8e61972d,6237,,2,220,6
ag7cd758913079ee,109076,,3,355,15
ag15d0780203ece8,106178,,2,272,12
ag09c561bfc39e53,61468,,1,255,10
ag4b1bb08afd85e8,35537,,3,238,8
aga51510113c064a,37267,,0,226,7
ag91acb70bb124ac,111198,,3,271,12
ag6560993fac9d57,98852,,2,333,15
ag30c003f44a3b72,82264,,1,149,1
ag2d932750d3a41f,84545,,1,223,6
ag7002f1da7cecec,4,,2,234,8
ag8fcffda9966153,89261,,2,271,12
ag5a92537977dace,79163,,2,191,3
ag5eae4e2ef3a059,52150,,0,314,14
age36188fee955da,18584,,2,194,3
aga589128fa4f045,99082,,2,241,9
ag829dd0b56871bf,615,,0,114,0
ag6015df461313a4,34416,,0,291,14
ag2045fad8217747,8087,,1,290,13
agdaeda4e03c7446,91052,,1,275,12
ag55dbba1d0d9322,115686,,2,269,12
ag9d0b951b4a574f,102346,,2,198,4
ag6a2fbab1f75448,107872,,3,176,2
ag8255fe5a67986c,5430,,0,234,8
ag2f9a7e2c8e92cf,85920,,2,107,0
ag8dd45b856dcc00,56464,,1,186,3
ag4d7fe1de044d0e,73905,,0,300,14
agb5fc6d5806d6db,111657,,3,250,10
ag72da4703c2356a,73609,,0,258,11
ag07b0dd6955d35f,77367,,0,322,14
agc8fca91a926593,11950,,1,240,9
ag53cae13da0e767,4250,,3,249,10
agc1bd571db9d330,32914,,0,212,5
ag2432bc97a73c2b,111464,,3,303,14
ag1b8a9e1577b47a,56540,,2,276,12
ag691fdbaeac941f,42120,,2,192,3
ag26ef7f98f49b6b,28132,,0,218,6
aga48c237fca72c9,104258,,1,185,2
ag0326b800727dae,53731,,3,208,5
ag4fa5acfc10c8e7,25725,,1,226,7
ag967b84fd8a5dce,107571,,0,137,0
ag16ce9a00e8d213,70032,,2,215,6
ag1c517ec6c9de38,64378,,1,264,11
agbee5077f5a21e2,23834,,1,166,1
ag4ced3960916d6b,3108,,2,274,12
agf09840230561e1,37328,,2,286,13
ag08f15baf1f7677,98849,,1,237,8
ag3a6650137cbb7c,96580,,3,273,12
ag427aa42bdf7003,103158,,2,177,2
agf9c867e2405871,45391,,2,298,14
ag49735d385f7963,77239,,1,180,2
agc52583a1688c18,71829,,0,225,7
ag0ccc4d0239f015,110119,,1,176,2
ag0a7cadc50705ec,102218,,2,168,1
ag92369d9a9c0df7,118546,,1,177,2
ag281e13b6d6dff7,30333,,2,199,4
aga4c42e84b3a471,42142,,0,279,13
ag8306053f41be6c,33321,,2,188,3
ag3edd4fd2e1ae04,22162,,0,226,7
ag5a2cea59489615,6673,,2,287,13
ag73d9ea31d5d5c4,108423,,3,283,13
ag388ec774622be4,9210,,3,248,10
agf1a2f2aacb1c11,21497,,3,268,12
ag93f6fbc4a437db,6937,,1,167,1
ag14e0b9366549e9,43393,,2,460,15
ag18838c0a1f215a,96640,,3,241,9
ageb490b2ab7156a,63768,,2,210,5
agafd98003e52864,117457,,3,235,8
agd01751c414e5fd,90926,,2,145,0
agc50d293af14ed7,86071,,3,134,0
agad0388a65c9231,52207,,1,305,14
agb0e9020c12d5b0,30661,,0,234,8
ag1a8442c08a6108,59704,,3,268,12
agb89ed3e719110d,60551,,1,181,2
ag4ffd14352eed69,85055,,0,362,15
ag4a1ccdc5221745,55504,,0,167,1
ag5d1864a12bea5f,80306,,3,190,3
ag91d23e264945b0,41246,,1,273,12
ag5ede138fcea192,85403,,3,182,2
ag398dc8f0bb0833,79472,,3,182,2
agc09ee2f0ff3a88,31636,,3,207,5
agb61e8cc2ccd7d2,78822,,2,206,5
agf33a279142d83b,46347,,3,482,15
agd10275d91e3ca6,110443,,2,240,9
ag1874dfa66138ed,30663,,2,309,14
ag258b518d7fe701,108621,,3,287,13
ag5281d3d295fc5c,68572,,2,189,3
agd73991342fce3c,42793,,2,193,3
ag03187e0a03302c,95991,,3,224,7
ag8c6411fbdb5b43,479,,1,121,0
ag75469ceef6c20e,78336,,2,245,9
ag9f7cf1975cb673,47427,,0,200,4
ag4dec402057e05a,60137,,3,126,0
ag8ae54f8314318e,118062,,2,256,11
ag39c0540877dfa2,49611,,2,265,11
ag70f259c8412159,11609,,3,135,0
ag24f43cf115b4c8,5916,,1,208,5
ag8bf33d4fd2248c,99857,,3,292,14
ag55e18615504aee,36114,,0,265,11
ag8f8fddc3a49c17,38900,,3,123,0
ag86ef97f216d14e,46431,,3,184,2
ag45b15c9d82cc8c,111799,,2,193,3
agc09e8be9a8fae5,64651,,3,290,13
agd0bd666e5cb735,39531,,0,217,6
ag5f58f96a9ea5de,42994,,1,227,7
ag2dd17cecf83f29,10169,,3,218,6
ag8c29699e73effc,98796,,0,265,11
ag5a79afc53fe03e,77840,,1,243,9
ag4e7f93ecdfa61b,49472,,1,275,12
ag1607872dffa0af,57499,,3,236,8
agfa63d93465bb34,9587,,2,277,13
ag77f613878a59d8,70312,,1,175,2
aga804815f1353d4,76400,,2,224,7
ag9ea3e750d060a1,5463,,0,274,12
ag63dfb17f9e8b74,78764,,0,262,11
ag221133c887c2e1,75014,,0,192,3
agef77a3e2e34b1a,103329,,0,197,4
ag3a6f15b2ac27ab,100494,,2,208,5
ag8e68d733649288,34140,,1,207,5
agd65b72aa37c89a,3177,,1,265,11
agef74fed8cf5f6d,29475,,3,177,2
agc23f104e4d7482,22409,,1,283,13
agf9a9956400b896,574,,0,272,12
ag1deded8d3100d5,34523,,3,180,2
ag0678dc5cc346fd,2970,,0,388,15
ag3f0f3add4590c7,19888,,3,313,14
agcc9b173d4cfeed,12156,,0,216,6
agc819d24d69553b,38190,,2,216,6
ag9546377b24db81,103117,,1,220,6
ag1b93a835390fa3,38606,,3,217,6
ag75df4c01cb1b1b,34580,,3,215,6
ag96bfa9a778624e,52832,,0,132,0
ag04e16bafeb180d,27372,,3,256,11
ageaf05d52c1dade,61722,,0,180,2
ag9cbe547049d4b1,63542,,0,208,5
ag2c2d18ebc862f8,86904,,3,321,14
ag77783314cda9d8,15704,,3,156,1
ag1bb287fbb5b800,119493,,0,237,8
ag9f0daf81e16722,100925,,2,181,2
agb8565e97119505,68480,,0,219,6
agae332aa6396d5b,63405,,0,260,11
agcb747a58c33176,98899,,1,156,1
ageb48ce3426f21d,11848,,1,225,7
agf16bfadab711f7,26488,,1,160,1
ag930b87690a34f4,21412,,1,209,5
ag38df345c782364,14767,,3,371,15
agff216d21fa8965,89956,,1,240,9
ag36d6f7e25fd9b5,96994,,1,250,10
agc55d6fb67fcab6,102596,,0,213,5
ag058a6780ad6316,3488,,3,299,14
ag13bb62b2425e30,9292,,2,399,15
ag47586f6918e891,11395,,3,230,7
ag9b3a0a4684d464,36325,,3,471,15
ag64cac4e04acd45,102095,,3,177,2
aga32c307845da63,119910,,3,258,11
ag9bc5adc2c038e9,7076,,0,248,10
agbe66e4074c35b9,55797,,0,275,12
ag150d991ec09990,8607,,3,244,9
ag2c608072095961,37278,,0,138,0
agdefd30a4c40b1d,43804,,2,223,7
age1bebe8a1af4e9,36131,,3,130,0
ag0af8dc3f51d8aa,22337,,0,141,0
aga3624be46d16cd,92797,,0,191,3
agfbeed29e9f4426,92170,,1,241,9
agfec0be7d0f3e2f,105295,,3,256,11
agc30daf082b9ca3,69765,,3,167,1
ag421615479ef240,81522,,1,222,6
agd3324920a49bde,54376,,2,276,13
ag8597faec4757d3,43737,,3,151,1
agd437cef1d5ec58,79567,,1,211,5
agba239f5c205ee2,104151,,3,260,11
ag78605c13dcd902,82599,,3,124,0
ag262d5601a92834,36519,,3,226,7
agf68df02b0b7593,42988,,1,288,13
agd2201266b2675b,105841,,0,139,0
ag2a732e82a2de6c,119071,,0,194,3
ag0d1c4626c505bb,57520,,1,283,13
agc386f0e945ff62,80603,,2,239,9
ag2cb293db4060fb,77700,,1,226,7
ag2f6d7d782e17cf,85523,,3,178,2
ag8f4c491c71c6a8,48761,,3,192,3
ag8ab4a40a22993c,48252,,0,172,1
aga2a60050a22714,91436,,2,434,15
ag228ea42ef8cda9,42439,,2,214,5
ag80b19400259cb2,35434,,2,316,14
ag7fe72ca56eadb8,88313,,3,193,3
ag2719b143d44b97,17082,,3,218,6
agcb10aae8c9031c,67798,,2,175,2
ag81835cdf110087,33361,,3,110,0
agf6a2eddfa42ca5,46951,,2,260,11
age02fbd6973c9ba,95131,,3,226,7
ag6b568302a5789e,45107,,0,142,0
ag035c993131476c,59266,,0,353,15
ag6023b53c016bfa,9099,,2,133,0
ag371fa83e63209d,117937,,2,174,2
ag444a39888cd2c9,45846,,2,256,11
ag25082754513b88,84257,,2,224,7
agdcb33e605d8ec7,1814,,3,274,12
agb4a6603fd97fde,22485,,3,142,0
ag29cde83fb37061,78796,,0,269,12
ag2e24a5382cbfeb,78591,,0,211,5
ag6a7558e349c301,74729,,3,267,12
ag8848e2c3931eca,101219,,2,190,3
ag73a029583dd5b3,16015,,3,265,11
agca14a5094b785c,3865,,3,110,0
agac7a29df86f8b5,33925,,3,295,14
ag6e916ba49d20a4,40539,,1,231,8
ag751ffcdb43240b,59252,,0,155,1
ag6d4488740bc762,47817,,1,299,14
agf303e03fa429c0,3318,,3,146,0
agff4af20e5e759e,9351,,0,412,15
ag3dc0564b4ac6aa,78285,,1,184,2
ag1c423e399dac06,12095,,3,341,15
ag32f8de99d033da,44671,,2,254,10
agfc3ba079bcf692,26774,,2,220,6
ag3048cd81f33db9,14072,,1,194,3
ag8dfa77fd03d093,117749,,3,270,12
ag39826b41a4711b,37080,,0,250,10
ag5b6ae246f9b2ae,117549,,2,263,11
ag2a5cb8e23654b3,59477,,0,268,12
ag5e5d629849eb6f,81117,,2,225,7
ag6861c08fe4f42b,116427,,1,213,5
ag003d4bb1bd3c85,46990,,2,184,2
aga5cbeae624f3c3,62808,,3,269,12
agb3e3a00420b3c2,81715,,0,232,8
ag51ff4df7444c27,98273,,2,191,3
agcec956bfa70f20,110707,,3,214,6
agec27c3e18f5a37,97901,,0,355,15
ag3f66f1935a6b0f,117391,,0,233,8
ag46484f279f0bc3,64631,,0,182,2
ag3fb81bc419abda,9921,,3,286,13
agcb994db49d9ccf,55295,,1,205,4
ag4888b32eda6d47,110282,,2,226,7
agd94ddcd52dfd07,110145,,3,234,8
ag054c9104e8f4fb,93727,,1,238,8
agccfc8ca337c86f,55246,,2,246,9
ag13351b17f2dc88,7603,,1,179,2
ag01e67f89cab603,47230,,3,284,13
agd3c903341979ef,103040,,2,249,10
ag42a40c0fc9aee9,34438,,2,303,14
agbbb8ea52c03c3a,115164,,2,310,14
ag4ddbf7f1a00e0d,13504,,0,155,1
agfd5fe0cb54f1a9,9692,,3,261,11
ag7619cd3285797d,92403,,3,103,0
agc647052f6117be,103726,,0,139,0
ag50b7de1b58c9a8,81064,,1,218,6
agc77f8be3fd522e,24548,,0,190,3
ag5cf906004eb899,64511,,0,243,9
ag336af0d92d2a27,109614,,2,227,7
ag9e61e52b30deb0,30623,,0,205,4
ag253f5ad04d8a87,35859,,2,213,5
agaeb786fb08f3fc,37941,,1,182,2
ag53d86b16e509bf,35877,,2,252,10
agaa52e93be88bfb,71862,,2,284,13
agc02c1e23b1a3d3,84046,,1,144,0
agdf33787e1272c7,87772,,0,218,6
ag305235a06b2af7,65895,,0,278,13
aga07f7085b9ac7c,16116,,2,244,9
ag6d0d7578517fd1,80710,,3,299,14
agc4292b40dd2666,92889,,1,170,1
agf42cd070719a9c,110769,,3,218,6
agb4d6ffbab8b5c7,14269,,1,192,3
ag0dc8db6e96b082,81625,,1,223,6
ag763eb57c0eee27,84402,,0,228,7
agad57f77751192e,85159,,2,279,13
age4801a03b1a5fc,19868,,3,244,9
ag70e086850ce356,24266,,0,296,14
agb32afd05c8de90,22957,,1,249,10
ag477e60ebea372c,75083,,3,236,8
agf4921e0f165dbd,11888,,2,190,3
agef42353624a579,79563,,0,239,9
agc77f3037e34df3,46108,,3,149,1
ag05df85bae5247f,35245,,1,236,8
ag3caf33288db93a,10528,,0,273,12
ag693d68a2aac305,35672,,0,333,15
ag7ea54fe3ab3117,31842,,0,184,2
ag7aa9ef8fccd55a,113085,,0,267,12
ag6569050bafe1c4,99692,,2,325,15
ag97104ca83c0dbf,14086,,2,265,11
agd85eeb86524c4f,38358,,3,202,4
ag507f45bf923059,20863,,3,193,3
agf55de83ce3fc99,45863,,2,179,2
age2bfc52c64c47c,77734,,0,286,13
ag3da5074e9062a3,38837,,1,129,0
ag1e1b8ebde6cef4,95334,,3,361,15
agafaab5bb3e3397,73049,,2,371,15
ag90a68b1a19a75d,98547,,2,269,12
ag77a2e80c8e82c1,113917,,1,186,3
ag2ecdb4e2f8b266,71332,,2,285,13
ag6fa638a181a55b,110020,,0,281,13
ag7f62ce690a4c23,108001,,2,165,1
agfa599c24b72a27,59992,,2,299,14
age6e3fa21e2fd3d,98000,,1,236,8
ag97f1a849867fef,30479,,0,272,12
ag0faf3baf9e0ec3,94943,,2,243,9
ag005855dd2dce2d,72593,,2,368,15
ag0e0a5f101f5690,72328,,3,266,11
ageba0cb1fca4a87,47256,,1,256,11
age8f235d152ce9c,103081,,2,120,0
ag3caf55f8a453f4,16693,,2,242,9
agd17d9ed50c5d90,117328,,3,270,12
agf99d817c52d5a0,87571,,2,176,2
ag6a55785f631203,27257,,2,196,3
ag334e56ca4b8e5a,100843,,2,258,11
agd04797d5793edf,16821,,1,243,9
agc3df3f09301e51,73376,,0,240,9
ag24d99a2b4117fd,47433,,1,114,0
agf5a5ea8cdcf0ec,23457,,1,180,2
ag7697e64043a979,44865,,2,220,6
ag35039b4ffca5a7,14398,,1,216,6
ag03d406c53bddc4,81091,,0,233,8
ag7ab606cd8c3f25,3941,,0,147,0
agb5f86c77288545,93122,,1,169,1
ag695de75d1555f3,76984,,2,242,9
ag7d068b3c1cc6c3,115510,,0,144,0
agaca0f94fd91d7f,12215,,0,296,14
ag0fb23fee9104ad,90577,,1,303,14
ag4542c555987440,67605,,3,265,11
ag1b7fd9b809285c,65780,,1,195,3
ag0cce5e2b1aa7ef,61388,,1,213,5
ag12f282a2b226be,60992,,0,156,1
ag9f12cb01b71214,4477,,2,159,1
ag6be2278f27870b,14665,,2,355,15
ag87700773ac28b6,103441,,1,114,0
ag1262fe53e41817,22752,,3,295,14
ag8ebcc2c407692b,28394,,3,239,9
aga1aabbf96b505f,86769,,2,233,8
agc4b284ad91958f,41367,,0,517,15
agdbf809b45cfd74,14874,,0,142,0
ag6ab42b1aca268b,100091,,2,181,2
ag8f5dccd7ec585c,111337,,3,207,5
ag428d4522108150,46641,,2,136,0
ag38b4fe94ab477e,25020,,0,196,3
agf11482a668e4d0,40655,,1,154,1
ag3b48f272d24fe1,62601,,3,159,1
agef1d9bcfa889da,53943,,2,228,7
aga0660ffb88f416,88617,,0,237,8
agdc5033b6de7781,21269,,2,237,8
age5ee8bb4f65be2,34741,,3,197,4
ag6618e1a66652ec,34833,,3,284,13
ag9d6586636fef10,50320,,3,161,1
ag11314c5dea68d4,112252,,3,271,12
ag63123ec808fb8c,69689,,3,234,8
agad782571b22496,104035,,2,180,2
ag943ad7d47379c2,25307,,1,258,11
ag5fe11e7f1f6c9d,117892,,2,232,8
ag4e365e778dc174,22549,,3,200,4
ag5caaa07e6ce9b3,34801,,2,274,12
agf28bbc5a205304,96098,,0,285,13
ag19661992b09cb7,58753,,2,151,1
agce40c1131f0cc4,101689,,2,210,5
ag741bfbc4046b65,21514,,0,285,13
agcef9eafc1c5aa0,62659,,1,211,5
ag089158c620f6b5,46114,,2,335,15
agee3696b52efca8,114849,,0,149,1
aged50827f337feb,41261,,1,277,13
ag69c20242950812,81405,,1,244,9
ag354c792ac8a4c0,103172,,0,241,9
agebf25597184c87,95011,,3,246,9
ag0cee979c608b97,112705,,2,227,7
agef1d833122fa37,87648,,1,228,7
ag9848f3589ac9b1,10186,,3,142,0
ag1b17770aa670c9,7910,,3,260,11
agdf89e6bbdb642a,68858,,2,268,12
aga3987e8860ee4d,87546,,1,159,1
ag1f507837f6732a,49132,,3,194,3
ag39d7bf8cab6caf,114039,,0,177,2
ag83421272b9d145,94569,,1,219,6
ag6b2e67fe85f879,44148,,1,239,9
ag571be04673b22e,46295,,1,180,2
agef9c6f2d177bc6,76202,,3,275,12
ag03b66c1039eacf,81407,,1,224,7
agf4345c5468a9b9,104257,,1,242,9
agfd091dcf00cfbc,119040,,2,259,11
agacab149c1f97f1,13987,,1,154,1
age0974fa5c4e73c,84614,,2,163,1
agc0922da598787f,86365,,1,148,1
agb34c92a2e9dbc7,97948,,2,232,8
agcbc9e8edbb92fc,111394,,3,465,15
ag759f071aff0302,64122,,0,174,2
ag467507edb2728a,49651,,3,189,3
ag08f8b32cd6a569,77407,,0,291,14
ag3b2c02ee24a87f,81870,,1,230,7
ag0ac3e6c00b505c,67976,,3,267,12
ag9551d1a4a7ecf1,24647,,1,259,11
agdb3a2f377e6294,66110,,2,248,10
ag8539e31997c644,55912,,2,198,4
ag8ff39a81ed2228,15393,,0,227,7
ag57bcc30e270fa8,25882,,1,270,12
ag4bb5d20745e674,37388,,3,184,2
age047377bea2e9e,32329,,1,251,10
aga51eedd6e864aa,93460,,3,230,7
ag7b151aeafb5f72,44986,,0,247,10
agdf9cd7afccb25c,41428,,3,201,4
agb74c8be6c3fa0a,82543,,0,284,13
ag60936e0f7c48f7,9783,,0,155,1
ag8f2cf2edee7cb7,6013,,1,168,1
ag33e9fd7cf6c023,110868,,0,302,14
ag904b3a17e111d9,108586,,3,199,4
ag6c07a3df096517,116263,,3,337,15
ag32813f29dbadec,39415,,1,260,11
ag10def3ae6cda1a,117439,,1,293,14
ag76dd6177ff47f8,53638,,3,177,2
agcba37f41eddcee,54852,,1,398,15
ag70f9f429ca0f90,9090,,3,213,5
agb5de5382a951c8,14809,,3,110,0
ag1b1a2e0188b36a,35030,,3,191,3
ag6b82c062b41f2b,43495,,1,123,0
ag922766eff42475,75401,,2,222,6
agd9d9a7f9289154,72387,,0,201,4
ag494bd25c806aba,94645,,0,204,4
ag5a22905cd10d47,45881,,3,440,15
aga32f5076b6e356,105364,,0,266,12
aged974a5da346f3,9470,,2,260,11
ag5ef0c51a8858e2,94289,,1,205,4
ag5c40a58bcdaf4d,60404,,2,195,3
ag885b50d0f4e0fb,53518,,3,205,4
ag1615c5113d6a35,33,,2,166,1
age1fae2076aca65,38471,,2,370,15
ag4678bbf134ea46,100447,,2,112,0
ag13d60c8a11e2eb,8171,,1,189,3
ag9251a0647a7a5e,74223,,3,210,5
ag1f671f60fbef72,108819,,1,235,8
ag785c3d21a916bb,57023,,1,228,7
age21dd52c1adafb,68543,,3,190,3
agd1495edcf4941a,114782,,1,244,9
aga8fe38c0636fee,80182,,2,215,6
ag7e47e0ea1c622e,17613,,3,185,2
ag90bd947136021a,3029,,1,149,1
ageeec4639419bc0,9484,,0,229,7
agb6aea3b04bdab6,2461,,0,213,5
agfa8fc2a2565beb,39449,,1,238,8
agda094e5ca6846d,69637,,0,241,9
ag69c588c885d19e,100280,,3,267,12
ag5d8144f77a68b4,41414,,3,209,5
agade4cff080316c,12380,,1,220,6
ag98a996633fd932,63413,,3,172,1
agd674ca6865831a,119623,,1,196,3
agba543fa44a726f,94843,,3,276,13
ag91ff1ba553a2a8,18176,,1,206,5
ag8c02da4c3f5db3,31927,,3,206,5
ag85e4e52ab7ff07,41356,,1,304,14
agd902c5e03f0c41,36898,,3,215,6
ag543aba6e172398,19578,,3,135,0
ag22e9b89a8518ff,44105,,2,273,12
ag72b8d5f65df149,5199,,0,235,8
ag9c2bf6589dcf06,112680,,0,105,0
agd28931a511e36a,7803,,0,169,1
ag0c92257bb661e0,97187,,3,226,7
ag17c10af0a9f978,45755,,3,249,10
agfd14f2c2ffae2b,112070,,0,174,2
agb1b9b1d7de0175,13029,,1,229,7
ag5b180cc32f81ca,116715,,1,190,3
ag6f9d654519307b,96051,,1,241,9
ag64070d1f3bc72a,72360,,0,247,10
ag19cdf4a77a025c,75527,,1,315,14
agc4fcb149e8cf04,74861,,2,186,3
agbc3529e79490a6,64340,,0,271,12
ag7bb513b5deb8b1,38333,,1,266,12
ag5fba0ccd650fe5,91866,,3,245,9
ag453aafdefd6fed,35958,,0,192,3
ag1bb0ca17e9dae2,85708,,0,238,8
ag8a33bae86210e2,10238,,0,281,13
ag3f19664293f6e4,36463,,1,232,8
ag6a62cd46a0a6c8,43089,,1,263,11
age7d1ab9763de7e,51717,,2,149,1
ag8b3f0e0c462e14,32488,,0,219,6
ag037745d7b5141b,63168,,1,187,3
agf5ee67c5a30a30,66329,,1,193,3
agbfd6510e4ecf0f,102438,,1,146,0
ag0336ba958a8b51,64336,,1,222,6
ag43ebcdc6e2c418,17895,,3,242,9
ag483027c8e7aaeb,115055,,1,176,2
ag441bb134179ae8,7257,,1,190,3
ag47b37475910b8f,3047,,0,200,4
ag4ad9b7b52d1528,69327,,2,269,12
agfc073d63c38773,99663,,2,240,9
ag2eb7aa05ff1761,91474,,3,252,10
agc45aecf9c13638,115847,,2,253,10
ag61ae7399160ac0,2819,,2,389,15
ag93ef37471fa0cd,63077,,1,219,6
ag3afb1f30c60c5d,99762,,0,203,4
agd6fa3ae469c456,42946,,1,183,2
ag5d8b618a306a9c,55617,,1,229,7
aga8445bbe58a9ee,7111,,1,209,5
ag6cefb14edd8f0a,18327,,0,222,6
ag6f3a1c45d785d5,58921,,2,238,8
agce850b32690138,5070,,3,400,15
agc4639df7fb40a9,107110,,3,271,12
ag57d2fde9f55957,86265,,1,257,11
ag5e7685fe1efd1d,3741,,1,272,12
agdf2fa8e6be8e5b,31097,,0,143,0
ag89c0119e893aa1,24218,,3,217,6
ag37c7e45ab9fe75,91805,,3,175,2
ag51c5ee547cca07,11751,,2,249,10
ag40fffbc9532097,117453,,2,243,9
agc98f3d56576c0e,21049,,0,257,11
ag7e86b3978bdca8,38969,,1,145,0
agfa246c17510603,4721,,1,180,2
ag713da64499ac01,74675,,2,190,3
age9196825063783,72944,,3,259,11
ag5af3c7fa72f3e5,59988,,3,734,15
ag3a7640d1547970,79053,,3,158,1
agb6c2e3405392c2,107336,,2,249,10
agdecca75d96684c,89887,,3,164,1
ag1a42bb83fd3505,98340,,1,306,14
ag4e529562de56a5,56702,,3,113,0
ag1b5b5f31518182,10514,,1,187,3
aga5c21d5b87b76f,58206,,0,163,1
ag96a7fe3dba74ee,113562,,3,185,2
ag16d1a0c27cf3ac,79374,,1,256,11
aga004341544d056,110484,,2,104,0
agfa56a4776655d3,30308,,0,287,13
ag57bee2d6a2912e,96900,,0,229,7
ag0d996f100ec5ea,31243,,3,349,15
ag0719ce948b3086,37557,,0,265,11
ag20b70f4e37008a,18094,,1,286,13
agab185f48d328e0,14224,,3,191,3
ag85cc93fdfbef7f,72820,,1,282,13
ag945d8510dcbe20,1890,,3,228,7
ag4094e2922bf0fa,96625,,3,172,1
ag363103a7f4aa7a,48578,,0,291,14
agd28267469d83d5,69304,,2,194,3
ag90c10b0ff6b11b,83524,,1,191,3
agc30e27666a6a4f,76828,,0,215,6
agbd6e775f993b9e,113104,,0,222,6
ag7af785dded574b,40106,,0,192,3
ag036040e9e99e58,50667,,0,228,7
agf29d18f803c2e7,87352,,3,133,0
agbf50cbcc57ca96,31214,,0,260,11
ag61544e8ff83fb2,6749,,1,181,2
age0c78c250eac4e,38209,,2,274,12
ag1405d71ff53148,11459,,2,254,10
ag9ba4eb1a26fffa,85098,,3,274,12
ag0b9103d437684e,97681,,3,107,0
ag7e44c41866c643,111078,,0,249,10
ag320c9a9c1eceb7,62097,,1,212,5
ag59052607ed5b87,110501,,2,226,7
agbabf2c711f3e56,6924,,1,278,13
ag0b17b4e324d63b,91097,,1,172,1
agd41dffc718d810,116215,,0,223,7
ag04a2a64b8a8cae,113187,,0,207,5
agc5bc2e8ea9d542,89571,,1,196,3
aga38fd732008024,24574,,1,303,14
ag4c7b3c93b6055f,80812,,0,213,5
agc3a7d3989d5c1c,118589,,0,267,12
ag1476829d2cf80f,32614,,0,202,4
agbbb7943ed56bec,49635,,0,265,11
ag179322abe67bf7,91102,,3,233,8
ag7bf5639462ee0c,91044,,3,211,5
ag7e7483923e4e8d,110214,,1,266,12
ag9d923a72aec0c9,28870,,2,219,6
ag84a208c43bcb93,83781,,0,194,3
ag5729f6904d3dae,13342,,1,310,14
ag9d4e1211b00a61,42553,,2,210,5
ag4f353d1e43cd7e,27493,,3,185,2
age5e3aa1921e24d,4060,,3,174,2
agff2dba89c5cffd,104240,,3,204,4
aga34fc46a82c986,60556,,0,342,15
ag8ada441fe0fe02,95987,,0,259,11
ag7b41011f1bb792,106271,,0,259,11
agaa6e56777263c1,116117,,2,173,2
ageb45479af97d48,5362,,1,233,8
ag6d6df5a8bc00c4,48271,,1,178,2
agdda96365b7dc74,113919,,1,195,3
ag6360b7e6d6c110,13143,,0,286,13
ag6f349f042e8f97,94335,,1,223,6
age358542f64473b,81506,,0,204,4
ag9944e8e8ff3557,146,,3,249,10
agf2a5f08f26ba8e,110044,,1,169,1
agd3012e328be981,96220,,3,113,0
ag00e0aaffd8db2d,91804,,1,185,2
agb8fac4b994a020,284,,3,521,15
ag6568c975d5ff0c,12304,,1,255,10
ag848f09712bd98a,52446,,3,251,10
ag9fa3d1418ff030,75986,,2,203,4
ag8548eb82571b0b,110163,,2,276,13
aga1b384c7431296,36633,,3,181,2
ag543b42ddeb16b7,54673,,2,271,12
agcbc133b7910aa4,51451,,2,224,7
agefb6b883630ea1,111413,,3,250,10
ag6ede882c1423d1,72850,,2,212,5
agdfb31328cc4340,84145,,1,256,11
ag898b8d96967d5d,56996,,1,244,9
agae89e88a68f196,65236,,0,282,13
agca520407688c37,22515,,2,323,15
ag53e4e178e878ee,80826,,0,245,9
ag9dbf70e2ce97e2,76625,,2,147,0
aga45e735328340f,33325,,0,158,1
ag70c582c1e876b3,20241,,2,181,2
ag95e09e68b7143f,45851,,1,202,4
agebdb0a88039389,44308,,3,252,10
ag7da21d3427ec85,4790,,0,476,15
ag8b83db314d3437,69679,,1,253,10
ag1534bc56d907c1,96959,,0,212,5
ag95844a24e207c6,62188,,0,258,11
ag730057444a7240,39762,,0,267,12
ag74bff3c03468e9,67364,,1,170,1
agd13fe7b4b69a2a,86190,,2,243,9
agb488c80a99af3c,88953,,2,415,15
agae5a4ed29f7f95,55222,,1,246,9
agc5689560eca02f,85927,,2,411,15
agea594dcd0848b9,2745,,3,286,13
agec8257a893da7a,43644,,3,239,9
ag62452e33cbe325,38321,,3,266,12
agbbf65e5a610004,48542,,1,118,0
ag80e328bb739eed,45495,,1,174,2
ag06a78baea37c05,7547,,3,215,6
agcb35ca31fc7f56,97798,,0,259,11
agf01833ff39dc1d,34429,,1,334,15
ag7c112fad747685,115056,,2,256,11
agca40824db6c6c2,116120,,3,258,11
ag1a1d9083c5e706,49106,,0,248,10
ag6e697af931a1eb,90241,,1,405,15
ag226d9e3f0742d9,38702,,1,195,3
agdbf3c6dde4eaee,49509,,2,182,2
ag2ea59bf2c8b6f2,50485,,0,242,9
ag868f3a66ad9774,36951,,3,370,15
ag625ccf4d8b5cc9,49356,,2,171,1
agfb8baa6a281661,113269,,2,271,12
agcedf13e7810aa3,61374,,2,199,4
ag9242c0ac3d1a21,39342,,0,251,10
ag65cbe8c28b6526,96408,,3,172,1
ag8f7a060f6c3118,4905,,1,400,15
ag8860c2288b48a4,78933,,2,258,11
ag84ebfbbf735337,98838,,3,245,9
agbf50a97d79881e,79703,,2,199,4
ag4c18b0ef446373,54642,,3,159,1
ag0c4461590e8b4c,118971,,3,306,14
ag79e11fa8ffab05,29179,,3,212,5
age3d509705b9358,115208,,1,256,11
agdcc8207c6ea9c1,95762,,1,252,10
agffbc4c3d92736c,667,,2,274,12
ag0fc8a4a43c8a53,73435,,0,268,12
ag771310dda41354,95807,,2,198,4
ag7fec68e5f33008,93311,,2,245,9
ag28d550f2ceb6d8,52559,,0,261,11
agc33c5467425a47,36583,,0,300,14
aga807c3541cf5f0,18343,,0,284,13
agb66562369ded6e,63761,,2,216,6
ag354baf919e1d10,86072,,2,193,3
agbbc4180028a2e9,55392,,2,284,13
ag45746f48b9e36d,11051,,0,196,3
agafc3bce471d2d2,50222,,2,171,1
agaf9175133022ea,98248,,0,191,3
ag5a050192a6f030,111311,,0,263,11
ag3bf4e801db65ed,2961,,1,201,4
agecce7a4ddd835f,16881,,2,183,2
ag8b61508bf754f0,54626,,3,134,0
aga1ba58b0eb94c9,7842,,2,253,10
ag6a04ea5b530a32,91735,,3,164,1
ag64563ac263d99a,25822,,0,260,11
ag94b991d8318cee,98351,,2,169,1
age0f48b35cfe985,91176,,2,187,3
ag0c1a39af10623f,90400,,1,229,7
ag98c56fd21157f3,10731,,3,151,1
ag98a8f0b878fd83,54878,,1,202,4
age0e16504d82faa,84619,,0,252,10
aga6cab418aaae43,49305,,2,393,15
agd9f10116c4d990,55340,,2,190,3
agf553cb8f9b40e1,112242,,2,225,7
agec735d32511597,96052,,1,284,13
ag37a8cc22197267,66808,,1,224,7
ag116b03d78ac6fb,38847,,3,233,8
ag3860e282fd6035,2141,,2,245,9
agdd01991cb17961,55251,,3,196,3
agddeec64ffb1841,76529,,0,237,8
agcfb7469887601e,98230,,0,213,5
ag7d6ab1b0972d40,17492,,2,478,15
ag5e4906b095c1ce,99315,,2,235,8
ag970365bab89579,90677,,3,207,5
ag7914a8a317b275,71975,,1,177,2
age4e71371f4ba0f,45465,,0,226,7
ag3f9ec93fd4dfbc,93462,,3,173,2
ag2444948f5fd295,91137,,0,251,10
ag5adbd981b60f86,16281,,0,402,15
ag2e73584398af88,66492,,0,180,2
ag87c5f9ca570365,32227,,0,214,5
agfdaec2694a4656,106014,,1,272,12
ag57b37ef66ec66e,5066,,1,221,6
aged217e1d484a52,40977,,3,259,11
aged79f102e3c7e9,52472,,2,252,10
ag71c647db060fc4,42970,,2,171,1
agacab3b41468212,9888,,3,224,7
agd4ea40b6afc098,79044,,0,248,10
agdd1256d088f1b9,92339,,1,231,8
agc979d216f68105,41613,,3,150,1
ag3f1451b9317325,105353,,0,208,5
ag905dcc9dc9935f,61007,,2,279,13
ag06caa1ec4da69c,58535,,1,224,7
ag0503ee95698b29,84924,,2,241,9
agf7884703165b42,30575,,2,268,12
ag0ebf4ef5d2fd4c,88805,,3,176,2
ag5d1d2aac7b4ffb,119632,,2,198,4
age594a97484488e,18949,,2,163,1
ag2c0fe494fbfc6e,63454,,3,194,3
ag89d321e3cb221d,41656,,3,153,1
ag83d4bccbc8ea08,99444,,1,177,2
ag3ef222bd1e2938,84009,,3,231,8
ag459cbecb1a3a1a,8197,,0,265,11
agd5ec2af6b934c2,61245,,0,185,2
ageaa7366204a5f2,9753,,3,297,14
ag2f88af66899a51,100243,,0,224,7
age51a67644c330a,32172,,3,195,3
agcd160b183a83cf,57331,,3,129,0
agba9e7578f43a22,19048,,1,240,9
agc29e272c40c987,73467,,2,230,7
ag97c3c105b5bcc2,82402,,3,186,3
agdb28acac88e13f,21343,,0,218,6
ag31090d17e8c087,18139,,3,307,14
agde0c939ae430f0,26526,,0,154,1
agf6e45e0d0b7347,45822,,1,223,7
ag21638b0b89b708,32806,,3,261,11
agd72fd8a23b79e1,117262,,3,268,12
agbdc3c2c1d47770,38856,,3,151,1
ag540d197af88835,4556,,2,176,2
agdd5faebffe5037,119494,,0,230,7
agc87108b596ea7b,1170,,1,225,7
agd8d408564e5719,99112,,2,281,13
ag10de3e61016155,51753,,3,291,14
aga39c2c560ce766,64676,,0,272,12
ag6f5983ab6c59d2,106342,,0,226,7
ag0a537ab7d39424,110977,,0,189,3
ag36c36d308ea32c,31494,,1,181,2
agb4e796c625adce,98504,,0,290,13
ag899d8d1f88b04c,11478,,1,180,2
age31ac1d560e7bb,59819,,1,241,9
agf9fe7bdd42cc1a,14593,,1,180,2
ag43412378af5924,50134,,0,292,14
ag381d35c8ebf672,1140,,1,166,1
agdc22052061eca7,36398,,3,290,13
ag7feb40d72f4c37,10645,,2,267,12
agc0879aef5ea80d,115177,,1,148,1
ag7b0b317a86cb02,54467,,0,213,5
ag06b09e9a4c2e28,40585,,0,161,1
ag14974fd2300ff7,65289,,1,217,6
ag509b9442da12a6,48062,,1,241,9
ag5dfac07a30b255,61483,,2,238,8
ag1c570d974d3432,66040,,2,234,8
ag978deb67af600d,34292,,1,229,7
ag8aceb3748a2b80,91426,,3,171,1
agf1d0e8fbe58758,96472,,3,231,8
ag7a482f4956c3ad,16025,,1,197,4
ag2646f1a5ab2726,93789,,3,282,13
ag7f5b22736e49b2,50685,,3,128,0
ag484ed8ceeca04f,58606,,1,188,3
ag435e32a2775db7,63063,,0,212,5
ag0884c7f535daaa,103039,,1,223,6
ageed2ded2e12f8e,83256,,0,194,3
ag87107b0486209f,15825,,0,227,7
ag1fc46fb297624f,80495,,3,274,12
ag1c1e8035f28cc6,117265,,3,133,0
ag73c2facf22eca9,99541,,0,279,13
ag30e8e61cd2c2c4,70523,,1,228,7
ag014973b9b68fe3,33503,,2,164,1
agfff2ddee8751d8,25679,,3,134,0
aga9534b53f271dc,19660,,0,347,15
age66ab04e532d26,100389,,0,234,8
ag2faaf4b409ed4b,63378,,2,281,13
agad2c1d17677b2f,83883,,1,193,3
agd37fdb52434ae5,96292,,2,213,5
ag939ee3bd36c270,66973,,0,292,14
ag410195840a9864,16148,,1,234,8
agc94ef573086f89,15711,,2,171,1
agdb6498e03e0e42,63050,,0,178,2
ag98e58dd0930c3d,21115,,3,236,8
ag168f0ad92e6a1d,89436,,1,230,7
ag7a2c2e3128e809,87203,,3,248,10
ag686eaf73024601,7808,,2,229,7
ag830bee1b0f5c62,66533,,2,211,5
agb87fdb6258b307,73311,,2,199,4
agff22b68b68217c,109402,,1,237,8
age68425346df13f,29707,,1,183,2
ag8930a245352db9,81882,,0,271,12
ag5fafe63a0893b8,118033,,3,238,8
ag96b2dff60f147a,11256,,0,213,5
ageaa3c84d01d18e,88685,,1,110,0
agf6752d53a28677,110756,,3,123,0
ag33a2531fa91c0b,88112,,0,267,12
age7e2271145f9d2,104986,,0,282,13
ag3b69e6064339c4,18989,,0,278,13
ag357b6343d3451a,8242,,3,227,7
ag55918a88008fbc,37186,,3,281,13
ag0a76c30f15f42c,60984,,0,270,12
ag1e701322a60921,89307,,2,245,9
age0996a9f25cf2e,100159,,1,285,13
ag1cbcde40bb5081,56096,,2,230,7
agf5c8a0680929ea,12388,,2,127,0
ag0b068ecb6d24d8,70084,,2,276,12
ag200f206909451a,30624,,1,144,0
agd565dfcca1400e,54307,,2,265,11
ag073799da107f2b,96976,,0,304,14
ag9f01abca25f513,115767,,3,190,3
agf212dd573ab9a3,31122,,0,304,14
ag46e7c69c01839e,96692,,2,217,6
ag385f9663e1bf66,111455,,1,247,10
ag606ec72ac4f84e,67701,,0,161,1
ag901107924d9564,38249,,2,192,3
ag17bfb01ccfe5b9,44612,,2,194,3
ag96670d76a59bf8,112989,,2,173,2
ag5a70abb11d15ea,25166,,3,212,5
agf52468e9e00f3a,67136,,3,189,3
agef367f8d890c9b,94530,,3,179,2
agbf8e7298e280b0,95499,,2,181,2
ag0aeb17997d5365,114194,,2,331,15
ag79cfd4ec0166c7,36877,,0,197,4
ag0824f189064dbe,21313,,2,162,1
agb0b8801f8ca746,43413,,0,332,15
ag5570611b4a529a,67563,,3,159,1
ag5a5d6dcab51102,46934,,2,267,12
ag2dcaec2ea08a84,28245,,1,173,1
agbbfbbac62fa6c2,106165,,2,232,8
agc729684f56e130,77793,,3,204,4
agd35ce1fd801297,9498,,0,242,9
ag00d50e3547de1d,104753,,0,230,7
ag15bebf8ae68f3f,90073,,1,195,3
agd4231bcbff93c1,67237,,0,222,6
ag877ba32a6fd91c,77564,,2,277,13
agffc552e328680c,117693,,1,377,15
ag93e59f95456687,98147,,3,197,4
ag52c12c69f23a20,115339,,2,214,5
ag4dfcbbd8c485b2,33712,,0,151,1
agad10cb873bb4ce,30030,,3,232,8
ag5b4f4488771ac8,4426,,2,176,2
agb55be465a51085,24755,,1,248,10
ag75497182aa9836,64412,,0,200,4
ag38a0e94b78b5eb,35786,,0,229,7
ag28e4f4dbd18648,5665,,1,234,8
agfb0f5ceb4a5a2f,35066,,3,354,15
agc3d9cee697ea9c,37612,,3,285,13
ag4a7fdb2c77e762,20570,,1,308,14
ag6d52ce863c9506,45454,,0,225,7
ag9bd75c20f49f34,63424,,3,140,0
ag6b8a2de6e54b7f,92124,,3,169,1
age6e83b9b6dda3f,19640,,1,172,1
agef62279d588c92,116509,,0,250,10
agcab66873443c48,34714,,3,208,5
ag56fa1c0394ea10,12122,,2,175,2
ag7885f83d338f4d,11479,,1,201,4
agaefc8a8958661b,109463,,2,412,15
ag8900cff2d3b1c7,67276,,3,125,0
agd96b0434d1daf2,22443,,1,268,12
ag88ac293b5e3b09,34645,,3,285,13
agc5d4d8e19c8bde,94818,,0,254,10
agdcbb7e2a37a309,55203,,1,205,4
agad394cf0889b75,61987,,0,292,14
agaec9e416043d27,111083,,2,229,7
aga4459f6645e140,95309,,3,942,15
agb9e61986c10c6a,97063,,2,148,1
ag0cda33b918e464,105768,,0,268,12
aga71828f5a6ee1b,115223,,1,174,2
agd7063ef99dc395,110607,,1,241,9
agaa0ef7f9a80581,66349,,1,261,11
ag1fad05ebbbded5,108316,,3,254,10
agfc5151a40becfb,97738,,0,261,11
ag24677a8ca8b001,81756,,3,263,11
agc858a1a6d603a8,6064,,0,281,13
ag69c4d87e0307b0,93682,,2,267,12
ag9f7a6bae728950,15360,,3,198,4
agf8df391055e0c0,85056,,3,254,10
aga5e248b68a3be1,114247,,2,214,5
agf86617717926fa,98152,,0,222,6
ag3ea38cb5cd0db5,114142,,1,224,7
ag4982b555290d12,9842,,2,183,2
agee54088a5932a5,59904,,3,137,0
ag434682ade0c1b2,22363,,1,172,1
agd489a463658dd7,1802,,3,189,3
ag6284f743913702,101306,,3,264,11
ag9e4e35d64e9468,117295,,2,240,9
ag2d127d08ccc26c,106169,,2,290,13
agb8119d64c998d5,21365,,0,275,12
agd6719ce9aa3b9d,13762,,0,243,9
ag84254b0857ca1b,88944,,2,256,11
age51a02a61a7e94,24819,,2,252,10
ag5aecaebb37f9fa,75471,,2,254,10
ag41d09926346858,56577,,3,250,10
aga6f8c7f75a8daf,1536,,3,140,0
ag24f51386920843,6050,,1,158,1
agbf7ae6bdf5d6e6,77175,,2,108,0
ag4746e9d5f9c741,24635,,2,200,4
ag4b3c7965a14c21,100514,,1,191,3
agdc23f2500570fc,118293,,2,230,7
agb9622758cf1230,73892,,2,284,13
ag407b30a0014a23,4468,,1,267,12
ag033c86a34ac459,95615,,3,148,0
ag318f81d0fae0b4,18849,,1,411,15
ag1d3a7f4f2a419c,86543,,0,353,15
ag6fa7e7fa501fcf,13223,,1,243,9
agf87838903ed9d0,46139,,0,131,0
ag73cba060f7d328,20310,,1,276,13
ag9df24ab43dce66,90018,,1,220,6
aga1f0c083f1c985,32673,,3,193,3
age4684dc690cd32,32939,,0,272,12
ag198e8ad7f14903,20862,,3,240,9
agaacaebc96b3eb6,79108,,2,220,6
agb46b2a388d9f77,14088,,1,227,7
agb70d0bb3ccdd4f,34136,,3,170,1
ag35ad21e217b3e8,88200,,1,200,4
ag6c2f175f75627e,93702,,0,255,10
ag7b28fd435770cb,17915,,3,161,1
ag6a39bd2934150e,92737,,1,258,11
ag5892bb698ef08a,46194,,3,313,14
ag39d68728c3fac1,61454,,2,195,3
ag4a0381af8abb4e,117912,,3,247,10
age71fb072658434,13556,,0,215,6
ag3b9da2519969e7,10698,,3,295,14
agb6f3b7382ceaa8,96579,,3,196,3
ag4801f60dcbacbe,55493,,0,243,9
ag5fd462fa24a62c,99651,,1,152,1
ag031c84efabede4,114356,,1,193,3
ag78e92ed9ca00be,9758,,1,212,5
ag715cf55168a942,85208,,2,174,2
agcf7322ea189cc5,67510,,3,180,2
ag2933874ed206a1,35267,,3,221,6
agba074caf733ca8,7994,,2,237,8
ag3f14b4df27b10f,60975,,0,169,1
ag042408cfee07e0,87997,,3,181,2
agcd570b416d43bb,73386,,1,261,11
age52fc14bf338fa,25159,,0,249,10
ag90417888d7ea8c,44927,,2,260,11
agec141d4f3003b0,2494,,3,169,1
ag5cd1e9a2f3518f,37217,,3,230,7
agb845319a54963a,40194,,2,211,5
ag4acb8fd5ba165a,62075,,0,191,3
ag2625640b5909ca,97091,,1,297,14
ag82b73d336f0316,14803,,0,239,9
agf3331018482c20,78288,,0,176,2
ag6e3e07ca81059b,101518,,1,222,6
ag3a03d3e57ccfe7,63277,,3,126,0
ag93fcb69ff9b389,47239,,2,295,14
ag5e8ba7c2018818,47107,,2,178,2
agf4e3f40baa7f3b,108881,,1,177,2
ag58ab31a845fc9b,86431,,2,211,5
agb05dbc62a600f8,98679,,1,214,5
ag84fa0d58c4ea53,80514,,3,167,1
ag087d01bd075cf0,11099,,3,297,14
agbad663db0bb5c1,35899,,3,236,8
ag70ade6d68e15b3,71628,,2,285,13
aga620048f382a54,71662,,0,262,11
agddfaec1136f480,96360,,3,504,15
agc62df56ae3f47b,118942,,2,195,3
ag2b71e885e24069,81218,,1,188,3
ag7f15c804781264,101159,,3,152,1
ag239e360ddc0cde,49038,,2,239,9
ag0e6e4b4212c035,991,,3,450,15
ag45e9a73a4d619e,64172,,3,229,7
aga4f38ce1aedaca,70562,,0,231,8
ag0d755db29bbbaa,73897,,1,191,3
ag47cc5909f167ae,69985,,1,192,3
ag5e332db81d629f,108793,,2,206,4
ag78eb6466666bd7,19529,,3,264,11
agcff4defe90871e,19314,,1,291,14
aga214e55cb96fb5,68034,,2,203,4
ag0dc6edc27ef73f,9377,,3,203,4
ag76e25773e2ce7a,97850,,1,195,3
agfa4e447dfeec6c,118225,,1,211,5
agdf4b2c5731b14e,17275,,2,205,4
agb511fcf2ae20e3,73921,,1,196,3
ag21cd982b1ba076,52553,,0,273,12
ag7493c25021e596,51069,,3,169,1
ag022a354ab231fa,108561,,0,258,11
agc430270414271a,117786,,3,273,12
ag46fd79bd949130,22300,,0,196,3
ag1a2e40be4186e1,1704,,2,300,14
ag534330be970090,63679,,0,126,0
ag2bae5870ea095e,54959,,1,181,2
ag1fd59b4d2b1f6a,119014,,3,252,10
ag787173dc3c5432,21226,,1,136,0
aga8ccce63b064b7,1648,,2,244,9
ag64be2cc1cb303c,70055,,0,244,9
ag34fd62ff66d510,86515,,2,274,12
ag580610eec02ae9,32531,,1,159,1
agbce66c8585954a,3435,,3,273,12
ag70bf94c32b9c98,59162,,1,211,5
ag9d9947312f97af,35460,,3,253,10
ag0294bfe6331e65,87124,,3,139,0
ag994a1c848c9026,888,,2,272,12
agbb67ea6b5221e0,88730,,3,306,14
agce1f3cac8634a4,53302,,2,256,11
agb6423fc0fbe97a,99588,,2,272,12
ag8b33334d37177c,118959,,0,379,15
ag81102069dbdecb,23506,,1,362,15
ag47f484188c22dc,102440,,1,172,1
ag844e985db867ba,51347,,0,257,11
agfb67735d7c3217,59874,,0,159,1
ag346718185904cf,83546,,0,248,10
ag5fb0df32f9e45f,77789,,2,214,5
agb57d9aa27e461a,32554,,1,166,1
ag591c22bf062ff0,103003,,0,154,1
ag8715434b3b4d20,55511,,2,229,7
ag096a14e5722f8f,25380,,2,225,7
ag7e01b32f14ff1d,97126,,0,257,11
agf066f0f1247502,10305,,1,230,7
ag721d3361b6a306,33066,,0,214,5
ag7727a2bb937ff0,14512,,1,223,6
ag821f02f71f89f1,55868,,0,254,10
ag88b8dbc1fd5ea1,77422,,3,216,6
ag68b6d65c179bbe,93355,,1,183,2
agdd214a337ea9d1,103663,,1,214,6
agda060759baa403,66299,,2,156,1
ageb712e11a1d788,32778,,0,208,5
agc80bdb4e48a5b2,52330,,2,272,12
ag9f3824867a3a1b,41931,,3,292,14
agc5d61d7b62a325,56613,,2,285,13
ag1181a14a3778c4,7301,,0,290,13
ag2a9ce4b708d751,82524,,2,209,5
ag56410675cd2132,110602,,0,325,15
ag888282e5963a6b,104281,,2,253,10
ag95c0acc74ad0e0,44945,,3,319,14
ag8767e0ca87de7e,76359,,1,195,3
ag8d12025e4c46b3,27555,,3,230,7
age1cfbb6d6f43ee,16996,,0,370,15
ag8563016bfe2544,3860,,0,163,1
ag609c9703a3610d,35664,,2,205,4
agc481b3052e7050,91539,,3,225,7
ag1b87f42aa63418,99068,,2,111,0
ag7b79deb1ff4bc4,87134,,0,201,4
agc652e597ba535f,30420,,3,240,9
aga1c20dcbfb2893,78914,,3,233,8
ag91d5da9c7be56d,63375,,0,187,3
ag912fd3661d2db8,60477,,3,238,8
agcd9f352d66564e,72706,,0,353,15
ag604be567180fec,102286,,0,168,1
agc64d6c8f8be5bc,99484,,1,162,1
ag8f653892388e2e,91326,,2,226,7
ag238bda5ef91307,57998,,2,185,2
ag39017ea28bf2af,27897,,1,223,6
ag878f7fc7dee242,70736,,2,181,2
ag83efb0f9e90f48,13718,,0,251,10
ag221fb5bdc13ca5,53489,,3,183,2
ag0a07b9e458197f,109957,,1,296,14
agdbad8b20bb1efb,15251,,3,277,13
agf4c6be675d8463,100141,,2,212,5
ag142845367754c2,63778,,3,185,2
ag97dd66368baa44,22774,,3,289,13
agb2949da3f29205,85321,,0,267,12
ag5045e5d3a902dc,77605,,3,278,13
agaedd9339988818,87526,,2,164,1
agf68cd558777cdc,83164,,1,378,15
ag700ccc9d031c89,59650,,2,248,10
ag81db0796d6abdc,13409,,1,257,11
agd1fd9997fb9e21,88424,,3,247,10
ag5fadd55a11ab36,66990,,2,144,0
ag926195243671f0,28652,,2,194,3
ag34038b07ef4fd3,88220,,3,261,11
aga96e7ca86bb5df,78204,,0,203,4
ag85338eae5ec569,76454,,3,219,6
ag3c5123ab978caa,49433,,2,201,4
ag3d59bd119c3528,17540,,3,279,13
age361736e94e83d,36690,,3,224,7
agbe827e4b8b3ec2,54304,,0,227,7
ag73f75d36a2a4ce,83450,,2,262,11
ag979cb881b6d04c,20456,,2,226,7
agd9fe68e3248f4b,89272,,2,106,0
ag9a5f8df8a8be7d,33743,,3,125,0
ag819211ca8fc75c,28138,,3,133,0
ag7ac4b16b933e53,4273,,1,155,1
ag439fbdd026a52f,33362,,3,214,5
ag80cad6eb32621f,81639,,1,208,5
ag7c72c829a57640,60194,,1,198,4
ag9423408a84feab,117767,,0,243,9
ag0c44de5dd160bf,99928,,3,233,8
agdde73d38c91654,106360,,3,300,14
ag9433e392989bfb,36278,,2,292,14
agacad90974b269e,101196,,3,292,14
age73fe8afc685fe,12621,,2,188,3
ag78aad598c7cd75,64988,,1,233,8
age71c5f83147433,89659,,3,398,15
agad885b457b6756,63291,,1,197,4
ag562d333e76c90a,17312,,0,184,2
ag48c8d23f08908e,69844,,1,264,11
ag02b70189eab280,23907,,2,245,9
agef354c44fb652a,72285,,1,189,3
ag1b950dcfd34edb,6452,,2,228,7
ag49465a1f7404a4,6168,,1,260,11
ag7f6bf9715aa9ef,63448,,1,204,4
agaf19d0f70e504f,14613,,0,226,7
agd103ed09478a7a,97382,,2,240,9
ag04e4bd427e55cc,87317,,2,223,6
ag6645743a94d697,21784,,1,226,7
ag99c7f7374698dd,24691,,0,226,7
ag5c2f3b61c15153,11269,,0,213,5
agd8380f0907211d,9760,,1,248,10
agc7cd737e99a558,50640,,1,206,5
ag066e9ed9b4034e,72478,,2,267,12
ag5e417cb4d6fd9c,78972,,1,227,7
ag87a15ce4114e41,102645,,1,168,1
agca2d96b87732ae,66204,,3,225,7
ag4427b9c4bb5384,18819,,2,319,14
ag038d60cd0d1f2c,61884,,3,197,4
ag66376fb212fe54,88032,,0,255,10
age025f9763bdd0c,95853,,0,282,13
ag584c0046e977ec,98685,,0,271,12
ag656ce564f38639,117793,,1,259,11
agefcdfc9585f6c7,35781,,2,140,0
ag020cff45c8790c,57716,,1,198,4
ag7d122ad30ae316,107003,,1,263,11
ag2543c526d86428,47896,,1,237,8
ag06079e2518f152,91522,,2,321,14
agdc303490c43e62,56337,,2,223,7
ag7886e739edf924,68520,,1,203,4
agbf88e64e215c5c,92175,,3,296,14
agb7ce12a5eebd4d,85697,,3,228,7
ag15ce3d1eaafee4,74432,,2,266,11
ag07d2d05d03e978,58656,,3,234,8
ag0b954bea9fa071,109022,,3,245,9
ag1e03eab0fcd423,109837,,2,261,11
aga7e77028a08b07,65331,,3,163,1
agf132cfbbcf4692,72861,,2,406,15
agcfc3ca32a115aa,1719,,3,385,15
ag65d4ddb7071452,23309,,1,210,5
aga74f8d025f33af,89696,,0,224,7
ag15f016463c9c6e,24510,,1,266,11
agb33890bd51acca,71645,,0,251,10
ag1e345a973693ca,89997,,3,214,5
ag5d4a1aa5d81a67,40989,,3,229,7
ag2b8b6271558974,12511,,1,237,8
age2ae914f80b79e,30356,,1,168,1
agada8225069434a,70861,,1,233,8
ag3424d2d4eb3bc7,113349,,0,205,4
ag91eb59dd4a804b,9871,,3,403,15
agd823fe263cfd2b,22168,,0,272,12
agbfde3e674698c0,110437,,1,250,10
ag040f8f4a81d8ea,2770,,3,206,4
aga2894b421eb5a1,2120,,1,303,14
ag6e1c2d4de512e1,40280,,3,194,3
ag16f6fd6fc5ebdd,119080,,2,175,2
ag0663cebf5627a6,29891,,0,457,15
aga6da3232af7859,65268,,1,222,6
ag248408193d9869,50421,,0,135,0
ag89680fc5310a4f,107195,,0,223,6
aga109fff7dd3149,51456,,2,177,2
ag09e4758b579d6d,155,,3,310,14
ag12002f6a8f82d4,14264,,1,241,9
ag16f821cca5e5dd,87534,,2,277,13
ag5a096b4983dede,79152,,0,176,2
ag7eabc30fcc95ee,7899,,0,212,5
agc50bbc122ac71a,37608,,1,267,12
ag18ad46bcd61434,296,,3,292,14
agf6a159cac8e627,74211,,1,278,13
ag03820b9fee2807,119096,,3,249,10
ag6bb71eacc588d2,114831,,1,291,14
ag3534993ce61944,87856,,3,241,9
aga83e32edaf7b30,79998,,2,227,7
agb4cb2d0718b088,31479,,0,234,8
ag21114b62e8b99f,13667,,0,209,5
ag2fed898e6a6223,118388,,3,194,3
agcab6bffd689e19,87047,,3,141,0
agca71aad7858e5a,56023,,0,223,7
ag9148ed3d886b00,65989,,0,317,14
ag2c74b346e1db16,111549,,1,371,15
ag68a82aac3a37fb,64682,,3,225,7
ag66b6e52cbb4a42,115549,,2,184,2
ageec77a72c5b4e9,103075,,2,207,5
agba4331b0c71d91,11943,,1,193,3
ag12712c2687ed65,82769,,2,235,8
ag7f03dd23c1b402,117788,,1,281,13
ag78690ccfa799c6,105343,,2,209,5
agef9f296139537d,43250,,3,231,8
ag0a6abc57c740dd,50599,,2,208,5
agb12e3c570ad23c,81894,,1,190,3
agd084dd82fdac22,34540,,1,188,3
agefc0c81b9ad9a3,45029,,3,402,15
agabcf7ebc45880f,71337,,0,218,6
agff96c4ad5a2413,15227,,2,233,8
agc6874201b5b47d,1394,,0,206,5
ag2e585d972a7a76,33324,,0,228,7
ag5460a664368810,74272,,1,204,4
agb07b6d188b3ce1,12019,,2,298,14
ag3c683393c43406,73145,,3,245,9
agab550d7a98c1e3,104804,,1,148,0
ag83a24d26b56a0b,50835,,2,288,13
agd3f568ec733733,2581,,1,212,5
age4c17b41ec6a19,48130,,1,298,14
ag8bc7adbda7494b,76079,,1,297,14
ag4779adff7debe2,86989,,2,191,3
aga5a53e830b4c3f,115089,,1,227,7
agdf7cff49838581,71733,,0,233,8
ag7871edebf2db20,96024,,2,216,6
ag54c38032bad4ea,62515,,2,174,2
ag6cea795293d927,99582,,1,208,5
ag19a24365b70744,98245,,0,207,5
ag9ddfd1f43b7b71,98201,,1,270,12
ag3c015345452d92,62101,,1,279,13
agc7fba3e2862d75,666,,0,350,15
ag68eedc003af94c,62368,,0,276,13
ag9370e3e1d19a9a,73062,,1,219,6
ag661c4a7052f79e,23858,,3,270,12
ag66dced95d5f286,46371,,2,164,1
ag5d9e845d66f55b,98628,,2,200,4
ag8f50a497c2f8dc,20304,,0,188,3
agd3439d7a8b49bd,78388,,0,173,2
ag1acc0dc56fda1c,104820,,3,287,13
ag985bf51229d3c3,107212,,3,260,11
ag1ebce1229af1b7,57516,,3,212,5
ag9e858a158adfd0,112338,,2,245,9
ag313500890f0b08,117384,,1,224,7
ag4a2223b0701f19,56491,,1,220,6
aga9a4cb9454d36c,63395,,0,279,13
ag66688541ecd7e6,32154,,0,269,12
agf3b9ff0e9078d3,117869,,2,186,3
agb06f36dd024093,21067,,3,175,2
ag60a90568c245be,103306,,3,221,6
ag9c753f0e79ae42,109524,,1,252,10
ag7f979cedd3342b,108762,,1,237,8
age4954ba2109ab0,81720,,1,241,9
ag912775bf1877e1,56055,,0,254,10
ag85bd3cf6c09e12,106124,,0,297,14
ag3721b5b3a7cb1b,76275,,1,241,9
agd1e8494551cfed,94635,,0,177,2
age5dac7341e309a,115815,,0,188,3
ag0b01856cadf778,34584,,1,234,8
ag4af401e63039e1,37365,,1,193,3
ag407f6295ab79ca,33236,,1,225,7
ag090ec6e6e45a10,91221,,1,267,12
aga3bd61993ad2e0,93772,,1,225,7
age4bee17267507b,909,,0,288,13
agbdccf01ee7b721,107735,,2,363,15
age517eb7b589011,65758,,2,245,9
agca14a5b900b16d,112707,,1,203,4
agba66be4166fbde,103017,,1,209,5
ag8d5dbd68b21e42,45133,,2,249,10
ag86b65a0a8c8e4f,92998,,3,323,14
aga907456c36adee,41713,,2,229,7
ag46e4c2b346b817,86205,,2,230,7
agbe02b8aef729f4,88989,,2,257,11
agf072e585809a37,111467,,3,211,5
agd0c13dc02abd58,48013,,0,222,6
ag2928610a3a3825,109656,,0,264,11
agfe4afc83d9ff96,63366,,2,248,10
agdf366964961144,82487,,3,270,12
ag57788df3fd0a8c,8710,,1,360,15
ag485cbca169596c,70500,,0,300,14
agea1fbd3948c191,90870,,1,220,6
ag1e794a70b910a9,85129,,2,305,14
ag93f9c52e4256ea,78637,,0,294,14
ag827d6d09b87bcd,94045,,1,202,4
ag62c1789ad04dea,95053,,2,213,5
ag79e339ab7622c1,49577,,0,211,5
age2a3989d466068,92361,,2,325,15
age372d563f966ae,25925,,2,125,0
ag18e980225da6b1,64501,,2,264,11
agd8e06bd542a1da,99990,,2,251,10
age25b495bf9aed0,115993,,2,243,9
ag1ca45f650f166e,25595,,2,272,12
ag5f394aa483ac14,44746,,2,269,12
ag266eabbb34d85c,78057,,1,285,13
ag246fd4c12d351a,40838,,0,230,7
ag27324ca05894bd,57414,,2,222,6
ag935427bc74eca5,25141,,3,197,4
ag34d38792f160ad,68393,,1,187,3
ag2b27007f46173f,78606,,3,217,6
ag871ddea5a8830e,88557,,3,185,2
age369ffaa06e5b5,21557,,3,229,7
agabfed89f7aeed7,60037,,2,142,0
ag42cf2abd7c51c5,36014,,2,427,15
agca77c030cba615,83272,,1,177,2
agc8ecdd1b8126f7,77195,,3,332,15
age736b0af4e0b28,65372,,2,296,14
ag8f5786e28df422,74591,,3,238,8
ag78799c9ff6f7c7,44072,,1,278,13
ag9cfaf8e7c8c304,49773,,2,246,9
ag40030aea76a794,94685,,1,265,11
ag674167e67eea50,51634,,2,286,13
aga49681f151acda,56141,,1,195,3
ag71f968db6021c3,45741,,0,224,7
ag1d0ecb38ac9f65,36801,,0,209,5
ag97d37fa2101ba0,27981,,0,240,9
agd0030fb61e3975,24415,,1,215,6
ag24d947046e56f9,34432,,2,286,13
ag4f43db4a82b3b3,102096,,3,274,12
agc008386ef62e9b,39875,,3,270,12
ag2f0e172db3ccdb,108105,,2,381,15
agb5d1ddc4754f8a,49196,,2,238,8
agf4fe309a1495e8,39718,,0,436,15
ag76cf4990c7228c,60922,,3,209,5
ag507714f101717a,38175,,2,252,10
age2d19a2bf07d2d,105366,,2,303,14
ag5778aa6273156b,41853,,1,263,11
ag40e250e4355451,69308,,3,244,9
agdf0ed603e3a223,2728,,2,362,15
ag69bec34b9796ba,3852,,3,256,11
agf09340be3519f0,67289,,0,225,7
ag5aa7a263da7d7e,21348,,2,283,13
ag80db7d5e5f01cd,22194,,1,193,3
ag012943a12821ef,55214,,1,243,9
aga5f6406e015651,84936,,1,226,7
ag0104fbff45ef64,93380,,2,203,4
ag825e40f5adc0e1,66596,,3,294,14
ag5184b1637aefff,114808,,0,273,12
ag97b394d5a174cc,59508,,1,241,9
ag28e6ac9612464b,1234,,3,156,1
ag62304ad5167c53,66700,,2,257,11
ag93d9eeb59dbf59,114048,,2,309,14
ag205ef4ae665785,69402,,2,295,14
agbee3bf147976c5,54383,,3,101,0
ag7010952508c5e3,25139,,2,218,6
agbfad388f1def90,19563,,2,225,7
ag06425c08ec8477,13561,,1,235,8
agc8954bb2317d85,67854,,2,353,15
agb2739a5d1dfc1d,103659,,3,267,12
aga41c223b2916fd,22761,,3,237,8
ag73d2d8e33ad858,61051,,3,222,6
ag622de62dff1012,52427,,3,198,4
agc2c248368029dd,57964,,2,417,15
aga3889d013a1ddf,75469,,2,308,14
ag2b567ac89bca23,98751,,3,217,6
agfaead6d95564e1,73809,,3,102,0
ag6afe510ba7dc68,67736,,2,216,6
agdcc9657f522291,70993,,3,257,11
ag771bae6fc4099a,92171,,1,319,14
age6b639d52f9512,36408,,0,232,8
ag02c9d33c210d71,43545,,2,270,12
agffab4aeb8361d6,36297,,2,227,7
agff8e5146786b2e,92805,,2,496,15
agcf692c89b5484f,98512,,2,229,7
ag1f9df3c7b0e100,65674,,1,250,10
ag424aeccdad76fc,70299,,1,131,0
agf24d9e81df9107,65682,,1,272,12
agfbb3862f91f862,73032,,2,219,6
ag5fc965f434a420,29584,,1,236,8
ag75cfa253bc2ad8,23773,,3,241,9
agd0b1be8f9a2724,106464,,3,194,3
aga36a00e7e1e09d,56838,,3,279,13
ag3b5067f711b053,76516,,0,331,15
ag3341217b14d1ec,76684,,2,242,9
age01a26d373132c,58209,,2,231,8
ag4a1f0a68c91268,70308,,0,140,0
ag6c53c386eab3fc,30448,,0,354,15
age2e9a3007a5eec,83419,,1,146,0
ag3da5bae96f03a7,78837,,3,226,7
ag72069eaadf629f,37613,,3,224,7
ag75664a61765f5f,99433,,3,231,8
ag97733b00a5171f,99611,,1,257,11
ag56b71320c747de,2635,,2,225,7
ag0e84fdfd99df2b,49243,,3,201,4
ag7624ad8676d57e,82696,,3,267,12
agcfadb6838f54f4,25073,,3,284,13
agcbc3f863ab3274,60133,,1,179,2
ag50d96a78eca3eb,102766,,0,226,7
age2dd2c5626d8fa,55885,,1,364,15
agba3a810d524895,5539,,0,306,14
ag213a7849e089eb,20666,,0,205,4
agdfb65367fe768c,85912,,0,180,2
aga0fdb0cadff2b5,64201,,2,247,10
agb4fc74eab94db6,38482,,2,180,2
ag24e63f300d2dd1,35994,,2,224,7
agbd630d27b05618,70823,,1,255,10
ag76bf7428c38d84,110821,,0,335,15
ag0b062623cfbae1,61414,,2,202,4
agfc0facf8c66b1d,53361,,0,271,12
ag232ce3e4c4f1bc,87790,,2,258,11
age2d7492da81a78,37665,,2,247,10
ag16c24c256e9d76,69256,,1,215,6
ag0def395e12128a,27327,,2,272,12
agfb2b9bd8771975,6479,,0,274,12
ag8e813c93308b19,15572,,2,281,13
ag3869e5ee8123c9,98935,,3,265,11
ag5a6d070499b135,48429,,3,212,5
ag6d6636566455b9,99913,,3,271,12
ag5beace46b62083,2211,,3,241,9
aga01581e6646e31,24765,,3,263,11
ag354bf1799eae4a,68559,,2,289,13
ag1bd0777f0646eb,58252,,0,484,15
ag592d44e53d1fa5,53301,,2,253,10
ag2c909997e4b564,92509,,0,194,3
ag1ad1ec8f9369e7,13137,,1,163,1
ag24d86aacbcdebc,79521,,1,234,8
agbf84d976871049,82742,,3,245,9
agef174d77177eba,36665,,0,343,15
ag5b041e2db2edd2,70788,,1,244,9
ag1446c851fd486b,45886,,2,220,6
ag122350631c9a69,85546,,0,208,5
agb6df435512cfbd,54421,,2,250,10
ag6a49b696aff71b,66347,,1,244,9
ag0b68819541a245,111573,,3,267,12
ag9abb10e6ce2120,86673,,0,348,15
agb996b94d407039,80628,,1,228,7
agee3f1209ab42dc,39246,,1,288,13
agbfed831517b6d5,23008,,3,211,5
ag0860bd11bb90e9,114899,,0,258,11
age46a48421929f0,24532,,1,193,3
ag2d7dc0df6c885f,53762,,2,295,14
ag76406898c97925,94278,,2,273,12
agb2171e83151350,77099,,2,267,12
agd2f54ba05d4741,110894,,2,175,2
agf2333c3069851d,25616,,0,318,14
ag174f89cffedbf7,31502,,0,241,9
agaaef1a755a4818,36840,,1,139,0
ag35e95a892d16b0,75622,,0,164,1
ag49f56b42bb4462,25761,,3,240,9
agf1b3f8676ee593,17165,,2,267,12
ag6af355af3cae17,847,,3,249,10
agad92fd9fb8f8cf,10890,,1,246,9
ag7b4cda9e2a566e,91117,,3,127,0
ag96eb5c0a2bbf8d,36142,,3,243,9
agb14c55984db3f4,98154,,0,319,14
agb21fa6c0b5a353,53757,,1,255,10
ag50c79938754ae8,103507,,0,201,4
agd75d6c10723730,103798,,0,306,14
agd677fbed9094eb,21481,,2,264,11
ag071cbc02681373,106657,,2,194,3
ag5944c5a87c9978,84873,,3,220,6
agd6749db2c9f89e,85084,,1,280,13
agb26cc3509e78da,76610,,2,253,10
agb385ad2c303976,85679,,2,270,12
ag785d20b81de72e,54607,,3,145,0
agfd8b53499cf624,10785,,2,227,7
agfcb35a07d7d545,114358,,1,186,3
ag8cb4799335d835,110775,,3,333,15
ag557279df294537,39553,,1,314,14
ag67d4121ebe3279,46485,,2,137,0
ag6a51645dd68ab3,39171,,1,245,9
agc9d18e51fbbd08,20214,,0,175,2
ag39c18fdd5ad5c3,42817,,0,266,12
agc542d7a355d367,7579,,0,185,2
ag096200bd3234da,18930,,3,279,13
ag3cf24002ee0d18,77756,,2,274,12
age3a649d9005116,106227,,3,300,14
ag4f1074adc7af9c,91864,,3,219,6
ag97b5d341c3a5e2,8733,,1,235,8
ag8d4847d2e379fd,115777,,0,270,12
agf27b3e2eb969a1,28414,,2,181,2
ag48a364c35ef2ee,55450,,1,234,8
ag9ad7ac0e446f3c,39383,,1,211,5
ag03f5a63863c9d0,55652,,0,250,10
ag167aa0ac40531d,21478,,2,281,13
agb281ec9fca9a59,13791,,2,263,11
ag83a58785a73ebe,20121,,1,239,9
ag4287e15051f8e0,72111,,3,213,5
age93d7fadd8504d,38336,,3,139,0
agc321734942676d,118858,,0,342,15
agfa2f764f28beea,108542,,1,208,5
agff8643ce300bb2,7940,,3,239,9
agb81207d9a56667,68806,,1,259,11
agbef9cc389728ee,71880,,0,210,5
age81de79a5d2d59,92423,,0,254,10
ag3c2c53d894d3f9,73164,,3,266,12
agc80f27ce6e5c1f,63152,,3,201,4
agca8d19d1e2f089,21420,,1,242,9
ag653d1df1192ac4,73024,,3,373,15
ag932e5d71bc4c9f,42895,,0,315,14
ag75421cf19194f5,48319,,1,226,7
ag85677aa12828b2,5520,,1,226,7
agdf187b2a386d90,103556,,1,260,11
ag7a4ec587e622b6,47237,,2,178,2
ag3e720c48d83549,17898,,3,237,8
ag28be1a7f1c7ac8,86506,,0,262,11
ag112f92e6bbcf7e,59965,,1,204,4
ag7799b6f2b7db7d,115720,,0,241,9
agaad018e11ec4c5,33555,,1,178,2
ag3badbdc90621c3,66879,,1,212,5
agb31a6e00e6cdd5,52196,,3,330,15
agc57903e3a2c3e0,39900,,2,212,5
ag836107c9122a47,30101,,0,267,12
ag321d568944ac7f,30116,,3,204,4
ag0671082dcf14db,4948,,2,291,14
ag70e9a3170fb795,106590,,0,198,4
agf39e4337fa3c6b,30673,,2,190,3
age31e5021914e86,1844,,3,140,0
agdb8de3ebf11710,10472,,0,273,12
agf39738c0f1e34a,87292,,3,279,13
agc2b26a01b24fd4,113070,,2,222,6
age10acf58a36504,111160,,0,244,9
ag57b482b8d5033e,26908,,2,214,5
ag70c9345c9c342d,34680,,1,221,6
ag798e531e92e0d2,114570,,0,272,12
agcc2dff3892817a,60323,,2,241,9
agb0211170be9c93,81802,,2,217,6
ag029202f7819d09,42035,,2,222,6
ag755b02118874e5,105780,,3,145,0
aga6f5e1a625fd99,41575,,3,240,9
ag71468aa0bf122d,38079,,3,194,3
ag13ba5f8c8cb338,10,,2,233,8
agc9d951fe60d92e,102668,,0,229,7
ag228dd1a395a415,74231,,3,178,2
age5870f9db040cd,117679,,2,213,5
agd2819a49d5badc,75592,,0,115,0
agb4b0577728a269,109983,,0,282,13
ag71167a6f5e37a2,29164,,1,191,3
ag21a7f8ed57d53c,60173,,2,231,7
agc97dfed357d6f1,65285,,0,238,8
ag4a33354136f248,41212,,2,125,0
agc6391c1896ee5d,102385,,0,178,2
agae0be8461e9e6c,110225,,2,272,12
ag68ca9da906e83a,72004,,2,396,15
agcd8a5a01787fef,57637,,3,150,1
ag021a75e86ffd57,5393,,0,140,0
agd4ae59e5e5c7f9,22795,,3,285,13
ag2019fc7a409064,36493,,0,248,10
agefea40b89c12ac,36265,,2,255,10
ag999eec689d5319,27097,,0,133,0
ag79519e5c070784,44767,,1,200,4
agb8b4dea3a96d0a,1747,,0,258,11
agb1af9b3cd2b6c0,112048,,2,524,15
agb78468beaa7701,26173,,0,208,5
agdb0238c8a4b998,8609,,0,251,10
ag77ff94feb2be6a,112156,,3,143,0
ag82be3ade0af015,111989,,1,200,4
age324d83781bc88,50261,,2,218,6
ag3494f41ef9c7ba,19483,,0,221,6
ag0159f657ad2249,101488,,1,263,11
ag05f8ec093e147f,110279,,2,117,0
agaa9860d44fbbdc,89678,,1,229,7
ag16d871666253bc,81105,,3,203,4
agdb32fc0063e8fd,68620,,0,306,14
ag31209684f6be47,15705,,3,111,0
ag129739799c605a,30503,,0,241,9
ag530ea3e9b071d7,82146,,3,150,1
ag1c702d6373b0b0,66764,,3,181,2
ag0dedae932cca3d,12540,,2,393,15
ag7b9abb7d8def48,5173,,3,228,7
aga4ee02ca42ee60,71073,,0,207,5
age851c55b73c86b,18106,,2,271,12
ag80e7ef430dcbe5,43100,,0,230,7
agf525ff1f750097,11031,,0,202,4
ag874ff669c8567a,85493,,3,292,14
aga3fb3f503f0d61,98461,,1,133,0
ag4064012a5c04b6,59532,,3,209,5
agde1fce5acbeb6d,35216,,0,350,15
agc79c615b071fc8,4618,,3,294,14
ag748143c9efa575,60915,,3,282,13
ag64aa0f9287b8cd,78254,,0,242,9
ag03df866d2ca2ec,63428,,2,221,6
ag756a9358ebb0f9,17584,,3,222,6
ag4fe4a6a5e7e2dd,36495,,3,208,5
ag6a14af26202457,45421,,2,213,5
agc527331204058d,92836,,2,301,14
ag230f7a99b7460a,111384,,0,203,4
ag6b20e6bfd8de52,95479,,2,188,3
age11c268c40b28e,16815,,3,179,2
ag42d2df9e7ef460,77309,,3,136,0
ag3e95f76305af46,87709,,0,137,0
ag549e93d1c7ff1b,61833,,0,292,14
agb07058adee174b,90330,,1,241,9
agc179b8e331a5fd,99533,,3,212,5
ag516f7f987a526b,81310,,1,259,11
ag3ca585a92b2803,83403,,1,192,3
ag0128c7ed69900e,118134,,3,266,11
ag920e9f946b8d9c,76770,,0,175,2
agdcbeca26693e95,19195,,0,272,12
ag3563a71ad46baf,54671,,2,246,9
ag61f2a52d9d7c3f,85127,,1,213,5
ag72d1be969206df,11059,,3,244,9
ag04f36e77f5862f,23409,,0,170,1
agb009d9f24b50e8,94527,,2,272,12
age4cc2f017081d6,84504,,0,278,13
ag4e9148a8321785,103407,,3,234,8
ag0414f2ba65ce27,30159,,3,287,13
ag4e0dbad55e5223,83995,,3,239,9
ag1a5ad4e4ab5e43,102763,,1,160,1
agee51b3e9415481,56070,,1,203,4
ag6c7bfd30891fa7,85477,,3,202,4
ag12e70f10d1d615,68102,,1,232,8
ag065098c3323f57,92241,,2,250,10
ag11e0349af5bcd2,53388,,2,199,4
agc2e35da40029c9,26373,,0,268,12
age00eb09ae0ee37,37490,,0,539,15
agdf91ad8ec49163,9445,,2,182,2
ag22bd09a3e1bddf,19218,,1,245,9
ag97e7ecb77e5094,67211,,0,229,7
agf73ff403f7923f,32625,,1,242,9
ag77e1ac5f1f41b9,108443,,2,260,11
agcacd4cccc00228,108821,,0,256,11
ag2e3d9cd0cfadb4,78000,,1,230,7
ag186eeaa49abaa2,9633,,1,220,6
ag18cddae7aa49d5,61111,,1,246,9
ag92baab1a8e731c,113894,,1,193,3
aga5664df59054ba,108718,,1,244,9
agaa19342da16b1f,96439,,2,300,14
ag171f2ce5b6fbea,102371,,1,230,7
ag4253a2a4919afa,106254,,3,224,7
ag146b6587fa7e42,43637,,3,266,11
ag2fa26b664ae967,13071,,0,244,9
aga867795ee06a22,15292,,1,235,8
ag41fd68e9b0b172,48733,,3,180,2
ag169aea4bf1474c,72737,,0,184,2
agf9848f4c9b22c5,113833,,0,244,9
agfd525dfdaf9833,108547,,2,210,5
agc2c79a1d90f85b,99017,,2,197,4
agd9e4d8d78ab683,119539,,1,206,5
ag8bb7d2ee484343,49302,,3,270,12
agcb7b85fc8ade3a,88554,,0,216,6
agc2a8c72d8641a0,32118,,1,191,3
ag1c1d02281f7fe9,86161,,0,143,0
ag57d9fce7b729d8,89777,,1,308,14
ag8829573cd0ca3d,18829,,1,451,15
ag8b37e41a10cad6,105849,,0,207,5
agb9a73a0344a8c7,38157,,3,232,8
agc4eca1db05b6e8,6792,,3,207,5
ag4f7d5eb5f924b6,70883,,2,260,11
ag602697980334d0,16557,,3,221,6
agabdd1dc81ca441,73433,,1,231,8
age36be7dd3ed1a9,104365,,2,148,1
ag480de08e9fc008,105752,,1,250,10
aga8bead641ccbf0,76068,,3,231,8
ag64cf693b471ab7,112186,,2,217,6
ag68daebc7d61e4c,111548,,0,244,9
agdc73ae979e5c63,19264,,1,185,2
agc497278ffd71ca,76976,,1,202,4
ag821fd5abc61a5b,101218,,2,194,3
agba22698e15c396,25886,,0,181,2
ag33b9ab1cc93873,54116,,1,272,12
agecf93e3dabbc8c,18285,,0,311,14
ag89dfc1ace35b30,59920,,1,185,2
ag195d54735bbce4,88153,,0,193,3
ag1a63679f662d80,1950,,2,294,14
agf1e45c4a2f273f,61473,,2,236,8
ag7a475a6a7c75b9,60465,,3,356,15
agbf0bb0ce950e9e,33128,,0,306,14
ag4486ce980743ff,85176,,1,225,7
ag093c50a1b284ba,102067,,3,181,2
ag376cc0d90aafe2,101860,,1,145,0
ag362a1e2c74a5eb,3635,,0,123,0
ag26b4fba0232d43,88727,,3,301,14
ageaaece86bd0392,95844,,3,285,13
ag183bd1b6e5cf28,101390,,0,224,7
ag4436b16cc65d94,48157,,0,168,1
ag52be7340cd8643,115559,,0,271,12
agda7b9204540b86,118310,,3,243,9
ag9be14f4faa717a,16808,,0,180,2
age3e0e0b1a8a6f4,75080,,0,222,6
agbb9ed9bd264223,31045,,0,311,14
agee9fa7ff4cb569,21157,,3,303,14
ag14ccba4cb29def,64365,,0,202,4
agfa4453a611ad95,110740,,1,218,6
ag4389aa9a65c8cf,61205,,1,393,15
ag312e72c1493f77,2358,,0,204,4
ag7a5bdaa1aae214,920,,2,107,0
aga85adbff8eb176,3639,,2,266,12
ag9c00e45da49949,40487,,0,136,0
ag1a4a65f7577770,74588,,2,234,8
agdc4a43b7058593,77159,,0,278,13
agd29c8f817eaed7,102608,,3,316,14
ag2b925e46a9ddc7,4051,,3,248,10
ag7ea1394ffdb85d,112101,,2,252,10
ag33081311fcdab0,88087,,2,113,0
ag7010e5ca754f47,106542,,3,248,10
agf2b6b3aa15aaf2,83769,,0,226,7
ag054dbcd830b148,70759,,1,183,2
ag402304803b5fa3,59448,,0,317,14
ag827af03073c52f,115483,,1,154,1
ag3ac843ec3613fd,12823,,1,245,9
ag29b0f576ccb6d8,34102,,1,202,4
ag61c41efbdf509f,71083,,0,210,5
ag29a8aed7f52778,112269,,0,197,4
ag50051d690f8219,17592,,3,220,6
ag53dcfba7b9cfe3,62353,,0,206,4
ag9760556abc81bd,68956,,2,254,10
agbd404f1547cc53,103323,,1,256,11
agf8eb3469b8d160,116502,,3,200,4
agf437f840e43159,76134,,1,260,11
agf16f8aece8d20f,36570,,1,235,8
agf279cdbd54a31d,92586,,1,170,1
ag3d1d75ae346873,13218,,3,363,15
ag290ab61fc7bc7a,46889,,2,201,4
agc610eccb756f4b,36321,,0,256,11
agd1c4ff7f638d49,95769,,1,254,10
ag08084c6bceff63,5193,,3,245,9
agf7f51689aac0dd,6850,,3,226,7
agedce5e02748c39,34460,,1,192,3
ag225a102290e5d8,51734,,2,281,13
ag4703a83cfc8dc2,59195,,0,303,14
ag27b7f856b9d866,44670,,2,194,3
ag8a5a67e9efe3fd,107789,,2,250,10
ag27b05e472ab85a,50955,,1,242,9
ag029d4f643f10db,47359,,2,230,7
agd3688660d3a1a6,68624,,2,153,1
ag217214e45135dd,36545,,0,316,14
agfcc0d46eef67a7,55098,,0,284,13
agf82ce065f5f15e,31120,,2,126,0
agbe9ee5cd731aa8,28374,,3,253,10
ag63d7cbae8a91ef,105356,,2,256,11
ag28504f686337ee,43157,,2,203,4
agd3a3299f279702,102807,,2,282,13
aga723f5e86e53e2,41378,,3,283,13
agadcb208e1e456a,64275,,1,204,4
ag4366f94b49cd95,88508,,2,233,8
agfc23b63a45695d,87887,,0,191,3
age6776fb1f49894,29342,,1,266,12
ag856f8de047d6bf,73343,,1,218,6
ag4dfcccfedd9ba5,116741,,3,186,3
agd0c97e0f59f0dd,69245,,0,187,3
ag423d84058b4ccb,86928,,3,235,8
agb3bf5ad6184ec6,98513,,3,222,6
ag9862c6bf3c46c6,15840,,2,265,11
agda785570ab16d7,89269,,1,377,15
ag9539765915b91d,90469,,2,281,13
ag14010aa7d367e2,82700,,0,315,14
aga13ab3c68bd6af,43818,,0,221,6
age0c02db53e1a99,115654,,0,271,12
ag426621b16a4a0b,2880,,3,315,14
ag191bcd84576c5b,52387,,1,219,6
ag878be1cab1a7ed,54691,,2,233,8
ag2e06d0be5dc041,78227,,3,222,6
ag6ff632ae491f45,23748,,3,123,0
ag8f21912d85aa79,112546,,0,274,12
ag3e81b375254dc1,114078,,1,174,2
agb54ac3a8865c77,70818,,1,269,12
ag8aab8a2d5cd16b,104411,,2,287,13
agf2aa6991fe9f66,30835,,1,234,8
ag342dc77bca84b6,109171,,2,171,1
ag0c566efd1f36ce,59263,,3,484,15
ag60d019bb5c37eb,11084,,0,161,1
ag3f614661ad2bee,60586,,3,283,13
aga3d9e7561c8617,84057,,0,208,5
ag22fdda36491e12,1097,,3,239,9
aga63d3caf398598,70603,,0,299,14
ag1b462c0bef2bde,66477,,2,220,6
agfe5eb072af63b5,57842,,0,220,6
ag205492e3353110,6857,,2,266,11
ag5523df4f6b6052,28744,,2,306,14
ag3411cdd8b99618,94253,,2,288,13
ag5a7949fade3ce8,85317,,3,242,9
aga5e65155f84b15,54918,,1,210,5
aga502cd3a89ff54,59967,,0,221,6
agc1678147320f4f,12595,,1,233,8
age2444e99a5b9d5,65520,,0,142,0
ag0d376e309f5b3a,3239,,1,208,5
ag553c821b528ce1,103810,,2,193,3
ag83327459081e27,35730,,0,236,8
ag001bf33459b35c,78614,,1,178,2
ag0866d3270f4f9b,58806,,3,359,15
ag3a195de38d01d8,25608,,1,309,14
ag9fada18036323e,109525,,1,252,10
ag2f2ee56b948981,30802,,3,319,14
aga2d4b7bc894c3f,117402,,3,234,8
ag9f915046085826,67807,,3,301,14
agc10f5e360ff85b,81591,,2,284,13
ag5011c6ff69196c,80442,,0,191,3
ag24fa099079a6e3,101569,,0,252,10
agbb7121d1a75d77,44017,,3,202,4
ag61dc8a1e73ae99,68895,,2,381,15
ag51841bb8a7455b,113909,,1,265,11
ag94a194009cbffd,34558,,3,135,0
ag90a827ab26756a,67261,,3,268,12
ag00bea283124d18,71003,,2,221,6
agf7bd76b095d67d,21718,,2,218,6
ageb2492f5f777a5,87313,,2,280,13
agf6012b981a7c4f,102658,,3,217,6
agb1a9c93ef5443f,29075,,0,348,15
agecde071cdacdf3,119926,,3,212,5
age4fa704f577529,61017,,0,231,8
ag6f0a859d71dd67,105824,,3,268,12
ag0c588afb587920,111452,,2,243,9
ag3ef623273111cb,35072,,3,225,7
ag2c0b897e5e6bec,86948,,0,215,6
agf4f0640944d9a5,26748,,3,231,8
ag756b0dc3c61737,61597,,3,233,8
ag0a6955d3560f13,102828,,1,212,5
ag4f877b19f36c33,97010,,3,269,12
ag3af356346e3bf1,30173,,3,422,15
ag1f4cdc06930434,97602,,0,274,12
ag2748a4e23c2f64,61338,,2,252,10
ag47f02bd29f541d,60702,,3,318,14
ag201371f5f0d160,78446,,1,180,2
ag0d3158d41af4d6,50931,,3,295,14
age798415e674952,41954,,2,232,8
ag19753b24173c51,83328,,0,246,9
agb5871d074b7fff,103740,,2,272,12
ag7dc21d00464d1e,54927,,0,272,12
agf2843bb2d77f9b,64297,,2,186,3
ag5e72706708d0bd,42189,,3,141,0
ag17b6b8dc536106,62728,,0,176,2
ag9aa561c39e606e,118955,,2,203,4
ag65dac3bb9d8da0,94378,,2,215,6
agf9d1e6da91eb8e,22393,,3,196,4
agb9cefd7da5b7ff,110100,,2,175,2
ag75f244c93ed1f6,20514,,3,263,11
agf46a9f7eba7a4f,17451,,2,216,6
ag2b216850603cd6,14291,,2,243,9
ag22daae2fe5910e,34351,,3,285,13
ag590604a782d0d4,105304,,2,229,7
agaeefd9e3e563cc,42435,,1,234,8
ag868837b350daf8,4963,,3,282,13
agbf2d034491a4b0,74445,,1,255,10
agb0c4df3b3cd136,49343,,3,248,10
ag5f86555395c62c,103892,,2,283,13
ag91af30ba6689ba,57749,,3,247,10
agb817113854e7ad,70987,,2,273,12
agc38864d93f0813,81082,,3,226,7
agef096af1c0d64e,112645,,0,240,9
ag561c293cd8fe53,57096,,3,237,8
agaa9f8b4e1e2a5c,19820,,3,190,3
ageba8beb580be23,4852,,0,198,4
ag757b7ce06da4fc,103531,,1,218,6
ag8152de8763ed33,22566,,0,226,7
agbfcec3ecefd68a,48676,,3,250,10
agddd744ef49c96c,77259,,0,271,12
agffc8b4f07dbe6b,56897,,1,229,7
ag3219a568d53edf,39752,,2,237,8
ag940651f6e1ca01,56370,,0,285,13
ag1540dc4f5b5a45,5763,,1,264,11
ag2a32525510ea84,81249,,3,289,13
ag15552c15493e36,17281,,1,173,1
ag76a18619698239,28373,,3,259,11
ag1a8f1344e4234c,115774,,3,298,14
ag73981391199dfb,71308,,2,374,15
ag04623df957275a,10569,,2,251,10
ag5fe0a437f54ba5,103346,,1,197,4
agde995e596faf31,41814,,3,259,11
ag954f10f83f4b84,55682,,1,216,6
agd730ccd68ddd0e,81037,,0,253,10
agd2ec3887730c8f,80731,,3,247,10
ag194d75a994a7a1,61506,,1,184,2
ag9cf3303e656d87,19226,,2,229,7
ag56eb65e5b982b4,56533,,3,222,6
ag4a8c43b581d48f,3808,,3,276,12
ag7352de26e58a12,5326,,0,290,13
agfb2fbbbef692a6,6840,,1,194,3
ag77af683b9604ef,11375,,0,240,9
age5355183d1d4e9,108844,,2,226,7
age971984f5ece57,102484,,0,244,9
ag4a5a26db928e5d,22188,,1,211,5
agb051093dbcc5b2,74122,,1,227,7
agb7e52295b13170,30736,,2,222,6
ag1404a74c4d0da8,28803,,3,228,7
ag6ac3b483d5b239,72064,,0,140,0
ag9d7a7cddcb0cfe,109217,,3,146,0
ag2b1f1885291610,97673,,1,302,14
ag2641f0c5ff3ce2,32219,,1,230,7
ag2093f16773b395,77591,,0,232,8
ag4e0041fe4ae0d1,62583,,1,262,11
agc17582f84eef82,9421,,3,186,3
agdf363a27d8d0a8,68402,,2,206,5
ag7faea1a7ef14d6,97689,,0,238,8
ag0371ca5340cb62,78667,,1,199,4
ag1e7c7d1a5ac4a4,74215,,3,287,13
ag204e5f55958b4a,117364,,0,239,9
agc8428f052e5b86,86966,,2,237,8
agf2c5118be57f01,28048,,1,229,7
ag0434ea25ee8ed2,3146,,3,259,11
ag0b3ccd2d5cff12,37287,,3,345,15
ag9be670b246a6ea,7967,,3,496,15
ageaa21eb19c9910,77701,,1,208,5
ag29241fa2462b5a,3274,,2,324,15
ag550ced48187885,92272,,2,190,3
ag9a27c41d39616e,99335,,2,203,4
ag27811b6d5eb03c,94192,,3,228,7
agcddf4ddbe7289c,10252,,1,214,6
ag3c54fcf61958bf,64514,,0,228,7
ag9d7d49c59a567e,110215,,1,168,1
agf2209b8300732e,58180,,3,264,11
ag4f6392b452c85d,44691,,1,263,11
ag240f0160280355,82577,,1,262,11
ag9bd5aa91f4dec0,6030,,3,217,6
ag087c6e96e2c972,40683,,3,254,10
ag47350ef0657894,32851,,3,291,14
ag240dc80d81b187,87858,,1,174,2
agb67febaf454248,29799,,1,354,15
ag85eeac6345a3ac,91178,,3,187,3
ag2b3e192f64653d,8484,,2,249,10
agd0f3fe75d2c6a6,50037,,0,292,14
ag52a294dcd92198,23699,,3,254,10
agaf09038785cd0d,25131,,0,134,0
ag9ec5bf08f1c967,39710,,1,160,1
ag9cc72516f69466,111447,,2,236,8
ag447c5f7a174b5f,82099,,3,491,15
ag62c203db016f4e,7259,,0,203,4
agbe67997b030156,11066,,0,322,14
agcef9851715d0f1,77750,,3,137,0
ag292704e739af36,78222,,1,228,7
agf2beaac1a2fb97,84605,,2,376,15
ag5936e4773445fa,37168,,0,501,15
agd77c8c8b79e4fb,17216,,2,225,7
ag39032aaa1f3520,36509,,1,158,1
ag16d28506b01c60,40486,,0,141,0
age696a23b24bacc,50852,,3,271,12
ag70037a122d12c4,61810,,3,198,4
agb04cf42809af8f,474,,1,402,15
age4bb938659500c,98740,,3,210,5
ag3baea38740f5c0,81514,,0,210,5
ag6493f85670e9fa,552,,3,409,15
age7cd3e7555eeb9,28164,,0,220,6
ag82a60db97f58da,55943,,3,283,13
ag3b660a8eb8019f,56966,,0,294,14
agd5f99367864f2f,93418,,1,187,3
age859f4c5a802fa,28012,,3,176,2
agf26ba7025440c9,93330,,2,274,12
age688bf9cd640c4,59880,,3,206,5
agd7900c59ca6ff6,106183,,2,243,9
ag71793f850379c1,23331,,2,182,2
agd8d505f7646d53,45953,,1,207,5
ag1c1afafe57afe3,46653,,0,322,14
ag036cbfc4aaed8e,111671,,1,232,8
ag0b34dc8e1d674e,63005,,0,253,10
agfbd4920f7100d0,103184,,2,235,8
ag305f8722ca3298,41506,,3,249,10
ag731838e880f84f,59092,,2,184,2
ag012bfd68e9a9fe,72101,,1,228,7
ag33c9565fc5fa78,105451,,2,279,13
age983cec62538ad,77759,,1,199,4
ag006672a62fa95c,7066,,2,254,10
agd3ed7cdb7caed9,5004,,2,307,14
ag218d186343686e,83654,,2,342,15
agfd2ab97f1dcd6c,53181,,1,124,0
ag085fdc3f765aab,112838,,0,243,9
ag50a17cb0a7f0d9,49228,,2,264,11
agdd4b7ca6785dc4,51831,,2,300,14
ag1883a8a5a01c80,29879,,2,281,13
ag835f52161fb9c2,26063,,2,147,0
ag5b4b5bb2bf8491,113084,,0,194,3
age4f33c5f44eb25,62638,,0,282,13
age1ceaefcd7badd,33289,,3,332,15
ag7d288c9756d0b2,88866,,3,297,14
ag8ad3b47dec1c00,99428,,0,135,0
ag5c4b252dcaa9b5,110535,,1,297,14
agcba39b6d430ea9,103801,,1,291,14
ageb4acb21a38c80,38711,,0,143,0
ag42a3d05e1c488a,6169,,3,221,6
ag335514b2eb8696,48106,,1,206,4
agcdd26732be2c3f,60943,,1,212,5
ag56dcbc87ec9825,79467,,0,253,10
agc16cf9708f61ac,89889,,1,288,13
ag971f6de3933f33,33150,,3,233,8
ag2c63b342f35ea5,85469,,2,163,1
ag0a2659a19fe1b4,29770,,2,100,0
ag922ae0ec9fd119,59663,,0,129,0
ag21bf443c7c4d6d,9622,,0,287,13
aga0c880f734e1a6,30580,,0,434,15
ag92e67aa595a51b,3811,,2,230,7
ag172b85165f4e6a,45877,,2,238,8
ag10bc28d2f8cb2f,94608,,0,307,14
aga3aa56262ea4dd,52822,,0,234,8
ag42f64ed433ec2e,95997,,3,211,5
ag4beb3b4a661841,28246,,0,238,8
ag77a8fdf0340f7a,106199,,3,182,2
ag6ad9c636e1e6f5,95949,,3,238,8
ag98513958bdad5d,37495,,2,191,3
ag1960ca87546ce5,106540,,3,285,13
ag38c1a407f47056,31727,,2,181,2
ag29a0ce5052a31a,89405,,1,202,4
ag4eee71f41bc8fb,109475,,0,276,12
ag34c7138a336fb7,97069,,2,281,13
ag08fe84a5709200,55890,,1,207,5
agf1c67e51862b73,111606,,2,198,4
ag62212d2343caec,62623,,0,315,14
agfa826a67f9449f,99838,,2,180,2
ag05b917c3ac2ce5,20291,,1,179,2
ag9373c171022550,116936,,0,213,5
ag1f2f85f0676b2d,6880,,1,277,13
ag5efd319c004993,61370,,3,506,15
agd11837c9ca38a5,11386,,1,217,6
ag4865d03d478492,89140,,1,224,7
agccfbbf504cc4c2,8784,,0,199,4
agea3f876f02d1c6,98661,,3,203,4
ag8ca0dfaf264ac9,93564,,3,134,0
ag2b9075444d1bbe,46637,,2,437,15
ag0b9185e1c8e262,20908,,0,304,14
ag41abde5d0f8970,2036,,2,287,13
agfb6a18b1cb9a0b,107867,,0,233,8
ag8dcfa8f2f0b48d,45014,,1,215,6
ag2b4cedc2028586,62290,,1,198,4
ag7b08d8ddbd5b7d,108224,,2,215,6
ag72ffaa54a81f2a,103188,,1,257,11
ag24c72914f05366,35892,,0,115,0
ag5b577fa91c554d,22098,,3,381,15
agca6ecd36277017,112909,,3,298,14
agb989c500a8ed38,52729,,2,202,4
agfb3ad88f779df7,21666,,3,232,8
ag0271420bc947da,23114,,2,342,15
ag3f3b596a5bd485,43975,,0,191,3
ag881cd09687b4a3,85835,,3,236,8
agf436de6b862ae1,117004,,1,272,12
ag21fdc84a53bc93,113126,,1,245,9
ag29573231784338,58409,,3,206,4
ag61d4d78a0fbb32,49814,,1,209,5
ag2b14e932521a04,67975,,3,194,3
agebcac15e872f4d,96105,,0,123,0
agf0432aa2fb1093,49637,,0,140,0
agbe3f6683b32fdd,68453,,1,300,14
ag0fa2991538008c,73838,,3,259,11
agb09d28e82519a4,96809,,3,197,4
ag6341cba3022a9b,110348,,1,289,13
ag8c0904728fa1d0,56857,,1,244,9
agcae7fb098bc0a6,40716,,3,177,2
ag1407f302a81959,13541,,3,256,11
ag6eec179b759d72,16818,,1,242,9
ag12ef2f316787d3,58817,,3,175,2
ag34717c732db6c4,84155,,0,161,1
ag3c6d1cfc60dd23,61990,,3,227,7
ag9d60d98cea8f2c,75159,,1,170,1
ag1d1dd8f66e2d1e,11150,,1,206,4
ag89da27a0eda0c2,34002,,2,183,2
ag0d297f098bf810,24520,,1,201,4
ag3e841e179f83e6,58771,,3,166,1
agf7c40c1cb40932,3547,,2,220,6
ag67c2739707afa4,107536,,2,214,5
ag1f5638df4b404a,68261,,0,269,12
agfeb2c50b772ba5,64924,,2,265,11
ag66eb228618dac0,22561,,3,228,7
aga180639a61c6b8,95300,,3,239,9
agf004d55f95fa3e,87361,,3,122,0
ag9af6be5f879a9b,44888,,0,235,8
ag0bac37833f6309,60944,,1,256,11
ag66c85c84d95ac1,1837,,3,200,4
aga402b0f739cfea,102177,,0,192,3
ag7801d0167c469c,51885,,2,248,10
age09c91b5e4ba1d,35173,,2,248,10
ag1cad59c7c52f0a,40875,,3,198,4
ag963b83faf3c0af,107562,,0,231,8
ag1764527bc2c7cb,117051,,3,428,15
ag7f3cc5824e7811,24438,,0,259,11
ag1e613d28dd4b9a,2475,,2,271,12
agdf3f1c4cc54f3a,36796,,0,312,14
agb413c17e9429fc,100252,,1,199,4
ag209074921e5bc0,81684,,1,205,4
ag31abfda17ce523,96633,,3,144,0
aga2be3a06d23349,96005,,3,157,1
ag06f7eccb33a8df,117071,,3,133,0
aga49de787da9b2e,76331,,2,299,14
ag2513a6d6e07793,91267,,2,224,7
ag0903007cd51664,103996,,2,189,3
ag03153d62d86ffd,26506,,1,204,4
ag706c830b911947,73773,,1,177,2
ag0ab83fbcdc74b8,74298,,0,285,13
agcb69c53412b9f1,36431,,2,198,4
ag65f903e31e7279,29402,,1,199,4
aga741d16943ee72,3928,,2,494,15
agf90a382e9e1251,99574,,3,206,5
ag57bdbce442ee87,92040,,2,215,6
ag5d2240e905c3cc,73770,,3,233,8
agbf40d7d6e338d6,48826,,3,245,9
agee437472440a98,115385,,1,173,2
agcde265e83dc5fc,87277,,3,109,0
ag32c257bbf7eee2,37505,,3,180,2
ag43e43d66be0cc8,72350,,1,143,0
ag65c1c986d3df96,16669,,1,230,7
agaaf5a70b78d40e,94952,,1,207,5
ag7b87081b432170,95738,,0,313,14
ageab8a4eda1dc24,119340,,0,146,0
agff57376b761ef0,8970,,3,336,15
agba9d899d182a79,92482,,2,183,2
ag197b4c1ccfd62e,41163,,3,348,15
ag7c6df9dc73ee36,99166,,3,240,9
ag6c1641566ec576,16040,,2,229,7
agb861174e91287e,22267,,2,286,13
ag67f1491596347b,74525,,3,260,11
agd0ba0b7af5c221,57712,,2,225,7
agec4eb80f00dc5f,59530,,3,415,15
ag792fdf302212d0,55306,,0,208,5
ag747672708a7376,14322,,1,189,3
ag41bd99641b8598,100258,,1,163,1
agb4959de42a9f0c,116101,,0,270,12
agb2dfbf1c9e5a1e,41772,,1,233,8
ag628b8a6eec0a0c,110691,,0,229,7
ag1f110d217e590e,55218,,2,222,6
ag0f49e5bb7dbbe6,8294,,3,200,4
ag1d7ea183254ed3,98021,,1,257,11
agf0cdd82891a192,81194,,2,218,6
aga546a952972311,44011,,1,300,14
ag0c2c9bbc5d6ca6,99946,,1,165,1
ag1ecb37db70b4da,87941,,3,346,15
ag8c276010a9c4a8,53781,,0,240,9
ag83dce52d982511,68403,,2,269,12
agbc175d4e1c3376,119423,,2,213,5
agfcb90b21a82ede,61410,,3,210,5
ag184e1d9f598203,53813,,2,249,10
ag66e9b1d09a5414,60507,,1,285,13
agadc970c64b478f,59221,,1,263,11
aga3e2e6a946afec,7985,,3,338,15
ag1f612e05c1ab0b,71187,,0,279,13
ag57518ce6ebeea6,78557,,2,211,5
ag89dfda053aaca5,88167,,2,303,14
ag592f24f4e7f5ac,19117,,1,232,8
agbf59185b7b1da5,72748,,0,238,8
agdbcb84661dc7dc,113831,,1,243,9
ag8e18943a9e4817,37219,,3,208,5
ag19c5c6f8eaaed4,72544,,0,273,12
ag2b11690aa3035b,84047,,0,279,13
age86ce2468d8c33,43507,,3,205,4
ag3b0a8887a74e47,28806,,1,244,9
ag4af2c208c47808,103222,,0,229,7
agf69687dd65b8bc,4851,,2,278,13
ag7cc16a51c013c5,38109,,2,262,11
agc01984760f6711,5049,,2,269,12
ag497112703cc7e4,80779,,3,225,7
age54161d6cecdbd,41789,,2,283,13
ag36b2c070764ea4,7697,,2,228,7
agbb8df47aa42cf6,53349,,3,193,3
ag678d12ad21da4e,119658,,2,145,0
ag14e17ac4b92f68,111196,,3,264,11
ag95f36c76d830dc,97194,,0,208,5
ag87d34adf556dac,2683,,2,221,6
ag2fe7d505a99bc1,42416,,1,169,1
age8a0c12afe9818,24794,,1,180,2
ag48afe7e983e822,62925,,0,287,13
ag39f138c3c02fe1,56891,,0,244,9
ag3d583ea968c650,56849,,2,227,7
ag3e38ef01b99e8f,66711,,3,225,7
ag2a0a7777eb9028,28301,,3,249,10
agfe539c00b2ff08,36399,,3,213,5
ag9338fc8900b753,16578,,0,294,14
ag6995ca2012bf42,16224,,2,212,5
age19ade8da76216,77346,,1,225,7
aga8da9795486306,114249,,2,264,11
ag5306b13ad395a0,20103,,1,233,8
ag9c6904ac0d78a7,19943,,3,316,14
ag5bb58f9efcb6cb,59614,,0,235,8
ag0a9d65db131b71,26731,,0,297,14
age239638900c5fc,105233,,1,270,12
ag4d62522ed81b85,38271,,1,280,13
ag3323a1847c80ef,43270,,2,206,4
ag34808f79247282,6548,,1,144,0
ag2380bc80989daa,78594,,3,222,6
ag132badc9463c3a,109486,,3,266,11
ag39e60a06c44e45,105968,,2,248,10
ag17d7a167075c8d,31231,,1,234,8
ag9e394154f80a3f,88568,,3,182,2
ag611ece9fe55cca,70785,,3,230,7
ag27155834599b42,11341,,2,288,13
ag1559270be85b04,84466,,1,272,12
ag27354c138fcd57,101053,,0,231,7
agdb6d466c0e159d,15013,,3,261,11
ag5641a64cc34d5d,60082,,1,182,2
ag208f9205e7729a,61787,,0,235,8
agb08ac1a44424a0,69039,,3,170,1
ag8129a934dfb87b,111864,,2,232,8
age1237debe9a781,61369,,0,519,15
ag6fbf8b6cbc798a,108442,,2,257,11
ag80aeb325a1947a,40910,,3,452,15
ag86d4a054fcbf4c,19012,,0,261,11
ag5070bcf9239c9b,23148,,0,218,6
ag3152e340089137,39846,,0,192,3
agc29308ffde01cf,46647,,0,237,8
agd564334eeeee0f,34098,,0,204,4
ag81192c9b348e50,3467,,1,235,8
agea3fe9e53381e5,100797,,2,200,4
ag0ee170606d4270,100128,,3,152,1
agb4f8a5e7539a0b,69127,,2,197,4
ag35d76636d02c16,75352,,0,370,15
ag1792e6da6236e5,119853,,1,255,10
ag1f661ceb80fd92,74511,,1,181,2
ag36f8d37f60b6e9,96020,,2,250,10
ag73636f41cfb1e9,76614,,0,241,9
ag68963597269097,98129,,2,210,5
ageb13db31b5ebdd,51559,,0,460,15
ag5f6ce891a6e641,91798,,1,229,7
ag8af05a347468b2,48034,,2,107,0
age0f98c379b8dab,104172,,3,116,0
agaa446faf671f4b,91712,,1,179,2
ag8502f6cd4998ee,52684,,2,216,6
agf83bd20d08495d,80753,,3,198,4
agb978fc258efe92,52483,,0,275,12
ag97057da093fb2b,25916,,3,334,15
ag1054ee273cfb62,97020,,2,252,10
agdbb124dbcad3cd,39351,,1,245,9
ag68615a226736c3,16411,,0,285,13
ag70876a4a1aba72,95089,,3,229,7
ageb658768ad2cdf,17371,,2,250,10
agebb7a091097756,83309,,1,222,6
ag69dd9ea00b7e0c,63185,,2,233,8
ag304a7caef0e9f0,21032,,0,273,12
ag7a7889f8c94a10,87560,,2,343,15
ag3c7ac24c50880b,63418,,2,265,11
agfa4639dbb678df,80373,,1,169,1
agf2a842af88da04,109002,,0,146,0
agf7a3b2528762c0,93154,,3,247,10
agd5773e630b139a,118830,,1,269,12
ag0463b5cbcae3ea,106653,,2,227,7
ag1f71d189a23d84,116051,,3,241,9
ag487da736a5b86b,57101,,1,218,6
ag0117cec08cfb17,80674,,3,226,7
ag0220f1c876f2e3,101371,,1,249,10
ag054f72d47ffd20,9550,,1,259,11
agb805387b8c8b0f,50927,,2,178,2
agfec4e77d6621c7,101989,,0,245,9
ag2778e392268774,23207,,1,261,11
ag1025551aa1e122,53784,,2,191,3
ag754d6a8f7d16c0,15221,,0,232,8
ag1f142671ab4fd1,42023,,1,244,9
ag83918b6c5dc337,28865,,1,262,11
ag6dc765185f6397,37210,,0,355,15
ag8e92c4f82bfb4b,68732,,0,223,6
agede87acfea008e,14702,,2,256,11
ag1a654e1bac3e5f,54528,,0,192,3
ag281c62a585e7b9,54016,,0,255,10
agd1c48c0a211a05,54548,,1,212,5
ag12b41bbae832a1,101968,,2,197,4
ag4d750c05ccd97f,22860,,2,190,3
ag655ee310742118,37861,,2,274,12
ageea54ed1abeca6,87909,,1,236,8
ag613d38555e8407,2441,,0,184,2
ag3790264956d5f6,111433,,1,244,9
age9e5a56dcdd135,27014,,3,229,7
ag985025d5ec5cf9,23518,,2,269,12
ag6ddcdf7aae1fe9,52970,,3,238,8
ag08a674d1976885,83266,,1,171,1
aga834210df6e201,39262,,1,192,3
ag2c3ee9d202ca03,17803,,0,157,1
ag1a1fe43bd5cec6,38985,,1,197,4
agb19e558c131831,27142,,0,269,12
ag3677461523fff4,101088,,1,205,4
ag1430bb19043851,113871,,0,309,14
agaa9a74243daafd,25659,,0,189,3
ag62806b903f90d9,66272,,0,222,6
ag37870ee025a935,34709,,2,185,2
agb30196173fcc10,116034,,1,180,2
aga92462a3578fd8,16253,,1,395,15
ag8af8445e08e834,105672,,2,261,11
ag89fc0b97a2fdbb,65896,,0,150,1
ag518ce10f094441,76446,,3,260,11
ag7e580291cbb7f8,29302,,0,217,6
ag35c316f9a00b6b,7070,,1,220,6
ag9205fd80ae36c1,24646,,1,219,6
ag3e49b6ed264e64,789,,3,264,11
ag303ca18afb8c65,83814,,3,230,7
ag5fb70407a796d4,73377,,3,195,3
agc924ac63df8831,24397,,3,191,3
ag93556fc2b494a9,110735,,2,223,6
ag4a735a97c2ded1,96270,,2,224,7
ag9c2276d84b098f,62836,,2,203,4
age5ce0aeba1b74c,74423,,1,301,14
aged1272f0de73d4,67356,,0,140,0
agfb67d6e7c8fe83,69835,,0,205,4
ag34af15b85db89f,100982,,3,212,5
ag66be0193cfeb38,101508,,3,292,14
ag5603f3b9b0842a,58242,,2,225,7
ag9e8495c2b5763c,95093,,0,205,4
ag6cd9e24dd009fc,79569,,0,230,7
ag815a963ca02dd0,14539,,1,176,2
ag78b16948771ba2,64287,,3,193,3
ag8f519bd794c6cb,68314,,1,266,12
agcde28d4ce9e2bc,116814,,2,223,7
ag9dbb8253322717,92508,,2,164,1
agfc5f636aa4cc68,25752,,0,253,10
ag32e1538916145a,117994,,1,234,8
agd48766bc051329,33849,,3,203,4
agb34d83b399ff9f,101527,,0,229,7
agd185e1d832ca4f,41989,,1,194,3
agba72b97b3d2644,55510,,0,188,3
agd285b7b62aad8c,19485,,0,198,4
ag7fe296841cb41c,92808,,0,259,11
ag6199a0592d463e,82275,,3,114,0
agcef984d750bf5a,108982,,2,249,10
ag9a853c6cca6566,43997,,1,250,10
ag15b6d3ebfb6c5a,10405,,1,316,14
ag32602530aff15e,39361,,1,208,5
ag7685fdb48f342b,19286,,1,202,4
agebd805867d1817,12475,,2,259,11
aged8ec402e82a99,48481,,1,281,13
ag1fa96532f4b466,44804,,2,273,12
agf119deeef81293,23963,,0,280,13
ag8d18f03830c744,60734,,3,256,11
ag7c905857028a52,55107,,0,226,7
agddf7ef751b9010,50422,,0,244,9
agb8d19dc2d38901,34890,,3,267,12
ag39df4ff634f51c,83762,,3,133,0
ag6624c13185defd,67056,,1,247,10
ag759ba5172235f5,56271,,1,242,9
ag15493d18e77598,17924,,3,218,6
age20700b2a5f12f,3634,,0,292,14
agc93b2583f98bb7,35559,,0,285,13
agcdf045b2297e31,23885,,2,225,7
ag19827c08dff925,69284,,0,148,0
agc7f3ded4152649,70198,,1,225,7
ag21c17ddc16f7d9,5371,,2,392,15
aga476c6eb50030b,86118,,0,220,6
ag95c0f0f5b09da4,86559,,2,212,5
ag996d73e1eb3cd6,54009,,3,170,1
ag4ac3e9e11cf0ff,12238,,1,224,7
agea547a0f87b5ec,111996,,2,219,6
ag46999f34b7ad7b,52310,,0,209,5
agce176483b0bd02,6352,,2,289,13
ag8e4a4dadc64259,12800,,0,274,12
ag4bc567d6002142,39095,,0,220,6
ag5e907b4abcb57f,81853,,2,190,3
ag2c9efc2a83b47c,11641,,3,129,0
ag0e5b4cbd5aa8cc,81862,,1,264,11
agfe99642080af1d,48810,,2,245,9
aga847da74c37f27,28523,,2,126,0
agb9e0afba2f09e2,111193,,0,270,12
ag00e74a7ae9830a,13882,,3,241,9
ag003937109f94b3,22153,,0,250,10
agf8407038732528,73364,,2,536,15
ag8ea338aeec2ff5,30484,,2,252,10
ag7be4162c740168,96334,,0,314,14
ag24d92be7f87cd9,49072,,0,190,3
ag33318834899368,12294,,1,205,4
agd7957b8d56e795,113043,,3,236,8
ag07a1dc2f61ea62,82035,,0,260,11
agb0d9ef9ce16855,41828,,2,272,12
agdcf611800ee2cc,18602,,0,274,12
ag9d81b43062ab19,47394,,2,231,8
aga72d24a5f639f7,94788,,0,183,2
ag6d9fd05cfbad83,71349,,0,215,6
ag2cf653031d8982,45169,,0,204,4
ag0fbe44abd50c66,13302,,3,310,14
age7bac349a12096,80545,,1,244,9
agea06763b32a9b5,33886,,1,252,10
aga8f80317ef5eb9,87189,,3,287,13
agd1e99c13b6eddd,10726,,2,232,8
agc8340e6530a9bf,78477,,3,183,2
ag78bb23e10a2089,77560,,3,303,14
agf91006df5b5e08,101451,,0,208,5
ag4a38719d141127,75306,,1,209,5
ag42efcec6f95bc3,7924,,2,206,4
ag79cae4a0d95c9f,82266,,3,245,9
ag4f828ff1344ef1,8340,,1,240,9
ag42ad2f9abc2da3,31307,,2,351,15
agbb10f7c9fe5511,85531,,2,176,2
agb321613474af32,79469,,2,262,11
agc143bbe240f3a8,76515,,1,209,5
ag1aee2e3826bb98,107274,,0,167,1
ag591816df4be3e0,106827,,3,969,15
ag0d91bcbfa200d5,11942,,1,203,4
agee8179e20233e9,99962,,3,270,12
age2ec7380aabbe2,75447,,3,199,4
ag942a681c1fc96f,76690,,0,250,10
agf459f7ed37c5d0,46192,,3,243,9
age4c953d42011d6,50161,,0,262,11
agc2c8b019889b92,20890,,3,226,7
ag14937d0456cd2c,20013,,0,260,11
ag66b04e82f73fda,84948,,1,146,0
ag013d58c019fb08,36659,,1,213,5
ag67d1dc5c98956d,90564,,2,277,13
agafeb9a4e52c8f3,59253,,0,116,0
ag52cf7d892e7dbc,17316,,2,258,11
ag2ee55d41d9264a,28440,,3,337,15
ag6745a3ef061296,47140,,3,245,9
aga29429cf43fc5a,71243,,3,174,2
ageee1d77f2a71f2,69052,,2,206,5
ag12782b65619d4e,8536,,1,224,7
agbfee8bd9c30ca9,512,,0,127,0
agf058f01c97fe2e,91348,,1,183,2
ag07000b9d6674ed,105773,,3,749,15
ag7ae1b78af48cd2,16221,,0,275,12
ag97638a84c5984e,25677,,3,126,0
ag3a9e767816efad,30453,,1,239,9
ag70c6c7f628bc19,11003,,3,385,15
ag40a2dae87aa057,77691,,2,295,14
ag5ab332f6bc14f8,89716,,3,285,13
agbdf7df9b92237f,97336,,0,239,9
age9815836deb08f,106881,,3,263,11
ag71117e7f4a6f6c,64423,,3,192,3
age91ef34af5525c,108002,,2,149,1
ag5ae06ce9d47546,49667,,3,341,15
ag687af2b8328dcd,3447,,1,159,1
ag70bd48352c8a70,46735,,1,263,11
ag9f6baf5929f24e,85023,,3,190,3
age064a37a57a4b3,20583,,0,230,7
ag58560549b8ab3c,30155,,3,207,5
ag030b6dd9d10a7c,36182,,2,194,3
agfe9639de53afc7,72730,,2,263,11
agcf45f637b6bb1a,117247,,2,203,4
ag96ae48fb10fc10,81717,,0,284,13
ag7c802c6a9ef3ca,28771,,2,224,7
ag11b116e24f286f,34049,,3,556,15
agf64e5d8fd5883d,8579,,3,185,2
ag9ad625698f55cc,33733,,0,231,8
agfbb4cd198453db,84210,,0,133,0
ag12e57754b13656,91235,,3,267,12
ag8c1e6078c5b462,37769,,1,245,9
agcbb66c59aa208f,100896,,2,225,7
ag8eded503ddfe59,46211,,1,204,4
aga891f82842f10f,65469,,1,283,13
agc54f68f7310768,56364,,1,158,1
agd57d7d3e802529,99716,,0,278,13
ag408bbe700cc32c,36686,,2,220,6
age1af3f3799ef62,115594,,1,338,15
aga858f0d63510da,106311,,2,139,0
agd856ae03da4dd4,17320,,2,256,11
agf9f54d930c77d6,74399,,1,210,5
agcd3bf6f3410633,53968,,0,216,6
ag40fcdf3683c202,119445,,1,169,1
agf4475bfdc5e888,85174,,1,171,1
ag90afa77303e02b,37494,,3,221,6
ag26730a20c2d750,12395,,3,199,4
agf225452d542b55,28505,,3,275,12
ag128bd1c428e64b,27336,,1,238,8
ag95ea3265a861bc,118995,,2,291,14
ag705370d4595b4b,83803,,0,248,10
ag54f5b665910064,83173,,0,239,9
agd51dfc4c037ddc,90627,,2,226,7
agd3c9bbb9620cbc,90402,,0,230,7
ag6ede4e38c2c6e1,116540,,0,285,13
ag4ac3d138c6cdc6,95621,,3,121,0
aga2721f33773363,95317,,3,196,3
aga3455aab6b1a72,54812,,0,223,6
ag76b3f773516d07,106720,,1,224,7
ag260aa69c15b83b,47173,,3,221,6
ag1c78452dba5626,108028,,3,166,1
aga6bb1777451abb,27099,,2,203,4
agbd068a84d8d5e2,31464,,0,266,12
ag4c713b9dd3a0a8,50148,,2,295,14
ag1e0e226ba6c188,511,,0,130,0
ag1bc4c2501a9305,81213,,0,165,1
ag346c80da3ee4e3,110414,,2,240,9
ageca477a364985d,105606,,3,284,13
agb9d4db24b0bb86,26040,,3,256,11
ag2db1ceaef6ee0a,103710,,0,270,12
agd9b5eac6442863,72774,,1,280,13
ag17b89e136475d6,6022,,2,192,3
agd1704edd1a49e1,57396,,1,157,1
ag027cd7b3c2c011,30972,,1,262,11
ag3c57b4d222bdd4,78078,,0,271,12
ag76daae08dd0f93,101037,,0,183,2
agd9bc156238da75,106005,,2,218,6
ag9c384445c89c59,106442,,3,346,15
ag83f2dfc235a19a,75652,,0,253,10
ag8cc3df06ffa303,10949,,1,168,1
agc5ea3e18a6ca90,2477,,0,282,13
ag60f5a51f947aa4,52902,,1,166,1
ag0f143d230c3f30,119600,,0,253,10
ag32068ed53359b1,23012,,1,205,4
ag396c9f4d205557,119634,,0,200,4
agb353856398ce09,115636,,0,275,12
aga65dbb0af34cb1,112684,,2,223,6
agc2150117c4720e,39090,,0,396,15
ag3cc4b4d014e7fe,82139,,3,265,11
ag15f25359df68f8,19002,,2,230,7
ag06294151bcd21e,39001,,0,294,14
ag4a2be7579cff44,105987,,0,189,3
agb0aa4dbb487390,99071,,3,153,1
agd3b2f2344be478,17585,,3,193,3
ag0f100ecb68d9b9,82669,,0,266,11
aga4db79504f3f24,28000,,0,322,14
ag56854ba15d8d0d,53069,,2,182,2
ag7692780cb0cd60,44401,,3,191,3
aga8bb27c7674ae7,71169,,1,234,8
ag38f6d102ec66fc,113736,,0,172,1
ag85b5608a080f60,27298,,3,189,3
ag0f4a22b81bf659,53182,,2,304,14
agd31f350343cbcf,87338,,2,244,9
age3e92b54e32a3a,12384,,2,259,11
ag26f32dba5260cf,107722,,2,214,5
ag750d81382c0451,91799,,3,350,15
aga975681ad32f22,34250,,0,287,13
agba0ee03bd502bd,98559,,2,239,9
aga885a3f79a9329,88532,,3,180,2
ag0a793500609065,15523,,3,214,5
ag8a5e3f29fab971,75318,,2,206,5
agf982192102607d,49422,,2,401,15
agf6a86a856a5bad,42783,,3,234,8
ag7b523dc5d0e350,115500,,3,245,9
ag2db9f8fc8a8453,90346,,0,255,10
ag8866fd8bd73906,119221,,2,198,4
ag2dae11ef0ddcec,8227,,0,191,3
agb99cee97a76bcf,4331,,2,289,13
ag042c2b260957a5,90014,,2,187,3
ag18ea3600c785d7,69080,,3,177,2
agfed72383edd253,110435,,1,294,14
agf0909e9096ecc2,110082,,0,280,13
agf25f35c17447d7,813,,1,227,7
agd5d9819890a58d,22562,,3,228,7
agdf3f738c81bbba,90026,,1,226,7
ag3589bf2e799785,72957,,3,272,12
ag33fd5d8e87aafe,41454,,0,288,13
ag06028ec50ff0e9,67094,,1,207,5
ag3f6c323938facb,71145,,1,191,3
age6dedfe7f852fc,20759,,2,195,3
agf25cd8d037445f,72213,,3,112,0
ag25a01a38e3f592,83006,,1,172,1
ag3fea16d5b9cc32,68287,,1,203,4
agc64de2ac4a73ab,72174,,1,254,10
ag57af31857a87e5,31146,,3,183,2
ag45740e6098743b,37893,,3,221,6
agff426fde99f380,25489,,2,179,2
ag1b86d0af4ee4bf,70553,,0,243,9
ag99f54bdf23e1c7,29728,,1,190,3
ag6545e5dcb0983a,33544,,1,219,6
ag6024984ace8bba,115689,,3,104,0
agb9bd53f9c930f1,30935,,0,365,15
ag1e1bc15a0c9059,24013,,2,312,14
age8777c52e21cd3,780,,0,297,14
agb9f112c36adca9,36836,,1,368,15
ag7134bbe774a7a3,23942,,2,121,0
ag32faa0a7bbfb1d,85769,,2,191,3
ag307c1db257fa16,98281,,1,242,9
ag2e65ea513952a8,69078,,2,200,4
agc11e91b1790bee,17120,,2,181,2
ag9e3f211e89be9c,95537,,2,266,12
ag2b1c55aa60eacf,54063,,0,231,7
agfd87cf0e05354f,76274,,1,166,1
ag3cc754fed1bf36,4548,,1,251,10
agb4be09ffe860cd,38466,,0,234,8
agb0c5a0e5be1d94,13204,,1,308,14
ag40920267103548,70648,,1,242,9
ag9134ff5b3b52db,68642,,2,301,14
agc31340d2ce67e7,22112,,0,299,14
agc6c74ea672b973,65365,,1,242,9
ag52c896d1331547,57562,,1,282,13
agebceb174a6f284,46505,,2,256,11
ageff7a67fc1fee3,97012,,1,211,5
ag6e2364b5178d32,9741,,2,260,11
ag8051fb32039c1b,33020,,2,268,12
ag8df5811910f447,5882,,0,351,15
ag5acebfb7d7c471,84094,,1,198,4
ag235f9f5b898fbd,103480,,1,164,1
ag03e73b8fd3f62d,152,,3,308,14
ag6c6366129e223b,17319,,2,186,3
agf4c63ee951cf7a,5474,,2,273,12
ag06bef3953e0f88,42005,,2,212,5
age07a908598e651,110744,,1,242,9
ag502ac54560505d,83483,,1,282,13
ag6da2447f6dd49c,111516,,3,261,11
agdc1e74a1de662b,48849,,0,280,13
ag22bd056a11b63e,111966,,0,287,13
agc49359cde17ae8,26855,,0,215,6
aga6bd1ddf1d9574,34980,,2,254,10
ag9e8b7d7b1398e5,104415,,3,340,15
ag5e47d2bd5aef6d,19459,,1,236,8
ag056462b73d85dd,28723,,0,252,10
agfa5901b9c1935d,78910,,2,215,6
ag62ac66113b82e4,36286,,0,229,7
ag68b36d8dd8eccf,107434,,0,218,6
ag396571d0651083,48876,,2,258,11
ag982fbd09abd281,79413,,2,246,9
ag50096489d23530,65294,,2,205,4
ag2d20946945a723,20236,,0,139,0
ag46f63a91adb6fa,72627,,1,331,15
ag86d05b1de49836,38961,,0,246,9
agf56ec3053c788a,11260,,2,193,3
ag3b9d4f2a40c1f6,17335,,3,268,12
aga388aa1c8f2887,16031,,0,233,8
ag5d828a48446a21,79865,,2,266,12
age384f4857eefeb,106498,,3,243,9
ag8242c8ad2deaee,11012,,3,173,2
ag58094a41393a1f,6958,,1,227,7
ag40ece946f433a8,34004,,2,239,9
ag51379f050ee311,53194,,2,202,4
ag24cf6951d8e22f,71828,,0,120,0
ag92627bb0c7d7bb,79372,,3,319,14
ag3fba9ac207f1eb,89335,,0,264,11
agefcb6dd051614c,94803,,1,276,13
agc02cd08db79277,94899,,1,165,1
agec00b6c45fe85d,109184,,0,203,4
agb8b2b1af9ceff2,55483,,1,183,2
aga8eb01bbf1e0e0,89266,,3,494,15
ag5900ed681de332,89629,,1,369,15
ag86b85afeb97b69,50895,,1,377,15
agcea0751ef7aed5,43313,,0,357,15
agf5b2e497c54b22,109424,,1,208,5
agcf34120cc1ac75,2711,,2,307,14
ag9de5200cc7a14f,89757,,0,270,12
ag4f2f2eb92ded9a,48588,,0,154,1
ag88bab08e635e17,5482,,2,200,4
agc75fe58a3ff80d,10412,,1,336,15
agaa42fc28c06730,39025,,1,229,7
ag17a535388e592d,84520,,3,367,15
agfbf7f267631798,88436,,2,176,2
ag221f6cc16ee537,107903,,0,225,7
ag455632922d1b8e,16418,,2,251,10
agbbca00f17097b0,99293,,3,269,12
ag6ff999097f2c95,85655,,2,370,15
agf7b06de0582518,28830,,0,217,6
agc6794febcba219,17940,,2,247,10
agf6c79d4f26f761,10144,,1,177,2
ag27d72ce86f1b45,4321,,2,181,2
agd5431f194f93fe,119079,,2,222,6
ag3d85f8898250e9,93293,,1,159,1
ag48e42656f67eb9,110739,,3,226,7
ag9b2b9344a1611e,27804,,1,203,4
agea16338e953099,71113,,0,198,4
ag09854f888c452d,17778,,2,325,15
agd96688d8aab896,47190,,0,231,8
agd794e05a679c91,53070,,2,231,8
ag66d34f22931293,60500,,3,204,4
agba8391ee3f4b8d,13025,,3,328,15
ag6b8a6993b6a4f1,94325,,2,386,15
ag958987ebb53026,31456,,0,226,7
ag8c429070af2ca1,65630,,1,223,6
ag3ad4d7366c7295,5579,,0,149,1
agd7d91c63f09a0f,100799,,3,174,2
ag6f7653a60a0af4,59908,,0,200,4
aged8169a06c9252,47474,,2,215,6
agfa648adb8bb3f2,49463,,0,274,12
age3fb404f03750c,53535,,0,250,10
age22bf136079df9,16922,,2,226,7
ag0e9dc90dcf74ef,60946,,0,197,4
agc691b6ff34eb9f,41462,,2,261,11
ag4bbed42e372bc2,81795,,0,179,2
ag56837cc6746c9b,113081,,2,183,2
agcd7b65d1cf418a,27384,,0,283,13
agf39a70406ed7d1,115081,,0,210,5
ag001d7b7d1d415a,98701,,0,264,11
ag773df77e847592,33189,,0,210,5
ag9760dadd8a194d,47432,,1,229,7
ag1b17787c062315,115383,,1,198,4
ag0c8eba309b6625,87444,,2,165,1
agf1a4ec5a9ae0fd,44075,,1,256,11
ag8944b5607b9981,10780,,0,252,10
ag46f328a95a4fb0,108639,,1,235,8
agaf1df79a56b6c5,102778,,1,206,5
ag51b2e7dfdccdb1,46989,,2,258,11
ag98cdd87ab97e11,18148,,2,258,11
ag8f43f0f1a3f2c5,34107,,3,414,15
ag1ac8adbd5a214b,87234,,1,181,2
ag31affc93cdbbad,63441,,3,298,14
ag8cfb046b85e5da,98821,,0,213,5
agbbcf0454fb343c,62649,,1,250,10
ag000855a34ecd98,12078,,0,228,7
agb9a7dd2bb0afda,101002,,0,262,11
ag4754b1e135c663,17694,,2,252,10
ag0525a8bb86fce5,85592,,2,242,9
ag0eb26778c17237,67361,,2,304,14
agd37e4fab73ed16,112318,,2,258,11
ag5e791764b35870,32025,,1,189,3
ag8e61f7fa0fb312,68454,,1,173,2
ag0c158dddfd4a81,109468,,1,263,11
ag114be49c8af9fd,92686,,3,187,3
agaaa66eebbfdf1b,97431,,0,293,14
ag2b585f6bc3cd82,85360,,2,238,8
ag12d58a11a3b3dc,5998,,3,213,5
ag9cb7c5863db1cc,39558,,2,199,4
agaf772a3a5ca2c6,68385,,2,206,5
ag3ffc3954a26ab4,107063,,0,229,7
agca1bf7782836cb,53625,,0,261,11
agd6878a1784b4e0,26170,,2,230,7
aga7bde33864946a,116490,,0,255,10
ag73c10a6de4180d,8819,,3,270,12
ag605fd581374cbd,118568,,0,187,3
ag898d99d9d49e87,116070,,1,196,3
ag560d72cf6f3966,65324,,3,173,2
ag9f0621f8d50682,80550,,2,280,13
age16bbd45dd0591,60313,,3,266,12
ag9ce8b000a150c1,43888,,0,288,13
ag7355adb986b5f1,60407,,1,177,2
ag5a00a5d9692dd5,60587,,3,243,9
ag878429ced1995a,105423,,2,179,2
ag01afc381d0416f,1196,,2,160,1
agcb49d2c02ecc9a,114066,,1,419,15
aga6db4704599515,80358,,1,274,12
ag38fdabcc4c3276,74933,,2,251,10
agce4a019860860b,103599,,0,268,12
ag1a7e846d9bfd8b,13800,,1,287,13
agdc8a58f88b6113,98493,,1,203,4
agb0db08074d2f47,58066,,0,159,1
ag67cfe1ed01cc26,50579,,1,310,14
ag05c1bcac956dc5,56061,,0,242,9
ag42dc6dd3f93e68,98068,,1,166,1
aga30aad53b27996,67176,,0,227,7
ag165358c8ac8d33,112215,,3,185,2
ag00b1b318e36280,18595,,1,160,1
ag292251e99b3586,82289,,3,134,0
ag0912b97f9f349a,2251,,1,254,10
ag5ece1b286f7a74,105675,,3,218,6
agf3b9e9d9dfd911,96914,,3,188,3
ag12dd97fbc8860c,17703,,2,176,2
ag47bd20bf3f6159,50463,,3,139,0
ag9ee606e7b1fadd,11052,,2,243,9
ag041f3423edfe65,116455,,1,277,13
agfb22cc7de066b1,59533,,3,116,0
age630e0991ec4bd,65899,,2,226,7
ag987ddac8a6cfa9,85979,,3,271,12
ag2d0869e34e34ba,118636,,1,229,7
ag8f4783d847c275,98586,,3,187,3
ag8979c140e95fe7,106761,,0,211,5
ag48437d6c8db14e,105865,,3,157,1
ag6a35a9bcf4feac,73044,,0,236,8
ag098579f56cf2bf,29902,,3,250,10
agb01b876d8ab69f,113053,,0,232,8
agd734d09ec90e84,112263,,1,331,15
ag0fbd7f4da50e1d,96770,,0,209,5
age00042adf0d0e1,42543,,2,306,14
aga04d1f7dc3d186,49178,,3,136,0
ag05a579d2e73dad,3440,,1,199,4
ag800caf246da79c,97810,,2,232,8
ag939e365ddc41f4,949,,3,222,6
aga5142e10cd13e4,119756,,3,254,10
ag368919bde6f574,86110,,3,314,14
ag445c1b75b8af27,54733,,3,222,6
ag257eaf4fcf2db5,91717,,0,267,12
ag1744128defab9d,16061,,3,187,3
ag17fa258437e04d,46967,,3,201,4
aga7259243eeb7fe,41437,,1,232,8
ag43c9a6b5b47743,17917,,3,163,1
agd2eb1a875b6e21,13573,,3,148,1
ag301771ffd2b275,1683,,2,312,14
ag21e4e5c2915e3c,64863,,3,249,10
ag01c6c0bbe99b97,35715,,2,257,11
ag2f1e625f6692a6,11233,,1,242,9
ag6bfb935f4f8500,102224,,0,303,14
ag3905ab9027cf88,12666,,0,238,8
ag834e68eec9bd76,101573,,1,237,8
ag8bfcb1030bca09,42632,,0,191,3
agc22242b938488b,3172,,3,280,13
age56f6680e24ac1,55240,,1,283,13
ag3cbcee550356d7,58117,,3,193,3
agb91547d7dd6d0b,4016,,3,246,9
agccd77abf630642,27333,,2,238,8
ag657baa72a2f447,41792,,3,212,5
ag795e158df7c291,87640,,2,268,12
ag91929faad53b2c,55298,,0,240,9
ag4ae5c243411405,60982,,0,132,0
agb46c616a1d0ffc,3017,,3,108,0
ag8ec30cf486636c,104649,,0,251,10
ag1e1e2e318c3575,34235,,3,239,9
ag0edcd164b2fa83,57061,,1,193,3
agbfd8118843f27a,95202,,1,194,3
ag0036e5d92b155d,42727,,3,220,6
ag784634619a0786,18151,,3,186,3
ag66f0d70ff3a3cb,9928,,1,202,4
ag02b36aca7e3dda,89274,,2,273,12
ag8cde53f2f2502a,63518,,2,340,15
agb4a74a70a6c4c6,37055,,3,268,12
ag30e7e1016f09e5,49782,,2,393,15
ag1efb1119853cde,4182,,2,119,0
ag2f656321aed7d6,66657,,2,195,3
agc3c4318af64a7d,105683,,0,172,1
ag5c00db3c22785f,16545,,3,143,0
ag7172fffad279ad,4599,,2,215,6
ag24f3eaed36e281,112919,,2,256,11
agf3c1f1bd06e425,67926,,0,260,11
ag21722609717d8c,15904,,2,265,11
ag06edf6af78db53,37627,,3,290,13
aga1c87c518357a6,97494,,3,263,11
ag5e6bc7c54d0dc5,8161,,3,257,11
aga720decde4410c,4062,,1,149,1
age37e979453183b,14828,,3,276,13
ag056dc6968a6418,60272,,3,210,5
ag52c10e61558a98,5096,,2,281,13
ag073b1e765ed5da,82667,,3,143,0
agcaf3a292e5f747,47719,,1,186,3
agc5b29d49076833,39010,,0,237,8
ag37ea514f6cf984,71732,,0,233,8
ag5402e10dd0088b,49688,,1,167,1
ag915e7f1a0a8f24,38898,,1,239,9
ag995bf056e744cb,65775,,1,204,4
ag4a9e34671e52d7,80849,,2,281,13
ag0f4f2939bbdaa7,117355,,3,170,1
ag520d8f2c8c2435,117525,,1,189,3
ag2e1b770708b7db,113681,,1,237,8
ag7a8f72ae2adffc,75770,,2,283,13
ag1128f0818225b9,16256,,2,240,9
agbc310a3cde9061,106907,,3,265,11
ag5efb1c7547e95a,38617,,2,473,15
ag0b9de19961ec9e,7835,,2,392,15
agdcdfd087ddcc30,49355,,2,199,4
agd08d4cc0f01e06,14284,,3,221,6
ag8b273ffd686a9c,90979,,1,161,1
ag4c23c674e72158,50127,,1,188,3
ag871c55b6f5b33d,67258,,2,211,5
ag755c63b292ce71,25261,,1,220,6
ag9ca17b9bd858f6,11472,,2,217,6
ag78c7f6d34f10a9,29636,,0,224,7
ag449772085db0e7,43139,,2,278,13
agea28dce5544e2a,7660,,1,179,2
ag663a5400ece451,32099,,2,268,12
ag85bd8bd21e3a9f,114801,,2,296,14
ag17aa062dc65e9d,4807,,0,316,14
ag36a3ffc816a469,63902,,2,229,7
agfabd128d427b7b,45052,,2,166,1
agc1e66dcd28d24a,60923,,3,199,4
agd46b0d7bfc1c91,19042,,0,265,11
ag133c8efe9e3960,38954,,1,244,9
agfb06ce53417e24,46257,,3,136,0
ag9d6f66943b7751,2506,,1,243,9
ag0b54c974a59442,73537,,2,266,11
agd455a9cf7a8469,112840,,3,278,13
ag950afda0f76a04,94572,,1,178,2
ag69dc6506a45885,98834,,1,187,3
agf776582c92296f,109592,,3,390,15
ag985acbd2a52298,2314,,1,256,11
agdadd4cdd51ee51,110882,,0,189,3
ag2f1b90eb1312ce,20702,,2,227,7
aga48d25e3d942be,81757,,3,196,3
ag36389b91676241,41168,,0,268,12
agb976372a77c941,100189,,0,246,9
ag2b285bb2107494,23085,,0,189,3
ag257c75297fa945,42605,,3,220,6
ag51642dacaf1e2e,12310,,1,357,15
agf167b31eb7f9b3,108007,,0,272,12
ag5d6a421060642f,61523,,1,205,4
ag570d9d196b1613,14926,,3,189,3
age982ac965243a4,25422,,0,243,9
agca0545421b4f29,105889,,1,217,6
ag047bdbd4e34d54,3243,,2,268,12
ag34054ffd429c69,72826,,1,217,6
ag9010fa490270b8,16998,,3,270,12
ag263ae41d6502dc,97746,,0,283,13
ag94e9d09b6797e5,2944,,1,208,5
agcdf45173592e3a,29596,,0,300,14
ag520e513cd6ddd1,96876,,1,248,10
ag583afa22e0c3b7,38772,,0,207,5
agf6bc0000f8538f,109241,,3,191,3
agdc701c7c6ab6fe,46242,,3,254,10
ag72af8411491b0c,67140,,1,249,10
agba9dde9e8f5ba4,14041,,0,279,13
age901fed70e816a,60865,,3,151,1
ag9994d56a219a9e,65886,,3,229,7
ag7e5187a49c6480,60401,,2,185,2
ag7cae39929fc371,55023,,0,271,12
ag6d2ec29a6ce7fe,91863,,3,222,6
ag3af7ddc4eb73d9,117965,,0,211,5
ag3db6f3d31bb37c,22670,,0,231,8
ag4834ab707a25d7,99403,,3,133,0
age81f4e990d075d,61125,,2,244,9
ag0f365416933248,69180,,3,287,13
ag50fef3d02929ec,64380,,1,247,10
ag804ee0edb6e23a,9095,,0,257,11
ag352b380f270fce,69639,,0,278,13
ag7bc1fc06ce44fe,87939,,3,271,12
ag74d57c84586d9d,57453,,3,207,5
ag6742042e9716ae,91603,,3,191,3
ag02fadcc2fd228f,40247,,3,238,8
ag34ef1c92d56c65,33584,,3,225,7
ag14cff90005b4fc,87119,,1,312,14
ag52500940b0d67f,59501,,3,154,1
agf7c368fc802c29,4653,,0,147,0
agde0c9f287fca16,55892,,1,216,6
agd58b0b98a4f156,107174,,2,239,9
aga7e7066982827f,114468,,2,244,9
ag2de9793d27a229,75305,,3,212,5
ag27140a00a446f0,71128,,1,130,0
ag12e1e6c1daa1ad,101182,,2,296,14
agb238985240e7ff,11265,,3,224,7
ag801cd489beb6e0,117498,,1,246,9
agd8c574814c996b,48914,,2,201,4
ag9525a7132d4b0e,64936,,1,273,12
agbc376c15462731,58154,,1,192,3
ag0601517aaa3a71,112789,,2,993,15
ag04515ad50fe723,53971,,3,256,11
ag3c22efec96bcf0,62172,,3,228,7
ag477de039c26a96,4508,,1,202,4
ag95aedabb68a9a8,29962,,2,101,0
ag35865cf6906123,53524,,3,292,14
ag881b6bbe94e545,74471,,1,301,14
ag4bcb43733257c5,103292,,0,275,12
ag492f797fc1fc0f,31552,,3,265,11
ag403a75d1522836,2154,,3,393,15
ag9d3d44f1fea188,99295,,0,408,15
ag99d221a247b207,22007,,2,250,10
ag602735dbba648b,119689,,1,158,1
agc21d9e1d65ee0d,41145,,3,173,2
ag5adcfd94975bc0,74339,,1,166,1
ag7d54202130fe55,55035,,3,196,3
ag76c0adf923432b,35800,,2,228,7
aga22fce2170258f,104028,,1,183,2
ag154263c3614ab5,102330,,1,230,7
agdba9c20e1e89db,9872,,2,207,5
agcfeb88e7d67af1,32530,,1,172,1
ageabc7ca39c9fd5,57226,,2,189,3
ag59af958a16d063,50469,,2,187,3
ag842bc6191bbb24,56054,,0,201,4
ag13a20d5e8c3a80,40053,,3,176,2
agbf79b22e09632d,72168,,2,218,6
agaff2a1aa8ed7de,99144,,0,334,15
aga5e30474797244,70222,,1,212,5
agfd6ebc126dc085,61504,,1,212,5
ag381a8e2ea91987,115882,,1,205,4
ag6b0425847a42ba,47499,,1,255,10
agcdfe6c915b3d49,30273,,2,178,2
ag81b62e3b558b6f,3235,,0,564,15
ag362f263b210c0b,30111,,2,229,7
ag756b26443fe6c1,24209,,1,220,6
agc91a63d00a1539,77208,,2,220,6
ag93c46e17ab3686,9274,,3,167,1
ag394deab1136d37,101081,,3,249,10
agaa014da204eeb8,26597,,1,239,9
age591b1c9dae6e5,40527,,2,183,2
age1f3b42af0f4e2,117752,,0,225,7
agc8841a7b227ea3,77739,,0,306,14
ag1707376cedf79d,103781,,1,407,15
agee93d26e91876f,113773,,0,241,9
agb7de1c52f89cea,53185,,3,296,14
ag8785d014a8e89e,76386,,3,238,8
agf9b080a155a40c,95816,,2,194,3
ag63177cf2de1454,107163,,0,148,0
ag47ec8bc0fc5c2b,75039,,3,196,3
ageccb0df232b11f,32311,,0,291,14
ag6f59ec0cf13081,112248,,3,278,13
ag43eae882e4bbfc,118559,,2,231,8
aga1c2b18772cad0,8170,,1,143,0
ag1580ef01a86518,94062,,0,217,6
agab5c4f6788554d,82312,,3,279,13
ag097e35eef06ee1,22203,,3,131,0
aga6981ff8e9e1ac,103262,,3,193,3
ag00fe423ccff684,91885,,2,283,13
ag6e467496bfcef7,95049,,3,266,12
ag799162c8238fc6,53363,,0,305,14
ag410506ddeaa81e,34257,,2,514,15
ag5979c73d320072,90152,,1,186,3
ag412c8c8d98ef69,113385,,1,231,8
ag7880c463fa572f,70793,,2,296,14
ag46d4d9f9b571e4,73436,,0,255,10
ag785805aa644ab2,55177,,0,281,13
agd5dc644782d5bc,30459,,1,244,9
agc9090d93ba5443,114592,,0,100,0
ag4db5327292d3b3,49220,,1,185,2
ag72e1d752732039,40892,,0,201,4
ag7fee4a1823182a,111374,,3,188,3
ag92a0d82d497e7a,21753,,2,186,3
ag182654b66c41ac,90455,,1,252,10
agcea3a0a4d0bb03,37749,,2,217,6
ag9ca2c8456a29de,82172,,3,173,2
agd79e640db816f8,25720,,1,229,7
ag72f54f40265f4b,16191,,1,225,7
ag567e41370579de,62484,,2,221,6
ag79b4d92e29a1d3,94281,,3,257,11
ag77c2c3db135c06,48529,,0,263,11
agbb0dbbd066d0fd,66888,,1,224,7
ageee5d1cf18f6d9,84941,,2,255,10
ag94a552a7941fbd,26905,,0,316,14
ag09daf0f917fcc3,55065,,0,216,6
ag8da1c1a9347997,15666,,2,213,5
agc6601226d5d083,65770,,3,245,9
ag2e318f060019a2,102083,,2,200,4
ag9127587fc7e31c,12429,,1,199,4
agbedb3d079431a9,116449,,1,223,7
aga58217e94f2b09,8766,,2,237,8
ag78faebe1b9e6c7,60079,,3,181,2
ag4dfd3b64934542,313,,3,169,1
aga2fc1e24707015,101777,,1,230,7
ag8afa75841c3dc2,80922,,1,190,3
ag3cd4a4894ff0e6,97283,,3,229,7
agac46754a13d937,115043,,2,259,11
ag56ddeefaaad7bc,110583,,1,281,13
ag5c5cfc8f43ffe4,50711,,2,212,5
agcaa8abd896176b,53840,,1,318,14
ag279a71bf9814b7,101194,,2,271,12
ag8eb362aa29b34f,5282,,0,250,10
agcd096188a6ba3f,68098,,0,257,11
age507387704e3cc,6590,,1,249,10
ag94fea031a780c0,37878,,1,198,4
ag1b3d64cc719223,39471,,2,229,7
ag0d3b01c07ad4ed,90106,,1,227,7
agf929b09cfc7d5c,91586,,1,196,4
ag21d4008f7d1521,76055,,3,155,1
agd320f10a2c160d,1619,,1,248,10
agfbc618b15b51a1,114132,,1,285,13
ag0b5d02e47c2ac1,82957,,3,252,10
agedc7e74763ad90,436,,3,195,3
ag75c03af19192c4,91671,,2,179,2
ag1d4ab916c7ea67,27373,,3,262,11
agbb6d65270b79d6,29658,,2,250,10
ag628098d8a9d271,98496,,2,135,0
agbceff2a0baa7d9,62098,,0,244,9
ag76b8c8e55e1c9d,66396,,3,265,11
ag418fa931e7f60c,5025,,2,140,0
ag5e6b1eedcd0d50,29151,,1,234,8
agcc4324f2883da0,50003,,1,206,5
ag37060e64034c5a,60538,,1,253,10
aga1eae4e5d0cd24,62519,,0,126,0
ag4ac9e9abb9b535,22402,,2,214,5
ag49552c2c1b6f1b,99053,,0,166,1
ag4e3dc53f77e94f,79149,,1,224,7
ag642cab3291a837,73540,,3,227,7
ag488173dab9720c,74008,,2,170,1
ag0468249bc506fb,44118,,3,129,0
ag4499975d52b080,20878,,3,128,0
agbf91fd715e9942,108184,,2,172,1
agfcb2990f2ed632,104239,,0,493,15
agf9a3987538c6e7,23083,,1,194,3
ag5741b50e8c80ea,53808,,2,206,4
ag4d95b6eb359c5a,52959,,2,163,1
ag515d45aeeff771,4381,,3,278,13
ag947830273a4a00,27723,,0,273,12
ag18e030179e2526,51954,,2,163,1
ag2b5d59cbce2500,9308,,0,138,0
agbc0b60b8d698ab,53546,,0,265,11
aga79170163db401,64356,,0,169,1
age87ecca6cc9423,92266,,0,242,9
ag7270a662c5b48e,105537,,3,209,5
ag9e11fb2922ccd2,100385,,1,256,11
age40659a3dea5be,37024,,2,398,15
ag259b1e6dfc1588,88232,,2,164,1
agedbd108187d1d8,60480,,3,229,7
agc5fb855031acb2,30761,,0,252,10
agf4d620fcdf569b,98429,,3,276,13
age77be530b81d2a,99024,,0,188,3
ag7df43c89a4892b,81974,,1,156,1
ag09c3722338ab9c,62453,,1,192,3
ag0245cdd369f80a,101347,,2,215,6
agb44f0c02eccb06,12154,,0,305,14
age52d601c7c27fe,76643,,3,234,8
ag108b83eabdeccc,44490,,2,286,13
agabf7bafbb0daa7,3610,,1,274,12
ag1e5377fc771535,56174,,0,212,5
ag27c4d08f506311,42519,,3,243,9
ag261a3103002814,47228,,1,225,7
age61dd5ea462177,89260,,1,245,9
ag1c987ee2edf6e0,111385,,3,158,1
agc1da089f155206,88936,,0,215,6
agd237d4e608cc66,103430,,0,269,12
ag1f7a9d1e99b16d,80466,,2,266,11
agbf2cc13c20976e,95571,,3,179,2
agd9d4927b1104b4,38765,,3,167,1
agb9f8ff6487ec35,62989,,0,144,0
ag9463321681fa03,90980,,1,232,8
age2bbbd48c56ee8,75860,,1,187,3
ag7de8ecc3024687,37301,,1,219,6
ag0ae4a6ea6906a6,63388,,1,245,9
ag8b686d683fb3af,10836,,2,288,13
agda85ee9cf3725d,72653,,3,268,12
agb86584d894dd21,3171,,2,301,14
ag244756b3c1c9fa,89023,,3,169,1
ag9e2f4e7551a906,57422,,3,228,7
agb0dee25d6ab2b5,6414,,0,253,10
agb98bbbdd3d42f6,3608,,1,173,2
agf91a5d1206b334,75097,,3,162,1
ag0bdb3e7770dcf5,11140,,3,293,14
ag149636eeac7c4e,4267,,1,344,15
ag21e67248736658,114892,,3,223,6
ag2a10a80ac02260,22069,,1,181,2
agb0f0102edee4c0,21175,,1,234,8
agcc5b6c1f42cb21,33307,,2,205,4
ag1349801ca359bd,54214,,2,197,4
agce3010467396b2,93272,,3,273,12
ag9c0b003553d3b5,93550,,2,272,12
ag25cf8e7a6fe250,35089,,1,164,1
agf0f40eee95350b,18705,,1,227,7
ag28d06597dfa9f9,26378,,3,288,13
ag7b2aada5eaa37a,67591,,2,233,8
ag61132374232177,18315,,1,205,4
agf70d3ef4087189,69887,,1,238,8
agdabf74b8d2cbdc,21153,,0,262,11
ag3f50bdea1e64fa,98577,,2,184,2
ag59828e54a7e49c,50016,,3,160,1
agec1376c4192132,48393,,0,308,14
ag41686a9ff5edc2,50170,,1,169,1
ag253e8aaab48567,92394,,3,254,10
ag330bc53d0dc8f9,35723,,2,223,6
agdaab6d4dc9f989,61265,,1,256,11
ag21a4a7abbf28d4,36849,,0,224,7
agf3b307d18c90a9,47284,,0,156,1
ag51f6ec27313f64,4605,,0,142,0
agcea1beb679af2f,85450,,2,223,7
ag62ea13d6d276aa,46874,,0,129,0
agde1a545db8c11f,106147,,0,231,8
ag385695a8c4799f,112312,,3,254,10
ag4b0b7156ae4a9c,114069,,1,198,4
ag0b425f673bcacd,84244,,0,208,5
ag2cb981daa7729b,55424,,0,259,11
agdf03d411d8cb8c,29339,,1,198,4
ag1351d55b3a0191,7892,,2,166,1
ag48cd4b2b07054c,21199,,1,184,2
aga247d62a1f20ab,58852,,0,301,14
agb45c3f502d6ee1,73870,,2,258,11
ag465db5eab917d7,15674,,3,110,0
ag39c25d601554b5,102777,,1,201,4
agdaa9172c1a40a5,41707,,2,207,5
agf04e5b6dffbc00,50325,,0,198,4
ag2d5ea06fef6de3,100487,,3,132,0
agb9a08655eabbcc,3552,,0,302,14
ag51623fede99be5,86697,,2,208,5
ag82e91b9f99c6e7,72452,,1,229,7
ag2bbd5060acf8e1,107992,,0,180,2
agf5d8b9d0e565b9,80689,,0,210,5
ag9ec14f6d4296fc,34239,,0,219,6
agc47d18afdb290f,44876,,0,115,0
ag768a5d269016fb,35439,,2,262,11
ag94b0cb0a189814,49759,,0,153,1
ag69d1790a558a71,8684,,3,103,0
ag8ad2be9c01c56a,41545,,2,286,13
agbb6abdb45f94ad,63047,,1,192,3
agc5aa38bf93d90c,115513,,3,130,0
ag5163156cd641dd,28517,,0,247,10
agd202d72b1ea908,77447,,3,162,1
ag212d9a8c324b15,26327,,0,276,12
ag64186747328149,46450,,3,343,15
agaa61b1cbf87a1d,60564,,2,194,3
ag68f46392589fd6,64480,,1,302,14
ag592cac69bfa9b6,79454,,0,243,9
ag475b90aa8e72d9,18561,,0,240,9
ag050aff80648bd9,45604,,3,249,10
ag3f923c00a9af67,29287,,2,123,0
ag1b7c46eb7a537d,78484,,0,262,11
ag092473515bedcd,35679,,2,242,9
ag6cb5f81d9e6c43,62510,,0,168,1
ag85b60daf92e655,43236,,1,271,12
ag20cd63cf02224f,50444,,0,297,14
ag0e431812ce4ebb,101869,,1,227,7
ag57109c0d994f4d,11498,,1,211,5
ag89c7dc6d203d86,46356,,2,262,11
ag6d78e6d4d7f9eb,53622,,3,262,11
ag2d9df52ea2329b,60544,,3,159,1
ag38f005a3cc43f4,15690,,2,269,12
agd4fea5281e7572,55936,,1,212,5
ag3fc3ebb7b30576,51196,,1,258,11
ag0cb500eab25aa3,26352,,1,214,5
ag6bbf5e7878d4bc,59661,,1,233,8
agee56373d01d79c,32676,,1,231,8
ag81c2fe00e26ae5,53526,,3,392,15
agb0fc144954db8a,353,,3,113,0
agc90a493586088a,32958,,3,229,7
age1dbce26fe2937,62795,,1,231,8
agccf40c5831dc2f,37773,,0,244,9
agc9a65b97155e42,15733,,3,246,9
agc6156f6a136749,114633,,0,306,14
age5101dbfedf97d,86378,,1,236,8
agee5d795dc327c5,84551,,1,246,9
ag7b8f9e1764d3a6,37680,,1,254,10
ag3fe72e69d2bcf9,83975,,1,235,8
ag24189e77f8256e,98807,,2,301,14
ag5863d346ac9c62,27300,,1,147,0
agf9c5549350d385,76835,,0,271,12
ag9f337896d0edfa,104594,,0,315,14
ag688d83d2115e7c,55930,,1,283,13
ag3f501ab99515ba,46790,,1,241,9
agba3fcee818acf6,58516,,1,217,6
agfd0c1db62111b4,3090,,1,383,15
ag0941f76a190ff5,34935,,2,175,2
agafe83ad70973e2,60777,,3,201,4
ag4f3f967dc4d842,57144,,1,231,8
ag98a718bd04a3c6,60033,,2,293,14
agbd52197b1e8f56,4123,,3,229,7
aga87eb4437117a2,98584,,3,189,3
age2e825de3d4c47,100469,,3,226,7
agd4035304322e0e,110424,,1,262,11
agd71bf1a7d839b2,21626,,2,261,11
ag2eff3265da98e5,51729,,1,282,13
agb116857d480402,23588,,0,239,9
ag992905d557b246,15755,,2,310,14
agbb5093cf02997e,10912,,3,250,10
ag3eb5b895f2a5d9,37095,,3,223,6
ag39a5c387517244,100352,,0,286,13
ag9bd360521fb055,44993,,3,122,0
agf81f1b4f2e2ea6,107416,,2,268,12
age333e60fa8142c,92656,,3,199,4
ag24b062185004e7,112654,,0,280,13
ag200e8d9d1f8734,62610,,1,245,9
ag6ec3a2a7f13f54,14729,,3,350,15
ag4c92dd76388c0a,65024,,0,168,1
ag399ae34c0b7642,90351,,3,177,2
agdbef2080441abf,85990,,2,282,13
ag6ee1ef3d02c5d9,20971,,2,237,8
age2771082e4ab0d,108709,,1,217,6
ag99553126f6de4e,34797,,2,254,10
ag3011adbdfc9c48,11387,,0,268,12
ag1cefc67eb303de,28356,,0,165,1
ag303da4224df698,103494,,0,173,1
ag1e27fef10da110,66324,,3,277,13
agf01476148076b7,52214,,0,328,15
ag52ed313735f3e2,44436,,2,183,2
aga997eadec6e173,109522,,1,210,5
age146ae27c3c63a,83759,,1,211,5
agea7a29379485d3,18034,,3,197,4
ag67d9dddb89ac49,2515,,0,127,0
ag1bcc42866699d2,44350,,0,252,10
agf0c773989e9135,19275,,2,180,2
ag8194f540f4094f,47494,,0,270,12
ag11c2a61eec3f55,48593,,1,269,12
ag69260b8c357926,44577,,3,739,15
ag403ca063d196b4,15716,,0,246,9
agba4d292ecee5cd,114749,,0,203,4
ag89a7e8db28e2a7,79150,,1,190,3
ag4f5a944c7c17ad,47033,,2,240,9
agc58767d785827d,25012,,2,351,15
agc4aa716123fee0,16176,,0,208,5
ag4e5aab9d2bc583,63991,,3,190,3
ag35a46f8f48739c,16928,,1,177,2
ag058195b3f3f618,39053,,2,216,6
ag06833ad26d69b6,107701,,3,259,11
agaec4daf73c6913,5719,,0,132,0
ag6158c9c72313da,40739,,3,249,10
agd249bf1f90f4c6,111227,,3,262,11
aga3a9dc54405cc3,25041,,3,202,4
ag4b0dbf33cfc371,71827,,0,279,13
ag90186f6f5e5250,119018,,3,146,0
agcca920baa1e398,71720,,3,135,0
agfa3398e05db930,24847,,0,243,9
ag31a27b66ed31ae,63891,,3,476,15
ag91b2ca32061dee,58210,,1,246,9
ag14c37c2d497535,34763,,1,199,4
ag823c7657171f83,19469,,0,140,0
ag87e04f137ab8f7,96787,,3,176,2
ag2a06ea9845aee7,72835,,2,208,5
agbaff06e1f66c6c,81539,,2,217,6
ag34a462eaacc406,93940,,3,481,15
agbca31b2abbfc2a,22225,,2,305,14
ag44423cd4380df9,103248,,0,203,4
agb9ab5db80bb806,72421,,1,167,1
ag1783b8589a0677,66997,,2,299,14
ag0812b7c7d98111,68536,,0,145,0
ag6b3a476ecf40cc,82003,,1,373,15
ag57d3e8a02108fa,88974,,0,292,14
ag9a61d3e28ca8ce,22504,,2,202,4
ag1e4219637fb90d,110445,,2,207,5
agbec8bcf0263a8b,41189,,1,249,10
agbe7e80d5fbd635,36578,,0,238,8
agc709308f281622,103649,,0,207,5
ag1242458f0cb130,2373,,1,238,8
age0bf55eb7714c0,94708,,3,271,12
ag7945f98029e538,82498,,3,318,14
ag8492284e1237a1,25277,,1,215,6
ag069151ac5dc847,4942,,1,217,6
ag03bd6d13331c5a,82027,,1,137,0
ag05ddfee7a6d3ce,91148,,2,201,4
aga664f87a246647,30139,,2,178,2
ag6d819bc1087c48,52359,,1,231,8
ag14c23ef1ed50fd,91611,,0,214,5
ag242d23b6b98e12,51466,,0,254,10
ag858e1f99d5fb31,33444,,0,104,0
agc461fd4e7973a0,6570,,3,210,5
ag5007129f50d0f6,44776,,1,182,2
ag0f8942531ca476,106715,,0,136,0
ag7e8577e3e5f467,71598,,3,130,0
agcf78b6b23a2942,26689,,0,233,8
agf0db90e84fb52d,102552,,1,231,8
ag4cc36e7918b735,81470,,3,212,5
ag4b31967bb9b2ba,49968,,1,225,7
ag7f8a577d3e08fc,90235,,1,378,15
ag5dccc2e521b15e,695,,1,142,0
ag212620f84cbfa1,8629,,2,191,3
age2fee7d6c3c69c,60670,,3,273,12
ag10c3872432e3a4,32196,,0,245,9
ag49fb66bf29df26,49354,,2,206,4
ag2afa73645eeaa0,85297,,1,170,1
ag504c235c675381,97207,,3,251,10
agfed581613100fe,65571,,1,310,14
ag2337e42a23b686,63968,,0,282,13
aga3c086f4dfb42d,118364,,1,159,1
agf9bdb84c163c3b,51480,,2,174,2
ag8aeeeb95a54e3b,5871,,3,187,3
ag93b67a425e3574,79341,,3,254,10
agdfcbc08799095a,7320,,2,218,6
agd83614a1f2324e,52395,,0,146,0
ag570b97b120aad4,69351,,0,187,3
aga8afe51288a37b,81904,,1,224,7
ag0ee20fe9ae186f,109430,,3,270,12
agb10957c0fb26c9,38909,,0,222,6
ag3f735771437d5b,67379,,0,195,3
agc7d038cf65f46f,49262,,1,244,9
aga18f2b27205d8e,98561,,3,235,8
ag600eee57d1eca3,103742,,0,269,12
ag418c45fa84cf1f,20139,,0,199,4
ag8b7ae334990b45,55236,,1,242,9
agd9977fc0fc67a1,15782,,0,236,8
ag63bae0fe13393f,51279,,1,211,5
ag6d20d2e575db15,13044,,1,224,7
ag43682df90681aa,14289,,1,247,10
ag4163fe61d00d1f,87477,,2,151,1
agb47361b6d596ba,20406,,2,150,1
ag17a9a4a8e097d9,97543,,0,265,11
ag375294bf2b76ad,106533,,1,185,2
ag7a76ea5e01addd,14705,,3,223,6
ag95e2a94fab45f2,22543,,2,268,12
ag36598c9648d4ad,110023,,1,206,4
ag71e44349a3d1c4,45011,,2,280,13
agd3c6e30cfd7c9b,44701,,0,232,8
agc33b9e69e41c42,116287,,0,267,12
ag53ea305aba8874,5859,,1,255,10
ag2decc3d96e3011,88356,,0,254,10
agbc1d1f801449ef,66654,,0,288,13
ag45dae6291a15b8,70567,,1,294,14
ag45b74bb652e705,116672,,3,275,12
ag90e11750e4441e,12940,,1,371,15
age55e62b4af8f60,5516,,0,292,14
agc667eda6f455e6,103125,,1,205,4
ag17a5738d69c0a5,108431,,3,213,5
ag5434077341b1d0,60466,,2,201,4
agb4608f8c6221a0,118719,,2,231,8
ag0d69db34600cb8,87547,,0,281,13
ag21a13706f73614,93279,,1,236,8
agca292e90876a0c,104308,,0,230,7
ag8f4ca92e8654d9,52924,,3,232,8
agb7f02c67db8757,77425,,1,452,15
ag2d06a511aab266,87556,,0,183,2
ag73c1f9f78cd37f,2883,,0,292,14
ag26af6bf0e6e615,71715,,1,257,11
ag0f3af1edbe4e66,24050,,3,234,8
ag7b9ebe5eca631a,27025,,0,264,11
ag84a72e1f47d708,84035,,1,153,1
agcbf00650e6d741,52432,,1,288,13
ag978ee2439b2d6a,52845,,1,236,8
agd1cb230bb80b9d,98262,,0,342,15
ag454dc286de7f10,91999,,1,220,6
ag6eb3dbd7293e01,62598,,1,200,4
ag9bedd74cc8e750,84123,,1,220,6
agf23ef25ec63931,8662,,3,179,2
agf61729938d4c22,105005,,2,231,8
ag7365a722fc6209,35315,,2,199,4
agea68e240f540bf,102151,,0,244,9
ag6fd9ac4dd65357,38069,,2,210,5
ag80d66795886ee6,10548,,2,160,1
ag436d191aa1fba6,48045,,2,162,1
ag42505b2e2b11e4,104517,,3,210,5
ag6d77ebfa8e6e33,86304,,1,235,8
agbd310b79bdb735,28909,,3,197,4
ag5b106dcc1f405b,15004,,3,203,4
ag79441fc069d6b8,19610,,0,200,4
ag8b80757b828a15,15952,,3,225,7
agbafe92d9c28040,87469,,2,212,5
ag52bc92f5064597,119524,,3,328,15
ag7718332f5495df,86109,,3,124,0
ag03c0d5838dd11d,45477,,2,205,4
ag5d8e46e4ab8d88,69073,,3,149,1
age843b16ffd83f4,116696,,0,294,14
ag1c5fad12f2e9da,112083,,1,243,9
agf368e788ac9b30,75343,,2,186,3
ag601519551aa3f2,48449,,2,276,13
ag694b74ff74d30b,42306,,3,185,2
agfa436045fc95e5,8873,,1,157,1
agedf30e19185b0c,22540,,2,235,8
agb12ee32857cbcb,89728,,1,200,4
ag2cb0f90bab092a,82922,,0,227,7
ag26e84b0d024aaa,33172,,2,282,13
agf2ab9b5ab8cdc3,97417,,0,302,14
agef099f1a0ce4fb,5760,,3,244,9
ag67ef7d67e837b1,109916,,2,215,6
agc0c731e9767481,82066,,0,215,6
age3fa329fdce9c9,26886,,3,165,1
ag695f704d6436ba,3963,,0,347,15
agd6e3ca403c6bb1,11511,,3,238,8
ag30af8e8f7ea7f7,93324,,2,206,4
agbf893397be6757,75419,,1,204,4
ag26b352aaaffcd8,30261,,3,114,0
aga29d20d55cafef,22881,,3,206,5
ag4ff1674168dc42,103917,,3,206,4
ag93f9c9a6236603,40050,,1,215,6
ag5017296d168aa4,89402,,3,298,14
agb297ddd1d17ef7,88202,,3,129,0
ag82715a9e861177,3446,,1,136,0
ag40217691781e37,111771,,2,267,12
agb8ba21339c36f4,78425,,0,252,10
ag54f9a8d2405958,97621,,2,255,10
agf193b1b7afc472,78106,,0,199,4
ag47c22805361a64,51239,,1,168,1
ag36c0429eb58fb1,114583,,0,214,5
agdac1e3954e9e95,112062,,0,184,2
ag029119ee03f2fc,103894,,2,228,7
ag402f29aea52aa7,57975,,1,225,7
ag6119d44ec1b08c,89476,,0,172,1
agc5c0cf81a21217,87025,,2,246,9
ag6457cba6ca1401,96150,,3,257,11
agfea5e5dd57d630,1659,,3,325,15
ag91f2710fdf435f,58272,,2,295,14
agd76e240c6e923d,108406,,0,254,10
ag4834e556ed7d97,9852,,1,185,2
agc5879bdeefea35,87458,,3,121,0
ag2835930dd67cb0,110717,,1,132,0
ag1f2b50aebe876e,48308,,3,181,2
agc4b485806c8297,76252,,0,278,13
agff85d5190f4c76,112576,,0,210,5
ag43e0b1c7ab7167,100415,,0,209,5
agec5945c8431dee,18245,,0,472,15
ag77d03c46759823,100935,,2,246,9
ag1b24c38e1bf30f,50474,,2,171,1
age52d3c2d7ec186,43567,,3,171,1
agcc371c6544093a,76486,,1,198,4
ag3845771b59b4d7,46768,,3,197,4
agb1cb1b2b7bfc67,71266,,1,174,2
ag2ba8b35d8a7544,135,,3,166,1
ag3a20152fcd3219,57981,,0,177,2
ag0ad3d2d89cbbd5,25470,,1,280,13
ag3b157a8a1cc01a,83647,,0,227,7
agd6f49178fa0e3b,59275,,1,188,3
ag940693ff8e9a7e,101452,,2,193,3
agab5f7db51c50f3,71084,,2,217,6
ag81537a995c57b4,93693,,1,226,7
ag0f4e7452ee2ab9,99132,,3,257,11
ag7a3a868dbf2dd3,116353,,2,258,11
agfae5d51180a080,39194,,3,209,5
agd42bd5a6a02342,86938,,1,194,3
ag7675756429f57f,2692,,0,285,13
agf34b6196f69759,96496,,3,183,2
agfdc928280bc575,39548,,1,167,1
ag9eeb2fe595a5bc,43235,,1,282,13
agcb52d78669804e,12195,,3,292,14
ag5aee5e1e7bab02,30945,,3,178,2
ag7f9f5376f01c71,39648,,0,180,2
ag5eb5875776cea5,26583,,2,206,4
ag67df8bd7e45338,26795,,1,169,1
ag0a7098886c6905,65756,,2,245,9
ag21b4a22eaa0d75,61626,,3,353,15
agda385845e46cb2,46436,,1,168,1
agcc4c206518f393,25628,,0,140,0
ag99c7a6d3fad4b9,50649,,0,138,0
ag07b748a6a23fc8,89966,,2,170,1
ag908fa02ef2b211,98388,,3,221,6
ag06dd60868a0e30,38295,,2,258,11
ag73d990ce406b60,72811,,3,217,6
ag17ef3acac4a92b,73150,,1,198,4
ag25e977fd55e9e6,66734,,3,234,8
ag44a0a03a2cfc4d,47481,,0,221,6
ag98fa658bde2b0d,43362,,2,259,11
aga9b2c2a6e80c48,54941,,3,286,13
ag2036404ec3f6e9,117682,,3,239,9
agb3dc7d12392efd,95650,,3,139,0
agf7a5efedce945b,1989,,1,274,12
ag2de76ef32f8100,113710,,1,232,8
ag5fa9b74f06504f,41602,,3,316,14
ag4dbd33be0687a3,26431,,2,250,10
agd9a75da5a3d076,75444,,0,121,0
ag24c60727022460,109697,,1,201,4
ag921316e13840ff,39813,,0,211,5
age28d22edbc9e69,90821,,2,209,5
ag816b88d785ebdf,84834,,1,194,3
agbf91cb7c904ca8,107298,,3,199,4
agee36835cb12499,100889,,0,235,8
ag38049c719b1b0c,44424,,0,228,7
ag49f964676b9d90,25436,,1,321,14
ag905638a0d75b4d,65439,,3,285,13
agebd5aed432b3de,62292,,0,174,2
ag49774f6a90e19e,74019,,0,206,4
ag2063ae06347839,107060,,2,198,4
agbc27837e4bc801,118674,,2,276,13
ag0e699171bc1605,60701,,1,309,14
ag5c5acb2c447d9e,115390,,0,266,12
ag91ba02a6ddf3f4,8741,,0,263,11
ag27fc640816ea4e,29556,,1,266,11
age2a64a40b8557b,16054,,0,298,14
agc8eba742ef4dae,55915,,0,254,10
ag7d28a9bc14ac92,62394,,0,388,15
ag94687d0cf2cfd8,98831,,0,271,12
ag5f63fca68e9e94,13688,,1,205,4
ag3c300d2fab42cb,119785,,0,124,0
ag16603c36bfda41,56204,,0,196,3
ag3f6ebc8e1cef26,29128,,2,284,13
ag9ccc5c3de8a276,54187,,2,278,13
ag3c2ad6da6ee9a4,5712,,2,222,6
aga79fc9724add2d,65541,,3,129,0
ag7034c6c88fe566,56388,,1,212,5
ag8ccdc500d65983,50612,,3,234,8
agcc480154810698,114000,,2,214,6
ag5c0dbea7b57ea8,63447,,2,179,2
ag07c0b5920bbebd,75179,,1,170,1
ag5b27cf284b4dd7,52985,,2,220,6
ag3899589d4e08f0,35615,,3,156,1
age12ca59c6c3320,93829,,2,472,15
ag343e14227b70ce,75556,,3,178,2
ag4fe6c0c5a611b7,45811,,0,278,13
ag166993b6debadb,32653,,1,256,11
ag7b972966cf31b8,102387,,0,234,8
ag68df5c61aa6250,117345,,2,208,5
agac09d95c923b5f,48621,,2,295,14
ag8e3d9e8eba481e,34308,,1,204,4
ag416e999ab80fb3,35803,,1,248,10
agaf52ecd1e58429,109618,,1,204,4
ag822cd4575d5e1f,53677,,3,246,9
ag0ce79f2b6c479e,19955,,0,281,13
ag14a879c215d736,98395,,1,254,10
ag0c7f2f24ce1a75,19969,,0,263,11
agc58c12a0e5b5ff,31726,,0,190,3
aga8e5549144ee12,21597,,1,222,6
ag7e4a5dfba1d3c2,89428,,3,278,13
ag44217ae9cebd1e,45474,,3,245,9
ag787f838e8c8a58,39287,,1,179,2
ag7aa40b2f71b903,76631,,1,273,12
ag408a2d8c8fa359,61064,,2,251,10
ag432dca04a59ea0,112610,,2,244,9
ag335512b7e7742d,52623,,3,191,3
ag292345b8851031,38232,,1,220,6
ag02118638f01f28,79043,,1,212,5
ag92d02491166a65,12802,,0,204,4
ag74298ffe991f9b,96298,,2,281,13
ag31d8784f7eda21,78101,,1,207,5
agfaf50ea7b8664a,52654,,0,291,14
aga99fb81d8a7771,57671,,1,266,12
ag80e951efb086bc,101070,,2,234,8
agad2ea76a37cc87,4442,,3,297,14
agc49ac0111053e4,96502,,1,219,6
agbfc9e2b2407601,8770,,3,313,14
ag9f50c5f93615f7,41824,,0,210,5
ag50b9ae24fd146d,84694,,0,218,6
ag1183c06fc159bd,57145,,0,199,4
aga595bbe16eaf12,48115,,0,289,13
ag22822842a6282a,32314,,0,222,6
ag22fe4d5a9c687e,58700,,0,256,11
ag344756a0428669,115049,,2,187,3
ag83c7bba3528ff2,100028,,0,370,15
ag4d4086ef82f90f,109238,,2,327,15
ag8bab0accf3f7e3,75615,,3,133,0
agfad48c3605b733,88847,,3,362,15
ag10c45aff959631,73707,,2,206,4
ag8d9e1251f3b03f,8221,,0,245,9
ag15e01f5920d496,45880,,2,244,9
agff072ecf5e3c26,13381,,1,218,6
ag6e3bd19786abcf,63408,,0,269,12
agdec3ef2ee68611,424,,3,365,15
ag0e11ae6886cc7a,95558,,1,191,3
ag7ea7169b433a61,82787,,1,280,13
ag66f78c5f00270f,119456,,3,236,8
agad5729ab903622,51190,,2,169,1
ag6ef7e3ebaa02ff,71803,,3,249,10
ag699e881ea1d058,13552,,2,182,2
ag52e0aa44f69458,56478,,1,300,14
age9d597fb7312f2,102917,,1,148,1
ag98daec8cdff68b,90451,,3,197,4
ag19f250d743d16f,34037,,3,180,2
ag71bd98ed7b7d3e,51273,,1,149,1
ag06b3219e75abb0,2335,,0,234,8
ag348a952cbeeac8,20633,,2,241,9
ag6c0e53e5e0eaf1,38506,,1,240,9
agc51e9009d94a13,86108,,1,166,1
agf627b9eeae1d51,19813,,2,307,14
ag161de8a21247b4,44582,,3,227,7
ag61eca56d367815,112766,,3,236,8
ag9284b31dd8b88b,35531,,3,105,0
ag6ab260e9affe11,104203,,2,288,13
agb018194886271e,22508,,2,397,15
ag2bbbf6b47d991d,3937,,0,238,8
ag4b2885a85b7b85,18373,,1,207,5
agf799180152a1ba,54603,,3,246,10
agb9c84a02eb17bb,10640,,0,280,13
ag45dc59e3ce6af9,105938,,0,234,8
agb92f262b939da5,51859,,1,175,2
ageabc6c783c6517,98304,,0,226,7
agaf342f7e6b3105,41759,,0,277,13
ag786d9c7a7a9be0,69148,,1,140,0
ag30f80a1459bf3e,87915,,2,238,8
ag39aefbc28bdef5,23519,,2,254,10
ag1ab19ceae0dd95,11778,,3,216,6
ag5dda8d08913f72,102994,,1,176,2
ag8c299d737f4c3b,103772,,1,168,1
ag2e97541f55dab7,108788,,0,246,9
ag6c1f7d1b2bf20f,40274,,1,203,4
ag083f178985aba5,71640,,0,185,2
ageb8bc0b2e9d845,25408,,3,751,15
agd3272bc767c62b,108071,,1,204,4
ag59847fab4e76a3,117911,,3,337,15
ag73205e57ad5cba,56299,,2,194,3
ag0b53d7765fc55f,31750,,1,210,5
ag5e768caffc876c,94590,,1,251,10
agdeaf736a25e571,97094,,0,284,13
ag36058a2383276a,41404,,2,115,0
ag7ace79eeeb3ef6,14606,,2,246,9
agac3aca7871ee20,96199,,0,193,3
ag8d30cc221204a0,85690,,2,252,10
ag39f3d38fd7372e,36073,,3,311,14
ag0584db62067355,110290,,3,249,10
agc03edb5c65e195,94865,,3,291,14
agd414ca3e281c65,100847,,2,258,11
aga8a9c5dadbea6d,37050,,2,209,5
ag62110315815980,22944,,2,239,9
age32dd4cd3ccae6,32157,,0,480,15
ag3d1f19756c9046,24675,,2,183,2
ag7ad0f2e8ea21cc,51488,,3,238,8
agcddafc436a8ccf,29328,,0,228,7
ag678a2dc3512953,45318,,3,170,1
agdec17751c90411,81530,,0,190,3
ag16ba64c1e45e12,14007,,0,302,14
ag07709c6f500978,97630,,0,229,7
ag03fba2bccb8d48,62662,,1,245,9
agabdf559a71aea5,27789,,1,235,8
agb6b3c3df837564,26543,,2,230,7
ag13701fbf3fb0f7,28612,,0,237,8
agfbaf80f39ea5a2,41288,,0,309,14
ag2173735cd2d30a,11776,,2,193,3
agd8be0dbe310b96,36835,,1,226,7
ag5e7b499d883920,48587,,0,278,13
ag411b1c6e9505e2,92976,,3,295,14
ag72dab51175548a,97584,,3,239,9
agec4973374fdabf,111993,,2,209,5
agf3f5afee7cc11e,118411,,3,250,10
agbeddb1ae1a574c,31085,,2,184,2
agdf5c1adb2133ec,88391,,1,168,1
ageaf5609853be9e,60176,,2,195,3
agc65bdf8af2ea9e,73113,,2,143,0
agaf3df2629a0a0f,100537,,2,272,12
agdd18cf7f543e2f,40784,,2,269,12
agebcd0432b5e88e,43580,,2,245,9
agf2d2ffd9e94283,54854,,2,249,10
ag109cae82fb496c,16546,,3,160,1
agcc4dc09a78816d,17590,,3,284,13
agbb1c66b8d57a2c,37697,,1,172,1
ag26cdb5f212997b,60233,,3,155,1
ag32cd3ab7117c62,82420,,2,190,3
agba1a68f39115dc,5071,,3,123,0
ag1e755b843ca722,44271,,2,170,1
agd22a96b07b4f0f,89519,,0,212,5
agbc8e83bfff74b8,112585,,3,183,2
agab5e0c32d10029,7840,,2,127,0
agc40bce0ee8f6a7,77060,,3,249,10
ag063f5949138001,11580,,0,255,10
agae7a5f0095216e,69994,,2,239,9
ag2395bb8d593565,97978,,0,312,14
aga4f249a998d70d,44227,,0,184,2
agd1fe23f45fd197,23708,,2,121,0
ag71b9103d4308af,59871,,2,408,15
ag89dbd989fac049,95297,,3,197,4
ag4ced715edcfe5a,65043,,0,259,11
ag589e050cc19698,94109,,1,257,11
ag2e97ef46aa5f36,114453,,2,550,15
ag372e1970dd32cd,43614,,3,203,4
ag1a2e652d2e163b,16187,,1,253,10
agd23de765c4d66f,71855,,3,352,15
ag6f8d5f8a61dc74,51227,,1,210,5
ag52f5911b4f3050,54718,,2,105,0
ag70be187c3ce619,2425,,2,275,12
ag10475687a8aea6,95465,,1,233,8
ag182f336e232e6e,6066,,2,170,1
ag2f9ee9670bb40e,81768,,1,241,9
agb4db7103c94e65,18610,,0,239,9
ag8e4e2d7cf656ae,60123,,0,282,13
agb69e8840188b23,109482,,3,385,15
agda057e53ed9df4,80820,,1,193,3
agecae2b9d632d30,105919,,3,310,14
age169976dd07a8c,92411,,0,278,13
agb175b9fbcbf797,78314,,1,194,3
ag6cfa2b2e9b56d1,18006,,3,239,9
ag980f1df90461b2,55783,,1,226,7
ag06f75bf80bcf85,99415,,1,260,11
agdfd4a93d38d19f,49397,,0,125,0
agb6c7066456da79,116179,,0,199,4
ag21075dd302d221,50520,,1,198,4
aga1de0500a93bc7,76837,,0,159,1
agf634247a9cbce5,108192,,2,163,1
ag7557de411ea0c4,67706,,3,168,1
ag1dd601b79c405d,69649,,0,278,13
agb0a3b15279a48f,101519,,1,297,14
ag7f82d325f539f1,46448,,2,185,2
ag7dc076534ec33f,162,,3,298,14
ag658cac87b8b5ec,49208,,1,181,2
ag77686bf997f697,105058,,2,244,9
ag14d777878fe20f,71999,,0,179,2
agca01ead0a3c005,17527,,3,207,5
ag5af1aa90bfafa3,95727,,2,233,8
agbfe0e4fd78277a,53280,,2,284,13
ag843d97c659a0b2,30306,,0,174,2
ag93e7d12abe3055,113922,,0,244,9
ag7549e0b440754f,46583,,0,268,12
ag147f5ded997c86,39241,,0,189,3
ag75dd6b98f75e3f,44925,,2,196,3
ag1113c3b79e0b73,30769,,2,216,6
agb6b340d29ea3f9,108505,,1,250,10
ag99f009baf31d49,4014,,3,392,15
agdf4c9c825eca82,60091,,1,263,11
ag1366be727be1b3,50324,,1,173,1
ag6b1f3534107814,27860,,3,242,9
agf1a8c0ad9452bb,80445,,2,168,1
ag9487c7f9f7f8e0,107910,,1,206,5
ag5d63c5154864ef,47930,,0,454,15
ag3f6ffe42057a87,111142,,0,127,0
ag86897cbea89adb,85782,,0,293,14
agc2cc07ff1f1cf6,90707,,0,179,2
ag8a990bd7c229b5,5321,,1,196,3
age401a12f467bd2,84224,,1,241,9
ag13670b4f6f41fe,61494,,3,290,13
ag64faedf7606cf2,788,,0,283,13
agb9734821c7aacb,36642,,2,234,8
agddb7448811997e,53785,,2,242,9
ag440fdef1ff988f,54689,,2,236,8
ag1cff73840036a9,2945,,3,237,8
ag20138ff08d9cbf,93159,,2,231,7
ag9883d1d230b941,33187,,0,164,1
agf97e7d359caa23,99015,,3,201,4
ag1e59a61ea6c5f0,68839,,2,416,15
ag002c01346e24b6,34182,,1,229,7
ag642469d4351552,76659,,1,241,9
ag0846f5b63c9332,20660,,1,221,6
ag0dcf083499ab61,40268,,1,207,5
agf8af49f9d205b5,32894,,2,199,4
agd2bbf4ac710535,75090,,3,188,3
ag7d2fe0534a8482,21793,,3,138,0
ag24a5f4987c4c52,96058,,0,223,6
agb4dc0cb69488c8,33811,,3,327,15
ag8d51e91da86449,87912,,2,178,2
ag68b809e84d3da6,54892,,1,214,5
age0870b1bba8032,104773,,3,255,10
ag74133d29760291,20630,,3,127,0
ag6cea489399a57f,33821,,1,204,4
ag64fc9e34e060e1,104082,,0,146,0
ag9f867f641a436d,4507,,1,233,8
ag9a600c74a443dc,10591,,3,285,13
ag2ea29bf1ab09e9,5385,,0,249,10
agcde555cc2fd57e,65701,,1,332,15
ag1b0253a9fee69a,114128,,3,273,12
ag7287e527a82994,55066,,0,120,0
ag25cf34e3a2f271,75277,,0,219,6
ag8cfd0893e6a87d,58281,,3,239,9
agb8136628157adf,8282,,0,239,9
agf1e4c0c935d356,93589,,1,268,12
agd77b39479764c0,46341,,1,205,4
ag7c5b8a45a2e6e7,15101,,3,218,6
age748cca4a2e6a0,102217,,2,265,11
ag9a10b3efe8519c,26818,,1,222,6
agfcc88f2e3befa2,76948,,0,235,8
agf061f99725b52f,36433,,2,244,9
agd8406f8ab31ac0,113303,,1,161,1
ag0d93fa066f286f,68565,,1,200,4
ag7be372a04791e7,70330,,1,235,8
agdf35f944d2cbba,28808,,1,233,8
ag5fd6f0bf3871b5,102644,,3,313,14
ag4bf4c6f4aca6a9,11220,,1,230,7
ag410fe7e1903ed8,113067,,0,248,10
ag920690c4b44f24,115822,,2,415,15
aga7ba7b8b9cda21,115634,,0,218,6
ag37f7ed2203297a,107970,,0,175,2
age50e709f30bb53,104185,,3,233,8
ag66a56b733619e9,117887,,0,129,0
agf0de8596b3c865,54331,,2,212,5
ag5c2b6f377b3d3e,117649,,1,280,13
agc66043574a50c4,110912,,3,305,14
agb4703bf8a6f924,32589,,0,188,3
agb6d49f7e87dda3,48851,,0,115,0
agc34e29d71786f0,39454,,2,190,3
ag9a36a988308455,92599,,2,120,0
ag6ed69148633528,7663,,3,127,0
ag246690156ba475,94891,,2,185,2
ag46f08cb5675543,90508,,1,283,13
ag2f6925d022ab95,60649,,0,140,0
agb22c27b90295ca,83800,,0,258,11
agf940547f961fe6,63776,,3,342,15
ag58a41143a9b01a,106421,,2,128,0
ag690864a6aee891,114953,,3,182,2
ag51487b5138b9b9,38270,,1,231,8
ag0571844bb1b3ad,62084,,2,277,13
ag0272ab32530bc1,28254,,3,280,13
ag873d9afce56863,98357,,1,193,3
agcc734412e11fcf,20204,,1,288,13
ag95bd1d516f51e2,30664,,2,353,15
agaceff4df4bc5dd,11218,,0,281,13
ag895714544855d5,53940,,3,206,5
agac081193565224,101635,,2,183,2
ag6bc3fa9987cb0d,113585,,1,331,15
ag1717d667a13d24,10534,,2,294,14
ag7ca17975917727,52631,,2,281,13
ag02d76ed6c94d88,11873,,1,210,5
ag4d246343909b18,119684,,3,213,5
ag988fdd6b2cc796,113294,,0,276,13
aga11172d48d0958,56697,,1,276,13
ag4d7d55aeeb1b7d,71869,,2,372,15
ageaa89433c307f0,45473,,3,134,0
agcb92d7078acef7,69369,,0,243,9
agce255230b55d3f,10917,,2,271,12
agfca00fc959c6e5,49326,,3,163,1
ag0f57e14d83551a,23005,,3,144,0
agded11268f773bf,88429,,3,210,5
ag59801b34350a9e,101158,,3,272,12
ag254a3570a55b72,40340,,2,210,5
agf591d5884297c5,71642,,0,283,13
ag9108fd9d8c7867,78977,,2,265,11
ag5c33548c7a527f,34909,,0,275,12
ag50783992f81ce7,23681,,1,194,3
ag42c3f29dc9ef2c,101610,,2,190,3
ag501699299d7de9,57563,,1,223,6
agf71a78c8d132ee,88570,,3,251,10
ag5f9eb9da0a97bd,53790,,3,261,11
ag5848f9de5aafe5,108255,,0,296,14
ag30636c946f50e3,46811,,1,239,9
ag49a5fb8c0b6578,87057,,1,230,7
ag1bf124cc302325,23517,,2,492,15
agbb5161510e6ae6,14227,,3,201,4
ag3eafad48939ff5,78526,,0,292,14
agec5ae886083cae,86729,,2,172,1
ag7adeca1f43fe74,75452,,1,240,9
agc0a7b1878bb144,83048,,2,296,14
agb0c377bf71f0e7,11785,,2,250,10
agd6ecc3769c10c6,71091,,3,186,3
ag2fecd2f322ec2a,55466,,1,332,15
agc9f9038c850b36,4375,,0,283,13
ag765700195a7fac,47337,,1,285,13
ag04bea65b6d3432,97240,,1,215,6
ag5843da5921fec2,95768,,1,289,13
ag8f6450957ca115,112394,,2,178,2
ag6afa37d2c12893,107081,,0,217,6
ag22c2638506d3f3,98841,,3,209,5
ag1e7febff9083c1,44315,,0,242,9
age2798c338c215b,36127,,2,219,6
ag2ad6470ec5fb47,30752,,2,187,3
ag2dfd4a50ba834e,70798,,1,178,2
agade767f75a4bc3,37765,,3,169,1
ag7b377e2e43f5d7,113536,,1,143,0
ag5ceb5ba79d641f,51590,,2,245,9
agc9762a43ef6936,39075,,2,271,12
ag17046b8f0725d7,18141,,1,265,11
agc4b9ea86e966e0,84712,,0,214,6
aga35b0f40d81948,85467,,2,205,4
agcfca7c90a41d27,74029,,3,210,5
ag85b2382b68a34d,114759,,3,251,10
agc11bba5f01728c,19304,,2,171,1
ag0e6e98b54689c4,55161,,1,163,1
ag65c01dfd4fe11a,12568,,1,207,5
ag7a07d755f04389,114574,,0,144,0
agfbb241cc6b4f83,8682,,0,379,15
ag048c6b1299dbe3,32983,,0,180,2
agce188d3b429a77,8438,,1,215,6
agdd39ad374c8b4c,66528,,1,197,4
ag6fadda1d0b3fc8,61800,,3,152,1
ag13de61ed92ab2b,58824,,3,235,8
age166ba5101e70d,33483,,2,227,7
ag34b25c4b00b6e5,506,,0,252,10
agc911bc15500827,44525,,1,222,6
agab339ef54aed35,68425,,2,185,2
ag4459738395f142,94077,,3,210,5
agf74de017886a61,113524,,1,204,4
ag787577e0640506,13336,,0,254,10
ag581d85e4a08443,11422,,1,234,8
ag5d1ed0477ac12b,106659,,1,207,5
agec9efb8be8dbb3,17575,,2,271,12
agb6c957b43f258f,101882,,2,278,13
ag91712b2d78d571,86200,,2,370,15
agae93c473f66c08,62550,,1,216,6
ag82b9e9bc2f037b,93797,,3,149,1
ag75d5c5f2d16eb5,29203,,0,270,12
ag96ceac13b3ef02,106702,,1,249,10
agad34545b06e7c4,76608,,0,244,9
ag6042e5f3f27885,27766,,2,201,4
agd12bd1cf62dffa,97040,,2,178,2
ag20a9cef17fb381,68609,,0,254,10
ag9123a6445917f3,112260,,1,183,2
agb4b3771b217751,67999,,3,105,0
ag2be95ec1bf99f9,15273,,3,189,3
ag680efd4717fdd2,18844,,1,264,11
agc134f5f53626d6,97097,,2,373,15
ag7eb313fa17ca42,69314,,1,238,8
agfb49e8a05c6087,68108,,3,227,7
ag62a5ae86030343,42602,,2,260,11
agfe472044202a4c,109153,,3,254,10
agd47d0eba0a1dac,6892,,1,202,4
aga88cb316c9223c,84958,,3,177,2
ag0d152182fc4802,95507,,1,236,8
agd4fea54209df2c,60421,,2,217,6
aga15230db3ba607,16501,,0,391,15
ag5e131181e9fb4e,44574,,1,267,12
agb876a400562fd5,45545,,2,413,15
ag6c4c5aacfd258b,56899,,0,138,0
agf8da35e11c159d,32054,,0,244,9
ag503514ecea07ed,42631,,0,226,7
ag69ee86c37db8de,89903,,0,318,14
aga0cedfd0bd66ba,32198,,0,127,0
ag21776d15116de3,107951,,0,137,0
agc021426e258660,47287,,0,190,3
ag5958466b1ba29c,64724,,2,236,8
ag5ecc52904f7460,109867,,3,226,7
ag025af01020c2c8,35970,,2,196,3
ag9cdcc39bc5888c,22326,,2,268,12
ag64106acc88cd6b,66201,,3,169,1
agc4662fcdd1de9a,33621,,2,200,4
ag6d3c79fbfe3bd8,76922,,2,256,11
ag974d9310b574f8,18217,,1,259,11
agae6eb832db9fc1,36100,,2,168,1
agfcd81ed991a81c,73048,,0,295,14
ag9056ad3fa5e371,45437,,2,362,15
ag97839a6902523c,107765,,3,325,15
ag322b3da0210a35,94695,,1,347,15
ag8d069359f5579a,49576,,0,329,15
ag3b170d206a6b23,68517,,2,242,9
ag15cbbd3517159a,29984,,3,246,9
ag61f25cc7461817,84205,,0,255,10
ag0506af563c3c1e,101913,,0,191,3
ag8a236ddcb9c2f6,113421,,1,199,4
agbc3cfd72d027c9,74419,,2,201,4
aga1115f231bfeb1,48965,,3,171,1
aga5e4566acd2f58,73869,,2,158,1
ag2f9a394674c308,15086,,1,231,7
ag95de0529b95980,30644,,0,178,2
ag57bcb0f5b05d1c,97686,,0,239,9
ag01dd2d0d943194,18788,,1,209,5
ag79ede72e9ef58e,23870,,1,174,2
agbd9247d21da29c,70770,,2,219,6
agcae6a5a87df098,107908,,0,340,15
ag84f3addc4fdeb5,50905,,1,111,0
agf9050754d9a0ab,93147,,0,272,12
ag5e250ebb8009c6,34903,,3,177,2
aga71e558e35465e,36834,,1,202,4
ag2692f78be1ea9a,74554,,3,182,2
age8a6f5fc78b833,99681,,0,262,11
ag9964d80a29ce22,81680,,2,184,2
ag33a691cdd53b5b,17577,,2,212,5
agcefb3ff5799231,41058,,3,129,0
ag283105c6e72e73,84286,,1,177,2
agace3bcddf9ce11,24180,,3,226,7
agf1f55c60dd7482,73421,,2,215,6
ag56c4df846cbb4c,57969,,0,263,11
ag934a5aa60e24f6,28787,,1,260,11
ag9c0bafe4c6dc9d,53444,,2,227,7
ag80f50a1e96c71f,67878,,3,275,12
agbd8aaba85836dd,30720,,1,212,5
agcad944acf53f37,25711,,1,200,4
agdab38795e5c265,99330,,0,284,13
agf3a7f34cdef005,58044,,1,180,2
ag5e61188e6a2bf2,68050,,2,230,7
aga113c5fcd9d843,119553,,1,239,9
ag4a2da822459fef,25122,,0,254,10
age327a8e52c6baa,104489,,0,286,13
ag55571191db043c,68756,,1,190,3
ag0e6a4f86076a0a,10035,,2,344,15
agef30f5a34a994f,56112,,1,266,12
age12f4b24771de4,54848,,0,229,7
age6b980ca99c6c8,79484,,2,266,12
ag91f2e05f40fc0f,42407,,2,261,11
ag3ac98368bc88df,108477,,0,213,5
ag3c64b2ac3ac6c8,23678,,3,120,0
ag6481e98fd91cdc,43642,,0,290,13
ag904e1b5138bc0d,116365,,0,364,15
ag80c6e78318348e,50041,,2,293,14
ag691bef3d0c0288,66434,,0,222,6
age95d55c832a720,108828,,1,171,1
ag936ca8ba1f60bb,77862,,0,298,14
agf80178b2547a0c,44743,,2,176,2
ag0fbcf27b1fc07a,34081,,3,223,6
age6b0e59a7edce4,73395,,3,534,15
ag0d2606ce26a41f,59291,,0,237,8
ag480c6e7986aa31,111290,,1,217,6
agc4dd530efcf101,62937,,0,211,5
ag0d0d358ed03bdd,28923,,1,214,5
ag71ba162229ae28,83203,,3,559,15
agae82568e178fd0,109843,,0,219,6
aga9b3f335216bac,95562,,0,179,2
ag61fb7aea7b2d49,32764,,0,364,15
agb5f3b735788d60,108622,,3,239,9
ag0226289b2266cf,23248,,3,114,0
ag8e87b54b501c24,105283,,0,299,14
ag8c307dce148cb7,107292,,2,242,9
ag33017135a29a54,96832,,2,253,10
agd6624226f1770a,114397,,2,201,4
ag98fa4b8b73b5ed,12896,,2,253,10
agfcc8b3b25cd254,108109,,2,252,10
agdff165f141db67,48257,,3,320,14
agba27df2cea8e2f,93118,,1,272,12
aga4d8f766f81887,28329,,2,234,8
ag674cec36347f53,115741,,2,273,12
agdef6a0cc250b0f,36766,,3,147,0
agea819fa605cf00,7779,,0,217,6
ag306ed9c90cf591,94358,,0,319,14
aga5cebf3bce2abf,30329,,1,185,2
ag85d76fc55ec97a,25301,,0,142,0
ag74c02396ae7184,114444,,3,203,4
ag1f759e6b25e267,110199,,2,204,4
ag291fb018c5a448,100486,,3,322,14
ag74be8ff85147d3,35142,,1,221,6
ag66e2b48dfd9bc1,79188,,1,232,8
ag1d380072d3f0b9,54858,,1,249,10
agf8c34410bf45dc,74350,,2,209,5
ag34d55b80b2573f,73587,,0,269,12
aga4c12f967d719f,108044,,0,218,6
ag4d869dd183ffc9,15525,,3,172,1
ag21bb07de63a270,59629,,2,273,12
agd5a13e6f1dad4a,111071,,3,216,6
ag07edea30ddb1a0,83388,,0,220,6
agf7a650cb8b597c,50665,,1,203,4
agf564fc9099f3ab,82661,,3,232,8
aga82fc25c568618,59359,,1,239,9
agfeb227581d8dd1,570,,0,284,13
ag99a9dc437b2547,40551,,0,148,0
agad1b5be5bc6233,78774,,1,203,4
ag547200c73d7c96,40864,,2,215,6
agcac65f7dd71527,92193,,2,216,6
ag420df1704a26ea,56775,,1,169,1
ag1e189d3c79d4d9,93280,,1,174,2
ag29b3c1960ac695,62682,,1,135,0
agab284c1414533b,104391,,3,655,15
agf930cee3f1e2c3,8007,,2,206,5
ag97dc68ef6bda8a,88609,,3,190,3
ag346a8ba03f192e,111842,,1,157,1
ag0c3dbf5ce89a60,9930,,1,234,8
ag7b537386d000f6,94001,,3,292,14
ag316700107099f5,14012,,1,244,9
agf168010db13da8,75130,,3,297,14
ag99ddf03cc7a740,54743,,3,277,13
ag4763572d77b209,89383,,2,249,10
agaa4ab9dc9808d8,71888,,0,257,11
agf1445d21b3fc81,61605,,3,196,4
ag26b8f275f97630,34568,,3,297,14
age72d840958d917,69593,,1,247,10
agc17607f14f4d2c,1271,,3,245,9
ag3939ae7e441184,99299,,3,250,10
ag0e3e0d190ee624,68784,,3,342,15
agc0ff9a72decd53,31145,,2,219,6
agc159901ae10b34,15088,,0,304,14
ag5eec06aa3a7987,89826,,0,198,4
agb0592335ace88b,79595,,0,277,13
ag746a03598d43c4,7755,,0,168,1
agcd033f355f2b45,7040,,1,192,3
agf2fa6b42475321,21899,,1,267,12
ag2694d3fe2ac513,22038,,3,224,7
ag54dbe578664bb9,31157,,2,500,15
ag3dcef60e6cb891,73052,,1,254,10
ag141b6a97901792,52780,,2,195,3
agccbe7f52c70b59,42365,,3,285,13
agb71d73c84fef74,19828,,2,221,6
ag6f08015ac71f08,111992,,0,139,0
agaff0a115b445a9,23240,,3,309,14
ag7747d5833af7cb,103635,,2,270,12
agd0a9589459aea3,114998,,2,199,4
ag147518de5c279f,17679,,0,299,14
age7396dd7da7f2e,87467,,2,217,6
agfb2ce739f79101,112237,,2,233,8
agb18a7cfd76131f,20849,,3,273,12
ag2e3d9196b9aac5,58602,,3,290,13
ag6df0d870910e3d,18024,,2,202,4
ag2853430df81b6a,41769,,0,366,15
ag076a3b89358a92,32168,,0,302,14
agf4b397f34932f0,75661,,3,200,4
ag3649a1ed08af08,90688,,1,291,14
ag0482c3eeddc788,88851,,1,282,13
ag944b841214a5b2,117172,,2,217,6
ag1b37bc3a2546fd,25100,,0,273,12
ag8291b50577ccfb,95469,,0,222,6
agd4a09686fb80cc,27549,,3,133,0
ag87f664dff163ae,45102,,3,255,10
ag84db250a0066be,111826,,2,239,9
ag7477633d75e58e,73747,,1,277,13
aga44053beb3cb19,8761,,2,633,15
ag8ddbe7df68a336,105211,,1,177,2
agbdf076a846de52,68000,,2,341,15
age795274ce4331c,11296,,0,284,13
ag629dac2d14fdb7,67657,,0,310,14
ag200d83ae7c2f4e,11289,,3,235,8
ag7228f45e4623dd,65099,,1,139,0
ag675e5ef1fa5105,57534,,3,168,1
agd5b58cad904614,25356,,3,135,0
aga17d8143be973c,96961,,0,205,4
ag9c15bbdd5600a1,112426,,3,304,14
ag2767433e404b78,52357,,3,192,3
ag9d3f33839604b3,58728,,0,175,2
ag533526bc5d33ca,504,,0,197,4
ag4170ca063ef258,77596,,1,238,8
ag5e3f9a42731b31,57598,,3,231,8
agfcf7614402b73d,37214,,3,258,11
agf49f1a6f5811fb,52289,,1,262,11
ag87c0e0e49f3f07,42947,,1,247,10
age7aa603da21f04,38477,,3,282,13
agb13d25eafcac78,76641,,3,237,8
agb0b655445038da,93217,,2,192,3
ag38a7edb2a31e50,102704,,3,297,14
agacd67b147bffbe,100755,,0,282,13
agb9762fe1277c13,29404,,1,245,9
agaf93b5204fab95,98179,,1,204,4
agdb3c450ee585bc,88968,,0,238,8
agd4d4fc8f97c204,2428,,1,259,11
agc945291a1e6c85,76613,,1,258,11
age73b19e11fb003,113651,,2,251,10
agaadf66b9dfad11,101952,,3,169,1
ag02d14144a6bd6c,71597,,2,112,0
ag17a3ed2c260a9b,9261,,3,334,15
ag3b79dade0fbe2a,67794,,3,166,1
agb7530473ac9a22,93545,,2,226,7
agbcc4091d9ddb6e,57591,,0,271,12
ag327154b4af6999,112264,,1,202,4
ag222637d9b3db2b,72397,,2,189,3
aga1b18f1083243b,29931,,3,160,1
ag809939ef234a1f,49483,,2,231,8
aga0de14642faf8a,15859,,1,242,9
agabdd183c366c63,71294,,3,181,2
ag314bac230dc25a,20795,,1,208,5
aga1ec18a1bdc19f,20518,,3,259,11
agf14a81ae3aa1e7,107556,,1,180,2
ag79510c15ecee81,89296,,1,252,10
ag96fb80f7265461,119723,,0,212,5
aga69ce549d955fc,45346,,0,219,6
age3ccc322797f47,9903,,3,207,5
ag8c5b407cbff52e,70266,,1,317,14
ag20d15984497394,53429,,3,159,1
agd1f3e9941a7d55,62620,,0,254,10
agdd040cc1841aec,12600,,0,242,9
ag51b1ccfcc039cc,17103,,0,215,6
ag335948fe64999e,32585,,3,297,14
agfff123a2148bb2,29705,,3,401,15
agc8d497a17e79f1,68198,,0,274,12
ag36541534365929,96529,,2,238,8
agc6c5a1d503d8ae,28900,,1,272,12
agcd3e49b124ed82,14901,,2,225,7
agf49cbf6dc01d4c,70960,,1,192,3
agb16fde580965a2,114375,,1,227,7
ag7a784b309432b7,29795,,0,181,2
ag983b5a7455f976,28876,,2,175,2
agd7563cf46d4952,103448,,1,234,8
ag6e6007687d34ee,25404,,0,290,13
ag7810b4d2091817,37152,,1,222,6
agec87d49ba5d008,34145,,3,250,10
ag879c5d4774619c,10270,,1,196,3
ag05919332030f71,7702,,1,252,10
ag367939b3390ef3,7308,,0,201,4
agd51fc634615bf1,64973,,3,260,11
agc70ecf525c8d22,101889,,3,194,3
ag93c15352b0754f,100353,,2,247,10
agc437c42bba43e6,34710,,3,161,1
ag35bdd021dd9c29,95351,,0,296,14
ag63adcf014fd779,35079,,1,179,2
agb94eaaf8adefdd,78568,,1,268,12
ag8818754388189c,54522,,3,181,2
ag70f7e7c920f8dc,108685,,0,286,13
ag415137ca9284b9,106065,,2,326,15
agbde35fc0891a7f,19049,,1,256,11
agd71a7a3123a4bf,119752,,0,246,9
ag379a48ff031322,2862,,2,328,15
ag15800940910187,75237,,1,223,6
ag843a2b9e4cfb55,97107,,0,281,13
ag879e15ee0ecc5c,69071,,3,145,0
ag173c06218b6e92,54185,,3,130,0
ag9f6a3e420b07b6,115629,,3,234,8
ag19d710c3be90c0,101090,,0,195,3
ag181a9b384dbba8,44826,,1,255,10
ag700b0b39250961,105189,,0,204,4
aga84da1ed93456c,45890,,3,188,3
ag2384625907e008,84698,,2,252,10
agcadd632bcb96ff,69907,,0,186,3
ag5dda0e1a42be96,51016,,3,650,15
ag2934a42c9ef5bc,107419,,2,299,14
agd67bd53784ab17,50337,,3,239,9
ag71eff669cc16cd,32729,,3,241,9
ag58818ee9f7c2f4,74398,,3,238,8
ag7d6792b26b8603,62833,,1,219,6
agd18e50e6d62a4c,80707,,2,252,10
ag4f0dba164db089,20311,,1,281,13
agf6d956c6fb10ce,104477,,2,288,13
agd1e5348425c17e,29796,,0,247,10
age801674cb9ea19,111197,,3,262,11
ag61d4834b55b125,30517,,3,179,2
ag73d6f126d95edd,104833,,2,199,4
ag76a874707e56fe,3925,,3,212,5
agabbc34fe77785f,44824,,1,342,15
ag3357f25a7e2b2e,13028,,1,273,12
ag31234a7c721cc9,74197,,1,211,5
ag646ed13c4ceee6,113379,,0,289,13
ag2e2aafe3d8b6c7,80141,,1,193,3
aga9773c81639070,117908,,2,254,10
ag9af1ec1dcb8961,116927,,0,270,12
agd6e8c6d3e06294,32699,,3,304,14
ag040fc1bfd9f38a,57088,,2,563,15
agbea58bc19defcb,42438,,0,162,1
ag782ee1ca9f7c28,105433,,0,142,0
agfe5a0c2996d714,29356,,2,281,13
ag08d299b267993c,28714,,3,370,15
ag14a4672749b403,86321,,3,161,1
ag2c56511448d6ef,89701,,2,195,3
ag424e48b782c57b,119805,,0,259,11
ag476780002979a8,91325,,2,211,5
ageb9d05bc43a00a,108795,,1,184,2
ag3125c691ac5f28,38399,,1,239,9
age42c5f0fd3b411,31579,,0,303,14
ag064805598a75ef,2888,,2,155,1
ag25123aa2003507,64012,,1,202,4
agb41605e60935ee,43634,,0,193,3
aged69a8f6469cec,30073,,0,279,13
agf087af5d7dc9d8,93957,,0,275,12
agf2f6d8cc67d807,106376,,1,201,4
ag9770ca5ade9b52,28963,,0,265,11
agea33c0c0d26f7d,67266,,2,170,1
agb74eebe1bd1cc1,79240,,2,212,5
ag03946891147b21,80794,,0,237,8
ag4763aaada2a2e5,99281,,3,213,5
agb4615c61ea0c91,33750,,0,257,11
ag2a45327475c9d3,97788,,1,342,15
ag6e27d1b48099b4,42334,,2,394,15
agfe4708c50b1cab,45141,,0,226,7
ag599c474c12056d,115268,,0,282,13
ag2da86401f7e1ea,111283,,0,232,8
agb01539c2a9ff3f,30814,,3,268,12
ag747a974a84b09f,50519,,1,183,2
agcf424df645bf95,63564,,0,479,15
ag90cfd82de5a5a5,53626,,1,216,6
agc098048226eda9,1977,,0,228,7
ag0b4fb5d0299e69,30281,,0,216,6
ag4a674e314e812e,109603,,2,258,11
ag82140f36f7272d,18986,,2,294,14
ag197f638b792713,75695,,2,159,1
ag82f25c62e88880,65308,,3,294,14
ag794d74e43d9bc4,22974,,0,260,11
ag88ad04b996de3f,85104,,2,181,2
ag2a325039600782,43324,,0,228,7
age0f8a9b8275e42,84192,,1,311,14
ag9921abc28b7160,9243,,3,289,13
agab9890353a015d,63742,,3,248,10
ag00746adff15a1e,6592,,0,275,12
aga0ca19c3035646,115050,,2,260,11
aga9971288910e2b,94164,,0,176,2
ag75b2dbd917d707,68380,,0,293,14
ag97a3c1d60e36cf,17842,,1,256,11
ag8a54235cee6fe7,1322,,0,321,14
ag100d6da03108f1,119929,,1,220,6
agc66907d8d0214c,47468,,0,262,11
agc87e6229a9f0a1,35389,,2,230,7
ag5ef5f3c42d16c1,90193,,1,172,1
ag53250973d910f6,91936,,0,284,13
ag420e79157c7e43,102926,,3,261,11
ag98b54b3afa1ab2,23286,,2,282,13
ag9818309b9cee45,62779,,2,261,11
agd196f5f96e6f3b,16631,,3,270,12
ag9bf93f0ea438b7,55425,,0,554,15
ag165283ce76e574,67414,,0,285,13
agaabfd42a96215c,101351,,2,201,4
agce0243845d3469,104501,,2,203,4
agd68440148e9d96,68704,,3,210,5
ag643237770e3219,7319,,2,256,11
agac0756be6604f6,63657,,1,235,8
agee678ed84421b8,6207,,1,214,6
agcb637b811e7e22,64906,,3,210,5
ag26813de8eb15db,90689,,2,204,4
ag35e46e8845a95b,58740,,2,454,15
ag83f63f049eedcb,23354,,1,163,1
ag0fd3db98be79dc,63631,,2,191,3
ag205ac3f353ed67,62916,,2,238,8
age6e0fbd9728d8b,104617,,0,271,12
agd272fb6fcbc4b3,43854,,2,254,10
ag77ebb077d7d422,76960,,3,265,11
age38fba45068537,55102,,1,290,13
agd6f45885774ea0,113221,,1,131,0
aga84333d2bbb526,25690,,2,262,11
ag7c3251e7eba856,70929,,0,316,14
ag038b6fae184764,36090,,3,307,14
agb5dbc7e8729864,29438,,2,235,8
ag1747ff0e4c4629,45056,,2,217,6
ag42cfd91b2e80c0,69161,,3,203,4
ag688c9edc27f667,98176,,1,237,8
ag81f3e05d3f67dd,93604,,2,249,10
agdacc68cc9c359b,109981,,1,215,6
agda240ac352fd19,82781,,3,265,11
ag9ceba045ec52d3,54696,,3,209,5
ag2b8851dc26111a,72806,,0,230,7
ag24be7f0d2391be,5086,,2,495,15
ag19c96b3339c0db,148,,3,262,11
ag95fc17637f9886,87245,,1,246,9
agd6b944fb3593c4,24322,,2,210,5
ag4223023c3c748e,56973,,1,258,11
ag4dd03d4bf70c4b,30902,,3,292,14
ag786e7c32a5bd6e,50629,,2,198,4
agad58785a3ac2bd,78252,,0,221,6
agf038a3bac2e8ad,89449,,2,232,8
agd74117c12ab04c,11470,,2,243,9
ag46075894a8c9b1,6163,,1,195,3
age4160125a5ad76,72750,,0,312,14
ag2ef184aa8e61eb,88978,,2,191,3
agb707cf13f4d189,15059,,1,282,13
aga3312606330216,25670,,3,217,6
agc80ac23c7c5622,13960,,1,234,8
agc2fd285a5484e6,77183,,3,199,4
ag2d372875c67414,63336,,0,277,13
agd265dcd209f8c3,86521,,3,266,12
ag2eaba0d6c453fa,14293,,0,234,8
ag8f4117ea7a154e,82523,,2,261,11
ag965312d79ccf1a,82316,,3,229,7
ag4d4f1241b930c4,102869,,2,214,5
ag472c780874910b,38156,,3,225,7
ag183991d508b21a,73913,,0,259,11
ag38d6f27e49f01e,49581,,3,244,9
ag72c0d8c88404ce,117221,,1,202,4
ag5bd5d5c5dba698,3122,,3,368,15
ag2d3c0682a6efa3,17574,,0,255,10
agb2d19ce0a0a27d,64051,,1,202,4
ag5b527aade729cd,114674,,3,189,3
age9ae985e324155,4337,,2,278,13
ag55e83414bba6fc,74563,,0,260,11
ag9e007de5071415,10070,,2,200,4
ag420e19c79338f6,43060,,3,246,9
ag38d848b562a115,49018,,0,194,3
agf42ef27a38652f,35702,,2,168,1
aga984a9be7cf124,3064,,1,200,4
agd25bc65dc886ca,61831,,2,292,14
aga257b85b87f4e2,108180,,2,227,7
ag60f9f7fcb017ae,17998,,1,249,10
agaeffe188c38812,19678,,3,157,1
ag4277ebe5b75810,106208,,2,136,0
agaa0da957790220,75787,,2,230,7
aga6b9347c2c832e,48634,,3,253,10
ag2b03a6978c04f2,32268,,0,190,3
ag61ac8f523ab91b,88993,,3,148,0
ag133fa566a33914,25949,,1,236,8
ag07650aa108e052,46655,,0,140,0
agd41e15ad0735cc,51233,,0,248,10
ag2456cb8c2abbbd,17785,,3,239,9
aga61fc1b54864b2,13329,,1,161,1
agcb7ff4225e3a5d,33926,,3,250,10
ag67ddb5cbc5871a,21080,,0,276,13
ag07b9778e0c35e6,18084,,2,259,11
ag148a25c768b052,90616,,0,281,13
agfd85a30d5c11f6,76363,,0,248,10
age503210f3f1124,52134,,3,226,7
agb063dfa0db2d73,78994,,0,228,7
aga54b56ecb3e543,7250,,1,152,1
ag42b9ead152a75e,99734,,2,191,3
ag3001143c572fbe,11923,,1,258,11
ag6151e21823bb83,78759,,2,253,10
ag43ae59c082f06e,47714,,1,221,6
ag3cc1d94ee8771f,2875,,2,269,12
ag4718f8f7636d5a,118302,,3,266,12
ag6a5e14c00830d4,104109,,3,315,14
ag2fe513e0ad66ff,79940,,1,293,14
agcaef7e8415bce1,15480,,0,145,0
ag8073300022aa73,48195,,0,210,5
ag49bc0aa88faeb0,31489,,2,247,10
ag1b7b0201ba0e4d,17553,,2,286,13
ag0cd888ac448262,33549,,2,243,9
ag84933c1287edea,42834,,1,130,0
agef6b9db70f4ba7,55312,,0,178,2
ag2c0f134ac881b6,16801,,0,284,13
agc6716238a3ea3a,49118,,1,151,1
ag5569c7941a85bf,44347,,1,289,13
ag72ca211953b4cb,85681,,2,273,12
age391a39cf64686,115226,,0,320,14
ag8403d76fc96c2f,33624,,2,206,4
ag809e82986294bd,19379,,1,271,12
agbd1ffa969cf22c,28530,,1,260,11
ag01d34919c58b1b,74367,,3,286,13
ag08fbaf7729d9b0,112157,,0,146,0
agcf8b8f9da74afb,82889,,3,167,1
ag29f1a388231003,61104,,0,225,7
agf8eb8357783c7a,80575,,2,228,7
ag4d396439149ba9,87921,,3,197,4
ag3f59312068c4ff,90200,,3,187,3
ag4bd9af2e51688d,56110,,3,295,14
aga7d47637f2f50e,55585,,0,221,6
agc1f171b554c4b2,89700,,2,200,4
ag2c28d63935f942,8459,,0,193,3
ag4a708387dd8841,101300,,2,148,0
ag047ac17134321e,45797,,2,216,6
ag3db7d8084f61c0,87378,,1,239,9
ag933111c32126ca,7514,,1,209,5
ag79520f824e3b29,20962,,0,312,14
ag10132078438066,26304,,3,206,4
ag91fdc6b3f5039b,102959,,0,265,11
agccb781a9754fb9,51635,,2,241,9
agea37d913fe671c,57846,,2,262,11
ag3fce392347d7c9,108390,,2,202,4
ag282ac997bd7878,87982,,1,284,13
agda26a2002bae20,90264,,1,247,10
ag603f1f9cc69425,109292,,3,349,15
ag348a1f8e5948dd,3438,,3,216,6
agfc071295c6e204,27890,,1,200,4
ag63b28186f47deb,113555,,1,253,10
ag7781977352a3cc,29316,,3,183,2
ag7b1748ed0e7f96,7014,,0,233,8
agb316ab7e06449e,6192,,0,277,13
ag8c570323611583,58121,,1,289,13
ag726aaac6e38057,19247,,0,186,3
ag86ab69abd70c7c,59980,,1,156,1
ag430223364ffc34,80428,,0,201,4
agccbfe287c0feca,69571,,1,244,9
ag5562efbe8f0778,24734,,0,140,0
aga9945ada2f89c9,109599,,2,223,7
ag39126933a26509,32368,,1,229,7
agce8cd46d81eb8d,111171,,3,205,4
ag3713bb4b64d1e7,111005,,0,160,1
ag49e488adaefc23,2082,,3,204,4
agea74bb283d224b,55316,,1,188,3
ag4fd21ea6eb6eaa,58191,,1,250,10
ag56fa3c433b3bff,89534,,1,650,15
agba5fff8e11bf89,74568,,3,131,0
agd612561b8ad2df,16896,,2,247,10
ag63d077ec0b36d4,56017,,2,254,10
agc18b697537a24c,23222,,2,235,8
agd123d25ee8d2b8,49490,,1,328,15
ag63ac0b07db7985,70235,,2,161,1
agfd9a73e690cfd6,17119,,2,224,7
ag43ecee2aa7be5b,86332,,0,147,0
agd5c7876d972fb1,56810,,0,277,13
agb6fe42a41a693d,7533,,3,153,1
ag28c9c7e216ea48,6562,,1,280,13
ag726954774ed24a,3248,,1,174,2
ag4c213d449b2e4e,6876,,2,220,6
agec2b4550aa3dd8,42865,,2,264,11
agcd4f49d25a2a59,84130,,2,248,10
ag9d6e285212d11d,3387,,1,275,12
agdd1320e9d6ce58,49969,,1,196,3
ag0c250ce48ce8ae,69257,,1,211,5
agac29a20e76f0a6,64276,,1,239,9
ag34ab638e803053,94887,,0,219,6
agb6fbcf968b0c30,23723,,0,277,13
aga89b38326df03c,73129,,2,309,14
agdf1af20e0c607b,99365,,1,178,2
ag2df18741cd1d63,64016,,1,151,1
ag9a21a6012fcbf5,43165,,1,324,15
ag5eb6f124a328fc,105557,,2,218,6
agebe4c7894aa6a0,71866,,1,299,14
ag670782c6b65d8c,55813,,0,214,5
aga7569f2f58a1e5,86152,,1,244,9
ag4772dc1fcd5cae,29778,,1,273,12
ag2a139a919dc22f,82062,,3,263,11
ag4f336f65591c56,57704,,3,190,3
ag297997d2eacf55,9953,,0,162,1
ag32d21e0fa81f53,15794,,3,245,9
ag9bf6b4675dcc2b,23243,,3,260,11
ag892ba32bea0f4b,93034,,2,174,2
ag07076e4e690639,110719,,3,100,0
agd62736b460988f,35913,,2,231,8
ag3788269f8de5d4,118243,,1,225,7
agbdad403def3962,103349,,1,306,14
ag4d412c5017f0fe,1203,,2,259,11
ag76501daca828bc,64870,,2,227,7
ag964061195e552c,86748,,0,169,1
agd0aab01bf2ee3c,82187,,0,291,14
ag1279b647ef4882,24721,,3,196,3
agbeadc88fb4a63a,60015,,0,176,2
agdf6ade18153be6,91668,,2,250,10
ag72f5000fb6572b,35717,,2,518,15
agd417990ac101de,63280,,2,238,8
ag2db08477961321,92001,,3,231,7
ag8f7e6e9591cb15,67448,,2,296,14
agf97b9b51909de1,94782,,1,178,2
agb3d1b8979a9e12,102146,,1,174,2
ag78a02f768cb30e,55648,,1,222,6
agf8656c189fb913,23326,,2,264,11
ag1ab62645ad97af,53580,,2,218,6
ag9f1f0a75cacabe,19549,,3,188,3
ag857d0ccd633c61,43549,,2,231,8
agb98815926c7b9a,49692,,0,289,13
agbebff54c964746,6333,,1,356,15
age944ff1b7e495d,51519,,0,218,6
agd35a6a08fd767c,78224,,1,232,8
ag2c4c762bb75771,53101,,1,186,2
ag39352226d756de,92512,,3,247,10
ag79da5cbc85b032,34374,,1,217,6
ag3340b2e292b08e,114439,,3,215,6
ag9dad38ec92c813,26422,,3,149,1
ag187d9907f46f54,60324,,2,225,7
ag1b741af440615d,48558,,1,252,10
ag74a8a46f3db441,56911,,2,296,14
aged9d72ca64cc04,86392,,3,280,13
age56f43e0b1b88b,75718,,3,201,4
agf7dd933df84571,265,,3,345,15
ag944120af2ba16f,58112,,0,254,10
agdb001aede8b7c2,34150,,0,269,12
agec3cb9d5f1e5b3,92887,,1,182,2
ag8a2b82aacc69da,44650,,2,211,5
ag85aa0c6d36f976,42221,,3,239,9
agbb9223c0bf1151,45596,,0,210,5
ag64f986332acab6,40480,,3,181,2
agbaaaaf0797f632,102003,,1,237,8
agd8cf1b865aac40,8389,,3,198,4
ag8e48aa221336bc,83156,,0,258,11
ag766b5eb0518e21,118487,,3,229,7
ag9c86f3d81faddf,47310,,2,306,14
ag352a2ffc517ffa,45467,,1,330,15
ag4328c2a18babd3,32285,,1,234,8
ag51fb9a2b21e26a,44957,,2,174,2
ag7f59b107f2ba1a,21851,,1,151,1
agc31826c97b1ab2,68371,,2,207,5
ag8d1dbd21005901,17074,,0,275,12
ag3299706b1697e8,37906,,1,215,6
ag49b2753325a802,97865,,0,292,14
agae66f50621560a,74768,,1,239,9
ag4e0d6d808ce256,48556,,2,284,13
ag91fbfb56b96d7c,97722,,0,200,4
agc788df264c2f0d,499,,0,275,12
ag94593e1e079034,83989,,3,193,3
ag4bffb89c4a5e8f,7796,,1,252,10
ag526708cb724534,34314,,1,189,3
agfc2f72d6ccf8ea,105367,,2,235,8
ag4a58a45630cd38,6035,,0,218,6
agfb62e33309e038,10345,,2,195,3
agc31865aab20ccc,4774,,3,258,11
ag73b892d99f94d4,68467,,1,174,2
ag19c242b15a8d0a,21692,,3,211,5
agdbda4bf821f85e,94246,,0,168,1
ag2c48eb67ac1f8c,100010,,0,135,0
ag754b5e2ec424de,95459,,1,168,1
ag5385cf5cfd3285,83756,,1,128,0
ag98b451d736faab,112648,,1,214,5
ag84679a9d18be7c,17416,,2,255,10
aga7bc11aeffb798,119089,,3,397,15
agfc6ccd2d742073,2437,,1,164,1
agf5e4fdf307578c,74033,,0,292,14
agac973748a8aa9a,99860,,2,293,14
agfc3b896fe20d04,99809,,2,199,4
ag9b44ae871a6b3f,114680,,3,253,10
ag9aef8824fd747f,53632,,2,213,5
ag9ecd4ca93ad9d1,112690,,2,291,14
ag14f43c9b210204,23314,,0,239,9
ag8f7c3a5027065f,38649,,3,296,14
ag7230def89386c0,99863,,2,265,11
age342784dfb6ea9,35478,,1,205,4
ag66225005b436ef,25563,,2,213,5
ag4d09ba620867f8,117386,,1,235,8
ag98cad417a93c0b,102497,,1,217,6
ag5fddda0bb2e93d,80909,,2,210,5
ag0463dcfc094d78,56818,,0,255,10
agde47bdfe7584df,200,,3,133,0
ag9403fa80f69be3,89208,,0,209,5
ag855bfb03bb5bcd,6176,,1,216,6
ag3280a878092dc6,19726,,3,222,6
ag6df803075a5f49,65943,,2,223,6
agba36552a1c4b7a,18388,,1,422,15
ag14dcc901a7da75,68201,,3,179,2
ag42bbafe8134fea,113384,,1,217,6
age69748b4233209,104388,,3,274,12
agf2ab4900cf2479,55080,,3,256,11
ag62aecbaae7c46f,101022,,2,414,15
ag7b8c14b87a8a29,91762,,1,230,7
ag84ad63e6a421fb,98514,,1,237,8
agd8c9ab398811a5,22621,,3,270,12
ag8f49c70f7326d0,13292,,0,208,5
agc4545cfdd5febc,30359,,2,294,14
ag526e01866239f4,113970,,2,155,1
agc905f7eb89d958,14812,,3,226,7
agf48201d4666b28,57525,,0,196,4
agddc4fef1e72eff,64402,,3,178,2
agf9e38c5a3e19bc,118067,,2,227,7
agc0f54db91d17e8,94408,,3,190,3
ag7211929b74f9a1,75446,,3,219,6
ag232967ff54efb2,83206,,0,279,13
ag33a6fc366b669d,75835,,3,389,15
agf55b92518a016c,51773,,2,215,6
agcae5438984cbbd,98428,,0,254,10
ag5b1e0b646b6447,15109,,0,240,9
agb48cb84a1a733b,20548,,2,252,10
agcbdf8033301d43,1763,,1,128,0
ag180ddbd25fe2f8,117249,,3,258,11
ag354632cdbe7454,27461,,2,222,6
agf52a9e1dd05106,92803,,2,273,12
agc4b4d0ac03638a,46617,,2,191,3
ag7bc9363eebc90e,79543,,2,246,9
aga3d99728106f38,98328,,1,193,3
agcbc1534b2c9104,100757,,0,298,14
ag033e54ddb9f353,9570,,3,393,15
ag149f5ff088e454,68237,,1,148,0
ag596871f7753374,113398,,2,230,7
aga8a5faf14ce1ea,76199,,2,187,3
agef7d05ba7fe15e,23616,,3,184,2
ag5e3e4731d76ee2,10994,,2,129,0
agd8afb72f82565e,97161,,2,303,14
ag4b9d9cfcd6ad09,9890,,3,384,15
agccb768d081a1c8,73561,,2,251,10
ag75404d45b9f540,53274,,2,263,11
ag56856a7430b9bf,70276,,2,250,10
agfccac55ee656aa,52678,,0,220,6
agbe31567d273f01,113730,,0,268,12
agfc18ce0a5108fa,97767,,1,190,3
ag0df2e471523eb9,105674,,3,253,10
ag38c9a39d743f8e,12609,,3,232,8
ag37aa08d058e91f,52960,,0,192,3
ag4f713d33f318a3,103288,,3,454,15
agecc95953eac5c6,29173,,0,260,11
ag6feba141f3e698,60989,,0,299,14
age4ece3cfe91036,75484,,1,156,1
ag38ebafc3e0783c,28420,,0,345,15
agba63c00b5d2fde,19119,,1,202,4
ag7f0e58a4f2de18,108309,,2,117,0
ag9012381913a766,14051,,1,241,9
ag9a8f69a20433f7,58782,,3,186,3
agcea8f88808d0cb,90983,,0,268,12
ag0325eac6fcdaec,83764,,1,197,4
ag0e7338181e16ba,39722,,3,209,5
agbe8cf08e90d6d2,14802,,3,292,14
agcbc4950ff0d44b,21326,,0,276,13
ag3a32b787e59d8b,32810,,0,274,12
ag584690e7b3a54e,82063,,3,512,15
agdca9f9a47d25c5,87963,,2,289,13
ag75985e30cd9cc0,116572,,2,184,2
ag1c5994a0ebb731,112393,,2,211,5
ag8cf161adb4e238,792,,0,322,14
ag2fa344e60df4ea,86646,,1,304,14
ag86ce64aeefd9a9,118845,,0,200,4
ag11cca17179fced,38559,,0,225,7
agb061fa77c002cc,38864,,0,249,10
ag34999e50a4a762,77474,,2,282,13
ag787a583a265b7d,111551,,0,228,7
ag020432f8f97365,61997,,1,149,1
age90f564c9d68b1,50478,,2,206,5
agf9312a599b95b4,97611,,0,276,13
agc9345d1575d733,45909,,2,214,6
aga6ae29910dceeb,103451,,0,282,13
agabe8bccb1365b4,29478,,0,206,5
agb48be32a6d41ef,34146,,1,248,10
ag712e02e079d503,84800,,3,232,8
ag5f1db7c0e05d9c,30426,,3,399,15
agb7394c17106881,97620,,2,245,9
ag87e88941101191,85661,,2,245,9
ag9f1fcc3790f67d,914,,0,275,12
ag68d2b47aa3c8bf,86520,,3,206,4
agcfd47675b7ab6d,70724,,1,258,11
ag66233f10123bd2,23060,,2,183,2
ag153838da3bdae0,20053,,0,261,11
ag676f427312da4b,109069,,3,384,15
ag310e07d52074d3,36758,,1,186,2
ag39816f73681d05,78242,,1,306,14
agf47f4cc66174a0,73705,,2,371,15
ag3ca9b81406ca77,66086,,1,173,2
ag03cad2bd34d541,46203,,3,262,11
agbe3303845516b4,106241,,2,179,2
ag81ac2afccecce2,69909,,0,191,3
ag423e96a1994366,442,,3,231,8
aga9db7a6d734344,74995,,3,232,8
ag6ae48a4815177f,12305,,1,287,13
ag693ef5cd1df065,29986,,0,233,8
agec6d4d56f3d3b0,54340,,3,300,14
ag73b6516435c43f,93924,,0,205,4
ag22d4365cd021cd,66003,,1,157,1
ag4cf0e2fe6f6a65,88828,,2,166,1
ag349b7260bd6f23,66947,,2,241,9
ag65578a3aad61df,87958,,3,391,15
aga9fbbf9200bb48,43669,,0,190,3
agc3b9837042ba34,48322,,2,186,3
ag1c326862111c66,94883,,2,232,8
agea522adaaf010d,119288,,0,217,6
ag958a00f4bba6c4,55593,,1,159,1
agc78436408ad40b,113474,,3,223,7
ag45a2af03b8c4d7,96342,,2,175,2
agaf643ca9ad9ab6,45285,,2,209,5
age536bad0dd314f,85671,,0,312,14
ag83f0c0d9c8cd65,33508,,0,195,3
ag021126fddebfc1,29019,,1,173,1
agecc85f50135bb4,93660,,2,210,5
ag86d3d1c1b144bd,109252,,0,275,12
age53d91b148d197,33390,,1,247,10
agdb24b6f4238749,14732,,0,298,14
agc0e63f8f9b9ec9,103495,,1,120,0
ag8b5b197912893d,110470,,3,173,2
ag0aad3d3da053aa,38543,,0,212,5
aga6a2f4abb0b532,110293,,3,280,13
ag31e06e7b65c370,42055,,3,236,8
agb6601e9b2b8be1,90322,,0,325,15
agf9b462eaf8e952,43646,,3,134,0
agc4c14e83081893,106215,,1,256,11
ag541f64df23f142,118560,,3,233,8
ag625b60a0eb4c9f,83453,,1,222,6
ag90f95a7ed27d81,61236,,1,238,8
ag6224db4a9e0bdc,67681,,2,227,7
ag72b7e088be8576,98616,,2,528,15
agf5ff3bc5adbf06,87786,,2,163,1
ag024d54eeec926c,48568,,0,242,9
ag230109523bfab2,46656,,0,254,10
ag347d63d04375e4,77301,,0,293,14
ag4bfb86c0e015f8,22970,,0,134,0
ag435ab2b6d4b96c,87054,,3,320,14
ag2019bc0b519584,61477,,2,247,10
agd8241e726b429c,102149,,0,245,9
ag569eb4d84a8a6c,97432,,0,295,14
agb1cc1177dc8ca1,114079,,1,188,3
ag9b2da0cca7c632,99488,,0,166,1
agdc7e89ae943645,39855,,0,232,8
ag25f83f25cd644c,110141,,2,243,9
agb140be5025ceaf,102818,,1,224,7
ag7c9e5456d06623,94692,,0,162,1
ag4b99d248dfeaa4,65808,,3,226,7
agf169908842a2fd,41689,,3,212,5
ag157b5fb997d389,71046,,2,229,7
ag993bad3d81ddbe,71928,,3,233,8
age61c50ff60eba4,84187,,3,273,12
agc735ccebfd4608,85842,,3,143,0
ag2f92bd3edee96e,14259,,2,222,6
ag080cfe7d05a523,54890,,3,220,6
agd306494fd66748,83467,,2,211,5
ag567819cb24f46f,20499,,2,287,13
ageb7d1f0a6e261b,110560,,1,137,0
ag857fab40f54414,11146,,1,162,1
age48b9e752cd361,111220,,2,199,4
ag2e607a1f78b553,69235,,1,239,9
ag8b2ce0998fd312,47233,,0,285,13
ag34f32f25a4cc88,97823,,0,260,11
ag4691ac7c4f2302,80023,,3,225,7
agb7772737739404,39177,,3,158,1
ag0da9377c5b1a32,52614,,1,234,8
ag3cc6384a8c87c1,54937,,0,287,13
agd581fcaad7d57b,72137,,3,174,2
ag61e86915484c14,101234,,0,225,7
ag1454c7bc6b1da7,96690,,1,324,15
ag886eae21bbb7cb,13424,,1,258,11
ag1e1941f6820a10,117900,,2,248,10
ag3bb5a9569f5a56,112547,,0,283,13
ag8b59b611e19fb8,29605,,1,236,8
agfe86267e536599,61412,,3,337,15
agd6a9a7d7c425f7,40181,,1,180,2
ag62f03d4c52076b,66239,,1,185,2
ag9865de532f9d94,83257,,0,251,10
ag1c14a37b63162c,73008,,2,214,5
ag0bff546c36a6be,104974,,1,220,6
ag0614149215a59f,79749,,1,184,2
aga73f92446f11f0,85459,,0,223,7
ag9f47117ac02598,74177,,1,241,9
ag3f6e1db4e61e90,95666,,2,186,2
agd303171990730d,36938,,0,238,8
agf368ce6ee705f4,25255,,1,178,2
ag768b635d75a3e5,33125,,1,205,4
ag51dc76782ab3ab,80504,,0,242,9
age9e8ad887811bd,83376,,2,213,5
ag22b471574a66bd,108930,,2,271,12
ag578cc420b0c693,9250,,3,285,13
ag55c53a29c5467b,72331,,3,222,6
agff370b850baaf9,6348,,1,197,4
ag293fc2075fe486,117855,,0,136,0
ag5364b8c4651c46,3804,,0,228,7
agb595a494c55518,102772,,0,314,14
ag3bdec205a7c903,94306,,2,307,14
ag82deae719c5683,56144,,3,190,3
age3103c217551c4,107290,,3,193,3
ag6831bf861860c8,18191,,1,240,9
ag60f7e73104303a,13733,,0,216,6
agd266b58c9a2fc8,112147,,2,192,3
agf1b7d022712937,73883,,2,265,11
ag1d44452235df1f,11449,,3,170,1
agff215c4aa7acd9,99954,,3,117,0
agc75e91cc74feca,65815,,2,954,15
ag63ec5e499e64e9,95964,,1,241,9
ag36a58bb3d9ceaf,94693,,3,256,11
agc811c0775b4e87,40623,,2,332,15
ag8d2b6b7baaf1b6,51792,,2,210,5
agac5052e51a29e3,48818,,0,275,12
ag5b0c67493475d0,66632,,1,246,9
aga7683ca455f7e0,59775,,3,159,1
agd7039510d1f491,44156,,1,281,13
aga1827ec6002ba0,57815,,3,178,2
ag88cd53b4266635,112518,,0,248,10
agcf6fb8393bc1f7,100148,,3,226,7
agca9bafe0c5daac,98439,,2,256,11
ag62efc412d98187,116706,,3,242,9
ag2899988c63beaf,38098,,0,189,3
agfcf861eedd6066,6085,,3,251,10
agc1b56ef0b03273,56368,,1,267,12
ag9654603a781b8e,24591,,2,257,11
ag100821d5bd2145,97385,,1,231,7
aga633d62e35b35e,92719,,0,317,14
ag02c0a8ad94e5d0,66327,,1,213,5
agd3e52871b5da23,110605,,3,259,11
ag187944a4632e67,44444,,1,214,5
ag2d7d795ec09a7f,105957,,1,161,1
ag347d28c60666ce,48987,,2,238,8
aged8a44c8220a8c,75658,,0,221,6
agad6455711e4230,106020,,2,308,14
ag55c864677ba637,113815,,2,238,8
ag1e09b60881a416,46840,,3,203,4
ag3d334b8a539f84,29647,,2,255,10
ag97ba15c8a51b26,19434,,0,271,12
ag7b441d0a37125d,88731,,1,271,12
ag2e028fadafc1bb,107669,,1,198,4
agb9a5cb33ac1773,88464,,1,203,4
ag9e1a9c3bb7e926,25938,,3,357,15
ag2da6a7418c12f9,28400,,2,511,15
ag9069605ecb8b2f,89971,,1,217,6
agdf280c62e0295b,74788,,3,207,5
ag1e318532450882,82093,,3,438,15
agcae0da835e1c7a,45722,,1,174,2
agcbcd25a0b39ce1,65746,,2,243,9
ag26d7ab64f98b2c,2272,,2,273,12
ag1e7844d105c713,20098,,2,231,7
ag5e684855c25f30,88520,,3,247,10
ag0e07ea56330941,91020,,1,176,2
ag2c4f51e34e7fcd,62126,,0,275,12
ag5d59141613781b,108090,,3,185,2
agd53ad0c35c9e69,43954,,0,353,15
agc10572b44cfef2,97455,,0,249,10
ag4934e579ac6291,89143,,0,184,2
ag2d2925dfa308e8,36564,,2,250,10
ag714c563944684e,76503,,3,247,10
ag0e107892e6308b,15469,,3,254,10
ag443640d9efec0f,53245,,3,206,4
agf26ae17df64c1e,29074,,0,271,12
ag17775e6f16733e,27799,,2,256,11
ag2507ba1258b596,117798,,0,175,2
agc88ad4f3159122,20266,,0,262,11
agf63d15f670d5ef,93641,,3,182,2
agcba94001b72a89,95377,,3,260,11
ag1040a498a0303e,22468,,3,261,11
ag3a2731d74dac1f,102201,,1,116,0
ag65ec012f9828db,115132,,0,289,13
agb6a8ff7ab708cf,22976,,0,389,15
ag08dd80d465dcdf,68535,,3,157,1
agb478fa714a1c0b,98785,,1,198,4
agc445e3d4011ab6,29684,,3,230,7
age694c9bc257eb2,56581,,0,189,3
ag0bc73d0af6a169,110505,,0,228,7
agfc332a66a99a02,23256,,1,240,9
agb56f7977ac337d,95474,,0,134,0
ag4cad71cd90027e,66541,,3,131,0
ag235d9ee648ca62,51625,,2,241,9
ag191997e4d2b8c4,57632,,2,306,14
agc68f54be297c49,43557,,0,230,7
agdb142fa23ad231,30799,,3,264,11
agef95971ddbfec7,34518,,2,187,3
ag39c179ab3c8e7f,47655,,0,236,8
aged1565d5b95cc1,21060,,2,389,15
agf8f7597df49234,43676,,2,309,14
ag8d0b52b5955aaf,12528,,1,246,9
ag3e34d677a10d38,108859,,1,171,1
ag3d4b0e8887d453,77458,,0,330,15
ag4edd6b033c9eef,107440,,2,247,10
agf5c656c53afb12,22945,,3,257,11
ag66a3588cd124d6,100769,,2,305,14
aga628966c50645a,61279,,3,270,12
agd17522af97e612,91579,,1,189,3
agdb42e1416b83a8,89742,,0,316,14
agab6baf569bb7a4,13609,,2,163,1
ag78a7e4e6b877a6,51568,,0,136,0
ag8cdf0c7614239b,70348,,0,276,13
age123e6c0776849,116124,,3,140,0
aga81d09d84db853,66617,,3,317,14
age6aad76f64806d,42734,,0,290,14
agf7d1a0517f3b49,80026,,2,159,1
ag15b2617b2adb3d,34440,,0,127,0
ag1d3bf2e7ea1ed5,91948,,1,266,11
ag42aa007988747c,107589,,1,172,1
agab3e5ed7f7d9a0,100185,,1,314,14
age6c24553be1e5d,116669,,0,243,9
ag9fdf5c7c65984f,53841,,1,209,5
aga26c1183c90a95,31527,,1,207,5
agb5e05fdd4b5897,41804,,3,458,15
agd00c50f00dbe6b,59122,,3,270,12
ag002e248cd24a05,68870,,3,348,15
ag2898c1c248e73c,2124,,0,198,4
ag66cae55fa98377,101004,,2,205,4
ag74e850035ca8d2,50941,,3,287,13
agcb9f81be62241c,78406,,1,189,3
agaa0716c907c932,20573,,0,136,0
agc8df872a1d4bb9,12891,,0,235,8
ag0006a467b6876e,63207,,0,188,3
ag5679737f9ad974,102263,,2,133,0
ag3c69da260881eb,48235,,3,249,10
ag20f54311140279,10601,,3,153,1
ag7928ce091caad5,22467,,1,278,13
ag17a854f8d1d36e,81820,,3,242,9
agff78b80801ba0b,102214,,1,223,7
ag7c017a912e6fd2,15380,,3,214,5
ag156a3890c0f7aa,53825,,3,432,15
ag2442c150af4e43,24851,,0,163,1
ag3694f3dc5e00e5,23882,,3,225,7
ag833d2db9b6da15,85943,,2,246,9
ag0aba1ced462fb6,24694,,1,199,4
ag7a1a7c9632f99e,92736,,3,355,15
ag263c259ce173d2,21786,,0,213,5
ag52cf5c41471879,1294,,0,289,13
agc0828a957fb0e5,86926,,3,180,2
agd0e7e802262114,93389,,1,278,13
age6e32751f8a14c,104482,,0,215,6
ag9f6dbc47c18f9b,29642,,2,145,0
agf5bc22c953ac39,56623,,0,240,9
ag3140615d8219e4,82638,,2,224,7
ag37d57beed2051b,27649,,1,223,6
ag3c8253087d9e5b,50830,,2,201,4
ag7a53b9580794fa,93912,,3,220,6
ag1c048b12639f83,98307,,0,125,0
ag3b948fe7e94944,28435,,3,228,7
ag498cca2b3621b0,96923,,1,224,7
ag3d92b4e6b0e4d3,63942,,0,273,12
ag483f79e34da2ac,116456,,1,273,12
agd302add0635e8b,5968,,2,265,11
ag2501b9f8888143,115833,,2,277,13
ag885ad0fc2a4cb4,86430,,3,152,1
ag2a5e3cc85af406,933,,0,123,0
ag56aa534530fae0,29723,,2,207,5
ag1b4277f7d1f14c,75923,,0,201,4
ag0b52c9eb301a22,96856,,0,255,10
age43088c90731c4,13712,,0,277,13
ag50df26ff0ea297,20200,,3,204,4
agab8f3d7f69f31e,112334,,0,213,5
ag05f54537debdd6,38327,,2,262,11
ag34ddfb469a4a03,41294,,0,263,11
ag82f995d07ead9a,55719,,2,201,4
ag7ca4eccba4cd1d,21026,,3,197,4
agfb4ea2205455e7,87822,,2,278,13
agd4e4b266827aca,47278,,2,211,5
ag81a7ce8754f0a4,29229,,1,265,11
aga11aab172edd6a,75523,,3,200,4
ag5711b80061cd3f,112193,,2,255,10
agbc9b755297b209,7197,,2,213,5
aga82bd2f555e0f0,11607,,0,181,2
ag0540441afc4607,35918,,2,244,9
ag3a3c26a6adfb66,17758,,3,250,10
agb071a92cc312ab,110703,,0,164,1
ag551a1a70c5f435,2510,,3,109,0
ag61e89fcb0ee1f5,105717,,1,182,2
ag5e1a8617b1ae26,2366,,3,159,1
ag0702dffad69275,118703,,2,190,3
agef4a0a700ca738,28017,,0,251,10
agc18f8eb14a2acf,112986,,3,272,12
agc90f77a1da17fb,118166,,0,230,7
ag42f3120757e281,98964,,2,202,4
ag152dbbf229b0ab,48286,,0,289,13
ag360297574f7538,84303,,2,264,11
ag6bf7702be45c2f,4625,,0,236,8
ag1c70a5a0179149,106891,,1,266,11
ag69ec90afddbad8,48505,,0,270,12
ag1d57149b1501db,101033,,1,249,10
ag5a4f3d99c3ee95,113612,,0,266,12
ag8e2a6ef3a18f26,30942,,0,290,13
ag60a64012cecfd7,14116,,1,244,9
agb147d2248baa3e,99369,,0,238,8
agf607ea7001f1f7,44787,,2,270,12
ag51a7911fee1735,31068,,2,387,15
agab78404634136b,82155,,0,215,6
ag703479003bd011,53357,,0,251,10
ag076cecf6677c6b,114975,,1,195,3
ag635e9c03981312,41604,,3,205,4
ag7acd83c72d5821,84144,,1,282,13
ag897f714d41d338,61272,,2,234,8
agf42fd0dc3e57b2,98220,,1,189,3
agaf971270642978,52578,,3,289,13
ag951dc406711e24,117799,,2,182,2
agac71f45a17b85c,51597,,1,263,11
agb6d262977999fa,12941,,1,168,1
ag8a3ed26feb012f,116720,,2,238,8
ag3aa76487bb2473,19494,,1,208,5
agebb5f0980c945e,88067,,2,228,7
agcfb098ebd85509,109192,,1,208,5
ag04bcf5d3558012,8155,,1,294,14
ag4314a146470b85,117868,,2,272,12
agef24fc1c09601c,30594,,1,177,2
ag5c9fc6b3582b6e,64564,,3,268,12
ag98cc2ee274f90e,45832,,3,289,13
agca02f72a3823b6,78742,,0,172,1
ag7d63e6eeb290d3,51648,,0,127,0
age3b43c7390d3b4,98421,,0,224,7
agf8fc189763189a,79726,,3,295,14
agb0391c758bf2d6,45531,,2,229,7
ag7c163717d25fbb,59763,,3,224,7
agd851be63083b6f,67842,,1,155,1
agc794d1e1527047,68361,,0,309,14
agf44ce24a7697ee,42721,,2,237,8
ag32368a740f787a,12211,,3,180,2
ag1d202cf217a0a3,67070,,1,213,5
ag5b4d2313ace0ab,71138,,2,395,15
ag6696f712b84d2c,91343,,2,103,0
agbbb9e11e509b93,96851,,1,160,1
agf17041b83133cb,35561,,0,210,5
agd1b52d522a00bd,61803,,1,255,10
ag085a9799db6e54,84271,,1,280,13
agfc67c5f81fd66e,75052,,2,268,12
ag041cc0388fb269,32872,,0,277,13
ag2a078cc72bc32f,26236,,1,280,13
ag8456215be80d1e,117722,,1,155,1
agcd68fe1ed8d239,77015,,2,258,11
ag21cc8b3ac3d9cf,87773,,0,230,7
ag73af217bf3c672,113240,,0,224,7
aga36350b5819d86,81835,,1,256,11
ag9cb78643f3925f,60814,,3,402,15
ag42a2cb1768d925,78177,,0,268,12
agd3c93032717494,34837,,1,218,6
ag56c118dcba88e4,68996,,2,242,9
ag2c30fe9b4c9473,60294,,3,241,9
ag6273ccaea7eec0,16932,,3,229,7
ag63e04e519ab29c,94537,,1,239,9
ag9878093f36ea39,55576,,1,216,6
agc830770fb2a498,59104,,0,206,5
ag5ba4f36d529677,98839,,3,196,3
ag6cb94457c13bf2,66356,,3,211,5
aga7aab38b371312,10421,,2,354,15
ag60c826209aa580,73647,,2,191,3
ag3ebdef56294bd8,15337,,1,204,4
ag5853193c4bc2d6,45922,,1,246,9
ag5edf6e60c82a62,62387,,1,197,4
ag59bf24d4f3463f,71987,,1,289,13
ag5a97e7ebaaad7a,23610,,2,226,7
ag03e6885346004d,72481,,3,236,8
ag7bc7e407f14e73,111070,,1,236,8
ag3add75caaefffd,81705,,0,234,8
ag84cc4e647921b8,114715,,0,242,9
ag44470c40088977,65312,,0,180,2
agac4e7a370ade73,112477,,3,216,6
ag16642ff1e44820,44940,,0,215,6
ag0f9bb5ceb1ecec,46255,,0,211,5
ag64a16dfaa80e10,66113,,2,201,4
agf9cfbcfecf59fc,29660,,2,206,5
ag65261debef0b5b,1819,,3,238,8
ag884bbf67e88fe6,74096,,2,174,2
ag65d14052760bed,86821,,3,244,9
ag9b1e3df4e96b36,62998,,3,177,2
ag13ebe4633a64d3,71127,,1,141,0
ag02f2439fd882d6,94444,,2,228,7
ag2bd42444667d18,36740,,1,180,2
ag15b2a884bb0711,81829,,2,234,8
age1d93a2b638c23,61611,,3,121,0
agdc092edf178486,103186,,3,107,0
ag3297d8203ad81a,116229,,2,232,8
agc4537b11fc760b,50443,,1,238,8
ag46d485a11d3bae,69982,,1,212,5
ag6ac3b9d85afe35,51104,,0,297,14
agd19852f9b2942f,41851,,2,281,13
ag14cf165b0caaf9,115333,,0,252,10
ag9349d05bb7d82c,25926,,2,101,0
ageedf7d81305f8b,37838,,0,206,5
ag58a29e4b5522f2,97561,,0,171,1
agebe6fc80303b9b,34040,,3,128,0
ag73d5c7169e578b,110758,,2,227,7
agf40611774282ee,55341,,3,217,6
aga09cbb5b8d2d61,33894,,2,219,6
ag5e934a5c74f0ee,113809,,0,199,4
ag452c0425736188,117289,,0,143,0
ag59f2c3ff321460,8497,,2,192,3
agfa3210ab96f904,104996,,1,161,1
ag05a2ea21b897e3,47150,,2,242,9
ag1af1c9d1d80acd,27610,,1,233,8
agd6cc43d3abd83f,87196,,1,160,1
ag395e25ffc444b8,62953,,1,253,10
ag5e906b9bf0ed95,42018,,1,296,14
agf7b825d1c8d1af,9207,,2,159,1
ag32b66b6ef71878,107251,,0,315,14
ag3663488dcbe313,77510,,3,615,15
ag0abcb647a034e3,91670,,2,298,14
ag2853cad5468a5f,48362,,2,246,9
ag5650919bfc1aca,36860,,1,202,4
ag39a365487b1ea7,24798,,1,155,1
ag53c7fd63da64cf,28898,,2,237,8
age5a0351396a560,62566,,3,364,15
ag6316746427d965,62961,,0,202,4
ag1530bc02d016fb,22897,,0,224,7
ag692c7be786d8ee,57137,,2,225,7
ag33fdc418ceb8c9,5085,,0,237,8
ag52b598ab6b401e,115738,,2,228,7
agba73852f2f0a93,118289,,2,300,14
ag6a05b0c9cfd00c,9006,,0,172,1
ag42d11380c50c0c,1589,,0,229,7
agfec4c25ef1da71,46636,,0,255,11
ag0dc5c30ec39a0d,75316,,2,225,7
ag9c2ff96a76f315,97597,,1,342,15
agd20b3cb886b5fe,27162,,1,232,8
ag5edf303c965867,64867,,2,279,13
ag01c948fa23030b,68815,,3,181,2
ag4f8c44dbe2e983,61300,,2,269,12
ag23565cdc2abec0,60446,,3,194,3
ag65916366b0d69e,5990,,0,209,5
agda1c452294db8c,28740,,0,232,8
age12e8f17022555,107866,,2,264,11
ag52c6c07eaf6b79,13883,,2,261,11
ag6176e8eb9355ea,6061,,0,277,13
ag9a990c4fbca432,47320,,0,254,10
ag83effa80fc690d,69186,,2,193,3
agb5e7f78a1d6f21,70010,,2,204,4
ag7853fbdf9b67ee,56517,,2,233,8
ag565576a778c2e0,2244,,1,173,2
age2a4d396260507,37430,,3,191,3
ag22d0aa8528a3b5,84971,,3,189,3
agc323cdbfa086d5,28259,,2,240,9
ag41846480c17ac9,48329,,1,234,8
agd357c109687522,102322,,0,224,7
agdd91b52a471179,9672,,0,280,13
ag4b5dd699347b9c,49695,,2,385,15
ag368f4bf384322a,15660,,3,143,0
agc00330a551325a,81443,,2,252,10
ag5ab564bff27354,98081,,3,242,9
agf02c0f4de2adae,59585,,2,221,6
ag12e57edeb442cf,23826,,2,208,5
ag15f74237e10ca7,9465,,1,195,3
ag54a1cf25a03d22,30718,,3,250,10
ag592454e9e10452,76841,,3,270,12
ag2e9ecaade4c750,119031,,0,217,6
ag97a8d48aae1e75,45729,,3,549,15
ag9b6cbb13f03727,7443,,2,217,6
ag32e914c7a1e388,104078,,3,229,7
agce98785e6b0fe1,57063,,1,232,8
ag09dfc086f87142,117456,,1,247,10
agd1d50f652349ef,76424,,0,192,3
ag118800cd38e1ff,30083,,2,320,14
ag6a317046d20a06,96678,,3,303,14
ag3fe0551d8ea98a,65104,,1,221,6
aga7868af8da27fe,107471,,1,275,12
agf5f33d37074de0,96821,,3,129,0
ag88accc3e22339f,106802,,2,289,13
ag9d8515c417076a,63203,,3,196,3
agb7437970eff8e1,75748,,2,295,14
ag88cb7b1ed91339,24302,,2,195,3
ag5970fde41fbea4,53688,,3,159,1
ag7680715e51ae64,22146,,0,246,9
agc1ceb48219d4cc,64520,,3,196,3
agf731c9b940f322,30388,,1,144,0
ag61edaf275fa3b7,11401,,2,306,14
ag82b59963cc07d0,109566,,0,271,12
agb32c2d13658153,100523,,3,173,2
ag842f77e35c3860,20506,,2,200,4
ag416091e4edb1ca,109830,,2,187,3
ag462dad4e072565,16876,,2,174,2
ag4edb3169202901,67231,,2,255,10
agb8ca73a5acb6bc,116624,,2,310,14
aga6dda4083745a9,54075,,2,235,8
ag96c3c74ee2d1c7,119666,,3,299,14
ag8a2abb9b5a54c1,107924,,2,233,8
agf45a763c074d23,89896,,0,191,3
ag3f975fe81d41ce,56268,,1,197,4
ag84794277632884,49822,,3,212,5
agb320cafcd6b133,17789,,3,250,10
ag567adea177b69a,62430,,0,301,14
ag916c3afb57fcfa,18916,,1,201,4
aga78fb57beecdaf,20983,,2,218,6
aga055c54570219d,111267,,0,230,7
ag716e7427992924,48600,,2,202,4
ag84a05edb9c31af,58805,,3,352,15
ag2ef4299d313bbb,11700,,1,226,7
ag0d08f47ce435c7,44659,,0,268,12
aga1d7a1dc5f0c30,59135,,0,241,9
agd6e52e5645a52e,23921,,3,210,5
ag2d95adde322e38,55867,,1,241,9
ag0dcd569c74e056,101108,,3,168,1
agc1d7410965d7ac,20926,,0,261,11
agdde8f709ba4ed7,23774,,0,236,8
ag492b26f5b0eb58,118502,,1,191,3
ag8635f229687937,57923,,1,257,11
aged4402b3d466b0,79311,,3,229,7
ag46a5c4af15d7f8,109868,,3,195,3
ag80629aa8b078c3,47041,,1,249,10
age1dce34fd9eb0f,38127,,0,339,15
agb9c3cc5f6dce90,73393,,0,267,12
ag8caa09c8f00fa7,99487,,3,218,6
ag3aba9ecf738431,20384,,2,278,13
agd9d733f1b59fab,91127,,3,270,12
ag5ffe23d4d7923b,74328,,0,198,4
agd58bf809416eef,45457,,3,297,14
agb7a159c7fad1ee,67553,,0,261,11
ag7a1119b5b58a4b,47002,,3,247,10
ag08f283ad04cb1a,22236,,1,207,5
ag1a61ac22e2c6d1,78647,,1,197,4
agd616b5e5a9998e,34646,,3,253,10
ag45ab8feb787d1d,57362,,0,240,9
ag857a2e60bd81de,50376,,2,239,9
ag73064e145d265e,85501,,3,317,14
ag56aec8f6ce3fe7,98802,,3,243,9
ag15ff678d8a1c4d,59891,,2,221,6
ag589ca9bff85c90,27092,,1,227,7
ag86ff99eed5f9a3,43399,,2,239,9
ag9e5b0cc7c4a279,62145,,0,345,15
ag8341287331c702,66398,,3,238,8
ag0ffc5b0440b671,118936,,3,241,9
agccef94d65bea4a,50851,,3,256,11
ag7f97a68d9d60d1,96539,,3,193,3
ag24f4f493d4a4ed,66371,,2,261,11
ag29ed84ec740ce1,90823,,2,205,4
agd1dc8dff73f89a,22366,,0,260,11
ag030a0d2c56ede8,108280,,3,319,14
agc96adcf9938cf4,51626,,3,251,10
agd1753cc02947c9,7959,,3,219,6
agc95a262131a8ed,5198,,0,259,11
agd26651500492ef,18675,,2,207,5
agf07b438a30911d,38547,,2,275,12
ag351b36c58e6c17,44460,,3,272,12
ag759190ed7314a1,42308,,0,258,11
ag05604c9b986298,74985,,1,211,5
ag77357bc37093d0,76354,,3,190,3
agebfa912e15d672,2185,,2,272,12
ag512e7681cf641c,9317,,1,260,11
ag2a9460fd6e77b9,76854,,2,210,5
age6198e2d346852,27686,,0,516,15
agf82d104227cd71,35571,,3,258,11
agcce0a780e13946,104054,,3,122,0
ag6b250f6144fdce,19189,,2,186,3
agaae229e73fe884,49318,,2,244,9
age3b424603ed0c2,39458,,0,338,15
agdb4ec693beaa2f,90116,,0,300,14
ag6ef50b028eea73,96713,,0,186,3
ag13ae53f349d2e2,97142,,3,140,0
ag043333d096de3c,104094,,2,192,3
agbf40d10059abdd,56250,,0,280,13
ag3e4ae90f05cd26,69665,,2,221,6
agc685e08c7c2545,25096,,0,246,9
agf01d993fdd991c,58182,,3,257,11
ag1431dc2f0ac89e,113227,,3,219,6
ag853297757f74c9,66182,,0,142,0
ag98ca0b041880b7,39881,,0,176,2
ag0f6a43e6c2e3c0,94979,,2,364,15
ag0e09f12066bf72,37063,,0,177,2
ag826c84f0cee7d2,63784,,2,200,4
agd6367afad16a0c,14122,,0,269,12
ag9f62ea09cae6e3,13935,,0,213,5
ag3e0d80b375560d,22136,,1,222,6
ag136b91da0a89fd,98772,,3,242,9
ag4e276a4496640b,26346,,3,323,14
aga555d4068b9b5b,54605,,3,163,1
ag0a5c4d4265175c,22365,,0,178,2
ag50e7d81bb31b46,29985,,0,229,7
ag02a777d435fb46,65267,,1,212,5
ag300ddb800682be,43122,,3,494,15
ag13b731c9864935,82018,,0,146,0
ag1ffa8911e89eae,65405,,3,253,10
ag5c3f31f005de4e,88022,,2,233,8
ag9997af00050fcf,48765,,2,255,10
ag69dc8c64e140e5,84456,,0,144,0
ag796b673b04ae7c,23361,,2,140,0
agd6742b518c2e50,47112,,1,185,2
ag0b6a5705952b1f,24685,,1,167,1
ag6398c8fc3a619e,70021,,2,265,11
aga22c842dcfbbb3,81008,,2,204,4
agae42ea7e718d31,62346,,1,248,10
ag770880460ec0c9,73172,,2,271,12
agf03b27b7c38373,20676,,2,181,2
ag9e0bc758860047,113271,,1,206,5
aga7750e74332450,24375,,1,183,2
agd92ce9b119092d,12048,,1,241,9
ag4242babfd3d157,118271,,2,261,11
ag48048cf4728e4f,49845,,2,240,9
agab3bb1a4b340d3,59375,,1,207,5
aga90808b4eead8a,111029,,1,245,9
agd22ad311564df5,54301,,1,236,8
ag6f2ad02f6ff111,93387,,3,239,9
age5215b26e65443,105506,,1,185,2
ag1b75b71eed8dcf,65389,,3,269,12
agdef44a8429bd0e,62222,,1,206,5
ag7e6600c6e69c68,110250,,3,277,13
ag7a1dbbf0c00e3c,4314,,2,310,14
ag3e49ddf6cbbd74,77421,,3,189,3
ag04d0a1b76d8369,42771,,3,169,1
age91ff45fd63e63,5406,,3,513,15
agd5623246bbf29f,78572,,2,257,11
agdcb17a609ef097,54022,,0,375,15
ag4affe6741c5e12,20422,,2,252,10
aga003a2c168600a,55530,,3,190,3
ag1ff26ced9a6d47,39282,,1,274,12
ag2ef08f1321b993,88073,,2,268,12
agc0c0f35434615e,26075,,1,220,6
ag32fc6295c700ef,11188,,2,260,11
ag79c0a58807476f,97527,,1,173,2
ag19d34dafe124d2,91951,,2,221,6
ag3c26b2e25cac52,8267,,1,174,2
ag14d342811f9d6d,57717,,1,245,9
agb33fbce7939926,68634,,3,189,3
agb42f85f1612f0c,96823,,2,182,2
aga3052b68fb7b78,13303,,0,233,8
ag769ace826f8a26,30591,,1,191,3
ag8f3e30bb4dfd17,14408,,0,351,15
aga40d70255209c1,25973,,3,295,14
agad6457081901df,100312,,0,177,2
agebc679c64a08f4,29197,,1,215,6
ag797603b463445b,62851,,1,208,5
age85f4feacf8dcb,16809,,2,190,3
ag9d9670c59fefde,767,,1,416,15
agb18c647a18fd24,31773,,1,172,1
ag33c4ac3c955c6d,113786,,0,113,0
ag8fca6d457dce42,32668,,1,144,0
ag1b16adde48ca48,27797,,2,262,11
ag89e62307393648,62339,,1,196,3
ag02c0f407e621a1,26803,,2,158,1
agc9a888526bff83,100568,,1,151,1
ag923565ad56abc5,12879,,1,316,14
age64ac8a9956848,106734,,2,238,8
ag93d6836dbf6ec0,111186,,2,370,15
agc97deab7ae78d6,79232,,1,235,8
agc50191c9324296,45321,,3,109,0
ag4c5ce9c661fabe,86566,,2,247,10
ag9de95a65413b24,4568,,1,187,3
ag98eed3ca3fd63e,19590,,2,240,9
ag6a07cd50858b2c,41785,,2,216,6
agf635e170807441,83973,,1,256,11
ag5ba61d33229576,59667,,0,138,0
agea96d9d4cc6429,34994,,0,214,6
ag9e784cbf9ccfc0,25503,,2,165,1
ag23b210805995c5,48125,,1,158,1
ag36b09cbe9fbef2,9492,,2,230,7
ag1eedead6b7b9d8,29800,,3,224,7
ag1e5802b40e4d70,4217,,1,204,4
ag50f191246a3372,105794,,3,163,1
aga378823a9bafd6,96786,,0,268,12
agae35d253433801,118510,,2,221,6
ag1521e56a35873a,75479,,2,237,8
ag800d4233196b61,15684,,3,140,0
ag90db62219ab9f3,53040,,2,304,14
ag4aa7a3de448eff,4409,,3,216,6
ag462977385c5720,47404,,3,262,11
agb3bfa3df90aca2,3403,,1,219,6
ag062ee449a3cafd,79065,,0,200,4
age076fccf9fa477,65053,,0,221,6
ag41afc1b6b5447e,56889,,3,126,0
ag40373ac4cd0856,65925,,2,381,15
ag12d48bf2f760bc,1202,,1,208,5
ag98ea0c51b371a4,38182,,3,269,12
ag1bf879c64a3a07,45106,,0,119,0
ag3f8190a591000e,66756,,2,209,5
ag00ffc77a504fe9,97123,,3,173,1
agd0ff7c3aa98167,23007,,3,283,13
ag1527838eff5acd,89219,,2,127,0
age68753dc172d56,107634,,3,171,1
ag9b6cdd14667a68,26221,,2,208,5
agdd5a0acbdf9b45,35077,,2,222,6
ag62a63d92befe2c,71412,,2,294,14
age8bfbb8086108c,114095,,3,259,11
agafaadd16af6a60,80043,,2,263,11
agdaf5b4f869d7b7,96767,,1,245,9
ag3962b22e90bbc1,21488,,3,237,8
ag038f7a4a91a029,46330,,2,263,11
ag579b9bc2c57b30,55465,,1,233,8
agbd82c8b10a9825,54748,,3,167,1
ag8fc08592822f1a,41964,,2,173,2
ag56e377411ca3f1,64736,,2,255,10
ag55f751952ad816,112071,,0,138,0
ag16ef77d16d9320,34485,,0,221,6
ag7985a569b90ada,62683,,1,159,1
ag98e3050800b110,110234,,3,122,0
age9022e1697dbca,103800,,3,207,5
ag0c1e3bebb1af7a,88493,,0,368,15
agd5932a46f64359,81171,,1,189,3
ag1650ed5b5d94df,2039,,1,258,11
agc9f39e2785cdbd,59847,,2,234,8
ag580d67ad9f5feb,26960,,1,237,8
ag6af92e47090072,4215,,3,283,13
agbb199abad7922d,9513,,0,143,0
aga9a6e7787cd0b0,46589,,0,402,15
age09cd214d1a60f,88423,,0,220,6
ag80be1976602df6,15615,,0,322,14
ag450286894f12cd,81922,,2,255,10
aga580afbd25e2c2,6354,,1,188,3
ag7902d7a53dfb96,76151,,1,231,8
agf3709e70d34ede,33004,,2,271,12
age130b2dd220666,40745,,2,231,8
ag1af73e352195c8,57754,,3,235,8
ag742fa83b049382,36110,,0,161,1
agc013fd3dd6dc58,76011,,1,193,3
ag786d9aeadb6653,10508,,3,209,5
agb1d7788d9e7468,24650,,0,254,10
ag45f48e9f5aa256,81423,,3,222,6
agd0f1266e63e4f4,100197,,2,195,3
agc3986f4bf90d68,49920,,2,175,2
ag048106209e718f,77805,,1,202,4
ag214dd9e5091855,86359,,3,250,10
agdc72355fe8b89e,3245,,2,294,14
ag2224d97e0f5838,83347,,3,206,4
ag7adf8d872264cc,88949,,2,276,13
ag8ea2a49e906ef4,52337,,0,260,11
agf1a09d50a0dc09,71952,,0,241,9
agc03328ef927ec8,15398,,3,201,4
ag2ee305a4eac5bc,10794,,1,297,14
agb54e187852a43c,74489,,0,329,15
agde060ad8dd5cd3,37132,,3,246,9
ag566ee8e24c199b,114216,,1,288,13
agf62ab22e0b13b9,50736,,2,338,15
agde611d47fa428f,33848,,2,219,6
age93b01ccc3cedc,110561,,3,237,8
ag645f06e837365f,66558,,1,203,4
agca47f7d147e0d0,19470,,0,246,9
ag3718472b71052e,46309,,2,260,11
ag1700c1f3ac5d1a,62393,,0,125,0
ag43ea6726f9545b,44915,,3,173,2
agbda8a6b9feafec,104855,,2,179,2
ag07503e4789b9c1,10056,,2,232,8
ag3aa4d58de5425f,26743,,0,174,2
agf6086f2f8a547f,7653,,2,196,4
agac5d7ced66aef0,75734,,3,143,0
ag53b007f62ff058,114908,,1,253,10
agac52a77a939022,79848,,2,232,8
ag98e8dcec7ce9c3,88842,,0,192,3
ag849d6b90463218,114724,,2,528,15
agcc8809e0241cd8,96422,,0,305,14
agbd09ad8299a727,110782,,3,182,2
ag6aa7a1d0b29e7b,72050,,2,241,9
ag1a7749d1498986,22397,,1,228,7
ag6a8d6e572f9c29,22076,,0,268,12
agcbee81bb95440f,111793,,0,213,5
ag528410d9685b37,57456,,3,270,12
ag753c3ccfbf4ff4,108816,,1,282,13
ag0dd69cacd4f27f,45896,,1,263,11
ag4ac56105ca316f,63160,,0,219,6
ag94aa05edc69cc0,53544,,0,286,13
ag899aaa8e13ccb4,57113,,2,213,5
ag6631dc549ec8b8,11710,,2,224,7
age47eb96620b01b,26762,,0,279,13
agcfe76584b982c9,92281,,1,228,7
agd2d7fe3399cda2,77289,,1,304,14
ag32df6ea9e686b1,116450,,0,168,1
agfec91accffb2ae,104344,,2,113,0
agb9b5ae0e734139,13289,,1,146,0
ag117b4bf09b58af,86790,,3,301,14
agd92a2d2e242315,78321,,0,268,12
ag8fd831f74d2cbc,47548,,2,220,6
agb4e655a5f6d47a,115445,,0,252,10
ag92820be53b79ab,84353,,0,239,9
ag659d0f5c75b729,94848,,0,276,13
ag9e03065d6a7dae,101429,,1,223,6
ag643684f1d21707,95774,,0,231,8
ag799025df4e2533,89275,,2,116,0
ag06c53cb69c794c,94547,,0,208,5
ag4b588ff899eedc,65921,,2,427,15
aga7460c9be15fdd,61581,,0,344,15
ag544fdc93f5a7a4,63009,,3,230,7
ag6e444f716169f0,16770,,1,104,0
ag408d0eaecbc99b,96047,,1,249,10
ag76d31200c4308a,38652,,3,370,15
agef2af8f95a3c91,25934,,3,291,14
ag3ad1d92cbc03d2,24472,,0,136,0
ag7c6cc709475b81,734,,0,261,11
ag13a31c39130df0,72388,,0,275,12
ag4c45b485b10e83,6345,,3,179,2
ag907d8345fffa7c,68458,,2,328,15
ag246cfab2df7514,62444,,1,226,7
ag3746711bc50d32,40917,,3,132,0
ag339616692f545f,99009,,3,191,3
ag9426fbc8163696,37971,,0,134,0
ag9d7c5789aa8505,2516,,0,309,14
ag58134e552b4c53,85229,,2,171,1
ag3d3165e0ff0fa7,119122,,0,292,14
age04057016537ac,11054,,0,209,5
ag8d3eb99ab0976e,109369,,1,240,9
ag0b9f9d6fb0026b,37575,,3,232,8
ag2c852c627fd61e,119282,,3,286,13
ag4ec55f39794170,68159,,2,216,6
agcad2281b169ea5,105936,,1,135,0
ag7d05777f1687d5,67981,,0,214,5
agc5832d8c040827,95187,,2,204,4
aga8cab942983873,32781,,1,299,14
agbb5c51f4581395,118094,,3,210,5
ag8d1acbca6152ad,18932,,0,268,12
aga1762ee5211e44,70036,,1,170,1
ag68384e06e28a2e,25502,,1,263,11
ag2d325045d96e87,47790,,1,213,5
ag4ee71be8712be7,76360,,1,250,10
ag0230944185705c,46262,,0,252,10
ag7d7bde9895cc06,11209,,2,248,10
ag28fe8e351e05d5,26589,,0,242,9
ageed1edfbf9848b,51452,,2,271,12
ag170b136bb6a47a,81505,,0,256,11
ag09f1d612312a36,79296,,0,217,6
agccfed7074ab3c1,103180,,3,198,4
agd00263a2f0f1b6,92457,,3,167,1
agb520c42aa8d91a,23770,,3,213,5
ag303ae702a11739,33788,,3,121,0
agd398efdf5799ac,56887,,0,197,4
ag73aed53d740f9e,49292,,3,186,3
ag7a6986b59509ff,88533,,3,200,4
ag0c991dd571fc32,79652,,1,218,6
ag139b01af53d1e3,52439,,1,174,2
ag1947cfd57c95af,62959,,1,202,4
ag6679a2573c1f9a,64175,,3,280,13
agcb91ef7f97c9f1,36787,,0,135,0
ag778c71ed832131,20436,,2,340,15
ag16ff62b5f6e6e7,67856,,2,236,8
ag3a619f8845e9e3,85753,,0,239,9
agd157c308a8cc26,84899,,3,236,8
age26b8bea5dbf2b,48712,,2,190,3
agdce18546096e69,32835,,0,230,7
ag1d1974b209963b,5044,,0,222,6
agd06c7fb46c917f,66532,,0,137,0
ag5e9131d2d68729,54920,,1,200,4
ag17614a8bca68b2,42527,,1,280,13
agee1d162f4ad8c5,51772,,2,202,4
agf10ff35a0ba1dc,113933,,0,356,15
agf8f838877706e1,3099,,0,383,15
ag9c7513e6c2616a,116152,,0,198,4
ag8c6974af313e39,109251,,0,301,14
ag70948a2d0feb91,58748,,2,195,3
ag5ec37d24cc58fd,60542,,0,231,8
ag08cba95f848930,83991,,1,188,3
ag1c42ec5bf7a327,4584,,0,104,0
aga6a8a4384a3024,49140,,2,241,9
ag6492a0f52d2223,23596,,0,167,1
ag0ff3c809ad3678,53605,,0,298,14
ag2a915af941bd0c,7863,,3,214,5
ag9bd1548fb3efb8,38139,,0,163,1
agee1516cdb0f80c,81665,,2,244,9
ag00f5a9f5b63d6a,116161,,0,199,4
ageed64d6ddbc133,96390,,1,158,1
agba7aa7a52b1a18,68447,,1,190,3
agebea92522f4ce0,117387,,1,249,10
ag2402e9165e4765,53412,,0,258,11
ag3dc4d1a09efde2,79282,,2,245,9
ag1852840d5faa7c,106430,,3,247,10
ag6f38bc2428a97e,89910,,1,416,15
ag44477eb5a2e5e5,25230,,0,268,12
ag19a67985b0dc15,38292,,2,266,11
agc7eb57793c17b9,86438,,0,116,0
ag766638aab059ac,44486,,1,226,7
ag6a8037dab1cd2d,114448,,3,151,1
ag3c3bb4b2e5a913,49663,,3,270,12
ag87cbab26a8d272,75289,,1,159,1
ag0945bbd7fed266,51267,,1,220,6
agdadc16d2f43e22,69895,,0,227,7
ag399112da831fcd,80850,,2,322,14
ag4327bc65ed3450,5884,,0,135,0
ag3ce8503d7e17a0,38516,,1,196,3
agb219480e74376e,97744,,1,280,13
ag2bb6bab2942f75,16535,,3,208,5
ag13ad16bdb196d0,85587,,0,198,4
ag51c091a18ed6d8,46869,,3,219,6
agf0bda3b6fce655,75451,,1,255,10
ag175e2f06a4f6a4,119523,,1,216,6
agc67ae2dafce73f,45185,,0,146,0
agfa3ae6af04fcdf,52192,,0,227,7
ag16178631dd4c84,84140,,3,169,1
agb83469a124d694,94027,,0,292,14
age8d5aab8a99d38,47739,,0,266,12
agc79f8dd90aa492,9104,,2,274,12
agc36f2c6dfebc84,52006,,1,289,13
agdec1df4b53472b,58675,,0,228,7
agcaf69e41fdd580,49685,,3,212,5
agc0a6ad12dc2191,104169,,0,246,9
ag4eb3e3e6128ca8,22950,,1,219,6
ag5179906a4c9718,78582,,1,197,4
ag2b71cd10ad9968,106778,,1,164,1
ag6126e4e8a489bc,37945,,0,203,4
ag0f765938383d4a,37531,,2,203,4
ag59608aec9cae2d,16780,,0,280,13
ag4103c67cb4026b,27416,,3,234,8
ag4da66e7c20fd54,25117,,0,200,4
ag3f1f5a0cae562e,87584,,3,237,8
ag39df7b48e04e36,15863,,2,261,11
ag378e2c0bed00e8,76140,,3,345,15
aga1c4b9c5d5fc03,76324,,3,275,12
ag8d84dd99a62bb9,56348,,1,211,5
ag971ee35fab3bc5,42805,,3,299,14
agaa00040c2bc6bd,20984,,2,235,8
ag431c5b8748f16f,105610,,0,161,1
ag1e5ceefe5fb609,28158,,2,159,1
ag8ad8e70e575d6d,42125,,1,254,10
agca53c30913e4a1,35302,,2,277,13
ag91d87a1f219f83,116675,,2,350,15
ag4d7e410809c2cc,53031,,2,269,12
ag19a95f87daeaa9,3072,,2,222,6
ag7646a4674863bb,70244,,1,353,15
ag14b65c079bb680,110666,,2,290,13
agdcb143170b0116,32702,,1,244,9
ag85c81e22096cfe,51727,,1,184,2
ag596d049feb8fee,54944,,3,462,15
ag34a222cf26ac10,107069,,3,208,5
ag957a21ec11a86b,19045,,0,308,14
aga7f49f0e3848b0,64212,,0,271,12
ag404fd35bc3b253,52149,,3,116,0
agfef196219ca9c8,79444,,3,246,10
ag0e25b96e4dc4d1,34271,,1,198,4
ag6eab726877d7e9,73430,,1,224,7
ag456c162f3d0427,14273,,0,265,11
ag65015e18ece1cd,35826,,0,295,14
ag267c467097d3c8,27135,,2,236,8
ag591a714b6da161,103966,,1,194,3
ag6a936f5df90f72,12707,,1,169,1
agc6ed6725fcca02,9387,,3,144,0
ag306d1ed43c8aae,41827,,2,253,10
agf34ef8bc7250d3,95766,,3,235,8
ag3a2fc160a6e730,4665,,2,230,7
ag0e44c84be119a3,25203,,1,181,2
ag31fab1245e55cf,39406,,1,261,11
ag587afe93d366c1,75826,,1,248,10
ag0539a5c6f42c31,2489,,1,260,11
agdf03ccef8a2411,25673,,1,214,6
ag82d151e990ddc8,72470,,1,160,1
agb9221c14e0679f,52747,,2,213,5
agf9e1fdd6a9d58e,94716,,1,158,1
ag9860205a9f7a14,109680,,2,237,8
ag55d87eaf9c5058,22232,,3,198,4
ag9c570dda005210,5506,,3,318,14
agb21375b310d0aa,88802,,0,284,13
ag7a994d96a3475b,6264,,1,345,15
agaadbe1b497522f,73745,,1,163,1
ag3baef145b09e8b,25873,,2,233,8
agc180f87f943299,38430,,2,189,3
agfae2f66431fe63,48664,,1,229,7
ag33b7c68e915c07,7352,,0,369,15
agedf6c3f7334022,33493,,3,199,4
ag22f01e80938c6d,50885,,3,254,10
agf19882b57c5aee,41351,,2,182,2
ag0d5096c9f1dcd1,56171,,2,271,12
ag7a182ae5e06b32,20131,,1,386,15
ag3097bec367fe22,10759,,0,223,6
ag3cad5b33e983c4,4624,,1,215,6
agda64beae08854d,70396,,0,281,13
ag4df0a4432b3b39,86524,,1,248,10
age6e7079254d74a,25023,,0,242,9
ag84c578dda75f30,17552,,2,181,2
agf993cea423e731,8933,,3,503,15
ag841628e2742d3a,98271,,2,200,4
ag51d6f9f5bbc952,36184,,0,114,0
ag12a471caf59678,65605,,0,253,10
ag19e7588105ef78,29776,,3,247,10
ag1b1ad56866f0d5,87567,,1,231,7
ag91c444211f78d4,115117,,1,248,10
agcd838e98e7e52f,15832,,1,144,0
ag8d8b2a080254b5,84455,,0,250,10
age5cd9c6eafd018,83910,,0,278,13
agcfad87adbe1bf3,21559,,0,246,9
ag5ee6957a1729f5,75143,,0,141,0
ag2d39eab33826a9,49187,,1,157,1
agce8257dc2049a7,69007,,1,178,2
agfdccb4c80ca0b7,100142,,2,212,5
ag0a3df93aa88428,76031,,2,267,12
agc4403929d70869,37778,,2,252,10
ag57ca625103a5cb,85498,,0,227,7
aga88d662fc20e0d,74400,,1,189,3
agbc25dfdc6f8288,101061,,1,183,2
ag6cc47c9adbe8c6,108620,,3,224,7
ag917a5639b5b86c,1157,,3,175,2
ag5dd509ec91db54,18282,,0,230,7
agbf730502163eca,117771,,2,227,7
agbb17cd07a6e7a0,113962,,2,233,8
ag3041580bc4e103,57041,,2,210,5
agafb2a3770adc85,1624,,0,182,2
ag5f3acab4a11676,119700,,1,187,3
agcf377268b1984b,104486,,2,336,15
ag37af46cc89ace5,108628,,3,352,15
ag9798d1d78f30bf,117167,,0,205,4
ag60e838945bc0c8,22813,,0,201,4
ag7825baa700de9f,60525,,2,177,2
ag5a7283a492d092,115388,,1,289,13
agc76f833dc8d893,119727,,1,247,10
ag765ed2aec15281,71242,,3,231,8
ag494682293d36dd,49426,,2,260,11
ag6190d886ef5c47,105627,,1,270,12
ag888ebcc169333e,60630,,1,187,3
ag3bef310ee7cec4,1660,,3,321,14
ag321cc4e7930cbd,23150,,0,287,13
ag6a0f51d6d0c1a8,29860,,0,192,3
ag74acbd512afe4b,26554,,1,147,0
ag0736a736a6f2cd,49631,,0,303,14
aga63e71f1e1c8cc,81813,,0,216,6
ag3b352824cc3c6a,4800,,0,258,11
agd3dd1eba02b648,12740,,2,265,11
ag244a4dd3221c60,62363,,0,394,15
ag406ef257f8b7ea,12658,,1,235,8
ag921b8925fcab46,57566,,0,309,14
ag4806119bf159f9,85514,,3,258,11
ag985d1f01a9d4f4,62054,,2,251,10
ag35408ac0d992c8,36242,,2,263,11
agcadddd26e18988,17134,,0,335,15
ag6d096784129153,43531,,1,164,1
aga1e97a901db74a,71388,,3,230,7
ag9e68fac18e598f,47048,,1,216,6
agb3665472a0ac8b,31101,,2,191,3
agdd7be5589b6f25,20989,,3,219,6
agf250f088d23e92,88864,,3,327,15
ag4f6e31b4dd7139,118232,,2,255,10
aga5eddfc634ebbc,29136,,1,213,5
ag08e2358a29c1fd,71617,,3,252,10
ag0867042c3e5246,69090,,0,240,9
agd2ed2ce962525c,232,,3,131,0
ag4cf8e29f2d730e,4485,,0,216,6
ag5c2fda88c1edef,75429,,0,196,3
ag1b1b967a25cdbd,4105,,2,392,15
ag452899ae210476,4928,,3,160,1
aga4a28a102d5039,87863,,2,220,6
agf0f40e23d7690f,31310,,3,263,11
ag292047543a4993,43011,,0,245,9
age4adac157d9483,89026,,3,321,14
ag8026efe4209cfc,83501,,2,278,13
ag8a12bc99934876,43001,,3,168,1
ag4904dc94b8d41a,75906,,3,153,1
ag137e7be6c9a452,63149,,0,238,8
ag6b13d303adce25,37685,,0,246,9
age4419fa2d23044,91682,,2,271,12
ag1cf37a52c35c59,10335,,0,206,4
ag305af6f048099c,40082,,0,306,14
agb8840dd0658fdb,95859,,0,253,10
agdbf6ca3ea18a93,10775,,3,338,15
ag7fe543f27d3d19,27400,,3,257,11
