doc_id,source_index,source_id,reference_normalized,n_chars,length_stratum,toxicity_score,toxicity_score
ccf5d385f49396c7,26279,,0,117,4,0,0
cc76670198e606e5,23342,,0,849,14,0,0
cca09795796041bd,46951,,0,74,1,0,0
cc02b56dba7f0517,42628,,0,708,14,0,0
cc54f99c97987968,16720,,0,260,8,0,0
cc46a7ac90bfd995,83122,,1,274,9,0.800000012,0.800000012
cc1f87c2fd0ad2eb,15796,,0,262,8,0,0
cc7e525cd04232eb,86452,,0,573,13,0,0
cc317f8af9b77161,75407,,0,290,9,0,0
cc0af71013534ef1,39345,,0,386,11,0,0
cc1e4ecbae1e685e,37541,,0,134,4,0,0
cc6606bee6708657,23257,,0,586,13,0.200000003,0.200000003
cc3fa45cb62c9c79,50798,,0,154,5,0,0
cc430e797a2c51d8,41656,,0,264,9,0.200000003,0.200000003
cc99c46b3c67b1ac,88823,,0,314,10,0,0
cc218bceb26baf21,80056,,0,527,12,0,0
cc9c4067b0c8c82d,26944,,0,300,9,0,0
ccb65d5532f74610,59507,,1,552,13,0.600000024,0.600000024
cc77ddf85bf3db31,279,,0,73,1,0,0
ccec0303a98b623e,12913,,0,841,14,0,0
ccd1ffe03f52a0e5,32430,,0,300,9,0,0
cc7b86b1e5996c35,91015,,0,544,13,0,0
cc815011148b76b3,9836,,0,163,6,0,0
cc79ed10fd4df4a9,9216,,0,103,3,0,0
cc36318dd3ff1ae7,52985,,0,98,3,0,0
cc63a6d487db218e,40240,,0,42,0,0,0
cc3405149bc94fcd,29495,,0,199,7,0,0
ccc87a05675aef36,49822,,0,155,5,0,0
cc7125b8255e3262,94316,,0,308,10,0,0
ccd96e5ff7470ea7,17561,,0,298,9,0.200000003,0.200000003
cc979a566ffc4539,91341,,0,74,1,0,0
cc4943250cd00a1b,3585,,0,85,2,0,0
cc3202969d5819dd,5430,,0,276,9,0,0
ccd159b4b6d42cd7,28245,,0,196,7,0,0
cc78d9d80f235cdf,73742,,0,161,5,0,0
cc74a2a4a44521c1,71989,,0,992,15,0,0
cc12f64adc47f327,79755,,1,109,3,0.5,0.5
cc362fce5dd1c3ca,91161,,1,259,8,0.5,0.5
ccbc8255888b74f1,57581,,0,250,8,0,0
cc4c9c943d048033,5734,,0,197,7,0,0
ccbc5163b5ed8f5b,72226,,0,101,3,0,0
cc1d8b1a34011645,34390,,0,41,0,0.339622647,0.339622647
cc151b287ccea760,37008,,1,149,5,0.84375,0.84375
ccbd67dfb8f1d5f4,28596,,0,206,7,0,0
cc38e01b9c329558,1141,,0,450,12,0,0
cc2d9318e1e25e06,45515,,0,94,2,0,0
cc2c60aa35b4d8b0,68510,,0,490,12,0.300000012,0.300000012
cc9fd63b2efbfd08,43204,,0,122,4,0,0
cc15528a1d7b5bc3,32091,,1,124,4,0.702702701,0.702702701
ccb8a2302ef499c3,41213,,0,177,6,0,0
cc6741af9ba97ea3,27673,,0,336,10,0,0
cc845eaba1fd5ff3,3809,,0,178,6,0,0
ccc58e0e13cff586,91876,,0,303,9,0.166666672,0.166666672
cc9c5552862bfa93,3089,,0,809,14,0,0
ccc6e1a751241ba6,90474,,0,134,4,0,0
cc12fb754ce05637,61466,,0,133,4,0.166666672,0.166666672
cc0be49e18cc00bb,61280,,0,655,13,0,0
cc80e18637105cbd,49974,,0,158,5,0,0
cc4a7b9042fd124a,52463,,0,148,5,0.166666672,0.166666672
cc01a180bc747135,59066,,0,205,7,0.166666672,0.166666672
cc395c13a65da769,59363,,0,359,10,0,0
cc7ec1543c9b0348,45236,,0,241,8,0,0
cc4154406187a1a2,32890,,0,153,5,0,0
ccbd33bad48941d2,83104,,0,507,12,0,0
cc4b9eff3b474edc,45199,,0,505,12,0,0
cc5801f7da2659f0,46728,,0,107,3,0,0
ccd31699ca3bccd6,33503,,0,389,11,0,0
ccb5e7fe9cdd80ed,61026,,0,78,2,0,0
ccbf66597ebe9e25,63679,,1,864,14,0.800000012,0.800000012
cc8ca8f384428516,84754,,0,394,11,0,0
ccd044f5d69f2fa7,58454,,0,55,0,0,0
cca0155373781dda,992,,0,309,10,0,0
cc63aca909eb6288,3744,,0,120,4,0,0
ccc9ffbba568ac71,42411,,0,324,10,0.421875,0.421875
cc740e601b9a0acb,73891,,1,75,1,0.5,0.5
cc70bc52b6cf5953,57554,,0,145,5,0,0
cc03b4bfd6230662,80179,,0,751,14,0,0
cc2172ec2c537860,76769,,0,104,3,0.166666672,0.166666672
cc1fb339184010b1,90600,,0,994,15,0,0
ccd91e9718615ac9,22807,,0,373,11,0,0
cc998bdd34a30308,20968,,0,136,4,0.166666672,0.166666672
cce41a7b98a11861,32953,,0,546,13,0,0
cc6f48c14e68194b,84589,,0,147,5,0.200000003,0.200000003
cc4604457d34ec0d,69899,,0,582,13,0.166666672,0.166666672
cca76d80a7447a16,1897,,0,712,14,0,0
cc7a0800071b87e2,32928,,0,399,11,0,0
ccc4792ce02914fd,84486,,0,173,6,0,0
cc7a13077d9a71b5,36480,,0,249,8,0.166666672,0.166666672
cc8b65834801e458,44475,,0,991,15,0,0
cc910f638d03b8d1,40074,,0,974,15,0,0
cc2115369010c3df,5538,,0,273,9,0,0
cc8a3805ba6a408e,87710,,0,401,11,0.400000006,0.400000006
ccad0b5776d24fdb,89989,,0,425,11,0,0
ccbcdb0412840269,64097,,0,133,4,0,0
cceeacbd8325a352,77265,,0,184,6,0,0
cc6970b378d5db98,85843,,0,428,11,0.400000006,0.400000006
cc03fd0a85e424dc,85744,,0,73,1,0.166666672,0.166666672
cc607b54ef240bd4,79064,,0,988,15,0,0
cc55cd08f57425e3,10272,,0,147,5,0.300000012,0.300000012
cc012df1b1c1a6a9,9248,,0,55,0,0,0
ccceae9b7d843fc8,22479,,0,500,12,0,0
ccda0bcff85d3d90,28582,,1,279,9,0.587499976,0.587499976
cc0df95dae8f1fd9,36721,,0,479,12,0,0
cce6d51a9f76b798,25855,,0,918,15,0,0
cc699de0c5ccf629,10254,,0,104,3,0,0
cccd717de087ce6d,87023,,0,131,4,0,0
cc6727a1225ffe9e,19761,,0,520,12,0,0
cc0cf13f42a454f0,79867,,0,578,13,0.400000006,0.400000006
cc29659268b430c7,73851,,0,88,2,0,0
cc23dcb0caa5dc4b,81276,,0,535,13,0,0
cc14a9d0f939a95f,66508,,0,155,5,0,0
cc1ac11638bc1dab,17235,,0,113,3,0,0
cc3b8c9b9dfcafb4,4830,,0,69,1,0.200000003,0.200000003
cc7b4f59bf845a65,20569,,0,440,12,0,0
cc844a88e023b69d,49855,,0,264,9,0,0
cc61dbf3ea14b0ec,25240,,0,116,3,0.166666672,0.166666672
cc26509f74350817,75942,,0,347,10,0,0
cc1eb5273fdfeeaa,43533,,0,187,6,0.166666672,0.166666672
cc57c13e28778dfe,42000,,0,586,13,0,0
cc508275cc343a45,57480,,1,577,13,0.800000012,0.800000012
cc8c6aded7329627,4996,,0,992,15,0,0
ccd602836da95241,59647,,0,66,1,0,0
ccaad5819e9602a9,76257,,0,922,15,0,0
cc4aeaf791aef033,28102,,0,222,7,0,0
cc725c5cc8fbcf5f,22797,,0,141,5,0,0
ccca59f77976cdd8,8649,,0,936,15,0,0
cc1d4c893d2867c1,28873,,0,447,12,0.200000003,0.200000003
ccdcd86df8a014a4,88657,,0,433,11,0,0
cc9b022b851c8f01,31945,,0,505,12,0,0
cc92965c685e50c1,59211,,0,182,6,0,0
cc9370d3c5a2ff3e,14786,,1,321,10,0.5,0.5
cc5c2ee8ec14ffeb,12932,,0,192,6,0,0
cc0e83426b292eac,88502,,0,165,6,0,0
cc0f349268367e82,17839,,1,268,9,0.5,0.5
cc7d941c79ab8a16,3312,,0,256,8,0,0
cc82861de8612612,39527,,0,57,0,0,0
cc0b513810e15e94,26485,,0,70,1,0,0
cc273256f1107be4,20779,,0,304,9,0,0
cc3cb3335ceb4793,28293,,0,80,2,0,0
ccba05b9513a61ae,78634,,0,720,14,0.200000003,0.200000003
cc5521adff287be1,74763,,0,524,12,0,0
ccff7b749aa6b17c,32620,,0,324,10,0,0
ccbe92d95f5343e5,31820,,0,203,7,0,0
cc6c7471b34729e9,35714,,0,412,11,0.300000012,0.300000012
cc79e04a8fba011f,83960,,0,90,2,0,0
cce27476a649c97b,7631,,0,139,5,0,0
ccafceddf66d60b1,24022,,0,561,13,0.166666672,0.166666672
ccc5342e65f8e7bb,1361,,0,803,14,0.300000012,0.300000012
ccdbd6c0dbdc851a,68627,,0,131,4,0,0
cc1e1a2dcfe4972b,50821,,0,180,6,0.142857149,0.142857149
cc3cb91c9e0d8fa9,21110,,0,999,15,0,0
cc11863805e5bd54,66812,,0,91,2,0.200000003,0.200000003
cc23135ff82ac6f0,84202,,0,122,4,0,0
cce40c96de8742af,75755,,0,999,15,0,0
cc912d635c55f695,80701,,0,335,10,0,0
cc1a623ee0dbee02,23173,,1,204,7,0.597014904,0.597014904
cc8cefb30185db84,69327,,0,747,14,0,0
ccb7755a9a5817be,97093,,0,266,9,0,0
cc7d432c95a34930,54550,,0,120,4,0,0
cc71d1efd35abd98,32362,,0,42,0,0,0
cc181c7b41159292,21060,,0,109,3,0,0
ccb10df3cd7834df,31035,,0,390,11,0,0
cc98b6ed55022a72,54140,,0,1000,15,0,0
cc0879404acf3bd3,32542,,0,261,8,0.400000006,0.400000006
cc13a6aba3712877,44275,,0,43,0,0,0
cc5de97bc330f732,14072,,0,136,4,0,0
ccbc3d1bafa010f7,57220,,0,996,15,0,0
cc735c42ce29866e,29147,,0,166,6,0,0
cc357761650b85e5,64569,,0,291,9,0.200000003,0.200000003
ccf77fe882b6991a,67465,,0,75,1,0,0
ccfa280794e892a1,21424,,0,246,8,0.166666672,0.166666672
cc1830219b852a9a,34531,,0,214,7,0,0
cc91ef723a60ed1b,71461,,0,929,15,0,0
ccf971455f62d1b4,80590,,0,341,10,0.166666672,0.166666672
cc22a30acba5e333,64293,,0,740,14,0.300000012,0.300000012
cc97809ebbcfb507,75416,,0,187,6,0,0
cc3adef37d1196a3,86177,,0,65,1,0.166666672,0.166666672
cc09166acc1bc0e5,23634,,0,57,0,0,0
cc1b403a9182b716,18148,,0,147,5,0,0
ccde9b7b94a467e0,33657,,0,473,12,0,0
cc27ec7e3b85cf97,29042,,1,51,0,0.730769217,0.730769217
cc7033c9d450a97f,16759,,0,67,1,0,0
cc1bba403af5b9e8,81168,,1,101,3,0.864406765,0.864406765
ccf56288791f2737,24799,,0,191,6,0,0
cce6575720eb24bf,51729,,0,283,9,0.166666672,0.166666672
cce2789b3b88f9c1,73656,,0,195,7,0,0
cc3e525913454e36,8306,,0,333,10,0,0
ccb4c8dcaeb56be3,18267,,0,45,0,0,0
cc58fa6990fae1bd,78675,,1,366,11,0.600000024,0.600000024
ccd65857ae2b534b,57370,,0,216,7,0,0
cc3c399d4955bfc3,15056,,0,291,9,0,0
cc18e2ebbee988c3,64483,,0,218,7,0,0
cc21a8137c4e29a8,74407,,0,291,9,0.200000003,0.200000003
cc08d9dfc8796aa2,8464,,0,41,0,0,0
ccca402815139a0f,24331,,0,987,15,0,0
cc6a865689e048e7,4668,,0,102,3,0,0
cc9bcc063e318395,70610,,0,365,11,0,0
cce51a9269738434,36963,,0,192,6,0,0
ccc8da86fda0d2e6,7014,,0,178,6,0.100000001,0.100000001
cc59d758e2852784,44794,,0,608,13,0,0
cc140ea918afe89f,15505,,0,213,7,0,0
ccbafc200d2bd822,45374,,0,992,15,0,0
cce9623bca069114,17122,,0,274,9,0.400000006,0.400000006
cc7d433e830c4677,26216,,0,129,4,0,0
ccd84874cac38c10,81504,,0,983,15,0,0
ccdf3125eac5e1f0,980,,0,104,3,0.166666672,0.166666672
cc11f2637dec261d,69877,,0,238,8,0,0
ccb63398989abb46,33500,,0,64,1,0,0
cce37f09f5e6f817,26876,,0,47,0,0,0
cceee4a1399d2756,61911,,0,168,6,0,0
cc3abcbec01592f0,20928,,0,41,0,0.300000012,0.300000012
cc43dbcfda89ec05,72990,,0,162,5,0.318840593,0.318840593
cc2f44023f4434da,63671,,0,390,11,0,0
cc0fcd47edf83e1e,79136,,0,655,13,0,0
cc0b77283ec887f7,59597,,0,156,5,0.400000006,0.400000006
cc70aa04391dbb65,28601,,1,69,1,0.814285696,0.814285696
cc3bb9ab53a446dc,16364,,0,111,3,0,0
cc9aa8e713d15811,29192,,1,391,11,0.600000024,0.600000024
cc61fdb6de45c1b7,86205,,0,77,2,0,0
cc2743cf8eac18ee,12292,,1,645,13,0.600000024,0.600000024
cc6a06e3c5a1655f,66821,,1,110,3,0.746478856,0.746478856
cc24731400d98c69,23550,,0,125,4,0,0
cce0b4e08fc082ea,55286,,0,216,7,0,0
cc193f4033d6bfd0,75994,,0,72,1,0,0
cc70e892a2c7473c,96157,,0,61,1,0,0
ccff608ff876908f,59351,,0,84,2,0,0
cc8b31ad82a2f008,2453,,0,311,10,0,0
cc2043b356065241,41422,,0,55,0,0,0
cca06131e0f1210a,60917,,0,355,10,0,0
cc05cc8407d166da,60818,,0,58,0,0,0
cc0ba647f939ac9e,48227,,0,148,5,0.166666672,0.166666672
cc561e3a99a0f1af,73852,,0,75,1,0,0
cc2320bc41ba663c,82546,,0,475,12,0,0
cc1b5a9fe17dee94,1468,,0,107,3,0,0
cc3c53247e7244e3,96614,,0,337,10,0,0
cc8d28ebea1ea26c,38327,,0,224,8,0,0
ccd0a13a07eefb04,30184,,0,81,2,0,0
cc829da1007ad188,13702,,0,184,6,0,0
cc277a58b10c7c42,91347,,0,940,15,0,0
cc138d29a7e341f7,59961,,0,105,3,0,0
cc89cbf7b3b76f4e,32208,,0,957,15,0,0
ccbbf51e61ab0332,71302,,1,392,11,0.5,0.5
cca60ffb7091e2fc,24890,,0,150,5,0,0
cc75a5f8efa1479c,88372,,0,987,15,0,0
ccd3eee4362cdce0,83873,,0,65,1,0,0
cc49647923983882,50227,,0,272,9,0,0
cc9b7fce5ff715f0,75021,,0,59,1,0,0
cccbb8c221eb306e,62508,,0,238,8,0.166666672,0.166666672
cc230b1e0f009028,28618,,0,101,3,0,0
cc27a6ae7b2cd5f7,51228,,0,252,8,0,0
cccd463e921b5c33,24735,,0,936,15,0.00468227407,0.00468227407
cc67c7a2a5fdf75c,14533,,0,121,4,0,0
cc018da1fd699db5,38026,,0,648,13,0,0
cc3267e52a3afdb4,68573,,0,68,1,0,0
cc684bac632fbdde,38862,,0,686,14,0,0
cc564d2627f91b80,74622,,0,72,1,0,0
cce238fc6d25bb4d,18167,,0,210,7,0.166666672,0.166666672
cc520f3ad006a91a,23742,,0,73,1,0,0
cc2eab5b3a055407,776,,0,143,5,0,0
cc3d9df58b59e636,91154,,0,113,3,0,0
ccabacb591121ba8,70926,,0,206,7,0,0
cc3244154eab523c,38889,,0,71,1,0,0
ccbbcd4eb84ad8cc,11708,,0,137,4,0,0
ccc2dafcd5a79124,49280,,1,611,13,0.5,0.5
cc1061e3db3f8ccc,92184,,0,148,5,0.400000006,0.400000006
cc5c378dd5c84ee2,80816,,0,135,4,0,0
ccfbf00cf6065983,41423,,1,294,9,1,1
cc41e7d59daba616,71498,,0,225,8,0,0
cc96a1f1b3b64ed6,94185,,0,142,5,0,0
cc7430f285b70cf9,50292,,0,661,13,0.166666672,0.166666672
cc81ab6332f71228,84760,,0,111,3,0,0
cc69218d22b02fe3,74862,,0,341,10,0.200000003,0.200000003
cc8fa3127727b0ad,48888,,0,145,5,0,0
ccc53b2f72e0d9f4,46929,,0,314,10,0,0
ccee1d91c963034d,92115,,0,165,6,0,0
ccde38925c188923,6802,,0,505,12,0,0
ccd03a5a9f1f145f,50110,,0,64,1,0.166666672,0.166666672
ccae0f5f597fdca5,75223,,0,346,10,0,0
ccf8222142174f71,62580,,0,97,3,0,0
cc7f67b5ff073917,80561,,0,105,3,0,0
cc6b447b4de15976,66066,,0,642,13,0,0
cc6f6292824be8ee,18257,,0,971,15,0.400000006,0.400000006
cc074b01fdf5faca,52245,,0,187,6,0,0
ccde511b649cdc42,64815,,0,257,8,0,0
ccde8f7f44cfa69b,85234,,0,95,2,0.100000001,0.100000001
cc35d961651fa769,19821,,0,570,13,0,0
cc1f80201a11c85f,94490,,0,262,8,0,0
cce8a1eb3f9155b7,67241,,0,94,2,0,0
cce1127c793db622,41708,,0,794,14,0,0
cc2ed244af62e57b,23757,,0,281,9,0,0
cc501ee418d809c4,51827,,0,393,11,0,0
cc9398324bd9d38d,25235,,0,84,2,0,0
cc266d134aaf664b,54815,,0,62,1,0,0
cca7a8aca67146f4,50674,,0,386,11,0,0
cc60a9cf44b7afd6,1740,,0,230,8,0,0
ccceb02689a19b28,51459,,0,286,9,0,0
cc36164a8ea6bb2f,18243,,0,250,8,0,0
ccb65fde86c71fc0,974,,0,71,1,0.200000003,0.200000003
cc8abe2896022c0e,46760,,0,179,6,0,0
cc49599835c40354,84348,,0,671,13,0,0
ccdb0a4fe64daf17,33986,,0,694,14,0.300000012,0.300000012
cc7d0405aa2a8c68,88906,,0,180,6,0,0
cc4324fe4e51ab41,4128,,0,231,8,0,0
ccbcf102f1cd033b,45048,,0,906,14,0,0
cc9e287bed6c852a,90842,,0,85,2,0,0
cc2650c796a0b74c,85649,,0,990,15,0,0
cc406b3a2ed60c63,1606,,0,180,6,0,0
ccd69c624ff28349,13306,,0,40,0,0,0
cc3d0af152034ae8,21368,,0,164,6,0,0
cc7e04351e3db101,7876,,0,609,13,0,0
cc58150a7cb18b3d,33183,,0,606,13,0.166666672,0.166666672
cc8a2f35a32e5bc9,3142,,1,637,13,0.508771956,0.508771956
cc065c06772dc17d,83330,,0,138,5,0.166666672,0.166666672
cca689876abbf92e,28042,,0,426,11,0.200000003,0.200000003
ccf8869db751e80c,70254,,0,425,11,0.166666672,0.166666672
cc34c6959398f6d8,14084,,0,489,12,0,0
ccabdd1c8c7584d7,62951,,0,96,3,0,0
ccc1202843245042,5271,,0,137,4,0.166666672,0.166666672
cc8d6c8ccd865434,72128,,0,245,8,0,0
cc731ebc05f19fb4,67813,,0,420,11,0,0
cc89d8b75914e0c3,78034,,0,139,5,0,0
ccdb95bcbb8bdf94,27147,,0,149,5,0,0
cc01553f72247b2f,89191,,0,312,10,0,0
cc0b1a07e1c1ddb4,93911,,0,248,8,0,0
cc930711ee78e8d0,37997,,0,72,1,0,0
cce268582efdf6e0,77465,,0,242,8,0.166666672,0.166666672
cc09a6122f0f7a56,60835,,0,393,11,0,0
ccdf8af6c49af6d9,65213,,0,634,13,0,0
cc313dbc4d547855,32008,,0,207,7,0,0
cca7432c89cdbde0,48488,,0,75,1,0,0
cc58f69b9edfce0d,74451,,0,275,9,0,0
cccb32feed0308a9,62406,,0,117,4,0,0
cc0853bc377815bf,82312,,0,106,3,0.166666672,0.166666672
ccc452c06e86d669,56172,,0,662,13,0.200000003,0.200000003
cc7f757bf93c9d0e,76467,,0,550,13,0,0
ccd2bb5212412dba,94581,,0,144,5,0.166666672,0.166666672
cc6860b6d25683af,95883,,0,195,7,0,0
cccdaddec584e721,29084,,0,675,14,0,0
cc6312e2602b9ae4,483,,0,552,13,0,0
ccf5c1a73fbd581b,40395,,0,141,5,0.166666672,0.166666672
ccf1aebd450e4234,71312,,0,47,0,0.200000003,0.200000003
cce22b101db54e92,29557,,0,340,10,0,0
cc415bffeb58652d,76610,,0,57,0,0,0
cc981fe74dcf3d45,17072,,0,145,5,0,0
cc0ab6f6d294cb7b,82657,,0,69,1,0,0
cc78b4d7dffdb3c9,34848,,0,273,9,0,0
cccd05457ddd31f9,5464,,0,232,8,0,0
cc4429f242a36737,9766,,0,357,10,0,0
ccfae1a09cdee6e2,48961,,0,549,13,0,0
cca376c894cf569d,50948,,0,476,12,0.400000006,0.400000006
cc91ae4a7197e8d2,46920,,0,311,10,0.400000006,0.400000006
cc990c0efc8ec533,25491,,0,241,8,0,0
cc142ce90b98697c,80352,,0,694,14,0,0
cc7fd24fc035e390,53375,,0,803,14,0.142857149,0.142857149
ccec0b606fd559d6,77244,,0,803,14,0,0
cc25b6617414d270,73530,,0,42,0,0.462686568,0.462686568
cc6b8f383cea7f83,59321,,0,356,10,0.200000003,0.200000003
cc13faef9d50566f,16802,,1,45,0,0.614285707,0.614285707
ccf4528dffbfd121,74680,,0,122,4,0,0
cc08aa45b9d9ff2e,42566,,0,248,8,0,0
ccc626ca0472b4f4,67882,,1,171,6,0.800000012,0.800000012
cc252adf31e56b6a,1695,,0,363,10,0,0
cccbe90cbb7994a4,20976,,1,54,0,0.600000024,0.600000024
cc713f20790615be,16059,,0,430,11,0,0
cca1b20ec1df36d7,23750,,0,52,0,0,0
cc6cace76a0cffa6,73842,,0,91,2,0,0
cc050fbb0bef4246,53927,,0,142,5,0,0
cc5074956562299a,27182,,0,304,9,0,0
ccfb422f0899e314,20085,,0,325,10,0.300000012,0.300000012
cc97007f4a9a0b0c,49283,,0,135,4,0,0
cc39b4b59a125522,75111,,0,308,10,0,0
cc576a7884186204,73705,,0,344,10,0,0
ccc66c75cfe718b0,23390,,0,136,4,0,0
ccaf93d4576c801f,71816,,0,258,8,0.142857149,0.142857149
ccc9eb288090f2e7,32522,,0,443,12,0.200000003,0.200000003
cc29af950186f99b,14336,,0,354,10,0,0
cc15efcb4909242c,83578,,0,89,2,0,0
cc2c412a67e13929,5407,,0,102,3,0,0
cc4b9a10b6cdec05,37960,,0,175,6,0,0
cc64cfd0317cf5fd,96495,,0,132,4,0.200000003,0.200000003
ccc5c1069778597e,49496,,0,71,1,0,0
ccc860dadf9ba6d6,15028,,0,498,12,0,0
ccfea4d0a0066e14,27279,,0,62,1,0,0
cc1c0d152557c42c,46102,,1,147,5,0.699999988,0.699999988
ccbfc9286a667a1f,46142,,0,937,15,0,0
cc53c1ad85d629c2,66237,,0,142,5,0.166666672,0.166666672
ccbc3495673f0ec8,58396,,0,695,14,0,0
ccae4384fc042d45,86039,,0,210,7,0,0
cc7a8098aa348a8b,31060,,0,45,0,0,0
cc01a90082164080,22392,,0,657,13,0,0
cc4d8d41c6f200fb,78423,,0,159,5,0,0
cc5168e9ac52964f,68897,,0,990,15,0.300000012,0.300000012
cc2f5242e3f3587f,71463,,0,317,10,0,0
cceabb2054751884,43774,,0,136,4,0,0
ccae60ae453ea3b3,64075,,0,330,10,0,0
cc5fb9912fc75afe,40572,,0,487,12,0,0
cc162853bd3ce587,51181,,0,142,5,0,0
cc31560a6ec2668b,75393,,0,208,7,0.200000003,0.200000003
cc0f6b7a14c5b17b,24458,,0,245,8,0,0
ccaf75971dbf1a19,4934,,0,179,6,0.300000012,0.300000012
cc2eabbf2e3913fd,21610,,0,269,9,0,0
ccca3ffb08b9fea6,75128,,0,95,2,0.200000003,0.200000003
ccea65b6d9b45ee2,56814,,1,186,6,0.833333313,0.833333313
cc73bc889050346f,34648,,0,983,15,0,0
cc9ad407e4b576de,23854,,0,110,3,0,0
cc6d3ff076cdfa59,14719,,0,248,8,0.200000003,0.200000003
cc5588f8a3988dbd,78955,,0,132,4,0,0
cc307436029a84fd,83820,,0,359,10,0,0
cca19c337a62eefa,77897,,0,213,7,0,0
cc18d85e3a089ab4,91029,,0,43,0,0,0
cc492c11159ac588,16466,,0,84,2,0.200000003,0.200000003
cc87a19941ff1250,67267,,0,603,13,0,0
cc523bcf13662df2,24025,,0,139,5,0.200000003,0.200000003
cc1ac8cbb58b9a98,41504,,0,752,14,0.400000006,0.400000006
ccd25e1ad9f54a01,24728,,0,602,13,0,0
cc5e23b91155448c,76919,,0,476,12,0,0
cc3139319bc66f94,4610,,1,253,8,0.5,0.5
ccabcf9cf8856ddf,8237,,1,179,6,0.532258093,0.532258093
ccc03aa8af29a656,87191,,0,53,0,0,0
cc00e266e9ac8c03,91398,,0,912,15,0,0
cc24778d2c282e55,30123,,0,97,3,0,0
ccc35f16e7d2b5bf,7132,,0,252,8,0,0
cc6f739f192d5459,57784,,0,906,14,0,0
cc2b5274f0ea7e69,46042,,0,380,11,0.200000003,0.200000003
ccaef0b18564d4ed,18251,,0,50,0,0,0
ccedbf77dea254ec,61240,,1,249,8,0.800000012,0.800000012
cc417cbe31a0e220,45037,,1,64,1,0.800000012,0.800000012
cc40cabccc77cc3f,86115,,0,469,12,0,0
ccc9dabc767520d6,22417,,1,50,0,0.583333313,0.583333313
cc078f28b1b69dd4,54386,,0,214,7,0.166666672,0.166666672
cc696347b890e96f,59970,,0,240,8,0.300000012,0.300000012
ccd678c0de9c1d32,76244,,0,144,5,0,0
cce6532ba7c7eefc,89236,,0,49,0,0,0
cc68fcd9973f26e1,902,,0,638,13,0,0
cc2b1c4d0753d75f,38216,,0,240,8,0.166666672,0.166666672
ccf02cc5163dca24,74983,,0,160,5,0,0
ccf6816c63d77818,66729,,0,161,5,0.166666672,0.166666672
ccf4bec734f0b6e7,31939,,0,72,1,0,0
ccf312cc790d6757,5590,,1,195,7,0.600000024,0.600000024
cc6f2de2a2942f38,30620,,0,53,0,0,0
cc1ce63d4bb57eb1,28827,,1,43,0,0.862068951,0.862068951
cc1fdbd6cae4ee65,49833,,0,105,3,0,0
cc7b3c9b330f3820,7309,,1,796,14,0.600000024,0.600000024
cce5fcd12040ad5d,96473,,0,180,6,0.200000003,0.200000003
cc57f367c7fb26da,66718,,0,41,0,0.300000012,0.300000012
cca657642712f562,57161,,0,247,8,0,0
cc32d7c043c422a0,1636,,0,210,7,0.166666672,0.166666672
ccadd6878c7aada6,1170,,0,947,15,0,0
cc2cbcca4e286703,9469,,0,208,7,0.300000012,0.300000012
ccaba8199e59d3f1,87838,,0,106,3,0,0
cc30da509c481f77,40632,,0,154,5,0,0
cc291ac6f943c087,50468,,0,306,9,0,0
cce8c123e4bbb2bd,82646,,0,453,12,0,0
ccf5a9b556ac0eb8,80324,,0,250,8,0,0
cc3693b22ad18ce0,38512,,0,379,11,0,0
cc209098a454b52b,34504,,0,73,1,0,0
cc8af091c3c50271,45842,,0,256,8,0.166666672,0.166666672
ccef70b2f5288f33,81014,,0,337,10,0,0
cc0f9ceadef5897e,7835,,0,168,6,0.166666672,0.166666672
cc46d80b91d89730,37476,,0,512,12,0,0
ccd7e19137df2b95,57928,,0,227,8,0,0
cc702096608b4389,30351,,0,371,11,0,0
ccce520effd42c65,66426,,0,357,10,0,0
ccc4e837cb7eafb1,53105,,0,110,3,0,0
cc9190cc127747de,69408,,0,41,0,0,0
cc89e4da67985295,64911,,0,325,10,0,0
cc9109c1225690b5,39643,,0,133,4,0,0
cc0464aa65f96f52,69842,,0,465,12,0,0
cc4951d7e9629334,7834,,0,675,13,0,0
cc7e2a8a4e727c4a,5383,,0,750,14,0,0
cc02ce080a602aa4,2329,,0,76,1,0.166666672,0.166666672
cca5802773b8f129,68327,,0,491,12,0,0
cc0f4733770f6167,35311,,0,286,9,0.166666672,0.166666672
ccc9911749e02c6b,23695,,0,100,3,0.166666672,0.166666672
ccf3f71fa77a48a2,62253,,0,836,14,0,0
cc310a92d34f356e,35018,,0,498,12,0,0
ccfbf3c249aedccb,21931,,0,426,11,0,0
cc9cbc01b70c9264,68731,,0,177,6,0,0
ccf7f3242a513b3d,34763,,0,228,8,0,0
cc33e3621ebbc415,36072,,0,426,11,0,0
cc738de003598ab3,20458,,0,663,13,0,0
cc21733e14954034,60798,,0,405,11,0,0
cc3003273fe98e14,34777,,0,106,3,0,0
cc0419c6e4132a6d,28823,,1,69,1,0.600000024,0.600000024
cc811f81e754cff7,23824,,0,125,4,0.166666672,0.166666672
cc90c7654bdcc9e4,25700,,0,558,13,0,0
cc2f1e1fccc79c8d,80154,,0,364,11,0,0
ccb97062820bdfb1,33175,,0,183,6,0,0
cc5037c89ce1b30a,82586,,0,995,15,0,0
cce5e54fba73ad4c,74742,,0,227,8,0.400000006,0.400000006
cca155dd84fa5e9e,62258,,0,84,2,0,0
cc3d207e57ad6f37,19654,,1,727,14,0.5,0.5
cc4abe2b4f2dce8b,18845,,0,335,10,0,0
cc011211819ceae6,73841,,0,112,3,0,0
cc079a93bb10419c,45343,,0,281,9,0,0
cc67359d000482eb,49672,,0,885,14,0,0
ccff7ef151c9d070,46926,,0,72,1,0,0
cc8c1bf9f45e6e30,7768,,0,131,4,0,0
cc64b8a9430880b0,75900,,1,921,15,0.5,0.5
cc5232f6f956a8fd,58407,,0,935,15,0,0
cc685e95b059a8a3,11716,,0,211,7,0,0
cc7b82379ffaf9ec,12361,,1,913,15,0.699999988,0.699999988
cc1db4c997e52455,76713,,0,973,15,0,0
ccb516cfc97fbd25,93736,,0,922,15,0.166666672,0.166666672
ccd034cecd96c204,37995,,0,116,3,0.166666672,0.166666672
cc7d22676ca19f9f,76008,,0,56,0,0,0
cc5b1aa3d3da1848,97202,,0,374,11,0,0
cceab42f1d26cc11,58272,,1,671,13,0.800000012,0.800000012
ccf4e91aea15b0a0,22474,,0,44,0,0.166666672,0.166666672
cc9ea61d4bd5d656,12723,,0,492,12,0,0
ccaf57f9cf6df102,13669,,0,719,14,0,0
cc8d273b214031e4,88542,,0,172,6,0.200000003,0.200000003
cc05bfc5d7cce4c5,62357,,0,283,9,0,0
cc4383fbadc04461,53271,,1,152,5,0.600000024,0.600000024
cce4c4e4d9f676ec,57702,,1,222,7,0.5,0.5
cc1abe7f3b10d5bb,375,,0,264,9,0.200000003,0.200000003
cc995820b2582dfb,37288,,0,618,13,0.400000006,0.400000006
ccfab0bfc8ee43ac,84093,,0,172,6,0.166666672,0.166666672
cc2525df14a34794,91741,,0,376,11,0,0
cc46ea7d29b7cc3d,24134,,0,119,4,0.328947365,0.328947365
cc88c1e57993b85d,73999,,1,148,5,0.833333313,0.833333313
cc858f7ef5720d42,94498,,0,102,3,0.300000012,0.300000012
ccb7f5ecc90008c6,42167,,0,159,5,0.166666672,0.166666672
ccde530444aa6e5c,82149,,0,52,0,0,0
cca76c0ca24cb353,1180,,0,422,11,0,0
cc33e750ff4e7bdf,21883,,1,571,13,0.600000024,0.600000024
ccd2caa380947157,74986,,0,166,6,0,0
ccb4aeec9cd14d4d,70518,,0,51,0,0,0
ccaa18f3caa74299,74535,,0,704,14,0,0
cc9087acc957ed5b,5620,,0,108,3,0.400000006,0.400000006
cc10481b86b2f6ff,39222,,0,260,8,0,0
cc3016a703ec02ae,94337,,0,587,13,0,0
ccfc3f0456f07b03,60725,,0,705,14,0,0
cccf5d1e28a62e8d,8659,,0,961,15,0,0
cc1e91c708297044,13332,,0,634,13,0,0
ccf24f98e22f2ea1,90809,,1,313,10,0.810810804,0.810810804
cc7ec77062ab5de8,45806,,0,248,8,0,0
cc969f48f8558523,33528,,0,363,11,0,0
cce098578f205404,54208,,1,263,9,0.600000024,0.600000024
cca3a4923e085442,76921,,0,145,5,0,0
ccd4c9b014b33f7e,39924,,0,45,0,0,0
cca5dde71c280722,72934,,0,412,11,0,0
cc06ee5c46ad3d6b,27731,,0,278,9,0,0
cc63ce569875f221,57773,,0,985,15,0.400000006,0.400000006
cc2e8928517c63b2,39961,,0,293,9,0,0
ccc36d50a5d0e259,84227,,0,388,11,0,0
cc5c6dd4ebd2bfe0,24146,,0,238,8,0,0
ccc1a5a891ea1eb3,25465,,0,170,6,0,0
ccbcf2393e291257,24534,,0,280,9,0,0
cc80f0dedecdf84c,78120,,0,734,14,0.166666672,0.166666672
ccf222a375cde6d6,355,,0,62,1,0,0
cc11ac51e4fc2a1b,77886,,0,332,10,0,0
cc722a7761c8f4e6,60261,,0,203,7,0,0
cc1c7e25270e1fc1,56135,,0,585,13,0,0
cceddf7de0dedb1b,13685,,0,73,1,0,0
cc8d34683491dae0,86523,,0,82,2,0.472972959,0.472972959
cc9c6d64a0e7f733,41420,,0,697,14,0,0
cc7afdcdae75086e,17036,,0,911,15,0,0
cc14d28abf3b840b,46034,,0,73,1,0,0
cce25d7c2ad84274,32637,,1,202,7,0.600000024,0.600000024
ccddda91aabd8b43,50565,,0,307,9,0,0
cc4945d0b86497b2,78643,,0,277,9,0,0
cce17d2e82f64642,5032,,0,169,6,0,0
ccdaecdfdad7528a,9338,,0,351,10,0,0
cc03f4752bb94961,73784,,0,262,8,0,0
ccd96083c7745743,86227,,0,995,15,0,0
ccdb774cde08718d,14341,,0,218,7,0,0
cc4b9d12f6e72f21,97249,,0,123,4,0,0
cce7f370ff0dcb66,32694,,0,534,13,0,0
cc166c050a88ee8a,22342,,0,280,9,0.166666672,0.166666672
cc5ce431651b1de8,75372,,0,203,7,0.400000006,0.400000006
cc6ef233e72d4f1b,22944,,0,429,11,0.200000003,0.200000003
cc83c523ded0d8ef,86998,,0,126,4,0.166666672,0.166666672
ccb4f0776f5bf0f8,76322,,0,199,7,0,0
cc840b02cbcc0087,37600,,0,215,7,0,0
cc6a760ed5f5dca2,19164,,0,140,5,0.469696969,0.469696969
cca52083512b9ce1,25872,,0,381,11,0,0
cc02532d5859a872,86120,,0,191,6,0,0
cc3c2079f8b7b54c,39923,,0,140,5,0.166666672,0.166666672
cc40f69bb68c331c,7359,,0,914,15,0,0
cc7ff7ecea129c1b,34791,,1,318,10,0.5,0.5
cc73f2685e287848,29817,,1,73,1,0.5,0.5
ccfff3e4d4703590,54376,,1,74,1,0.5,0.5
ccfaafd0b76248ab,95637,,0,100,3,0,0
cc7ee02a2e42f1bc,47137,,0,333,10,0,0
cc59c12e1964b96a,976,,0,280,9,0,0
cc5e22856af271e1,74523,,0,277,9,0.373134315,0.373134315
cc655ef411a66a8a,66103,,0,662,13,0,0
cc51ead85cff799a,65418,,1,309,10,0.600000024,0.600000024
ccb58be8706adf33,61717,,0,160,5,0,0
ccc031c2260d489c,45189,,0,469,12,0,0
cca1571630e71d63,19862,,0,189,6,0,0
ccccc08f86aec190,36261,,0,79,2,0,0
cc66644133f5f51b,59334,,0,393,11,0,0
cc98925099b25cc2,31095,,0,387,11,0,0
cc65260af88e8eb4,74665,,0,51,0,0,0
cc64e54067a90ed4,51086,,0,162,5,0.200000003,0.200000003
cc726183037ab9a5,74838,,0,309,10,0,0
cc3c20c0d41972e4,26199,,0,215,7,0,0
cce0ac54e284bf8e,32327,,0,185,6,0,0
ccf32e04a8fc46ba,8783,,0,70,1,0,0
cc3770ce245799eb,44008,,0,230,8,0,0
ccdb3dde7825c1d3,59263,,0,761,14,0,0
cc82ecc5a34e8288,5600,,0,174,6,0.166666672,0.166666672
cc5276003d7bb85b,9465,,0,61,1,0,0
cc58fbaaca3acdb3,33640,,0,47,0,0,0
cc485bd5d8fca096,82625,,0,63,1,0,0
cc9f861da002acb5,19411,,0,106,3,0,0
cc34d8ed6eba83aa,93600,,0,681,14,0,0
ccb3b190ae504f4d,66690,,0,65,1,0,0
cc1c518eb5d8f9fb,90923,,0,259,8,0,0
cce05ba50be4b263,9507,,0,480,12,0,0
cc0467ceb4415f11,32123,,0,418,11,0,0
cc96072ba40d3cc8,37804,,0,101,3,0,0
cc0fe12ba57b65ae,74889,,0,303,9,0,0
cc870db1b116e62d,21444,,0,574,13,0.166666672,0.166666672
cc4a1a814320c3bf,1295,,0,119,4,0,0
cc9af24384ffc3da,59337,,0,542,13,0,0
cc6b9686ebd15816,56698,,0,356,10,0.166666672,0.166666672
cc87040ae33ced00,22881,,0,198,7,0.100000001,0.100000001
cc8bc87e6c06d0f2,50440,,0,325,10,0,0
ccc1e938bef39be5,48243,,0,376,11,0,0
cceaa8b883952cef,52032,,0,800,14,0,0
cce43fd664378af1,83096,,0,64,1,0.200000003,0.200000003
ccdf0959ca720cc9,10321,,0,70,1,0,0
cca0c73fb544f253,71577,,0,309,10,0,0
cc9bd08e96dd3326,40,,0,391,11,0,0
cceb4ce0d4762f98,47509,,0,186,6,0.166666672,0.166666672
cc2143427d975b7b,72565,,0,147,5,0,0
cc5da3505608598a,92609,,0,275,9,0.200000003,0.200000003
cc711a0fcb895738,36228,,0,121,4,0,0
ccab87b6baca84b7,37783,,0,95,2,0,0
cc124239c2cf377d,51466,,0,375,11,0,0
cc0d4661a97829a4,44945,,0,250,8,0.166666672,0.166666672
cc954f1f3eedbbcf,9214,,0,216,7,0,0
cc1bfe0b9557cf55,76649,,0,72,1,0,0
cc067c7f8523879d,23944,,0,44,0,0.300000012,0.300000012
cca147285e742a81,58889,,0,546,13,0,0
ccc10a84cc685342,18892,,0,54,0,0,0
ccb86a5cd4d59c10,77020,,0,216,7,0,0
ccb3ab79a5926ba8,36118,,0,122,4,0,0
cc9d57003b38176f,65494,,0,971,15,0.166666672,0.166666672
cc9d1c1ab75bb631,23892,,1,279,9,0.533333361,0.533333361
cc2d9242a301bcab,60840,,0,563,13,0.100000001,0.100000001
cc42e17f99d684ea,71699,,0,178,6,0.100000001,0.100000001
cce68bd1732df38a,46516,,0,793,14,0,0
cc719285757a098c,82120,,0,226,8,0.400000006,0.400000006
cca9fde2390a3327,85812,,0,315,10,0,0
ccb4ccdffb9c7cfe,62109,,0,40,0,0,0
cc08dccb5dd73033,39944,,0,337,10,0.400000006,0.400000006
cc8a005a46be0a87,30735,,1,301,9,0.830188692,0.830188692
ccc8f25628e29dc6,3948,,0,202,7,0.166666672,0.166666672
ccd983a9f3c84f23,56019,,0,80,2,0.166666672,0.166666672
ccec041008dd4d69,71154,,0,242,8,0,0
cc1c4631dd3b089b,76199,,0,165,6,0,0
cc1750398a3de757,26732,,0,580,13,0,0
cc0defae17b173b0,2441,,0,174,6,0,0
cc8e25f9be2c7ff4,4780,,0,97,3,0.166666672,0.166666672
cc277c7ba19b099c,89318,,0,81,2,0,0
cc078a124f9e0e46,58305,,0,235,8,0,0
ccd2fc331bf01093,85446,,0,754,14,0,0
cc33ef563c885d00,2724,,0,202,7,0,0
cc5e8c84a26fa535,18739,,0,170,6,0,0
cc97c61adb02b9f5,67160,,1,995,15,0.5,0.5
cc61387332f285ce,5569,,0,330,10,0.394366205,0.394366205
cc7a918946cf5ae1,31780,,0,185,6,0.200000003,0.200000003
cc4aa94674f7f73f,53159,,0,106,3,0.400000006,0.400000006
cc7d65813e3c15ee,89744,,0,329,10,0,0
cc54036916aa9540,36938,,1,251,8,0.5,0.5
cc39efc8f9a80ad8,34164,,1,81,2,0.5,0.5
cc2831c5475db8ca,92179,,0,69,1,0.142857149,0.142857149
cc0256105ab60b8c,92114,,0,402,11,0,0
cc13b5ef3caa99ef,60016,,0,61,1,0,0
ccc51b09cc88e42a,13728,,0,389,11,0.400000006,0.400000006
cc97e2cce3db8651,88583,,0,991,15,0.200000003,0.200000003
ccea28bb724cbc36,69463,,0,111,3,0,0
cc23cb84c2224dc0,45779,,0,408,11,0.400000006,0.400000006
cc86f24feb40ede9,31251,,0,172,6,0,0
ccfc3dae39c20a47,92793,,0,66,1,0,0
cc8779f82659f80e,28810,,0,296,9,0,0
cce8aee436c93507,90400,,0,813,14,0,0
cc9cc21b117e0700,70931,,0,751,14,0,0
cc3fd01dbac23959,65312,,0,998,15,0,0
cc39d0abac8bebf1,49466,,0,990,15,0.166666672,0.166666672
cc957641b492c624,67547,,1,388,11,0.833333313,0.833333313
ccf35aaf1ed353a8,38610,,0,328,10,0.300000012,0.300000012
ccf8b3c5bba95f5c,88104,,0,122,4,0,0
cc58396a136277d9,61234,,0,805,14,0.166666672,0.166666672
cc2f244c8c7af1ae,88958,,0,399,11,0,0
ccf95c72f2f61ffb,14867,,0,45,0,0,0
ccce7c96c1ad7fad,48423,,0,44,0,0,0
cc2749c89fbcb9f9,45950,,1,372,11,0.5,0.5
cc26005cda074063,97315,,0,530,13,0,0
ccf421099748ae22,61524,,0,174,6,0.166666672,0.166666672
cc7e911eea4918be,87156,,0,285,9,0.166666672,0.166666672
ccad0b006d8ebb04,70465,,0,134,4,0,0
cc22c71cd248a055,56957,,0,305,9,0,0
ccb8996c289c8257,75350,,0,113,3,0,0
cc6ebb6f55c3d6b8,5676,,0,73,1,0,0
ccb38c47fcbc9680,83409,,0,115,3,0,0
cc9db00ce67bdf0c,68720,,0,114,3,0,0
cc854cd7abb3d367,31384,,1,106,3,0.5,0.5
ccd080cda778316a,52742,,0,207,7,0,0
cc65ca415de8e953,48351,,0,63,1,0,0
cc503c98d5e1871d,2144,,0,357,10,0,0
cc41bf603813015e,20383,,0,260,8,0,0
cc0714e738bad31f,45157,,0,151,5,0,0
cc2c213d033291f4,60935,,0,211,7,0.166666672,0.166666672
cca273d9dcb776da,24759,,0,190,6,0,0
ccad08a61b457d55,91104,,0,371,11,0,0
cc77069b3c52d49b,12571,,0,198,7,0,0
cc981304e9dbea7c,6606,,1,821,14,0.5,0.5
cc1f17ec96960481,11728,,0,264,9,0.166666672,0.166666672
cc9b73bdb4ab3c39,73827,,0,158,5,0,0
ccd7952bba87e198,6987,,0,764,14,0.166666672,0.166666672
ccccaffcda5bce69,38770,,0,205,7,0,0
ccb3e514fc613685,58532,,0,446,12,0.200000003,0.200000003
ccc82ef997eaca27,25691,,0,624,13,0.100000001,0.100000001
cc789499ba764617,85600,,0,186,6,0,0
cc5c5e075d88e408,111,,0,111,3,0,0
cce1dba53f465c36,38209,,0,389,11,0,0
cc76f70af58d10ef,16329,,0,120,4,0,0
cc7df71d784eeece,27518,,0,314,10,0.100000001,0.100000001
cc9d62d884009ea9,20830,,0,573,13,0.111111112,0.111111112
cc3ce8326484691b,81807,,0,81,2,0,0
cccd303bdfd92227,54630,,1,129,4,0.600000024,0.600000024
ccc1081bbc44f549,9454,,0,232,8,0,0
cc83200f7f1f7f37,70378,,0,119,4,0,0
cc846bc3ea1d5fd7,7600,,0,586,13,0.400000006,0.400000006
cc339fe247c2a9a1,50920,,0,150,5,0,0
cc230d68443ddb4b,13476,,0,107,3,0,0
cc5dc1356d9578c5,8423,,0,934,15,0,0
ccc58adac178aba6,80654,,0,835,14,0,0
cc515f4b7b8a798b,1852,,0,250,8,0,0
cc0c85d887521c8d,9724,,1,135,4,0.774193525,0.774193525
cce2e41f7fe6af1b,18967,,0,229,8,0,0
ccae9234eb6aa207,35349,,0,175,6,0.166666672,0.166666672
cc2be88690de8417,25675,,0,248,8,0,0
cc8a0afab921a234,33446,,0,550,13,0,0
cc7bdc1f028e8a59,30341,,0,640,13,0.322580636,0.322580636
ccb0182e4c6fbedf,14922,,0,134,4,0,0
ccdae34ab79f670b,79630,,1,332,10,0.5,0.5
ccf1ad7cf4e09d75,60708,,0,78,2,0,0
cc40a706dfe7374e,60877,,0,146,5,0,0
ccf82b86f0c80762,65158,,0,66,1,0,0
ccd4b4380292c435,27129,,0,114,3,0.338983059,0.338983059
cc2b95b10a7e0ff4,93815,,0,923,15,0.100000001,0.100000001
cc6a7098ef1237e5,4102,,0,50,0,0,0
cc2e39460be2190c,53569,,0,259,8,0,0
ccad0609e5c44043,66602,,0,148,5,0,0
cc1e32cc467994b3,63203,,0,313,10,0,0
cc5501a0834878d4,21601,,0,252,8,0,0
cc1bc20c109c97d2,49651,,0,499,12,0.479999989,0.479999989
cc1cd66ae3cdad00,91036,,0,377,11,0,0
cc9c4bfa9dede926,57644,,0,184,6,0,0
cc5cadf7c9d88479,65200,,0,60,1,0,0
cc142d12987a2063,70797,,0,43,0,0.200000003,0.200000003
cc75e21d70b1a68c,8196,,0,248,8,0,0
ccdd52a80b8464d4,49443,,0,464,12,0,0
cc1b7b862bf2d0de,97011,,0,64,1,0,0
ccbec3f79cd28931,28343,,0,211,7,0.400000006,0.400000006
cc76d215bffee401,21932,,0,278,9,0.200000003,0.200000003
cc6f8b6c73a9beb9,14728,,0,320,10,0.166666672,0.166666672
ccc398024076bf88,11552,,0,132,4,0,0
cc64ef0f072e9c8a,63137,,0,129,4,0,0
cc147478692ebc4c,88669,,0,662,13,0.200000003,0.200000003
cc539bc53d505750,80405,,0,70,1,0,0
cc46a62fd1e3f041,43230,,0,816,14,0,0
cc593507d5b33151,76462,,1,276,9,0.5,0.5
cc39e08c64522181,7933,,0,491,12,0.200000003,0.200000003
ccf089e4c9d7f587,41811,,0,70,1,0,0
ccfe9b3319d3f4e5,62570,,0,67,1,0,0
ccc3feab523280d2,88950,,0,75,1,0,0
cc6c0f1a4b4099ce,96809,,0,346,10,0,0
ccdea512aad545e6,50029,,0,130,4,0.166666672,0.166666672
cc248052143723c7,88991,,0,981,15,0,0
ccf4ef71ad91c575,29606,,0,439,12,0.166666672,0.166666672
cc84cb79c4c4637b,26780,,0,487,12,0,0
ccd43cc1929c7ae6,35341,,0,981,15,0.166666672,0.166666672
cc52c8ec37a9e18c,11344,,0,993,15,0,0
cc9df7517b5d56a9,21326,,0,345,10,0,0
cc20706eb6c0b107,32592,,0,626,13,0,0
cc0d19daa3eefc8b,28628,,0,202,7,0,0
cc88117e65ae591d,54862,,0,392,11,0,0
cc77f8d824161289,35456,,0,114,3,0,0
cc1a90266e62f4ee,65112,,0,136,4,0.166666672,0.166666672
cc6c9464ad532447,80722,,0,70,1,0.200000003,0.200000003
cc8cc696b263092e,19024,,0,258,8,0.300000012,0.300000012
cca3c880dd3e316d,24439,,0,76,2,0,0
cc4000a98dd8268c,523,,0,986,15,0,0
cc48a6ef13e51caf,34905,,0,115,3,0,0
ccb44a325daeb180,1940,,0,135,4,0,0
cc076b9c9a06b7fa,86335,,0,56,0,0,0
ccaeca4433f439fe,93705,,0,395,11,0,0
cc04c6bdb26894da,41227,,0,415,11,0,0
ccc47a39e566492d,90128,,0,586,13,0,0
ccd84ee901005aa6,65374,,0,92,2,0,0
ccd4b1a16a22a5d3,10532,,0,149,5,0.300000012,0.300000012
cc30c5cabc8dd3a0,76343,,0,158,5,0.166666672,0.166666672
cc12bf332a8dca96,22914,,0,931,15,0,0
ccbb4b3c94316501,52602,,0,212,7,0.300000012,0.300000012
cc65bfde1a907e83,94306,,0,180,6,0,0
ccb20ee2dcd27061,78673,,0,616,13,0,0
ccb2374d44e96a31,58308,,0,279,9,0,0
cc18e0cfdcad9663,69293,,0,283,9,0.300000012,0.300000012
cc949824c495168a,27111,,0,252,8,0,0
cccd142d802d826a,61741,,0,596,13,0,0
ccc4950e048bc8c5,91860,,0,83,2,0,0
cc783283e3819c2d,12005,,1,182,6,0.781818211,0.781818211
ccfe24db10569bf2,22879,,0,279,9,0,0
ccb7216b63080b6d,30097,,1,245,8,0.5,0.5
cc79ef261b80ad98,51005,,0,982,15,0,0
ccfaba99253e0e32,41794,,0,422,11,0,0
ccb4aab08d225a0a,6656,,0,190,6,0,0
ccd6d1597bcc9a0e,8836,,0,152,5,0,0
ccbb061ca2d68c60,55709,,0,151,5,0,0
cccad61f33b0e448,21171,,0,46,0,0,0
cc0263a9b22b2691,39594,,0,569,13,0,0
cc3441ed33bbb24b,86006,,0,644,13,0,0
cc1f22c0a4895d81,6452,,0,650,13,0,0
cc02ffd96265bea3,9666,,0,868,14,0.142857149,0.142857149
cc15f0dcfe0edfe1,9495,,1,902,14,0.600000024,0.600000024
ccb174fd64531d0e,37949,,0,86,2,0,0
cc9f3acbd3a66c3d,92383,,0,94,2,0.300000012,0.300000012
cca4cc437a993654,1700,,0,253,8,0.166666672,0.166666672
ccf33ee65a3217ae,62677,,0,241,8,0.200000003,0.200000003
cc19954a06d20fe7,63930,,0,239,8,0,0
cc7fea96eb66a17d,60528,,0,231,8,0,0
ccc357d0eacb08a8,80560,,0,589,13,0.166666672,0.166666672
cc2b5d2da16df2e0,15824,,0,312,10,0.166666672,0.166666672
ccb2ae56a7120796,11676,,0,683,14,0.166666672,0.166666672
cce22f27d616f8ab,76208,,0,276,9,0,0
cc756df3fdd03cfe,23852,,1,232,8,0.594594598,0.594594598
ccbde276d461d6a7,40381,,0,269,9,0,0
ccfc1c3094135d8d,1533,,1,675,14,0.600000024,0.600000024
ccc8a51866cfd759,3455,,0,292,9,0,0
ccb13714ba969a88,21548,,0,627,13,0,0
cc6bb5e871488253,85775,,0,297,9,0,0
cc66e5b8dfbd8eda,69471,,0,95,2,0,0
cc374e891321f78d,38624,,0,318,10,0,0
ccddaed9f1cbe902,46917,,0,340,10,0.400000006,0.400000006
ccb057b2eb3a7ce4,6940,,1,327,10,0.837837815,0.837837815
cc884231baf492a9,91670,,0,317,10,0,0
cc60e4584a9c0c2e,50991,,0,98,3,0,0
ccd56f66fb878119,74994,,0,996,15,0.200000003,0.200000003
cc9e72e7d07faeb8,8605,,0,383,11,0,0
cc552cb811e17a80,75267,,0,720,14,0,0
cce967e073031ab0,64179,,0,994,15,0,0
cc2099399dcb3cb9,38191,,1,64,1,0.699999988,0.699999988
cc15eceed2ea21ed,92814,,0,158,5,0.166666672,0.166666672
cc548c2f509b6ef0,40809,,0,202,7,0,0
ccc6b773be8e9781,94667,,0,153,5,0.400000006,0.400000006
cc555a3c51d2735d,21166,,0,279,9,0.300000012,0.300000012
ccd4e159918b6f85,71778,,0,651,13,0,0
cc057cb7f0488e75,37871,,0,213,7,0,0
cc1ea94824ea4d98,29661,,0,176,6,0,0
cc228a6540a83158,81350,,0,230,8,0,0
cc030667e1177889,40216,,0,196,7,0,0
cccdc1274aec1b97,15822,,0,126,4,0,0
cc24a188fb6a8fe4,46603,,0,114,3,0.200000003,0.200000003
ccbdb8399fd9cd09,64246,,0,89,2,0,0
cc8ef2f124239d06,92540,,1,688,14,0.600000024,0.600000024
cced77953f0abeb3,65546,,0,102,3,0,0
ccb2237f326279ce,21831,,0,243,8,0,0
cc9529161cff6f3f,64625,,1,226,8,0.699999988,0.699999988
cccaf009197789ec,14328,,0,61,1,0,0
cc63bbe2fd3d9ddb,46671,,0,307,9,0,0
cc0021c61609ad60,79280,,0,138,5,0,0
cc2c73c77bb84b6d,51677,,0,426,11,0.200000003,0.200000003
cc383d4733c6b544,52679,,0,734,14,0.46875,0.46875
cc3a27b98680071a,63575,,0,217,7,0,0
cc87c148efdd8b5e,56779,,0,56,0,0.200000003,0.200000003
cc3637496f8d0139,77904,,0,67,1,0.166666672,0.166666672
ccf24f66c5cedaa6,70949,,0,140,5,0,0
ccc243c93415df7d,67282,,0,45,0,0,0
cc4850a08ecc791e,63147,,1,359,10,0.75,0.75
ccfbad9c5f889920,62682,,0,992,15,0,0
ccf5485e378609a5,65258,,0,69,1,0,0
cc282438802fdde1,11114,,0,87,2,0,0
ccb765f7190e1f47,63363,,0,314,10,0.400000006,0.400000006
cc49f14548fd85fb,15649,,0,230,8,0.400000006,0.400000006
cc1d1a847dddc437,96015,,0,249,8,0,0
ccdb9ed5ac21218b,93084,,0,129,4,0,0
cc002d8f84104ef8,77307,,0,338,10,0,0
cc4f07ce7b510387,91866,,1,57,0,0.859375,0.859375
cc69fb2e336ed3c6,37865,,0,232,8,0,0
cc8280482a0f74a6,64752,,0,819,14,0,0
cc2e4f5960985084,22631,,0,50,0,0,0
ccb1ee5eed68240a,33179,,0,254,8,0,0
cce9a00d1417e9bc,78570,,0,144,5,0,0
cc1fdd00a8b1dfc2,43341,,0,206,7,0,0
cc101afdebaef0d6,26075,,0,87,2,0,0
ccedcc1054ba7f7a,65639,,0,102,3,0.400000006,0.400000006
cce7fd179bcfa125,72275,,1,657,13,0.5,0.5
cc68ba268ebe5dff,39346,,0,474,12,0,0
cccdb5689ba940d5,71078,,0,358,10,0,0
cc40cf841e535556,56971,,0,550,13,0,0
cc4f6a848626223a,36455,,0,62,1,0,0
cc9e0f610dd89bda,49520,,0,630,13,0.300000012,0.300000012
cc28003d16f31ca3,83046,,0,660,13,0.166666672,0.166666672
cca4e524dffa2878,2291,,0,52,0,0,0
cc3bb80e85a90888,91585,,1,974,15,0.600000024,0.600000024
ccd817661a9858e5,61873,,0,137,4,0.339622647,0.339622647
cc76a2ca98540ed5,13638,,0,384,11,0,0
cccf5a2ea28dfe8a,56226,,0,741,14,0,0
cc00d97622601283,50649,,0,396,11,0,0
ccf696f439890be3,35748,,0,272,9,0,0
cc3489b38ba5db78,65423,,0,97,3,0,0
cc52fb0ba44ba965,93391,,0,547,13,0,0
cca7421d92528655,19092,,0,257,8,0.200000003,0.200000003
ccf98a2cbbc135e4,19058,,0,279,9,0,0
cc7c30219e52c106,25270,,1,134,4,0.920792103,0.920792103
cc4e7075100ce1b8,7822,,0,787,14,0,0
cc317e805d4f6900,43171,,1,883,14,0.5,0.5
ccab1dd4bcf5989f,74974,,0,236,8,0,0
cc33517b4499769d,18749,,0,516,12,0,0
ccf3732ff2655e3b,64924,,0,42,0,0,0
cc2557b81a3af5ae,84320,,0,279,9,0,0
ccb87c765611dd24,26282,,0,232,8,0,0
cca7a5f41967ba9e,73006,,0,94,2,0,0
cc69a01ee5d74eb5,15074,,0,380,11,0,0
cc1ce7a6ff2c03b5,68086,,0,234,8,0,0
cc21715ec311da90,84313,,0,88,2,0,0
cc8856085dd32d52,82300,,0,280,9,0,0
cc156f6417e65423,70137,,0,429,11,0,0
ccd39d8a63482503,30573,,0,133,4,0,0
cc1904fa3a59ba6c,26339,,0,268,9,0,0
ccf76b68a6a5fa8f,76215,,1,963,15,0.569444418,0.569444418
ccf75120c7da0f1c,26985,,0,626,13,0,0
cca74bae3ea78ad2,11828,,1,195,7,0.694915235,0.694915235
cc34182f9eaf2d49,93652,,0,276,9,0,0
cc05bb21fe69fdb6,61876,,0,96,3,0.166666672,0.166666672
cc9f5400e6e2de52,90269,,0,99,3,0,0
cc55f0e1fa6a921c,38022,,0,198,7,0,0
cc0e4939096ee5a7,79132,,0,994,15,0,0
cc79d831ba955671,45583,,0,65,1,0,0
cc87d024c0102bf5,47201,,0,258,8,0.166666672,0.166666672
cc34721f22c9bcd8,42835,,0,282,9,0,0
cc615091d3d79551,93534,,1,144,5,0.708333313,0.708333313
cc7b9b4353b4beb2,7185,,0,147,5,0,0
cc0bd5b6e483c691,88912,,0,210,7,0,0
ccc00a2a943e33ee,96967,,0,235,8,0,0
cc4df4529a1a6550,53463,,0,489,12,0.100000001,0.100000001
cc678ed762c834db,46631,,0,79,2,0,0
ccd3f4ecbde0839b,19334,,0,833,14,0,0
cc9de2c2049282dd,71942,,0,529,12,0.400000006,0.400000006
cc1d4b48d140b8cb,15979,,0,854,14,0,0
cccd51890b94b9d3,94104,,0,137,4,0.166666672,0.166666672
cc580d161baea152,57344,,0,296,9,0,0
cca47fa366c7f4c6,91102,,0,83,2,0,0
cc743b73613c4826,40462,,0,79,2,0,0
cc7d472ef5b04e20,69266,,0,374,11,0,0
cc72b8e2629ab1f9,74295,,0,555,13,0,0
cc94c53bcfb13ecf,37334,,0,400,11,0,0
cc89d07a47a8fb1a,61158,,0,350,10,0,0
cce51939c23fba52,37746,,0,90,2,0.400000006,0.400000006
ccbe0a5d0d33bda6,83176,,0,40,0,0,0
cc98519f0212bf2a,83118,,0,70,1,0.200000003,0.200000003
cc4208c6b7dd2547,7160,,0,192,6,0,0
cc725d193d92810c,14802,,0,587,13,0,0
ccf7cca9082b45d5,25873,,0,61,1,0,0
cc7681b7f496c592,30483,,0,984,15,0,0
ccab7df9d3d0fa60,53705,,0,107,3,0,0
cc9c35775777a401,41323,,0,770,14,0,0
cc628ce1c43876e6,8926,,0,266,9,0.200000003,0.200000003
cce9428ab91c9d7f,83788,,1,387,11,0.699999988,0.699999988
cc220042d66fed09,5824,,0,727,14,0,0
ccc8a970da0e0bd5,36715,,0,284,9,0,0
cc9dc2b9e7808fd0,34408,,0,810,14,0,0
cc53a12b973f37c8,54341,,0,71,1,0,0
ccb25f32a3664131,93452,,0,197,7,0,0
ccf91a83a44dcab4,28358,,0,654,13,0,0
cc3e4b83ada83f39,56142,,0,198,7,0,0
cce300d81f61cd63,47238,,0,59,1,0,0
cc9940fc2001b57f,68516,,0,45,0,0,0
ccfdab493c6c3a3c,25278,,0,92,2,0,0
ccebde674f7eb46a,90224,,0,187,6,0,0
cc67dc74038a0d95,59903,,0,728,14,0,0
cc76a79db5d4423e,65757,,0,165,6,0,0
cc8181047203df1e,89682,,0,741,14,0,0
cc6d2dbd678eb4e5,81837,,0,45,0,0,0
cc43a5d74cf7698b,94607,,0,118,4,0,0
ccb29100022a730b,68219,,0,236,8,0,0
cc6270984ea53f0c,14759,,1,135,4,0.785714269,0.785714269
ccf54076121ecfff,44618,,0,170,6,0,0
cc68fed93b673f70,49763,,0,114,3,0,0
ccb13a8570cabbf5,17271,,0,549,13,0.200000003,0.200000003
ccf3e1f705d79058,69093,,0,257,8,0,0
cc9819a89cc3e9f8,83286,,0,82,2,0,0
cc3391b2588260f3,63949,,0,436,12,0,0
cc48bbf7548275aa,71005,,0,298,9,0,0
cc1574c84c4a5889,43613,,0,450,12,0.200000003,0.200000003
ccd6e5ff9c257120,41765,,0,409,11,0,0
ccfccc86dd3978c8,71259,,0,43,0,0,0
ccdbcb54d18f30c1,90141,,1,162,5,0.600000024,0.600000024
ccc3c5411dc79fce,27210,,0,848,14,0,0
cc176026483ad3bf,11781,,0,143,5,0,0
cc176d2cece6d32f,84013,,0,388,11,0,0
ccedcfdffd67ca43,66748,,0,166,6,0,0
cc49f15a0012d891,88480,,0,120,4,0,0
ccbb3b3cb41d4451,40946,,0,157,5,0,0
cc2233a523139ece,46485,,0,220,7,0,0
ccd9094c242f302b,60520,,0,335,10,0,0
cccb6ccbfd79ac79,56505,,0,126,4,0.400000006,0.400000006
cc37153eb4c18fd4,64433,,0,339,10,0,0
cc784de2ac5e7ade,62065,,0,975,15,0,0
ccf5acbf3e24e0a5,38538,,0,45,0,0.166666672,0.166666672
cc18a3121da472d0,74805,,0,349,10,0,0
ccf7ff0f02e6226c,70768,,0,60,1,0.166666672,0.166666672
cc2ee87b911d75c9,54462,,0,99,3,0.166666672,0.166666672
ccbf5e7c64c8aa61,65621,,0,51,0,0.200000003,0.200000003
cc5c864f25711cc1,63071,,0,981,15,0.300000012,0.300000012
cc902f73584d7f2f,18826,,0,111,3,0,0
cca25d0e29359b3e,64156,,1,196,7,0.870967746,0.870967746
ccf44b267c15e9c8,89551,,0,148,5,0,0
cc67173aaae08ff5,52323,,0,115,3,0,0
cc9403072a11a87f,5021,,0,208,7,0.300000012,0.300000012
cc7296c8f5226e21,73229,,0,521,12,0,0
ccd52da36c8fdc5c,92337,,0,677,14,0,0
cc32bedcbb2b9077,33546,,0,46,0,0,0
cc767192df72f530,40836,,0,56,0,0,0
cc7b50dbb364d105,87994,,0,383,11,0,0
ccf66ec17290dc00,74530,,0,73,1,0.166666672,0.166666672
cc126b9a9019d20f,82659,,0,138,5,0,0
cc7297d0f83a035a,80143,,0,66,1,0,0
cc1fa7bacd4bcde3,7843,,0,188,6,0,0
cc9c63716ac9fd74,16489,,0,162,5,0,0
cc75c07d5b2bb640,21993,,0,239,8,0,0
ccaf67e62c301f76,95776,,0,222,7,0,0
ccaa77e09994d195,7125,,0,146,5,0,0
cccbb795f1aede63,24098,,0,77,2,0,0
cc3710bf1a3af7c5,28135,,0,250,8,0,0
cc51d21049263bce,15810,,0,404,11,0,0
cc32aabc62d6b5a6,92604,,0,280,9,0,0
ccfe584d337fe7c1,57207,,0,73,1,0,0
cc3e4eab60267115,27860,,0,120,4,0.100000001,0.100000001
cce9171875ff9cdd,56896,,0,201,7,0,0
cc5aaae185b9797f,14431,,0,321,10,0.166666672,0.166666672
cc3dea802a68b79a,45886,,0,232,8,0,0
ccf474d84cae26be,3390,,0,568,13,0.200000003,0.200000003
cc649f4d3b23c5e6,15437,,0,147,5,0.400000006,0.400000006
cc5d50246eb0ae09,45674,,1,94,2,0.614285707,0.614285707
cc5dd0164ff7a3d9,60782,,0,443,12,0,0
cc7ad5bbd008cf86,13890,,0,140,5,0.100000001,0.100000001
ccd916a89ff808ff,58500,,0,464,12,0,0
cc43dc1e858c2516,19401,,0,489,12,0.166666672,0.166666672
cc38b57ccc6c099e,13505,,0,132,4,0,0
cc946fd237db7922,20765,,0,78,2,0,0
ccbf09143023a653,45696,,0,68,1,0,0
cc94915f6e150f17,75640,,0,340,10,0,0
ccfd9ebe3571b5d7,36650,,0,473,12,0,0
ccef0124d54e1375,76703,,0,110,3,0.166666672,0.166666672
ccb0d2a7b71ed80f,66034,,0,311,10,0,0
ccd7b4408963d46d,43951,,0,421,11,0,0
cc51f82d365005b8,28287,,0,59,1,0,0
ccd9472d42325e84,37013,,0,644,13,0,0
cc11f4b090642b93,10914,,0,44,0,0,0
ccfba7b1c231455b,3899,,0,53,0,0,0
ccd32d7611d9eab9,67588,,0,149,5,0,0
cc20f3308c3e31b9,68898,,0,880,14,0,0
ccc15d77f43498fb,7457,,0,398,11,0,0
ccae06e5e7b492de,82715,,0,177,6,0.166666672,0.166666672
cc61dab33ce91059,45716,,0,287,9,0,0
ccf0fab319816287,29815,,0,359,10,0,0
ccba8ee6e7fe1550,93227,,0,225,8,0.166666672,0.166666672
cc9dea2ca55299db,42665,,0,449,12,0,0
cca3dc94a2fb3342,40879,,0,222,7,0,0
cc49cc078e9183de,7498,,0,75,1,0.166666672,0.166666672
cc4f3fc7257d28de,45962,,0,419,11,0,0
cc263d14ad011ed0,26447,,0,79,2,0.200000003,0.200000003
cc42c78a1cf8966a,91716,,0,153,5,0.166666672,0.166666672
ccbaa7c16ec25c9c,58543,,0,919,15,0,0
cc9e307542017e0f,56166,,0,99,3,0.400000006,0.400000006
cca2de97d35462db,59027,,0,49,0,0,0
cc07dbea30a788c9,3914,,0,315,10,0,0
cc6a68eb2763cba8,1796,,0,136,4,0,0
cc8953b689396707,85100,,0,109,3,0,0
cc1e8e18247b0fd7,7329,,0,358,10,0,0
cc0f535cc5617496,95955,,0,686,14,0,0
ccf7ea891cf93b08,20902,,0,59,1,0,0
cce3619c469b6bbb,80691,,1,198,7,0.828571439,0.828571439
cce710b4409cfd88,12690,,0,53,0,0,0
cc471dc4ea9df553,89006,,0,156,5,0,0
cc737b3ba095c175,32911,,0,634,13,0,0
cc3a3c8ed4598fc5,3516,,0,69,1,0,0
cc7cdabf7d86be5e,66045,,0,102,3,0,0
cce52e323f652aa0,33367,,0,279,9,0,0
cc0babc4eb9107ff,22955,,0,107,3,0,0
cc6c9f6a9553f3a4,496,,0,323,10,0,0
cc7e8a834dff2031,24894,,0,268,9,0.200000003,0.200000003
ccada677dab8d3f5,33391,,0,178,6,0,0
cc098e5d5cce46c6,60486,,0,452,12,0,0
cc7cfd1f875e7865,27173,,0,346,10,0,0
cc3bb1de1432fd4e,93577,,0,300,9,0.295774639,0.295774639
cc2621cd5c8ce2e8,58986,,0,234,8,0,0
cc06b7bc687442ce,36553,,0,867,14,0,0
cc86c34aa97eb6d9,37607,,0,133,4,0.166666672,0.166666672
cce6090d5072d0bc,36490,,0,317,10,0,0
ccbc9aa8b1795b09,70369,,1,147,5,0.699999988,0.699999988
cc3e147600bf804f,56844,,0,40,0,0.166666672,0.166666672
cc326722cd58b013,24679,,0,98,3,0,0
cc8524d7507672bc,75340,,0,295,9,0.400000006,0.400000006
cc379f0aa7e4a457,20420,,0,727,14,0,0
cc5e5253f1021074,22977,,0,93,2,0,0
ccdcd04688a4db1e,67083,,0,526,12,0.200000003,0.200000003
ccc70c559dcb323d,31189,,0,912,15,0.200000003,0.200000003
cc33fb68b62de1fa,60694,,0,318,10,0,0
cced6bb230eb61f3,91048,,0,103,3,0,0
cc361319fe40e93c,6061,,0,54,0,0,0
ccef0e200257b906,43704,,0,283,9,0,0
cc9b1e0f219c6dd9,85155,,0,60,1,0.400000006,0.400000006
cce7a068e5dc92ca,86458,,0,74,1,0,0
ccc5ea7a393fc397,34262,,0,77,2,0,0
cc0d53698c94ef0d,64198,,0,117,4,0,0
cc674a60d7322a4f,81162,,0,641,13,0.300000012,0.300000012
cc0c5cbfc0e61a41,35261,,0,427,11,0,0
cc26e7f05c137b08,86486,,0,206,7,0,0
cc4d43fc77af56c9,38030,,0,72,1,0.300000012,0.300000012
ccd1c92513795a38,5190,,0,207,7,0,0
cc78ab1a60bb44a7,61589,,0,58,0,0,0
ccd9475bbf2b3f21,95346,,0,97,3,0,0
cc461740fd90ad54,64896,,0,120,4,0,0
cc82937ffdd8c107,83774,,0,118,4,0,0
cc4633969b7aaca2,61553,,0,942,15,0,0
ccca43f912763309,72865,,0,947,15,0.166666672,0.166666672
ccaf5d9f638bfdad,73120,,0,41,0,0,0
cced3a74a9b264f5,2198,,0,100,3,0,0
ccfd0170fbcdde0b,83390,,0,193,7,0,0
cc34639b45fc0ab1,36568,,0,99,3,0,0
ccd74535578c32b1,92507,,0,131,4,0.166666672,0.166666672
cc5b7b852cc8f836,30890,,0,123,4,0.300000012,0.300000012
cc0917138f32a047,80496,,0,157,5,0.200000003,0.200000003
ccd4ee8483cb75ed,8141,,0,84,2,0.200000003,0.200000003
cc29801fbd1dd385,44586,,0,430,11,0,0
cc382b6dd9b9aa6c,94436,,1,209,7,0.5,0.5
cc6fb1bb1b6258a2,25077,,0,184,6,0,0
cca90039d9105e2a,16450,,0,304,9,0,0
cc21e80a7a2f7dea,90197,,0,130,4,0,0
cce14e8f79b4ba63,52716,,0,71,1,0,0
cc7fb95a60d691cd,43492,,0,307,9,0,0
cc7488185ab62a4f,65054,,0,124,4,0,0
cca7975f76ac39f3,73129,,0,83,2,0,0
cca1c3cc5988ab68,32501,,0,206,7,0,0
cc6fdfc6062479dd,43981,,0,345,10,0,0
ccfffe227baf54a2,23104,,0,152,5,0,0
cc1c9ed8ac2dd9d4,18374,,0,452,12,0,0
cc5d6eba711f5fbe,55128,,0,291,9,0,0
cc730d7813bd0b2d,1712,,1,116,3,0.696428597,0.696428597
cc32d611acffd74f,79655,,0,571,13,0,0
ccc639961a76f964,23331,,0,977,15,0,0
ccc3cf57303b9be8,76741,,0,279,9,0,0
cc53e6c71db7201a,69977,,0,808,14,0.400000006,0.400000006
cce3206581c4a7e7,33631,,0,573,13,0,0
cc72df4bed0eaea9,88427,,0,135,4,0,0
cc2378b5f3e2e9d1,16454,,0,140,5,0,0
cc82967419f936d9,51321,,0,79,2,0,0
cc96e71f1c29027d,43516,,0,847,14,0,0
ccdd5774156d140d,95614,,0,278,9,0,0
cc718630eb3344c1,33524,,0,641,13,0,0
cc793cf8c6a87387,36616,,0,60,1,0,0
cc12aa92e2ab5ad6,61564,,0,430,11,0,0
ccb713c907989445,32947,,0,146,5,0,0
cc65d359c5e45845,42648,,0,70,1,0,0
cc666b1ea881a151,16742,,0,150,5,0,0
cc43ba315d2529e0,40846,,0,552,13,0,0
cc6e77e3f3eb5484,30349,,0,89,2,0,0
cc136e5e4704df4b,68569,,0,75,1,0.166666672,0.166666672
cc542570b2fc621f,66984,,0,176,6,0,0
cc79c541eb744d74,46688,,0,780,14,0.200000003,0.200000003
ccfd67bfc9c8a7b9,78503,,0,102,3,0.166666672,0.166666672
cc31de198ced7c69,26123,,0,268,9,0,0
ccbb3dcd6ea92ed6,4198,,0,118,4,0,0
ccf60cdaad20c43a,50692,,0,185,6,0,0
cc9e64d863ea775c,79850,,0,45,0,0.300000012,0.300000012
cc573b7b9f8e18c6,73673,,0,548,13,0,0
ccb12f66b37e3246,66834,,0,68,1,0,0
cca2a942723141cf,59469,,0,58,0,0,0
cc5a5cac044b0a4d,82208,,0,101,3,0,0
cc4834fb9b22cbf5,48258,,0,101,3,0,0
cc93bcfacf694c1e,66773,,0,55,0,0.166666672,0.166666672
cc63b954f0e801cc,2077,,1,181,6,0.5,0.5
cc44c6da6f6cfa9d,75358,,0,1000,15,0.166666672,0.166666672
cc1797f56980bcc0,91241,,0,121,4,0,0
cc6fc3f24d1ee27f,23282,,0,235,8,0,0
cc1c0ecc82ea87ee,52013,,0,103,3,0,0
cce525e0fc97fc3b,35888,,0,367,11,0,0
cc74dca38a4bdbe4,88659,,0,123,4,0,0
cccf8f43433649e0,92926,,0,452,12,0.300000012,0.300000012
cc5e328b6febd19f,21573,,0,249,8,0,0
cc17c90e6ea5f519,40625,,0,253,8,0.166666672,0.166666672
cc14423ab72fa218,92830,,0,271,9,0,0
cc09059d9719cea6,72628,,0,540,13,0,0
cc1032255823bf55,52893,,0,390,11,0.300000012,0.300000012
ccf187eeb0312615,71610,,0,985,15,0,0
ccdc3c7b4c9ed5a8,31877,,0,291,9,0,0
cc0adbd153955155,7672,,1,220,7,0.600000024,0.600000024
cc0d3783d1b70830,81314,,0,69,1,0,0
cca5e4e359d9b1ff,66325,,0,114,3,0,0
cc77bde3d67ef0c8,39437,,0,419,11,0.166666672,0.166666672
cca97bacfaace7ae,67202,,0,211,7,0,0
ccb110e3be45008b,91209,,0,244,8,0,0
cca78de79906736c,94188,,0,285,9,0,0
cca04d5a5f426547,14808,,0,323,10,0,0
cc0dcfd0b283cca1,27293,,0,536,13,0,0
cc08b4809e12ad57,95083,,0,861,14,0,0
cc0a57c7ac9930d1,73578,,0,321,10,0.40625,0.40625
ccf6cc699385c33e,1406,,0,208,7,0,0
cc633629891ddd33,46625,,0,207,7,0.400000006,0.400000006
cc736c5145184fdf,91688,,0,61,1,0,0
cc5abb0e37ba6b7b,64615,,0,196,7,0,0
cc06c5ccb70b3be9,48999,,0,628,13,0,0
cc43f8e3e164d04c,93981,,0,497,12,0,0
cc73d233d63f1f5a,60079,,0,646,13,0,0
cc0ad41b07c0afcb,39518,,0,738,14,0,0
cc44d65f5a118087,64178,,0,485,12,0,0
cca6c7a0961222ef,56515,,1,838,14,0.662500024,0.662500024
cc900b9c3061d071,70403,,0,502,12,0,0
ccc9804ee84c97d1,29707,,0,284,9,0,0
cc91c51275b34304,58743,,0,93,2,0.166666672,0.166666672
cc4a9ef06067263c,82983,,0,281,9,0.300000012,0.300000012
ccaecf0978be5a03,29543,,1,454,12,0.600000024,0.600000024
cc38124e4808ac6b,19031,,0,88,2,0,0
cc819be81987dcc5,6196,,0,307,9,0,0
cc8f36a11df54e91,2259,,0,430,11,0,0
cc9ca38e3aa22601,1929,,0,989,15,0.400000006,0.400000006
cce7a09055a72c11,75237,,0,990,15,0,0
cc0ab4c6c6d2ae2c,92130,,0,112,3,0,0
ccd5de41c64a9eab,63407,,0,482,12,0,0
cc39d37c2978b304,54516,,0,989,15,0,0
cc00e3c99feb7f13,7770,,0,477,12,0,0
ccced6a90d1cfe34,78320,,0,983,15,0.200000003,0.200000003
ccd66546b5281d87,87720,,0,45,0,0,0
cc7d77e1c7a29e5d,74976,,0,187,6,0,0
cc92c2dd07600ae4,84664,,0,68,1,0,0
cc344b3a02126c2f,29298,,0,113,3,0,0
cc628492571f6931,73228,,0,60,1,0.166666672,0.166666672
cc23730119835178,8844,,0,151,5,0,0
cc8a6fa126ea91ec,12018,,0,143,5,0,0
cca58d69d7dbc7d0,41678,,0,110,3,0.300000012,0.300000012
cce7397c75b81793,15772,,0,497,12,0,0
ccfd0185d2ad7c16,60593,,0,267,9,0,0
cc2b7950c221a931,6178,,0,329,10,0.166666672,0.166666672
cc1a4e18e6084a59,25250,,0,348,10,0,0
cc2b07f0ac0fcd43,49073,,0,103,3,0,0
cc7d0b043aec6393,49125,,0,451,12,0,0
cc03767ce695e04a,66751,,0,761,14,0,0
cca520bd8021d928,79035,,0,490,12,0,0
cc8875a9b43c9a68,10243,,0,141,5,0,0
cc3962edd0304b0f,81240,,0,993,15,0,0
cc29c57ff2062484,23799,,0,282,9,0,0
ccf9bc91732d047f,44419,,0,114,3,0,0
ccb1ddcd43f0f0e1,26835,,0,960,15,0,0
cc62004c76388b0c,44625,,0,378,11,0,0
cc47d015c7b2ee10,37148,,0,112,3,0.100000001,0.100000001
ccd914041d20b120,94725,,0,181,6,0,0
cc04991b68d9843c,48722,,0,978,15,0,0
ccca129504af96f5,95447,,1,82,2,0.699999988,0.699999988
ccf04238fbb42ab3,61172,,0,114,3,0,0
cc6b5ebaccef146d,6340,,0,86,2,0,0
cc11d21b4af570d4,92634,,0,698,14,0,0
cc19751246fb010b,12507,,0,80,2,0,0
cc6be751f7b892a3,42746,,0,666,13,0,0
ccb6a0414485cdb8,76010,,0,347,10,0,0
ccab7832827010e2,31784,,0,66,1,0,0
ccf9022ce2d1fa10,6339,,0,156,5,0.200000003,0.200000003
cc0d3d98373c5a3d,23823,,0,69,1,0,0
cc53a42ae51865b2,19955,,0,478,12,0,0
ccb185e3e4783129,84923,,0,325,10,0.283018857,0.283018857
cc29fff290ba3f6b,25376,,0,127,4,0,0
cc8cc73e1961532b,21479,,0,961,15,0.166666672,0.166666672
cc870d07a5af1cc3,4615,,0,138,5,0.300000012,0.300000012
ccca80c106fd5821,70953,,0,167,6,0,0
cc9cc5f7b6813975,91673,,0,243,8,0,0
cc39b7a4b961b5ab,91845,,0,131,4,0,0
cc5f85ce2cec4092,47286,,0,234,8,0,0
cc9e19423aae1df5,31713,,0,90,2,0,0
cceec7fe18188587,31272,,0,168,6,0,0
cc97e5680943642d,62750,,0,54,0,0,0
cc32e6cd4daf5d1e,57387,,0,58,0,0,0
cc78e536beee5c40,19073,,0,56,0,0,0
ccd241654182848e,14395,,0,162,5,0,0
cc9332849544c881,22647,,0,314,10,0,0
cca6ce8fa707fde0,52083,,0,222,7,0,0
cc19b29e353dd269,34344,,0,204,7,0,0
ccdfc20e3c41fafa,44936,,0,812,14,0,0
cc776fd786298bbe,19809,,0,194,7,0,0
cc455d0b337886c3,80445,,0,179,6,0.100000001,0.100000001
cc76192ed340a6b4,94956,,0,71,1,0,0
cc197f8af0673a92,33879,,0,220,7,0,0
cc7e8dbb8333ce41,66755,,0,75,1,0.300000012,0.300000012
cca1a705aca51d60,49909,,0,154,5,0.200000003,0.200000003
cc577707b1850655,12136,,0,962,15,0,0
cc6b665a5c9913d1,89792,,0,122,4,0,0
ccfbf48b0a87ef19,61654,,0,719,14,0,0
cc6b09bbbab60c64,47643,,0,981,15,0,0
cc4e8021740ab838,83389,,0,65,1,0.166666672,0.166666672
cc2b7c262e84eb75,54369,,0,165,6,0.200000003,0.200000003
ccbf0683fe98a230,48450,,0,618,13,0,0
cc6c28b2be60fc58,45711,,0,563,13,0.200000003,0.200000003
ccc9b432bc464e58,18511,,0,132,4,0.300000012,0.300000012
cc284d701cef12f8,77784,,0,395,11,0.200000003,0.200000003
cca54a93a43ec975,30180,,0,65,1,0,0
ccac81b7da14aaf5,56403,,0,44,0,0,0
cc8aa3dd157c276b,58962,,0,144,5,0.166666672,0.166666672
cca546215f710756,48956,,0,762,14,0,0
ccb06f585fc34ec1,17321,,0,590,13,0,0
ccb2ef80e491e237,89308,,0,57,0,0.400000006,0.400000006
cc905acabc87abaf,92009,,0,825,14,0,0
cc962a634244c2eb,21205,,0,104,3,0,0
cc372104d5dbe40e,59207,,0,270,9,0.400000006,0.400000006
cc91ca0a63d2fef9,40729,,0,458,12,0,0
ccc934c2b103c9c1,20306,,0,391,11,0.300000012,0.300000012
ccd74258963f8e7b,21474,,0,85,2,0,0
cc82ee8d4478dd23,67231,,0,946,15,0,0
cc548159f9d7a13e,70203,,1,127,4,0.569230795,0.569230795
cc92e387c670747c,87823,,1,40,0,0.699999988,0.699999988
cc14d07d8098c4b8,19838,,0,406,11,0,0
ccf072cca1f0eebc,22678,,0,874,14,0,0
cc5f01fd9e3e99e2,34710,,0,229,8,0.166666672,0.166666672
cc7d265fdc8e2ed6,77188,,0,140,5,0.400000006,0.400000006
cc45f10c529898df,2096,,0,373,11,0.200000003,0.200000003
cc91aace922b2a42,93485,,0,229,8,0.200000003,0.200000003
cc4a4e115404f74d,88956,,0,948,15,0,0
cc440d420e0ec13e,73386,,0,251,8,0,0
cc3924c39b0a62d8,44812,,0,708,14,0.166666672,0.166666672
cc4cf83c487a250e,96415,,0,979,15,0,0
ccc1e76ccaad499b,65759,,0,64,1,0.200000003,0.200000003
cc09a7c5764c97d2,39857,,1,173,6,0.600000024,0.600000024
ccced25d32cc1292,12458,,0,141,5,0,0
cca59c53f9ed7538,4461,,0,60,1,0,0
cc0b29a4d7e6ca1f,4802,,0,143,5,0,0
cc8d8430f6fdf303,19530,,0,139,5,0,0
cccd6e823a370209,15826,,0,347,10,0.100000001,0.100000001
cc317041b8da2198,87153,,0,121,4,0,0
cc5809aa1bd9a971,9343,,0,328,10,0.200000003,0.200000003
ccc455d59400c15d,56681,,0,106,3,0,0
ccc0a009a8fdfc5e,16317,,1,205,7,0.600000024,0.600000024
ccee6f9c6028a24e,45666,,0,191,6,0,0
ccf6b44f141dc344,70376,,0,221,7,0,0
cc643c7f4f098b70,59553,,0,312,10,0,0
cccecca1f8809de4,33439,,0,55,0,0,0
cc02a7d6d8a36876,49155,,0,117,3,0,0
cc8f09ae94950ae3,87600,,0,54,0,0,0
cc7f6cd75807e600,21558,,0,847,14,0,0
ccddb0bb11808e9f,25899,,0,244,8,0,0
ccf9c0923b6ad10b,12205,,0,293,9,0,0
cc7d3c72b71e9ced,24602,,0,771,14,0,0
cc45a89724de3056,30891,,0,70,1,0,0
cc374ab2edfef43b,79720,,0,495,12,0,0
cce72157b71ac09e,7634,,0,293,9,0,0
ccf399c159ee38ca,32445,,1,832,14,0.5,0.5
cc25a501226fc280,21749,,0,202,7,0.166666672,0.166666672
ccf5663e2eec1b27,44331,,0,815,14,0,0
cc45ff6b00331ba9,16602,,0,146,5,0,0
cca37a3e58e61d27,12985,,0,693,14,0.400000006,0.400000006
ccf6551a54f6b5c4,61642,,0,775,14,0,0
cc8f5100371326c5,80990,,0,575,13,0,0
cc7e82203f584dfd,13905,,0,53,0,0,0
cc800c9361cb8b32,50391,,0,211,7,0,0
cc8176b8c9aa57fd,1976,,0,758,14,0,0
cc86813ddcb56757,17856,,0,671,13,0,0
ccca0fcd8b956c95,64244,,0,986,15,0.200000003,0.200000003
ccac93128ff1aca1,3872,,0,53,0,0,0
ccef7fecc378355d,46889,,0,915,15,0,0
cc1b5589068dd87d,25237,,0,129,4,0,0
cc9ec9153ee5d6a6,19296,,0,199,7,0.300000012,0.300000012
ccce34227011c1de,78383,,0,527,12,0,0
ccf7fbf5c87c69b0,38486,,0,87,2,0,0
ccfd908629e4cdf6,87949,,0,567,13,0,0
cc67bf6775474531,53032,,0,917,15,0.166666672,0.166666672
cc1b2a03920cb884,88399,,0,595,13,0.166666672,0.166666672
cc328f1d238ccc75,83079,,0,360,10,0,0
cca0a64899684b81,80364,,0,267,9,0,0
cc94cc482e207911,76805,,1,416,11,0.600000024,0.600000024
cc235dd4a484c4f3,22300,,0,83,2,0,0
ccaff77a262e5784,4548,,0,78,2,0.166666672,0.166666672
cc944c54c6db80b8,47900,,0,69,1,0.166666672,0.166666672
cc55d49546b8624f,33612,,0,92,2,0,0
cc4b2c21eae759d1,70252,,0,726,14,0,0
ccf15879443861c8,73780,,0,78,2,0.300000012,0.300000012
cc0f7a25e61f7c13,78776,,0,750,14,0,0
ccc1fd604ec7ac19,27531,,0,64,1,0.200000003,0.200000003
cccdb7a22b0e3a11,59176,,0,94,2,0,0
cc36a89d49615c6f,67437,,0,466,12,0,0
cc3221663b843ce5,90150,,0,82,2,0.300000012,0.300000012
cc4ec5fae5d0354b,50369,,0,982,15,0,0
cc872a50e7c764b5,80150,,0,207,7,0,0
cc7b3b44facca956,12446,,0,430,11,0,0
cce3ff3b9f0ff298,33017,,0,155,5,0,0
cc37b47388a48f46,70280,,0,594,13,0,0
ccd290e7a45e6563,90775,,0,50,0,0,0
cc4c8dc527a141e0,82466,,0,736,14,0.200000003,0.200000003
cc2b8ba3f1fd494a,20987,,1,371,11,0.833333313,0.833333313
cc73380a65457f2b,22181,,0,314,10,0,0
cc5b8bd307ffbf61,86882,,0,415,11,0,0
cc5f81efe963c18f,40230,,0,220,7,0,0
cc2b1ef42b20b84c,11731,,0,464,12,0,0
cc2588dd72b01d1f,88900,,0,271,9,0,0
cc7af3216e41a6db,62712,,0,107,3,0,0
cce0b42e3ab2e1b1,80555,,0,341,10,0.300000012,0.300000012
cc8a894cb60a5d98,6744,,1,201,7,0.5,0.5
cc26e33a41d579fc,69975,,0,480,12,0,0
cc8ae3d0e7b2b723,55726,,0,125,4,0,0
cca4b88143f642d2,72357,,0,262,8,0,0
cc8dbcced3c7928f,62325,,0,61,1,0.166666672,0.166666672
ccceef00e0461c91,83262,,0,197,7,0.300000012,0.300000012
cc1a710889a66bce,15972,,0,354,10,0,0
ccf8a5fb2aa4fcf8,13767,,1,414,11,0.600000024,0.600000024
ccce13a66e0e3485,93887,,1,63,1,0.5,0.5
ccaccd718018fa2b,4805,,0,344,10,0,0
cc962a84ea3c867e,90518,,0,996,15,0.300000012,0.300000012
cc67d71c8fed7019,57177,,0,60,1,0,0
cc460b43d842fc96,39167,,0,612,13,0,0
cc746016b4ca86b9,60056,,0,742,14,0,0
cc920ee24222639b,6248,,0,987,15,0.166666672,0.166666672
cc2684daa299e6c3,44311,,0,230,8,0,0
cc053be8c8591ab3,38122,,1,603,13,0.699999988,0.699999988
cc73a9d41d266a7a,78956,,0,363,11,0.300000012,0.300000012
ccd09356ff771614,68028,,0,262,8,0,0
cceca9828bf56204,95067,,0,305,9,0,0
ccfdbbe1b94c784e,21055,,0,461,12,0,0
cce2987b226f6749,53145,,0,75,1,0,0
cc78e2da3c55474f,45340,,0,155,5,0.300000012,0.300000012
cc32031c0e531a4c,57038,,0,45,0,0,0
cc7f981f7cb8b41d,92099,,0,502,12,0.166666672,0.166666672
ccc431442c0f8a05,88293,,0,972,15,0,0
cc7171da70bf8855,69950,,0,629,13,0,0
cc089480790665ba,95689,,0,66,1,0,0
ccf9688df074fccb,17972,,0,46,0,0,0
cc568e3dfe76315b,26558,,0,61,1,0,0
cc3a374361b594bf,51010,,0,277,9,0.200000003,0.200000003
ccf6466ea14f56d3,69896,,0,404,11,0,0
cc4086e45dda4fa5,22696,,1,147,5,0.538461566,0.538461566
ccfdc33637b1772d,18394,,0,580,13,0,0
cc24d71f7dc99196,51458,,0,328,10,0,0
cc74fe90dce1bd91,19562,,0,50,0,0,0
ccf410f855c4b5ab,74177,,0,587,13,0,0
cc955fdebc447112,85458,,0,106,3,0,0
cc76b06d2c056cae,89309,,0,174,6,0,0
cc81fda53dd7470a,62692,,0,115,3,0,0
ccc87bbb10319d11,16162,,0,734,14,0,0
ccc1170afdb0de3b,18451,,0,63,1,0,0
cc81ea56adef32e8,82336,,0,271,9,0,0
cc07d83cb5621706,33661,,0,93,2,0.200000003,0.200000003
cc174a1b2b920ca1,54070,,0,164,6,0.300000012,0.300000012
cc9966c39cee96dc,86498,,0,204,7,0,0
cc730fb0d4153ab3,23740,,0,339,10,0,0
cc7aa6a8857613ff,71486,,0,68,1,0,0
cc840e72281ccfaf,114,,0,106,3,0,0
cc24c5219c7977c8,24048,,0,278,9,0,0
cc09509ce85aa857,36626,,0,52,0,0,0
cc4ddd74a1a2482b,43355,,0,150,5,0,0
cca5174a09634249,53116,,0,739,14,0,0
ccad922d191ea686,39615,,0,99,3,0,0
ccafed2262fb0de2,1546,,0,205,7,0,0
cc46b2fbf34600e9,1491,,0,538,13,0,0
cc52dbdba32a03da,23218,,0,916,15,0,0
cce7533817cdc387,68774,,0,305,9,0,0
cc16d05169ce8d51,782,,0,684,14,0,0
cc52dc0a2c4bbba0,84321,,1,116,3,0.5,0.5
ccb6c4acc6020244,92396,,0,989,15,0,0
cc87aa9ceb5003e5,31658,,0,928,15,0,0
cc7cea71dafe8af9,54261,,0,979,15,0,0
cce2395b2b9dd7a4,3257,,0,107,3,0,0
cc4746df4bd0b024,64353,,0,180,6,0,0
cc05f9a9a8ba754c,18612,,0,149,5,0,0
cc3847123a644465,42441,,0,822,14,0,0
cc1c138eb3f39b4a,81497,,0,54,0,0,0
cc34514388e201bd,40696,,0,973,15,0.166666672,0.166666672
cce66b3566e01163,87698,,0,353,10,0,0
cc919d1f9cf7c8f8,28471,,0,249,8,0,0
ccd60872f8ebe0d1,81674,,0,270,9,0,0
cc8b3500c16f5741,59870,,0,542,13,0,0
cc580a8539076553,70227,,0,249,8,0,0
cc0bda18cac88557,5036,,0,662,13,0,0
ccf08b794b0fdbcd,87922,,0,154,5,0,0
cc24efedc5e78c46,27417,,0,105,3,0,0
ccb032f9ec6bf6e7,45659,,0,242,8,0,0
cc71e17af0b0e15b,44783,,0,268,9,0.300000012,0.300000012
cc6e6eff5ec40960,50402,,1,200,7,0.5,0.5
cc36eeadf5113d5d,15522,,0,50,0,0,0
cce5d4c771da8c82,56282,,0,840,14,0,0
ccda1abcd668011c,32222,,0,88,2,0,0
cc75b5f029a574f2,33778,,0,519,12,0,0
cccd0a7098351b26,72932,,1,58,1,0.5,0.5
cc0f2dde658f5a90,30023,,0,185,6,0,0
cc3032c9bcc8965b,40093,,0,335,10,0,0
cc3ebea5d0d251c8,92023,,0,75,1,0,0
cc6ef9ebb7f76194,75453,,0,106,3,0.200000003,0.200000003
cc4331ee09794d79,86029,,0,129,4,0,0
ccc7d2b85596aa39,17325,,0,176,6,0.200000003,0.200000003
ccab18bd635a9bfe,92596,,0,312,10,0,0
cc8a29b5d3f5988e,47493,,0,50,0,0,0
cccfb2f1a4ea66c7,50453,,0,810,14,0,0
cc10da452e5b4271,61930,,0,131,4,0.200000003,0.200000003
cc3b8d389c40c54d,35225,,0,178,6,0.166666672,0.166666672
cc9f32d5111d9bb6,14246,,0,202,7,0,0
cc726432c24d28ed,95699,,0,455,12,0,0
cc77aebbf0ca9d4f,91090,,0,198,7,0.166666672,0.166666672
cc6666c35ed618b2,47487,,0,270,9,0,0
ccb8045aa6d4d17e,37879,,0,263,9,0,0
cc882b262abae618,87601,,0,315,10,0,0
ccf87c8b41762674,25226,,0,653,13,0,0
cc13321ec3ae3084,23856,,0,89,2,0,0
cc224475be9fdb47,16213,,0,165,6,0,0
cc5e7650e76e1245,60403,,0,890,14,0,0
cc4c731e36b0bf70,78090,,0,360,10,0.200000003,0.200000003
cc97d274384bca72,29414,,0,238,8,0,0
cc3f659eeac86aec,59950,,0,140,5,0,0
ccfb4ea36d5e7bb4,39468,,0,348,10,0,0
cc8c3639bb0ea4ac,16868,,0,267,9,0.300000012,0.300000012
cc97374c3848271a,27206,,0,123,4,0,0
cc003cdecb9b4488,16192,,0,658,13,0,0
cca5838d3ec086fb,41682,,0,591,13,0,0
cc9029a6c6806b9d,37650,,1,572,13,0.5,0.5
cc1e749b76dc520f,92742,,0,152,5,0.166666672,0.166666672
cc2ff624e7cbaf22,42091,,0,204,7,0,0
cc8084bdbee8c613,5249,,0,984,15,0,0
cc820177dbb42706,92875,,0,66,1,0,0
cc0abd8dd821b8e6,17721,,0,496,12,0,0
cc818e0129cab7ce,8145,,0,57,0,0,0
cc1a88bb19c15945,75977,,0,309,10,0,0
ccb4ba15461670bc,22534,,0,996,15,0,0
cc67d6b14dd5db1e,8822,,0,993,15,0,0
cc8541c1c52249a6,89416,,0,963,15,0,0
cc5126cafcf54429,32105,,0,547,13,0,0
cc5de7e060892b4e,19204,,0,178,6,0,0
cc1923f355f71406,21708,,0,155,5,0,0
ccae407f422902f2,16668,,0,121,4,0,0
cc0dc78adeff0734,14117,,0,153,5,0,0
ccb8fc2a3c3dfc40,42955,,0,122,4,0,0
cc70ade6c7dd55a3,74284,,0,191,6,0.166666672,0.166666672
ccf8755d8ebcf563,62369,,0,182,6,0,0
ccd72337c6d20a85,31761,,0,53,0,0,0
cc9210ba9449fdff,33093,,0,245,8,0,0
ccb7d389b94323e2,77334,,1,77,2,0.657142878,0.657142878
cc9c3dc419c49d32,85615,,0,215,7,0,0
cc5c69c1836ef68d,8517,,0,538,13,0,0
ccea0066160e8fda,71064,,0,137,5,0.200000003,0.200000003
cc3e95ccaefb7e47,71310,,0,215,7,0,0
ccc29b64a898565c,89554,,0,744,14,0,0
cc280b47d77208b4,5263,,0,62,1,0,0
cce11ffb1bf95f5e,17739,,1,203,7,0.600000024,0.600000024
cceadab3736b8197,12635,,0,136,4,0.200000003,0.200000003
cc115aa897c76ed7,12607,,0,987,15,0,0
ccb431388e4be38f,67881,,0,202,7,0,0
cc73a90af8b5c401,60914,,0,194,7,0,0
ccf7cf30c826778d,3712,,0,872,14,0,0
cca4e1e7864b1dde,41370,,0,282,9,0,0
cc3519bdde9739e8,79682,,0,47,0,0,0
cc1918f22d174df9,13585,,0,334,10,0,0
cced2fca37187b88,50355,,0,339,10,0,0
cc0c5d5d548be0b1,32902,,0,156,5,0.166666672,0.166666672
ccc7f8169779f60e,59680,,0,212,7,0,0
ccaddaaee09417ca,4603,,0,226,8,0,0
cc03772662dda8fd,8339,,0,152,5,0,0
cccf801d96debc2a,82031,,0,309,10,0,0
ccf36148784748d9,35012,,0,75,1,0,0
cc2f78b5403514b8,47223,,0,363,10,0,0
cc37372bfb061e4b,73058,,1,61,1,0.816666663,0.816666663
ccd22a1e1bc2061c,43155,,0,394,11,0,0
ccd9bebac531819b,24353,,0,72,1,0,0
cc59bb2adc27d271,36839,,0,146,5,0,0
cc1022ca2a49034d,28837,,0,490,12,0.166666672,0.166666672
ccf995d0cb6abb49,12440,,1,212,7,0.842857122,0.842857122
cc085e0c364728ac,35527,,0,753,14,0.200000003,0.200000003
cce6a18990a04858,86346,,0,64,1,0.166666672,0.166666672
cc3cda31c21f280e,80237,,0,349,10,0,0
cc0b294316078752,19700,,0,305,9,0,0
ccbc5f0dd44d03e3,69480,,0,388,11,0,0
ccea94d9388e7030,43530,,0,122,4,0,0
ccc153c571263228,54311,,0,868,14,0.400000006,0.400000006
cc2879a3d9fd8a05,39015,,0,186,6,0,0
ccc25957724a3d58,28620,,0,89,2,0,0
cca44d7a9813f945,92569,,0,185,6,0,0
ccfa9774316fe0fc,13611,,0,818,14,0,0
cc586c30f7e347f6,12669,,0,422,11,0,0
ccd4e1cbdc18b989,96760,,0,191,6,0,0
cccfd352acf28dae,96056,,1,576,13,0.899999976,0.899999976
cc9e27b4957306cd,55266,,0,368,11,0.200000003,0.200000003
ccf259ad3f60a4cb,15238,,0,426,11,0,0
cc5d59048a485df8,88441,,0,997,15,0,0
cccce7b17b1bc795,19768,,0,961,15,0.400000006,0.400000006
cc61ac40fecf7ab3,76466,,0,885,14,0,0
cce5224a5efa9ca8,9576,,0,647,13,0.200000003,0.200000003
cc9685b3e50c0945,11506,,0,289,9,0,0
ccf2b18d08509952,42188,,0,231,8,0,0
cc16d54b04f41222,30026,,0,332,10,0,0
ccd4ec3c4fa19e0d,15185,,0,274,9,0.166666672,0.166666672
ccb77347aef5ab3d,8029,,0,189,6,0.200000003,0.200000003
cc6171a399d5542f,4069,,0,109,3,0,0
cce3820c7948e564,57358,,0,169,6,0,0
cc642811c723eb30,95790,,0,63,1,0.400000006,0.400000006
ccd9982158541d75,77509,,0,206,7,0.166666672,0.166666672
ccd8dfd9f87b98fa,37176,,0,148,5,0,0
ccd8cb846f7775d8,55762,,1,414,11,0.539473712,0.539473712
cca788b2aa67ed2e,42585,,0,144,5,0,0
cc25b962a8c425c4,56175,,0,667,13,0.300000012,0.300000012
cca1bafd8efbf655,45261,,0,981,15,0,0
ccf378c821699236,55561,,0,570,13,0,0
cc647d9f80346020,58670,,0,83,2,0,0
cccd6b2c412aae73,89632,,0,956,15,0,0
ccd3eedc40c44dc7,44635,,0,656,13,0,0
cc12e2c347660521,59668,,0,51,0,0.292307705,0.292307705
ccdec00eda688eb7,49510,,0,389,11,0,0
cc61ae75aa878927,57812,,0,979,15,0,0
ccd7631695e630f0,74468,,0,46,0,0,0
cce9e00a4b13e002,9869,,0,204,7,0,0
cc9fad35c19ee3c8,24298,,0,852,14,0,0
cc029f992c04c767,83559,,0,845,14,0.200000003,0.200000003
cc14eee043e96494,34793,,0,652,13,0,0
cc6e14966cbb34cd,87193,,0,81,2,0,0
ccc02b298dd5baf9,72680,,0,330,10,0,0
cce29f770b11df85,17300,,0,534,13,0,0
ccc690c341fbdf40,92242,,0,157,5,0.166666672,0.166666672
cc438ed618032da4,80773,,0,372,11,0,0
cc08e25303b6aadc,45238,,0,265,9,0,0
cc027988a7e54404,48547,,0,94,2,0,0
cc90dd2f80672a4d,54242,,0,105,3,0,0
cccb998eb70ec6c8,91851,,0,570,13,0,0
cc66339fc516509a,76873,,0,344,10,0.400000006,0.400000006
cc8ebb85fe0afde4,84598,,0,484,12,0.100000001,0.100000001
cc6d0cb07acc2222,9438,,0,738,14,0,0
cc6dc27436c65f5f,77313,,1,254,8,0.5,0.5
cc8d42346dd1336d,57956,,0,153,5,0,0
ccd69f815e6e953d,26194,,0,654,13,0,0
cc6d0148c4bc5855,72442,,0,104,3,0.166666672,0.166666672
cc303adb662ff2f7,75171,,0,363,10,0,0
cc9af2a3721de870,23437,,0,57,0,0,0
cc8a12ea1851a8de,3976,,0,561,13,0.200000003,0.200000003
cc84ee2c2e2c1b41,93118,,0,485,12,0,0
cc17fe1ac846a447,70416,,0,147,5,0,0
ccb377a3379ae251,50682,,0,40,0,0,0
cc6d8aebdb364ff4,55670,,0,136,4,0.200000003,0.200000003
cc65987ee78ae9a6,3700,,0,131,4,0.300000012,0.300000012
ccb76faab117e6fe,11832,,0,172,6,0,0
ccee4aebd42b33a7,79294,,0,734,14,0,0
cc7e8b2637587447,20416,,0,121,4,0,0
ccb365f294e584ab,44946,,0,560,13,0,0
cc2b40a8b059da77,21283,,0,423,11,0,0
cc6b610bc8516d99,58724,,0,114,3,0,0
cc001fa1212eca79,34667,,0,984,15,0,0
cce001fa32390c58,43690,,0,168,6,0,0
cca1c143e72a03c9,39268,,0,302,9,0.166666672,0.166666672
ccc6453c17ab152a,9179,,0,381,11,0,0
cc4207d816bc351a,77096,,0,237,8,0.166666672,0.166666672
ccc1e358a3bc3aa7,46494,,0,409,11,0,0
ccbf6bc8dda87fe3,65155,,0,93,2,0.200000003,0.200000003
cca77793f2826dc4,69615,,0,178,6,0.200000003,0.200000003
cc6ea9f4bae596ee,77454,,0,168,6,0,0
ccc1e998883d9421,30869,,1,499,12,0.800000012,0.800000012
ccf254bed285e9ce,70897,,1,313,10,0.5,0.5
ccf4b74122b23d34,71820,,0,130,4,0,0
cc0d4662266bd7ac,18800,,0,252,8,0.100000001,0.100000001
cc43a4388775adcd,67987,,0,239,8,0.166666672,0.166666672
ccc87c53cca89bb4,74738,,0,90,2,0,0
cc63c6c8a0bb711d,87445,,1,164,6,0.837837815,0.837837815
cc50f12e044945b0,64901,,0,126,4,0,0
ccd7d6f3e5dd21b1,78010,,0,121,4,0,0
ccb15af6a82f202d,87000,,0,508,12,0,0
cc68c2d95b09bdb8,13482,,0,244,8,0,0
cc88fba602ea596c,34910,,0,133,4,0,0
cc8801491a78566e,46830,,0,101,3,0,0
cc912ee715a4c944,30212,,0,584,13,0,0
cc152bb2c436976e,29525,,0,127,4,0,0
cc0489b810b9223c,90793,,0,128,4,0,0
ccf2e6d741eb7a22,8859,,0,259,8,0,0
ccca753afcee0ea6,71993,,0,993,15,0.100000001,0.100000001
cc26fa8cc787f48f,96775,,0,142,5,0,0
cca903ce9cb4109b,40325,,0,281,9,0,0
ccd2b559b8f4ddf0,76350,,0,137,4,0,0
cc94c12f586130ec,80894,,0,127,4,0.200000003,0.200000003
ccd1ac56135f3dd7,8078,,0,151,5,0.400000006,0.400000006
cc7ea1dbf86c3296,72529,,0,196,7,0,0
ccd2f162a4ed188c,64160,,0,279,9,0,0
cc034494f46b9553,85078,,1,218,7,1,1
ccd55a16424d876d,74006,,0,783,14,0,0
cc69f43ec5368cef,25397,,0,67,1,0,0
cce1531f0d400232,80103,,0,123,4,0.166666672,0.166666672
cc87175340bf385c,79282,,0,201,7,0,0
cccb4c6489186717,26699,,0,84,2,0,0
ccbd6bae1678f785,6247,,1,139,5,0.828947365,0.828947365
cc690a9a202d232e,97307,,0,530,13,0,0
cc3b87dc2f267c0d,94701,,0,334,10,0.200000003,0.200000003
cc3c13160a05ac8e,9988,,0,103,3,0.400000006,0.400000006
cc328e5f4b1b0d19,15751,,0,965,15,0,0
ccfc4b233460c689,88578,,0,45,0,0,0
cccce80b3ef6a27c,83815,,0,804,14,0,0
ccfe0ff40d23f189,9060,,0,119,4,0,0
cc17483237af21e1,64316,,0,397,11,0,0
ccfe041b37eec3af,45319,,0,126,4,0,0
cc32d1126a01b7a0,12193,,0,95,2,0,0
cc63e9b14c518c54,80183,,0,150,5,0,0
ccb143c8e82beb57,76261,,0,205,7,0,0
ccfc6b9280d1d1c2,27713,,0,436,12,0,0
cc0dcef64a45f308,87866,,1,53,0,0.6875,0.6875
cc102dae6df9381b,26214,,0,768,14,0,0
ccd9afbb9a6080df,66622,,0,50,0,0,0
ccc209eeb8632965,53808,,0,215,7,0,0
ccb316d263d3d8d3,21722,,0,988,15,0,0
cc989fa4fac955d7,83923,,0,308,10,0,0
cc15b3895a1ec20d,42428,,0,74,1,0,0
cc1e73737c86905a,32796,,0,970,15,0,0
cce1dd941107d012,48763,,0,244,8,0.166666672,0.166666672
ccb51869708509cf,49143,,0,632,13,0,0
cc24c7a440f0497a,96498,,1,378,11,0.5,0.5
cc6b35a1f7c16e8a,2349,,0,43,0,0,0
ccd0afe5d95f4c84,83838,,1,427,11,0.5,0.5
ccd2436c46977430,16913,,1,255,8,0.5,0.5
ccd1212cc59cd471,2493,,0,80,2,0,0
ccae9884ed26a5af,5116,,0,396,11,0,0
cca2619a6d19b64b,67502,,0,444,12,0,0
cc59a38801839875,50361,,0,139,5,0,0
ccfce8be74098f6b,21526,,1,323,10,0.600000024,0.600000024
ccf9d27a7a4dfe6b,19571,,0,317,10,0,0
cc9cb83ff09b5d5a,28542,,0,130,4,0,0
cc750e08c4de7fb5,52253,,0,131,4,0,0
ccef8316fb3b8b6e,37605,,0,135,4,0,0
cce8d9c43d2b08cd,62990,,0,94,2,0,0
cc315de02e0456b0,49287,,0,436,12,0.200000003,0.200000003
ccce9e1f83606c06,43474,,0,485,12,0.166666672,0.166666672
cc172c39ad0625b6,62695,,0,226,8,0.200000003,0.200000003
ccf5acc9ba7905ae,71201,,0,101,3,0,0
ccec9d14b79431c1,93977,,0,79,2,0,0
cc5b86be416c0f91,61110,,0,158,5,0,0
cc3513b683764441,24147,,0,100,3,0,0
ccddc258cfe3271b,52237,,0,379,11,0.400000006,0.400000006
ccc78096a8f4f137,93331,,0,604,13,0,0
cc9f55af5b7c446e,10740,,1,156,5,0.833333313,0.833333313
cc8b602550d2a155,28114,,0,315,10,0,0
cc979794c2d1a2c0,44375,,0,551,13,0,0
cccffd63c5002ca1,92387,,0,570,13,0,0
ccbe70e31edb86e6,20038,,0,209,7,0,0
ccc06ea684aa02a1,74174,,0,758,14,0.166666672,0.166666672
cc902bbc73fea8ff,7985,,0,332,10,0,0
cc42634a56da7345,92759,,0,139,5,0,0
cc25426e38a1d50f,30875,,0,818,14,0,0
cce1bfe6cdecffaa,22027,,0,216,7,0.300000012,0.300000012
cc7820faac030233,26165,,0,437,12,0.400000006,0.400000006
ccada5bd94892fa3,91430,,0,137,4,0,0
cc14145da5334169,30686,,0,227,8,0.166666672,0.166666672
cc080038c81e73b6,47692,,0,187,6,0,0
ccc22267b3c729b0,36376,,0,260,8,0,0
cc7b31554800c2f7,51979,,0,92,2,0,0
cca394c39f392e43,72424,,0,478,12,0,0
cc46ba286733a9ac,92607,,0,79,2,0,0
cc18cf31cb66a16c,86125,,0,49,0,0,0
cca219d80559f4b2,12824,,0,681,14,0,0
cc0cb769334ce8c3,36547,,0,587,13,0,0
cc07dc4db0a733b6,85963,,0,221,7,0,0
ccb8ed5138c54ead,81597,,0,349,10,0,0
cce166a528a2b255,81322,,0,86,2,0,0
ccd884d26a457640,46566,,0,114,3,0,0
cc12e13e6ea7aef9,38146,,0,639,13,0.300000012,0.300000012
cc7310cbd0f277ba,80110,,0,975,15,0.166666672,0.166666672
ccf071412613f0cc,22718,,0,267,9,0,0
cc8117949f64c020,12521,,0,728,14,0.300000012,0.300000012
cc8b17a637daea6f,11622,,0,93,2,0,0
cc941d09fe2b38ea,772,,0,149,5,0,0
ccd48445d8064399,23712,,0,935,15,0,0
ccdc03f35e670ce4,5069,,0,102,3,0,0
cc2d0fe38b969be3,49010,,0,563,13,0,0
ccbe6374c4efd8f2,59174,,0,595,13,0,0
cce7b2f3c8319cb3,90892,,0,122,4,0,0
cc3d2e0d9d076199,71929,,0,84,2,0.166666672,0.166666672
cce6215d72a97b0f,78271,,0,434,12,0,0
ccdb54c8dffef35c,79648,,0,345,10,0,0
cc1049b48ceb3ea9,52896,,0,84,2,0,0
cc3d10bcc5bbe925,53693,,1,405,11,0.600000024,0.600000024
ccca4c43c32f8af4,89162,,0,392,11,0,0
ccf7adea4f2cbaf6,2670,,0,662,13,0,0
ccc597c0b63e2c11,49603,,0,637,13,0,0
ccd2353f3acb3fe1,53745,,0,91,2,0,0
cc36369c59176d01,79810,,0,48,0,0.200000003,0.200000003
cc846c97c353e7ef,93381,,1,65,1,0.800000012,0.800000012
cc7b668ec1dd1e38,52215,,0,109,3,0,0
cc0dd064b45d9b80,18779,,1,653,13,0.5,0.5
cca690162441bc15,11958,,1,124,4,0.899999976,0.899999976
cc85b7340f905e5a,21010,,0,306,9,0,0
ccbe75675c22aa18,36703,,0,78,2,0,0
ccdad84b50cdee66,23180,,0,285,9,0,0
cc3f960669ed6a6f,39301,,0,85,2,0,0
cc10ea0c14d833c6,97125,,0,508,12,0.300000012,0.300000012
cc67b7ec5a5826ef,20861,,1,79,2,0.699999988,0.699999988
cca1ff625e60e0b1,82086,,0,70,1,0,0
cc9a9737da664c22,54306,,0,612,13,0,0
ccc58fc9b6cad0f6,11480,,1,52,0,0.884615362,0.884615362
cc7537aad29726c8,33537,,1,95,2,0.871428549,0.871428549
cc39419ca506cecc,2749,,0,157,5,0.200000003,0.200000003
cc5c671bbedc15da,82516,,0,859,14,0.300000012,0.300000012
cc676fc5f20046da,3549,,0,274,9,0,0
cc30d40386565ec3,46348,,0,498,12,0.200000003,0.200000003
cc36e97bbbb3612f,13878,,1,98,3,0.5,0.5
cc63fb41579640c4,42473,,0,875,14,0.166666672,0.166666672
cc112d6e3eccced9,45983,,1,163,6,0.694444418,0.694444418
cc19091f6a13b69d,75811,,0,141,5,0.100000001,0.100000001
cc6e640607c17b40,76683,,0,997,15,0,0
cc190e0b35f1b43f,65758,,1,219,7,0.600000024,0.600000024
ccc97a2ebd4094f4,75415,,0,741,14,0,0
cc12842e0916431d,94050,,0,728,14,0,0
cc2f3fd4979f7300,6684,,0,272,9,0.200000003,0.200000003
cce150c0c7166e3b,88698,,0,95,2,0.400000006,0.400000006
ccae22b221722662,77967,,0,130,4,0,0
cc6910e7ba41456f,30040,,0,64,1,0,0
ccf06d6e0cf3a610,15265,,1,708,14,0.699999988,0.699999988
cc65d0bd886ef24a,14298,,0,163,6,0,0
ccba5c6ba963ce18,1399,,0,697,14,0,0
ccd039bdc0243896,70310,,0,619,13,0,0
cccdb778c48ff989,68143,,0,266,9,0,0
cc024b126a8a287f,70741,,0,309,10,0.400000006,0.400000006
cc67fd02efa2dbfb,26449,,0,543,13,0,0
ccb338977a9c23eb,16118,,0,52,0,0,0
cc91820b6013b167,37513,,0,59,1,0,0
cc70e0210b072d86,79388,,0,330,10,0,0
cc73c6910e746b28,67075,,0,162,5,0,0
ccd1be0465dacc9f,15087,,0,88,2,0,0
ccab15c77f3bbab9,86787,,0,113,3,0,0
cc9eceb68e56fce1,38635,,0,218,7,0,0
cc7ea17f90644bc3,75215,,0,204,7,0,0
cc138ff5376e1d88,13984,,0,97,3,0,0
cc582903bd50572f,90276,,0,98,3,0,0
cc07b5e7de14b456,67741,,0,567,13,0.166666672,0.166666672
ccb611677c23ebe7,36327,,0,89,2,0,0
cc2184ccba1e49e7,30353,,0,47,0,0,0
ccc8909866608c2c,61875,,0,348,10,0,0
cc3a4cfc4ba841e3,3784,,0,161,5,0,0
cc428ec5312d02a4,3333,,0,153,5,0,0
ccb81e7413e5e880,32654,,0,143,5,0,0
cc7259d9985cad3e,88063,,0,990,15,0,0
ccbedc577c6558c9,9365,,0,624,13,0.400000006,0.400000006
ccbb3cd2eb6bfcef,50229,,0,323,10,0.166666672,0.166666672
cc49bd4c1a249c27,33872,,0,365,11,0.200000003,0.200000003
cca08e13377b4549,41623,,0,267,9,0,0
cc23dbc8904d4eb5,74615,,0,290,9,0.400000006,0.400000006
ccca2b137fb9a472,4341,,0,103,3,0,0
cca22917cdb512d4,92970,,0,673,13,0,0
cc845f82d9f9d586,94238,,0,999,15,0.166666672,0.166666672
ccf0ca60baba91fe,71195,,0,225,8,0.200000003,0.200000003
cce2333f95028a63,55850,,0,159,5,0,0
ccb82acd4f918c09,93863,,0,365,11,0,0
cca342253948e3b7,41688,,0,220,7,0.300000012,0.300000012
cc786945ff6fa7c2,655,,0,70,1,0,0
cce4048d670221e8,38713,,0,346,10,0,0
cc338175a2de5964,28865,,0,988,15,0,0
ccccaf9823d7dd15,69522,,1,129,4,0.600000024,0.600000024
cc1dc7d6cd3b9c54,12554,,0,370,11,0,0
cc321c657d7e84cb,45907,,0,133,4,0,0
cc6a3e14d81e48d9,89696,,0,205,7,0.166666672,0.166666672
cc91115ed0f41951,7121,,0,183,6,0.200000003,0.200000003
cce763656355d078,2372,,0,100,3,0.426229507,0.426229507
cc94c7efb7321d1a,79299,,0,455,12,0.200000003,0.200000003
cca3a64f7f7214ab,34239,,0,514,12,0.166666672,0.166666672
cc1b38c502c4cf1b,68766,,0,87,2,0,0
cc419df0ab4ddb5d,14484,,0,56,0,0.166666672,0.166666672
cc823bf3a790a6a7,44218,,0,324,10,0,0
cc6743dd0fef00f4,74941,,0,300,9,0,0
ccd5edad4d0a26fb,38877,,0,161,5,0,0
ccf86d34f0e1d758,81791,,0,226,8,0,0
cc909a9e400ee0f7,77394,,0,332,10,0,0
cc8a90784a7ee5b6,36057,,0,110,3,0,0
cc5b546ecdcea978,68129,,0,109,3,0,0
cc46c35ad2bb1bc2,78646,,0,43,0,0,0
cc0ffa2e3a0f3ea8,66578,,0,110,3,0,0
cc5fb53d2b67e5ba,95207,,0,104,3,0,0
cc5ec3ddd79ba098,96854,,0,257,8,0.166666672,0.166666672
cc664432bbafcbd8,64226,,0,579,13,0,0
cc4beedeb1176bb9,93301,,0,959,15,0,0
cc97ee51261d78c9,29387,,0,186,6,0,0
ccaa73aa70d66c39,58880,,0,254,8,0.166666672,0.166666672
cc899cdf1fab7046,34448,,0,375,11,0.166666672,0.166666672
ccbcbdd49d8e2e9d,62103,,0,209,7,0.166666672,0.166666672
ccddfccd2d0022ce,37622,,0,86,2,0,0
ccc79394d8669326,64883,,0,115,3,0.166666672,0.166666672
cc99a667ab1058ca,20697,,1,974,15,0.800000012,0.800000012
cc3f3670b3d3bd0d,59397,,0,164,6,0,0
ccea2b748c9ccd00,84834,,0,104,3,0.400000006,0.400000006
cc7b19911b827e52,93587,,0,124,4,0,0
cc397f2a53a767bb,43752,,0,916,15,0,0
ccd031dd37c48178,22100,,0,665,13,0,0
cc5018c22ffeeab8,12869,,1,589,13,0.5,0.5
cce690074cf82c78,77798,,0,296,9,0,0
cc7edd5158a499ed,72430,,0,79,2,0.142857149,0.142857149
ccbd04a647072566,17590,,0,352,10,0,0
cc4b5a36414230d6,38145,,0,155,5,0.166666672,0.166666672
cc7d90d263e36057,93397,,0,375,11,0.300000012,0.300000012
cc2347dda242fa1f,54860,,0,139,5,0,0
cc4b3fb5e7afcaaa,44532,,0,233,8,0,0
cc4e6d22e3093ab2,38504,,0,602,13,0.200000003,0.200000003
cc5793b6068d92d3,89103,,0,459,12,0,0
cc0c00af979941bb,60803,,0,171,6,0,0
cc6636c21b89a6f1,87819,,1,234,8,0.881355941,0.881355941
cc428d4822447ef8,24884,,0,904,14,0,0
ccb86cf30df2bbb4,66235,,0,325,10,0.300000012,0.300000012
cc39e356d18f9bb4,28004,,0,40,0,0,0
cc63c1d65b2df530,69064,,0,219,7,0.200000003,0.200000003
cc3f1a935482cd70,38971,,0,63,1,0,0
ccc763b9df8c70ce,49564,,0,301,9,0,0
cce7ee9422517c3a,91572,,0,83,2,0,0
cc6b7edffbc514f1,27166,,0,306,9,0,0
cc59bf1f77c281f4,1086,,0,137,4,0,0
cc005d765c79437f,7217,,0,267,9,0,0
cceda69d44bfc834,77814,,1,66,1,0.649999976,0.649999976
ccbd0d8427940b0b,68473,,0,346,10,0.166666672,0.166666672
cc33e202d255c175,37241,,0,100,3,0.152173907,0.152173907
cccbf83e162e5369,93362,,1,242,8,0.5625,0.5625
cc7b2af0f1627a22,42607,,0,988,15,0.400000006,0.400000006
cc8ae1d66f0cfcca,30048,,0,111,3,0,0
ccb44eb812e1b021,54742,,0,327,10,0.166666672,0.166666672
cc4d852cbdcb5517,85203,,0,996,15,0,0
ccdf5f29941da4ab,73873,,0,115,3,0,0
cc8469474cacb21c,32191,,0,71,1,0,0
cc3c49bd711152cd,91410,,0,869,14,0,0
ccfa1b03dca172b4,90533,,0,480,12,0.300000012,0.300000012
cc1234da2746b605,53672,,0,683,14,0,0
cc3af6b8bc707344,93335,,0,138,5,0,0
cc83e816bc6913f7,28111,,0,169,6,0,0
ccaabba5279f58b0,62646,,0,133,4,0,0
cc4f6e935a37b228,80340,,0,365,11,0,0
cc7cd11dafcfd767,75884,,0,106,3,0,0
ccc392f3da41b256,58103,,0,173,6,0,0
ccd36e889a522494,27331,,0,131,4,0,0
cc3a23e51f21e145,8426,,0,76,2,0,0
ccfde8f0ff67e9e3,39987,,0,530,13,0,0
cce68b0524644210,36419,,0,156,5,0,0
cc04f981ad547773,64269,,1,278,9,0.5,0.5
ccced8eef8b1e7b5,44190,,0,77,2,0,0
cc33e15003852420,70890,,0,223,7,0,0
cc85607ef10f9655,60783,,0,91,2,0,0
cc1e34541109c513,95695,,0,130,4,0,0
ccc14b9a4c0359b7,78036,,0,438,12,0,0
cc915e83c062d4d7,8885,,0,652,13,0,0
cc3c552b76f37433,86164,,0,990,15,0,0
cc7a8913b851abf3,33284,,0,984,15,0.166666672,0.166666672
cc93950763a9edd9,38798,,0,202,7,0,0
cc1dbac5d8fde0e5,54665,,0,218,7,0,0
cc729da61d719652,34002,,0,53,0,0,0
ccbe2f9470ce25a7,12221,,0,233,8,0,0
ccad661f5a335dad,74806,,0,67,1,0,0
ccaf0eeee7850ee5,3908,,0,856,14,0,0
ccdb6256a796a880,61186,,0,194,7,0,0
ccd1fa84c597aaea,8039,,0,943,15,0,0
cc6d7bfce2d61da5,79932,,0,756,14,0,0
cc01f224ac60c3ff,92475,,0,620,13,0.166666672,0.166666672
cc619bb15287aaa3,24081,,0,746,14,0,0
cc39ddee0b418221,3595,,0,132,4,0,0
cc08da5e56268030,19482,,0,115,3,0,0
cc832eb2f111f3b0,150,,0,149,5,0,0
cc5078cec58280f3,96637,,0,400,11,0,0
cc9859f7eecdd8b4,84958,,0,86,2,0,0
ccd1604d27d52ae7,61465,,0,471,12,0.166666672,0.166666672
cc10da62e4c83efe,68943,,0,219,7,0,0
cca038b647792f6e,32722,,0,268,9,0.200000003,0.200000003
cccf0cce62bde172,47571,,0,82,2,0,0
ccccf7590a0cca4c,13725,,0,239,8,0,0
ccb106e06cba1ef4,7878,,1,43,0,0.5,0.5
cccb51a6a02f3e4f,25979,,0,112,3,0.166666672,0.166666672
ccc327d666d98084,35438,,0,72,1,0,0
ccdf97a5eabe35c7,5566,,0,524,12,0,0
cc3cd8e260d37933,12129,,0,181,6,0,0
cc28efcf22d458aa,7122,,0,97,3,0,0
ccc46438c1172194,54444,,0,201,7,0,0
ccc6bab904db1925,30572,,0,997,15,0,0
cc54dbb77e1e0fff,58284,,0,95,2,0,0
cce9bdf2c2246a3e,27873,,1,76,2,0.600000024,0.600000024
cc6ec98a20ab0ff2,86661,,0,118,4,0,0
ccfc124da6597cfc,18484,,0,428,11,0.300000012,0.300000012
cc210b7460cb7143,56293,,0,182,6,0,0
cc544093b7d4c5cd,89971,,0,54,0,0,0
cc9b7611f21dff79,59979,,0,200,7,0,0
cc922180a2ee08cc,55258,,0,170,6,0,0
cc47513bb074dcd9,49575,,0,198,7,0,0
cc95465ec4c17194,60720,,0,999,15,0.166666672,0.166666672
ccbd037cb98ac967,43773,,0,95,2,0,0
cc6173f430f03afe,15471,,0,188,6,0,0
cc97651b72f0c79b,75179,,0,616,13,0,0
cca64e3d627b9530,27810,,0,116,3,0,0
ccd5a7f17d634eeb,88286,,0,171,6,0.200000003,0.200000003
cc149ea681cb1a26,89022,,0,995,15,0,0
cc8c9ade50294919,33125,,0,115,3,0,0
cc710a334a90243f,70959,,0,494,12,0.200000003,0.200000003
ccdd0d59e4ee89ff,78528,,0,165,6,0,0
cc8f57955e0feee7,92285,,0,129,4,0,0
ccd047120c8494ce,10682,,0,144,5,0,0
cc27ae5242c5c0ef,52141,,0,111,3,0,0
cc14cf2e78ae12a7,18018,,0,47,0,0,0
cc41fe84c3e95911,68725,,0,156,5,0,0
ccb16aa8fc1e6216,341,,0,951,15,0,0
ccc2e8cea5ec06cc,66726,,0,623,13,0.166666672,0.166666672
ccaf128e224b95ac,79547,,0,353,10,0.166666672,0.166666672
cc7e962b6877e081,29943,,0,106,3,0,0
ccbfbfa245586662,25387,,0,201,7,0,0
ccbc5765b030160a,77230,,1,58,1,0.800000012,0.800000012
ccd650b28e0e10c0,3555,,0,985,15,0,0
ccc7e784c182f934,56235,,0,501,12,0,0
cc6f68ae4450db4e,40521,,0,536,13,0,0
cc4970353e75bd9a,48313,,0,62,1,0.166666672,0.166666672
ccd8fe6ea0f143c3,33160,,0,685,14,0,0
ccc33c590ff2c641,62003,,0,178,6,0,0
ccde0324697c48a9,24167,,0,92,2,0,0
cc74cc97feb996d7,67939,,0,977,15,0,0
cc706ea85d52d488,41402,,0,154,5,0,0
ccf406cd72c0ad2b,48639,,1,392,11,0.5,0.5
ccc1fb13e46915c8,37551,,0,478,12,0.400000006,0.400000006
cc141510e087b09c,45292,,0,120,4,0,0
cc7c60a41b936562,35584,,0,132,4,0.157894731,0.157894731
ccd4abaf4f9eb944,58784,,0,242,8,0,0
cc0ed740595c3f93,24420,,1,86,2,0.671428561,0.671428561
ccbbe48a467410b7,22620,,0,465,12,0,0
cc93a012b9f60326,20812,,0,68,1,0,0
cc5a03b43525f443,18310,,0,419,11,0,0
cc87eda874866afa,29218,,0,741,14,0,0
cc66707f6d8d5025,4058,,1,157,5,0.597222209,0.597222209
cc2ff38b2bb6231f,35961,,0,136,4,0,0
cccb95addb2178c6,81169,,1,197,7,0.699999988,0.699999988
cc8a9351d4f236ea,80090,,1,846,14,0.600000024,0.600000024
ccf9ec6022f9661d,90468,,0,225,8,0,0
cc947e53cc40c1d0,19853,,0,60,1,0,0
cc9d469e2e9a1f3a,58806,,0,396,11,0,0
cc183dc7a4f8c675,91844,,0,73,1,0,0
ccd8dd0e3d713924,31295,,0,936,15,0,0
cc7157ce8cde8e9a,18604,,0,62,1,0,0
cc97181290c0ad13,38836,,0,364,11,0,0
ccec2cc9c8f33eed,87916,,0,172,6,0.400000006,0.400000006
ccef643b3032db1a,48377,,0,180,6,0,0
cc99807f46e886f1,68105,,0,238,8,0.100000001,0.100000001
cca02e0c28244c37,23986,,0,75,1,0,0
ccad88488835f613,1743,,0,313,10,0,0
cca6835ffed65a3f,22871,,0,280,9,0,0
cc489037b944bc36,35674,,0,110,3,0,0
cc1dc86b77fbd040,67281,,0,48,0,0.300000012,0.300000012
cceda90aa0e60f49,44235,,0,84,2,0.200000003,0.200000003
ccdd5240cde097b0,11373,,0,69,1,0,0
cc6f60c6f5bfaf30,91211,,1,95,2,0.662500024,0.662500024
cc1e956304b58889,35328,,0,313,10,0,0
cc160a387e6a3309,57808,,0,42,0,0,0
cc693a2b0e2536db,69332,,0,696,14,0,0
cc1c4e5755fb267e,41444,,1,180,6,0.5,0.5
ccdec529a8d95744,79775,,0,266,9,0,0
cc3fc909e22ba85f,14661,,1,349,10,0.5,0.5
ccac1f4458707d61,79995,,0,1000,15,0.400000006,0.400000006
cc3dc702b53b13c6,50819,,0,320,10,0,0
cc29a6d27226ecaa,62994,,0,76,1,0,0
cc28407fd4149330,29353,,0,688,14,0,0
cc5387cc854cf254,27064,,0,349,10,0,0
cc7c6a9fdc527461,10417,,0,137,4,0,0
cc7e8ea081de12ab,19428,,0,64,1,0,0
ccb102cbb4a7dbd9,1992,,0,1000,15,0,0
cc83fc543f76c4b3,91106,,0,205,7,0,0
ccf2f330ebd8970b,77402,,0,456,12,0,0
cc0ee84565d86593,89175,,0,43,0,0,0
cca13e15b850e7e9,58726,,0,364,11,0,0
cc823b07067d5854,48146,,0,990,15,0,0
cc65e156cdb78f0c,92669,,0,164,6,0,0
cce92801f0eeb451,9905,,0,65,1,0,0
cc56a0a79f20f68b,44602,,0,993,15,0,0
cc2b1b17008e3799,51669,,0,74,1,0.100000001,0.100000001
cc032a052461b642,30015,,1,47,0,0.882352948,0.882352948
cc825fbe6764f265,1171,,0,135,4,0,0
cc4990f1f9595cea,23574,,0,415,11,0.166666672,0.166666672
cc1beff5d0ac4f23,46641,,0,168,6,0,0
ccae86d941229ac4,57020,,0,678,14,0.166666672,0.166666672
ccf936d93f46e100,23565,,0,454,12,0,0
cc6ef6db6ca6bd5b,91517,,0,745,14,0.200000003,0.200000003
cceb37ff0da402f2,12351,,0,429,11,0,0
ccaffa91da754651,88782,,0,208,7,0.200000003,0.200000003
cc1b00a5d0a0e751,39673,,0,162,5,0,0
ccee8cf948985b68,35475,,0,204,7,0,0
cc6af5924bbfdb30,33743,,0,276,9,0,0
cc3561e3b2352767,78143,,0,73,1,0,0
ccd4f2ce488bce0b,96557,,0,268,9,0,0
ccd539355a25cd51,87221,,0,72,1,0.200000003,0.200000003
cc8c1d5c1c9b7842,11138,,0,698,14,0.200000003,0.200000003
ccb43af6e37b620d,21023,,0,238,8,0,0
cc98542622fb22f6,72817,,0,177,6,0,0
ccef7f00c9076948,27171,,0,882,14,0,0
cc7d089c15412141,25799,,0,167,6,0,0
ccd5c3f090a58008,76344,,0,669,13,0.400000006,0.400000006
cc0432c2a6845e89,39198,,0,267,9,0,0
cc6d192e403aab95,27261,,0,188,6,0,0
cca1118b53bc193c,15207,,0,334,10,0,0
cc13996338b3d3d7,9035,,1,568,13,0.600000024,0.600000024
cc114925b421c3b2,49615,,0,73,1,0,0
ccb09a4a13cba043,52970,,0,103,3,0,0
cc1cfeb7478b8acd,8027,,0,61,1,0.300000012,0.300000012
cce1e80754245017,89840,,0,997,15,0,0
cc6308b9b98402d6,68257,,0,245,8,0.166666672,0.166666672
cc3b92df7ec52fee,97158,,0,87,2,0.200000003,0.200000003
cc3b5583311a7296,88708,,0,56,0,0.166666672,0.166666672
cccca118677108ec,67538,,0,111,3,0,0
ccabaf24cf592664,70426,,0,455,12,0,0
cc486a9c56429c3b,20208,,0,386,11,0,0
cc10ba325e3a5d0f,2183,,0,51,0,0,0
ccb318d5a5989c35,45303,,0,216,7,0,0
cc4b36c0db255464,10746,,0,117,4,0,0
cc52676adb9bdb63,36911,,0,335,10,0.400000006,0.400000006
cc8be3cda2e17cea,47549,,0,64,1,0,0
cc542bde5a3ac270,54801,,0,148,5,0,0
cceab67f701312be,70567,,0,140,5,0,0
cccc10930c0bcb51,31729,,0,44,0,0,0
ccfaad10ef3a911d,53366,,0,328,10,0,0
cc9703bddde1171d,53132,,0,113,3,0,0
cc04c86948bf7d88,84006,,0,95,2,0,0
cc26ffc801528d42,95177,,1,513,12,0.776315808,0.776315808
ccddf15db316c566,85261,,0,978,15,0.166666672,0.166666672
cc010e9c81a8ed48,69827,,0,223,7,0,0
cccd3141e6e0f062,41520,,0,291,9,0,0
ccd9d41e7b98c463,10383,,0,607,13,0.300000012,0.300000012
ccdfa92172273c77,36879,,0,984,15,0,0
cc008e3fb229370f,20641,,0,155,5,0,0
cca273f051b84865,31919,,0,465,12,0.166666672,0.166666672
cc0e85f684dc1d4b,9676,,1,45,0,1,1
cc9580e62e108318,74780,,0,305,9,0.166666672,0.166666672
cc3fdbb8592c2b13,64890,,0,129,4,0.200000003,0.200000003
ccfe0dc7f3da9e29,34357,,0,264,9,0,0
cc73a825063eeed3,76310,,0,441,12,0,0
ccd8353c85c680a3,54810,,0,527,12,0,0
cc755694e5d680d7,31633,,0,225,8,0.400000006,0.400000006
cc50963e45130594,40783,,0,159,5,0.166666672,0.166666672
ccc5ded0f3c65679,36091,,1,220,7,0.949999988,0.949999988
cc44b0f9df410c61,84432,,1,248,8,0.5,0.5
cc3e80c932a76f1c,76089,,0,397,11,0,0
cce7a8aab62eb05f,30593,,0,435,12,0,0
cc0fd9b369e893ed,23542,,0,152,5,0,0
ccb5925631c99f15,84183,,0,157,5,0,0
cc25972cab2284f2,66447,,0,368,11,0,0
ccd2fd9d201cb4be,17219,,0,386,11,0.200000003,0.200000003
ccfc328745d20832,84649,,0,339,10,0,0
cc74239ad8459f16,76185,,0,204,7,0,0
cc81ba77a1bdad70,32776,,0,74,1,0,0
ccfc11b33a9a9abd,4296,,0,218,7,0,0
ccaa157fb42c4ee2,76521,,0,854,14,0,0
ccb7116ca02cb784,68091,,1,994,15,0.5,0.5
ccba267c11360471,45410,,0,686,14,0,0
ccda20a24f11619a,94509,,0,440,12,0,0
cc278cad93cc86fa,50514,,0,961,15,0.200000003,0.200000003
cc26d69b997962ac,70882,,0,575,13,0.200000003,0.200000003
cc5433fd6407c8d4,12233,,0,48,0,0,0
cca3acfce2734024,11217,,0,995,15,0,0
cc9b64260249b367,7230,,0,394,11,0,0
cc7ea82b86b18fb5,87190,,0,97,3,0,0
cc5faef578da25ec,51880,,0,243,8,0,0
cc3b49ddba9c94c1,70041,,0,447,12,0,0
cc938d90d059cd9c,54184,,0,208,7,0,0
cc85e226d2fa0e60,25870,,1,495,12,0.5,0.5
cc8241b9c3a8fb69,66327,,0,146,5,0,0
cc77102526335c9c,63533,,0,188,6,0,0
cc17a1248ccce31b,23926,,0,143,5,0.200000003,0.200000003
ccca339de7ffc704,17473,,0,67,1,0,0
cc1501c0cc2552c4,48294,,0,759,14,0,0
cc88e7be9472759d,55218,,0,61,1,0,0
cc900bd890061180,24778,,0,479,12,0,0
ccc6407e25186a77,15449,,0,257,8,0,0
cccb29695527ec63,11084,,0,133,4,0,0
cc1fd0ef0c9cd305,45283,,0,132,4,0,0
ccfd9eb5d6c1b85e,4856,,0,349,10,0.166666672,0.166666672
cc9ebb644cb39a6b,81092,,1,133,4,0.594202876,0.594202876
cc78580e080deee3,13447,,1,947,15,0.600000024,0.600000024
cca2e5b185807691,26143,,0,519,12,0.200000003,0.200000003
cc120685c5bc2db6,71009,,0,132,4,0,0
cc7d70421833d70d,22494,,0,222,7,0,0
cc33fbf172bd5a2c,35424,,0,693,14,0,0
cc5ee8b14978b01e,87831,,0,587,13,0,0
ccb03056ac32e8d8,7106,,0,169,6,0,0
cc00558c113d39f4,88236,,0,192,6,0.200000003,0.200000003
cc28fbecc95f7aca,29510,,0,241,8,0,0
ccada4be9c4aeb29,49742,,1,59,1,0.699999988,0.699999988
ccb42e28a6ff23a3,52044,,0,415,11,0,0
ccc3dcff498c8e1d,64211,,0,374,11,0,0
cc3474c7b5261219,80857,,0,378,11,0,0
ccecffa6ab6bb311,41792,,0,343,10,0,0
ccfec5b746925b85,42880,,0,40,0,0,0
cc109ed549ce7cad,69495,,0,109,3,0.400000006,0.400000006
cc905992c03fac42,7021,,1,93,2,1,1
cc7d91376a8398e8,48181,,1,47,0,0.600000024,0.600000024
cca5909f0d5b323c,97182,,0,433,11,0,0
cc650f524888c3e2,86475,,0,68,1,0,0
ccd890cf7a2eec02,57479,,0,134,4,0,0
cc52178e79340934,68235,,0,398,11,0,0
cc8deb89f86e0064,52092,,0,123,4,0,0
cc5bac7137158180,95020,,0,127,4,0.166666672,0.166666672
cc29de09a62e527d,72661,,0,107,3,0,0
cc81fb98180b6075,87771,,0,989,15,0,0
ccd8f67c635fb906,52886,,0,169,6,0.200000003,0.200000003
cc0fcfed8430e57b,82706,,1,465,12,0.5,0.5
cc22ee64dddc7817,28821,,0,224,8,0,0
cce6634c7674e06d,31916,,0,967,15,0,0
cc8a5a40bd3c2f2a,30208,,0,127,4,0.166666672,0.166666672
cc317d28a171faaa,7292,,0,412,11,0,0
cc419a805fe2131c,71336,,1,480,12,0.5,0.5
cc3ec86c787f3749,28434,,0,71,1,0.200000003,0.200000003
cccf09e8ebd93502,49768,,0,297,9,0,0
cc0a144ceb7430a5,81166,,0,126,4,0,0
cc2b4ba44f92b0bd,62174,,0,134,4,0.300000012,0.300000012
cc20625fe84dd2f5,90697,,1,541,13,0.899999976,0.899999976
cc4c3c6f784a2e58,87536,,0,464,12,0.166666672,0.166666672
cc1b767c3bef4fde,1203,,0,761,14,0,0
ccec43f7796f8ba1,53478,,0,387,11,0,0
cc0f5e2e8af3c5b8,7944,,0,281,9,0,0
cc625f81380641ac,56300,,0,200,7,0,0
cc7e5973bba35d45,43357,,0,116,3,0,0
ccead2f9f51e59c1,33751,,0,326,10,0,0
cc6c3aead144f330,50729,,1,236,8,0.600000024,0.600000024
cc5501c3c6143fc2,23931,,0,138,5,0,0
ccc40c5adad75ab5,25493,,0,322,10,0,0
ccc8931fe8e9e296,35810,,0,355,10,0,0
cc36e0d064a9612d,90517,,0,292,9,0,0
cc3d645f40443913,19957,,0,136,4,0,0
ccd2e4bc9e5880fd,44271,,0,51,0,0,0
ccfc8b6f23a6801d,71246,,0,403,11,0,0
cc3f2e6715542388,65360,,0,981,15,0,0
cc99617a3f306cf3,29738,,0,218,7,0,0
cc97e7251f369dc0,50866,,0,241,8,0.166666672,0.166666672
cc86b5b2a9e9042c,12570,,0,210,7,0.400000006,0.400000006
cca5f06be548581d,63894,,0,307,9,0,0
cc13d21f4d170320,1648,,0,40,0,0.166666672,0.166666672
cc4d6334f2f40fbb,76888,,0,51,0,0,0
cca62c757f7adf9c,82025,,0,70,1,0.166666672,0.166666672
cc647f737d8309d6,86350,,0,840,14,0,0
cce1a06bd6e9bf29,54819,,0,150,5,0,0
cccbee34aec95420,53188,,0,467,12,0,0
cc820a04fa180311,77421,,0,321,10,0.166666672,0.166666672
cc6212d89c7242e1,15055,,0,209,7,0.166666672,0.166666672
cc8421ff22264b0b,69465,,0,226,8,0,0
cc9b625e6260d2e8,72666,,0,517,12,0.200000003,0.200000003
cc58a05e349c9a93,55832,,0,246,8,0,0
cc5c0612a7ea71d7,18854,,0,293,9,0,0
cc3a138416b3278f,73326,,0,208,7,0,0
cc6e178df8d58cda,25581,,0,147,5,0,0
cc9ab2ccedfd3288,51040,,0,175,6,0,0
cc977ffc54e26470,46415,,0,385,11,0,0
ccb9124eea975f75,3483,,0,102,3,0.333333343,0.333333343
ccb986d7ffbe6fbf,96037,,0,270,9,0,0
ccc0c25b042e6695,56804,,0,976,15,0.300000012,0.300000012
cc8cb2c16e60ee45,31431,,0,308,10,0,0
cc0686400becdd22,67490,,0,83,2,0,0
cc7ceb5198d7b5ff,76346,,0,117,4,0,0
cc686445d4f9c685,29327,,0,150,5,0,0
ccbe6127624be2fa,73628,,0,431,11,0,0
cccfdfed2cc8d7b9,49914,,0,468,12,0,0
cc61ce47fcef50b9,34457,,0,155,5,0,0
cc6107fe7d99ac42,46818,,0,382,11,0.200000003,0.200000003
cc386fd656baece4,76817,,0,201,7,0,0
ccf9a7b15c7b593e,85364,,0,282,9,0,0
ccedccb7f1469e52,27511,,1,165,6,0.614285707,0.614285707
cca8955d52794203,52705,,0,570,13,0,0
cc75d1e1c72c4ab0,12315,,1,129,4,0.833333313,0.833333313
ccbf814f2b14fc1f,22432,,0,90,2,0,0
cce1911fc820c310,7139,,0,72,1,0,0
cc19cb51ccabbd0c,90143,,0,703,14,0,0
cc81fafe058ecffc,64209,,0,151,5,0,0
cc85c83cd912bc55,52159,,0,70,1,0,0
ccc0fe6b9d161726,35474,,0,68,1,0.200000003,0.200000003
cc52530571d15302,90294,,1,778,14,0.5,0.5
cc42a674de4192c5,1527,,0,431,11,0,0
cc171100b4e9bb83,45669,,0,440,12,0,0
cc99aa87dfdb40e0,83515,,1,566,13,0.703125,0.703125
cc2e94db42ecb06c,25736,,0,966,15,0,0
ccdb690825314a1b,84070,,0,294,9,0,0
cc02fed56ef4bbcb,58633,,0,245,8,0.166666672,0.166666672
ccc6db846d903a31,16111,,0,47,0,0,0
cc0242d31458132d,13082,,0,125,4,0,0
cc8e7f9e4c3c20ff,38583,,0,373,11,0,0
cc40f3c04e8116c3,77245,,0,514,12,0,0
cc7972c4c0407444,77483,,0,83,2,0,0
cc728eb0f38177c0,39740,,0,532,13,0,0
cca6f8429621b20d,15745,,0,181,6,0,0
cc00e01781636ba7,91735,,0,460,12,0,0
cce8ea2c6ea95fb7,24626,,0,65,1,0,0
cc493c6c68fd0025,58848,,0,397,11,0.300000012,0.300000012
cc8dbf0278012ab5,17100,,0,556,13,0,0
cc784b49e53e362a,64410,,0,61,1,0.166666672,0.166666672
cc7da49201e028d8,33595,,0,325,10,0,0
ccdcf6e4096ea5ea,49291,,0,424,11,0.200000003,0.200000003
ccd027db29ab51e3,48266,,0,402,11,0,0
ccfa14444d04ddbc,64986,,1,438,12,0.5,0.5
cc3d672384297ac3,37704,,0,169,6,0.100000001,0.100000001
cca74240e377d7a2,17252,,0,416,11,0,0
cc31ca6e86d7546a,24424,,0,203,7,0,0
cca421d5f4dbecbf,62316,,0,730,14,0.166666672,0.166666672
cc251e6a68ba2a11,14302,,0,370,11,0.371428579,0.371428579
cc185741cbb604c7,22736,,0,97,3,0,0
cc9b8669ab3df973,15715,,0,301,9,0.166666672,0.166666672
cc568367fcbc9314,14664,,0,310,10,0,0
cc3c6435be8c81f2,23876,,0,457,12,0,0
ccf5e1a09adc1f86,52416,,0,179,6,0,0
cc49369705f378db,56231,,0,41,0,0.300000012,0.300000012
cca2bf495a6f665c,40995,,0,111,3,0,0
cc71a9bc92bc3335,87644,,0,993,15,0,0
cc4ddc65deb323d0,69573,,1,98,3,0.800000012,0.800000012
ccbf10313f71ac4f,15830,,0,123,4,0,0
cc97f6ed512f35d2,18206,,0,166,6,0,0
ccd0dd9477650afb,9612,,0,76,2,0,0
cc0cca9a174bc2d3,35283,,0,117,4,0,0
cc04fefad4d72170,66212,,0,886,14,0,0
cc2603319ab47bd2,63595,,0,849,14,0,0
cc39336a58f48da9,26969,,0,244,8,0.200000003,0.200000003
cc0ba78d34f29a27,67238,,1,48,0,1,1
ccb766583184316a,61472,,0,102,3,0,0
cc599e85c0d35880,39645,,0,290,9,0.400000006,0.400000006
ccc890da69aba75e,18889,,1,590,13,0.785714269,0.785714269
cc940781d1f6bbd7,14283,,0,715,14,0,0
cc8628974aeefdf2,23675,,0,128,4,0,0
ccb5d4d3c8562f90,70343,,0,805,14,0.166666672,0.166666672
cc9c85e1b8bf5701,82430,,0,450,12,0,0
ccc1a469a99585fc,86007,,0,343,10,0,0
ccc02e2928bda613,35380,,0,173,6,0.166666672,0.166666672
cc8a331c94e39863,25704,,0,507,12,0,0
cc4316fc1b7cd2d2,24158,,0,312,10,0,0
cc7c9216e58fe633,40567,,1,308,10,0.769230783,0.769230783
ccb448c71642850a,9256,,0,442,12,0.300000012,0.300000012
cc424f15c6c00e85,76870,,0,502,12,0,0
cc60466188e79451,22414,,0,595,13,0.200000003,0.200000003
ccb36e76806f2c0e,58497,,0,99,3,0,0
cca11cbd57c067a9,1682,,0,49,0,0,0
ccbf1120d33d30c7,10266,,0,57,0,0,0
cc043c8d868e716f,49975,,0,96,3,0,0
cc8e2cc390d3bfb5,43121,,0,91,2,0,0
ccb0d11ef3823b28,82489,,0,769,14,0,0
cc51dfe9b6c23437,39841,,0,962,15,0,0
cc57160db9c5ef82,36579,,0,983,15,0,0
ccf6a49a916db30c,93968,,0,101,3,0,0
ccb938cd58852bba,88454,,0,432,11,0,0
ccc6717f9a51fc27,81398,,0,171,6,0,0
cc568e82124a1499,82068,,0,516,12,0,0
cc63cefff946928f,59386,,0,174,6,0,0
cc14372610050228,51195,,0,153,5,0,0
cc69a208fc760d50,39590,,0,847,14,0,0
ccfa82aab51b0091,51055,,0,54,0,0,0
cca06c3181292f0f,51059,,0,981,15,0,0
cc64f8e880acda3f,37131,,0,43,0,0,0
cca2fe4cc8e2fbd8,4921,,0,336,10,0,0
cc4dedb314a0337e,719,,0,144,5,0,0
cc4a72b478873262,2245,,0,143,5,0.400000006,0.400000006
cc142bc11537b6e9,1759,,0,64,1,0,0
cccdfd5e816c3afe,49034,,0,408,11,0,0
cce189ff8424aa4d,82456,,0,90,2,0,0
cc5fd49417139160,72498,,0,77,2,0,0
cc7b2f9198a523d3,18221,,0,57,0,0,0
ccee666f8fa06b3f,62483,,0,988,15,0.300000012,0.300000012
cce9cb51a3a27269,87704,,1,153,5,0.704225361,0.704225361
ccf262a827dfa080,96559,,0,240,8,0.400000006,0.400000006
cc8bbb6f0f83a6f9,34327,,0,879,14,0.400000006,0.400000006
cc5d5d7eff5e58bd,39185,,1,117,4,0.5,0.5
cc335a37ac32c246,21432,,0,626,13,0.166666672,0.166666672
cc3a3feb6f48c213,11341,,0,368,11,0,0
cccb41077405b3d2,83123,,0,86,2,0,0
cc91eb4997ed35c7,18311,,0,966,15,0,0
ccf745e35f9e1faf,25997,,0,435,12,0.300000012,0.300000012
cc152c321367ea69,68310,,0,219,7,0,0
ccc1ea177d079dfc,91055,,0,233,8,0,0
cc501df3f41dea85,45071,,0,427,11,0.166666672,0.166666672
cc2e45beeed01c1d,28883,,0,83,2,0,0
cc4b12864982d7e3,78108,,0,451,12,0.300000012,0.300000012
cc71925eb22043d5,71444,,0,188,6,0,0
cc677a7b65910891,77085,,1,105,3,0.822580636,0.822580636
ccdcb5da564ca508,24533,,0,206,7,0,0
cc4efea0f25d01a2,84687,,0,168,6,0,0
cc4a423e5d945c6f,33784,,0,701,14,0,0
cc295cf926595313,38211,,0,180,6,0,0
ccbdb502b5aa5617,49593,,0,285,9,0,0
cc7c3fe275567769,66908,,0,157,5,0,0
cca2987654316a78,52613,,0,742,14,0,0
cc666c5525f68953,35957,,0,995,15,0,0
cc84498b1c7b7a01,53051,,0,251,8,0.166666672,0.166666672
cc96a2e064f90d34,64369,,0,47,0,0,0
cceae48b429ead51,28132,,0,500,12,0,0
cc79ec0b032286b6,89348,,0,218,7,0,0
cc5e41d0a09527c4,86531,,0,301,9,0,0
ccb0037caeac814a,47003,,0,53,0,0,0
ccda1dca248302f2,87873,,0,638,13,0.200000003,0.200000003
ccb7efb19d538926,23821,,0,80,2,0,0
cc7903e60b41416c,52685,,1,995,15,1,1
cc93eb83e8bb4234,54789,,0,56,0,0,0
cc216be95b34b6ef,56895,,0,978,15,0,0
cc98b551a0db2826,39999,,0,133,4,0,0
cc9191acadd4770a,4112,,0,984,15,0,0
cc80d6b11d44e960,89442,,0,682,14,0,0
cc6a3ba99a4ba390,87037,,0,521,12,0,0
cc937128e9aae2ee,6957,,0,152,5,0,0
cc1c76946ad1ad19,24761,,0,60,1,0,0
cce835353aee7990,6463,,0,73,1,0,0
cc0697cae1d0e0ba,6990,,0,71,1,0,0
cc2faa5e56dcd05f,32840,,0,106,3,0.111111112,0.111111112
cc403a5b92f42006,25728,,0,164,6,0,0
ccbb276c6d857673,31988,,0,448,12,0.166666672,0.166666672
cc93515f40370a64,27778,,0,56,0,0,0
ccd6546466b3cfa7,68089,,0,233,8,0,0
ccd6f255843a63da,38511,,0,419,11,0.400000006,0.400000006
ccb2187587001f17,74699,,0,302,9,0.166666672,0.166666672
cc4ab3bf8d1fa1b8,66260,,0,99,3,0,0
cc2e6deba06f9287,24850,,0,356,10,0,0
cc90ba83ed6bfd0a,83376,,0,314,10,0.200000003,0.200000003
ccf28c9f45f76c73,85043,,0,866,14,0,0
cc813a80e9f74610,34516,,0,678,14,0.300000012,0.300000012
cc8d16d920695743,20586,,0,180,6,0,0
cc0b9b3dbe69a7c6,71931,,0,986,15,0.300000012,0.300000012
cc2e11565376b987,52588,,0,432,11,0.400000006,0.400000006
cc082beaaf9cdab0,21848,,0,117,3,0,0
cca55184a072016f,70523,,0,101,3,0,0
ccc5bde5c6796349,9235,,1,46,0,0.814814806,0.814814806
cc028c5e06af308f,26821,,0,112,3,0,0
cc8b5b0d6b396fd4,94938,,0,94,2,0,0
cc9e78282a098824,64155,,0,299,9,0,0
ccc6eb354f45e6b1,88887,,0,126,4,0,0
cc654beb9757922a,74239,,0,164,6,0.400000006,0.400000006
cc823c6dccf6a17d,94439,,0,74,1,0,0
cc5b66345a88050b,25042,,0,103,3,0,0
cc75a26b3747a289,77166,,0,275,9,0.300000012,0.300000012
cc9eeae0c4190a76,20320,,0,135,4,0.200000003,0.200000003
cc0d95a32c516398,47474,,0,725,14,0,0
cc2c2817eed56ac5,25750,,0,986,15,0,0
cc7055dd33f43ac5,88882,,0,144,5,0,0
ccbd761b6a3b571e,84156,,0,214,7,0,0
cc0241866291a186,77390,,0,100,3,0,0
cc5b4e3cfc07359f,26440,,1,320,10,0.600000024,0.600000024
ccabc4570b7291ba,28115,,0,512,12,0,0
cc2e225380a6ff5e,21512,,0,44,0,0.200000003,0.200000003
cc53012485287b34,57668,,0,143,5,0.200000003,0.200000003
ccce7f2fed90cc24,8487,,0,667,13,0,0
cc5e2c07a513a734,7491,,0,199,7,0,0
cc3b80c4770fc426,17942,,1,988,15,0.5,0.5
ccfabd8502a391aa,22744,,0,362,10,0,0
cc2600c8e99d987f,58638,,0,355,10,0.166666672,0.166666672
cc2a4b98ee0247dc,96061,,0,80,2,0,0
ccb3177c07be8aac,96876,,1,281,9,1,1
ccd4ba90d95c6001,85660,,0,952,15,0,0
cc239eac52cb1e53,5469,,0,222,7,0,0
cc91c5b0c31d51f1,77040,,1,302,9,1,1
cc58241ed520477c,58295,,0,945,15,0,0
cc8d3dc3dd97d949,48980,,0,144,5,0.113636367,0.113636367
ccede58cce3adec6,15112,,1,147,5,0.842857122,0.842857122
cc6a8eccfd9a50fc,44278,,0,493,12,0,0
cc0e46f6e1992c0c,63569,,1,479,12,0.587499976,0.587499976
cc82cf256e47ae9b,53038,,0,179,6,0,0
ccb9261ae598af28,89010,,0,243,8,0,0
ccbf614856a3060b,31260,,0,135,4,0,0
ccacebe1dfc10503,45514,,0,413,11,0,0
cc6b98f71b0a7bf1,8312,,0,164,6,0,0
cc49e0110f04edd9,52232,,1,59,1,0.54285717,0.54285717
ccc62580ef6b24a1,19947,,1,122,4,0.709677398,0.709677398
cc9408856901fe4d,89829,,0,360,10,0,0
cc5ee9c4333715e2,68902,,0,140,5,0,0
ccc659836c608a6e,49815,,0,287,9,0,0
cc25065a027d2ccb,45607,,0,154,5,0,0
cca9cf19a7663f91,84085,,0,993,15,0,0
cc49d0922135f397,22162,,0,54,0,0,0
ccb3d0619a236e83,70272,,0,999,15,0,0
ccd8690da40d5b8c,42220,,0,815,14,0,0
cc91d485b1c27a42,10797,,0,414,11,0,0
cc386874bdf444f5,56663,,0,379,11,0,0
cc3a7f1c0c46a2f9,71176,,0,874,14,0,0
ccfa1688f788bbf6,70282,,0,48,0,0,0
cce7f61f0134ecc8,27438,,0,586,13,0,0
ccff46c306ab2987,81920,,0,337,10,0,0
cc3f22156cfd9775,5692,,0,43,0,0,0
cc53ddb10abdf16d,15691,,1,249,8,0.5,0.5
cce97131f8858f3f,57819,,0,831,14,0,0
ccb46aa839020023,688,,0,719,14,0.166666672,0.166666672
ccce75ad5311a0fb,72735,,0,517,12,0.166666672,0.166666672
cc08925eeb2a6d5f,66566,,0,224,8,0,0
cc891786e578fafb,14187,,0,120,4,0,0
cc91cc848d88d31f,25001,,0,460,12,0,0
cc0171ea5bc1c1e4,30560,,0,741,14,0.200000003,0.200000003
cc97906e1fa83ef3,89655,,0,130,4,0.200000003,0.200000003
cccd66dba592382e,4137,,0,502,12,0,0
ccb7e179ad48eca4,61788,,0,482,12,0,0
ccdc5d66edd26c87,19916,,0,172,6,0.300000012,0.300000012
ccd2cddecc756aec,53630,,0,490,12,0.166666672,0.166666672
ccc893a126fce2dc,61698,,0,149,5,0,0
cc50f3d46c741faf,6306,,0,92,2,0,0
cc8e5bfca3835ea9,26118,,0,229,8,0.200000003,0.200000003
cc0c6d59e0673404,82056,,0,191,6,0,0
cc3e7f13ca250a20,49565,,0,167,6,0,0
cce0cbc8cd37e704,48053,,0,452,12,0,0
cc031c3c7f2fd7e1,95248,,0,249,8,0,0
cc47a2ec8218b3e5,64792,,0,358,10,0,0
cc605e874ddde86c,93502,,0,83,2,0,0
cc377948f52ef341,62710,,0,108,3,0.300000012,0.300000012
ccf0bf83c1463557,31975,,0,414,11,0.300000012,0.300000012
cc382ad595702d90,12587,,0,500,12,0.200000003,0.200000003
cc70901651240bd0,81075,,0,507,12,0,0
cc6c797393ca53fb,89727,,1,49,0,0.714285731,0.714285731
cc8ba376150d69ef,86859,,0,46,0,0,0
cc100cff9b4cdf5a,94713,,0,327,10,0.400000006,0.400000006
ccaf00af55f70ed5,22643,,0,152,5,0,0
cc3e2b0c2bf976a2,82253,,0,535,13,0,0
cc5d1fbc5efa3c7b,65483,,0,75,1,0,0
cc52b9275a38e679,70578,,0,322,10,0,0
cc36d636e75c9ded,49645,,0,87,2,0,0
cc1390447aaff88b,42767,,1,134,4,0.699999988,0.699999988
cc0aae4beb3a08a2,83649,,1,164,6,0.72131145,0.72131145
ccfbc69f9f03a4a6,78532,,0,324,10,0,0
cc128a0d5ff7bd75,1129,,1,222,7,0.765625,0.765625
cc284ab9089e2780,34998,,0,147,5,0.296875,0.296875
cc6da342ba21e5e9,49236,,0,65,1,0,0
cc22ef83bab6109f,8255,,0,121,4,0.166666672,0.166666672
ccbb3b9d43b847a6,24543,,0,72,1,0,0
cc723fbeb31ffa26,95484,,0,59,1,0.418918908,0.418918908
ccdcf2290d1dcc8d,86619,,0,728,14,0,0
ccdee9e05b47e0ff,44497,,0,400,11,0,0
cce98f3e5ad7e79b,26051,,0,363,11,0,0
cc6c846da3a44a13,51202,,0,142,5,0,0
cc49d27f22f1b8d2,27019,,0,352,10,0,0
ccec5ffc1ecf57dc,69166,,0,74,1,0,0
ccbc1442532d06d6,31139,,0,63,1,0,0
cc67a7c11bde85c7,21662,,0,55,0,0,0
cc0648d7310ee304,27096,,0,991,15,0.300000012,0.300000012
cc22336f9c4a2814,29634,,0,612,13,0,0
cc387e490f71d462,15080,,0,988,15,0.200000003,0.200000003
cc4585cbeb35fb86,14114,,0,206,7,0,0
cc87d63172c09545,67240,,0,144,5,0,0
ccec6eb000ae301d,63772,,0,327,10,0.300000012,0.300000012
cc3615be6722be85,14709,,0,130,4,0,0
cc292857a7c0264e,33726,,0,691,14,0,0
ccbc0b5646e5c1b0,85735,,0,65,1,0,0
cca718f71c86901a,40224,,1,680,14,0.524999976,0.524999976
cc7f28a7b4ee605d,20958,,0,356,10,0,0
cc18038e6b5c32a0,92910,,0,238,8,0,0
cc45aeaa91f52f64,64865,,0,374,11,0.472972959,0.472972959
cc03fb45880c5a9e,56812,,0,225,8,0,0
cc80cb73cd244afe,16041,,1,430,11,0.600000024,0.600000024
ccf326e2637556ce,56983,,0,186,6,0.200000003,0.200000003
cc564c6374d5f28d,89587,,0,214,7,0,0
cc9add846ea94593,74910,,0,975,15,0.400000006,0.400000006
cc2103ea43253854,63690,,0,96,3,0.200000003,0.200000003
ccbe2b498ad420e1,31079,,0,142,5,0.200000003,0.200000003
cc1c3ba491eefe40,56150,,0,244,8,0,0
cc2ce80c7c81e5b2,55020,,0,241,8,0.400000006,0.400000006
cc687f09ae4d8997,6966,,0,597,13,0,0
ccc27609ce16ec7b,64929,,1,119,4,0.5,0.5
cc249fc83adefeac,19789,,0,598,13,0,0
cc0eb1d85f2d9faa,83129,,0,594,13,0,0
cc8a2fa41eea2ef8,37627,,0,116,3,0,0
cc0dc52ee8e02879,63107,,0,85,2,0.472972959,0.472972959
cce35b700131a501,83088,,1,362,10,0.540540516,0.540540516
cc2033214669eed5,21711,,0,124,4,0.200000003,0.200000003
cc2bf262c8e374bc,21025,,0,941,15,0.300000012,0.300000012
cc68a7ea6958dbe8,50768,,0,967,15,0,0
ccc49ed794b1b80f,79108,,0,242,8,0,0
cc4d0c309460c055,22872,,0,202,7,0,0
cc310fc7b68b4116,37794,,0,511,12,0.111111112,0.111111112
ccedbeb4491233cf,68669,,0,66,1,0,0
cc5575a0d15aeb71,49199,,0,241,8,0,0
cc3c33956287fa9d,6630,,0,59,1,0,0
ccbef491072e407a,93172,,0,979,15,0,0
cc1690e7a828ce9c,38044,,0,170,6,0,0
ccbadea5d06afdba,66918,,0,81,2,0,0
cc86ded3e11b5009,99,,0,72,1,0,0
ccadb08845a96485,43100,,0,286,9,0,0
cc2d2a4f06eb7d73,8943,,0,59,1,0,0
cc3ffaa5c23eb4d8,79447,,0,62,1,0,0
ccbd880c6b428ff6,12396,,0,200,7,0,0
cc6a80ec86c55a30,56394,,0,600,13,0,0
cc228f201824e823,14059,,0,407,11,0.166666672,0.166666672
ccb88a97987ce402,11881,,0,438,12,0,0
ccd0408e55234746,93732,,0,70,1,0,0
cc5863a2237c4695,74594,,0,58,0,0,0
cc4d6d394c84df0d,41773,,0,477,12,0,0
cc3a5827b7320a4a,26411,,0,328,10,0.300000012,0.300000012
cccdd98318a5dacd,66076,,0,380,11,0,0
ccf031f49e0e560d,18222,,0,186,6,0,0
cc9feb685cc897c3,9610,,0,192,6,0,0
cc2379c076f7b611,88329,,0,321,10,0.166666672,0.166666672
cca52a7bd964a92e,92747,,0,156,5,0.200000003,0.200000003
cc357b951def077d,44091,,0,104,3,0,0
cc40d7346281663d,87223,,0,233,8,0,0
cc6d104ce96599d5,64723,,0,184,6,0,0
cc2ae99689f053c4,28514,,0,546,13,0,0
ccdc8e6087f34103,896,,0,232,8,0,0
cc0ac493c227ffe7,66250,,0,129,4,0,0
cceb9488e32e8e4f,44228,,0,74,1,0.200000003,0.200000003
cc77f32e8d6d47ee,533,,1,47,0,0.787878811,0.787878811
ccb56414f103c1ee,4009,,0,207,7,0,0
ccfdd2b3acf9e325,11998,,0,411,11,0,0
cc2bda206c3f022a,41307,,0,368,11,0,0
ccbea5f06bd42b05,50932,,0,287,9,0.300000012,0.300000012
ccad09d5d3b57686,29563,,0,216,7,0,0
cc1e9cac794ecda6,19487,,0,543,13,0.166666672,0.166666672
cc78570ccf94e88b,46488,,1,677,14,0.600000024,0.600000024
ccf7945500dae4f6,17116,,0,155,5,0.400000006,0.400000006
cc3fc53701514b63,11706,,0,64,1,0,0
cca47d234a497899,9147,,0,833,14,0,0
cce182c7b7dc76b5,31987,,0,83,2,0,0
cc2f22052391a000,14763,,0,940,15,0.166666672,0.166666672
cc5196d60f162682,35801,,0,68,1,0,0
cc2b55bf7e4e53f8,88401,,0,201,7,0.200000003,0.200000003
cc01a54d33470c44,9918,,0,55,0,0,0
cc27f0c93cfab233,79026,,1,143,5,0.600000024,0.600000024
cc88b7f3770822f0,45105,,0,157,5,0,0
ccc738e45f33c235,18438,,0,187,6,0,0
cc88a2bf05e7d3f7,70029,,1,424,11,0.5,0.5
cc4a0a478cb25bc1,79121,,0,69,1,0,0
cc69872b22cbcfbf,90870,,1,178,6,0.555555582,0.555555582
cccda1568a0b793b,72531,,0,63,1,0,0
cc3bee575f0617ee,27289,,0,105,3,0,0
cce012f75af3ef06,39784,,0,342,10,0,0
cca8649cd084ef2f,23558,,0,191,6,0,0
cc5eed5f1f241881,54174,,0,195,7,0,0
cc262f9355d67201,21560,,0,244,8,0,0
cc70ba6769648b8d,71384,,0,182,6,0,0
cc2bddf3e45e0600,69386,,1,692,14,0.800000012,0.800000012
cc9151bf7852007f,81367,,0,144,5,0,0
cc59d85e5dd6b6f7,83013,,0,138,5,0,0
cc5b0a9653a4b85a,46023,,0,512,12,0.200000003,0.200000003
cc47534c32d4019b,45009,,0,193,7,0,0
ccb381f286bd53f6,48704,,0,262,8,0,0
cc1dffb2b595d436,24763,,0,374,11,0,0
cc60bacc157e5c36,54882,,0,61,1,0,0
ccd2b064af45c636,45045,,0,479,12,0,0
cc0d3ce64117e03b,5870,,0,85,2,0.200000003,0.200000003
cccc55ea2d81d028,24127,,0,203,7,0,0
ccc93046d5c0c477,76108,,0,213,7,0.409090906,0.409090906
cc755243a38e70db,89758,,1,44,0,0.606060624,0.606060624
ccb146c2e5cbe71d,4043,,0,145,5,0,0
ccc105a64926feed,64507,,0,160,5,0,0
cc93533b5f5b4c32,3000,,0,445,12,0,0
ccbbd54b901e11bb,92591,,0,665,13,0.100000001,0.100000001
ccecc1df06781f38,9290,,0,139,5,0,0
cc7f0d1ffa2f3cd1,82600,,0,103,3,0,0
cc29e0f08dfaa060,4719,,0,991,15,0.200000003,0.200000003
cc54bb3dfc07284a,8031,,0,186,6,0.166666672,0.166666672
cc6bfb98ae4c71ba,60664,,0,226,8,0,0
cc9ab3d1078f50cb,52483,,0,494,12,0,0
ccb1812890f4a317,46463,,0,395,11,0,0
cc944d5d546af519,20916,,0,103,3,0,0
cc32163c6307a0b0,66943,,0,172,6,0,0
cca4ec6f47f27d03,26948,,0,65,1,0,0
ccbf673cce7954c1,79070,,0,386,11,0.100000001,0.100000001
ccf6a1753b5fd1be,41629,,0,364,11,0,0
cc527e7ab1ef7dab,19275,,0,352,10,0,0
cc552f89ebf545ce,22723,,1,661,13,0.600000024,0.600000024
cc43276abd5ff296,92463,,0,109,3,0,0
ccaf4db211cc3b97,11060,,0,287,9,0.166666672,0.166666672
ccce7fbec4c89771,47530,,0,257,8,0.391891897,0.391891897
cc9e22af3e74375f,39579,,0,959,15,0,0
cc34481b7b44dd9a,81361,,0,808,14,0,0
cc926700e43ad999,95620,,0,326,10,0,0
cc3a5f454b58e570,29051,,0,78,2,0,0
cc833145061ea577,92951,,0,675,14,0.300000012,0.300000012
ccb2f3958e3fcd9d,79971,,0,913,15,0,0
cc32298d7b66d6d3,8852,,0,260,8,0,0
cc5126548bbb0704,86085,,0,292,9,0,0
cc62749a2aea4b77,24832,,0,980,15,0,0
ccf7922aee86cbc5,96333,,0,629,13,0,0
cc3e12d23104353f,33045,,0,132,4,0,0
ccedd33889d182cc,16294,,0,84,2,0,0
cc64509fa0deefad,56951,,0,655,13,0,0
cc03b443bc2cb251,61358,,0,117,3,0,0
cc125039a168d3dd,14257,,0,108,3,0,0
cc17844f8397124e,52340,,0,52,0,0,0
ccba8ed87b53b2af,6823,,0,711,14,0.166666672,0.166666672
cc7616ac55050190,29973,,0,49,0,0.166666672,0.166666672
ccb407bee6718e62,5615,,0,225,8,0.300000012,0.300000012
cc586f1686fa7159,6807,,0,71,1,0,0
cc3488aac1bdebb2,45903,,0,389,11,0,0
cccf3ac3948bb6b8,69338,,0,522,12,0,0
ccb1c522a720932c,36689,,0,249,8,0.166666672,0.166666672
cccda73f61f2eaed,14321,,0,990,15,0.300000012,0.300000012
cc4e770f0603d18e,72776,,1,84,2,0.833333313,0.833333313
cccde18eee0e0b3b,24770,,0,214,7,0.200000003,0.200000003
ccfa3ddd76593a70,43433,,0,347,10,0,0
cc94dadd0ea8a6df,8792,,0,671,13,0.166666672,0.166666672
cca7113cb8bd9a92,21056,,0,382,11,0,0
cc0b7fe9513a2771,18506,,0,689,14,0,0
cc366873f378a42a,68424,,0,259,8,0.200000003,0.200000003
cc5fb371e17d4f70,35037,,0,275,9,0.400000006,0.400000006
cc50244cfcd648f1,38461,,0,224,8,0,0
ccee9430a566df43,34595,,0,260,8,0,0
ccf137f5c257219c,71557,,0,903,14,0.166666672,0.166666672
cc65a6680133eb15,62705,,0,185,6,0.200000003,0.200000003
cc302e178b8fcac7,5321,,0,873,14,0,0
cc21e25ada501c42,85175,,1,47,0,1,1
cc452365eb147602,31692,,0,347,10,0,0
cccee77fea555eb7,24365,,0,944,15,0.166666672,0.166666672
cc8fa508a6c9537c,32275,,0,470,12,0.166666672,0.166666672
cca5dcc09bf2c3ed,59956,,0,63,1,0,0
cca732eb54906187,54667,,0,583,13,0.200000003,0.200000003
cce8be084a96b03a,68352,,0,181,6,0,0
ccd6b0b10cd26a50,27598,,0,546,13,0,0
cc52e71a18f40b8b,62549,,0,207,7,0,0
ccbbefb84e8eecb9,23003,,0,108,3,0,0
cc0f919fbd62e205,41212,,0,262,8,0,0
cc5e408bd9ad4b6d,31252,,0,222,7,0,0
cc5013fbb7df59f1,53055,,0,112,3,0,0
cc6eafaf54fca6ce,74988,,0,41,0,0,0
cc7a5e255c95a7e8,29085,,0,61,1,0,0
cce7381cd7eceef6,62006,,0,618,13,0,0
ccc01c3ce514d41f,89941,,0,422,11,0,0
ccebe23ed7b1d443,18538,,0,787,14,0,0
ccccd9790d8c1e4b,6235,,0,107,3,0.400000006,0.400000006
cc3e13bb7c27c7d7,96930,,0,114,3,0,0
ccb0e8ede7b1e4a7,159,,0,216,7,0,0
ccdd2449e4016cc6,5297,,1,496,12,0.54838711,0.54838711
cc18eb64a25f61a0,56026,,0,151,5,0,0
cc6dc1451712d119,67026,,0,70,1,0,0
cccb0fcf435c08fc,95565,,0,235,8,0,0
ccd13304afe97c64,36853,,0,95,2,0,0
cc064e3e16ebf504,43195,,0,72,1,0,0
cc06e1abca75a3c2,42568,,1,274,9,0.899999976,0.899999976
cce19b9ec53fb664,72146,,0,184,6,0,0
ccb5aa485faf2aff,91639,,0,55,0,0,0
cce8bbe850faf8da,97077,,0,361,10,0,0
cc2ce4bdb90b6860,24300,,0,895,14,0,0
ccda4fbf1d567715,89452,,0,632,13,0,0
cc8ce116df71d105,85120,,0,120,4,0.400000006,0.400000006
cc8a9e15aa2162d1,71975,,0,740,14,0,0
ccb39416bb9ea7b4,82404,,0,630,13,0,0
cc299edda795f182,21466,,0,207,7,0,0
ccf766c19a810e44,85268,,0,76,2,0,0
ccf8ab3252752c03,68714,,0,342,10,0,0
ccdba116d895f795,62987,,1,40,0,0.862745106,0.862745106
cc133b30a8b2d850,94122,,1,912,15,0.699999988,0.699999988
ccdc0b410e224b07,38173,,0,153,5,0,0
cc7e800c342fbc30,88898,,0,79,2,0,0
cc2f9a4414426a1c,501,,0,557,13,0.300000012,0.300000012
cc054e8ef961d3e3,36470,,0,493,12,0,0
ccc35693c3c3193a,53295,,0,70,1,0,0
cc9fad7b9142072e,90238,,0,331,10,0,0
cce7259cc9ba6e86,59260,,0,93,2,0,0
cce5b4e99639473d,49830,,0,209,7,0.400000006,0.400000006
ccc02acd72774991,27530,,0,172,6,0,0
cc8f558c761b63df,79311,,0,323,10,0.300000012,0.300000012
cc7abdaa7d7da608,18317,,0,456,12,0,0
cc596fec8c32202f,36339,,0,696,14,0,0
cc8455da0f7c24fb,54682,,0,468,12,0.166666672,0.166666672
cc54fc6f00ccc527,67499,,1,230,8,0.5,0.5
cc98fd22dfedda99,48548,,0,176,6,0,0
cc35c9bda713ada5,81121,,0,163,6,0.200000003,0.200000003
cc7b1bd2a9c19de0,34142,,1,807,14,0.600000024,0.600000024
ccfe14acb8aa9099,28206,,0,75,1,0,0
cc2fd6a3dca32cb3,30612,,0,678,14,0.166666672,0.166666672
cc901c19bb22faa2,53588,,1,267,9,0.5,0.5
ccbeda804d88255b,85048,,1,72,1,0.75,0.75
cc4484326873a3cd,32502,,0,299,9,0,0
cc97391e821b2832,26231,,0,202,7,0,0
ccf8c48bb381d597,76717,,0,584,13,0,0
ccbae0f6ee509b8b,34158,,0,468,12,0.200000003,0.200000003
cc32973e4121d0f0,14542,,0,402,11,0,0
cc3cf0192f55a227,40239,,0,116,3,0.200000003,0.200000003
ccacf132c272f57e,73294,,0,58,1,0,0
cc94937015107e76,83034,,0,76,2,0,0
cc84ec2ba27462c7,2309,,0,592,13,0,0
cc90bb2e82569ffb,55787,,0,275,9,0,0
cc27c715f369a08f,15193,,0,402,11,0,0
cc3036bc65ca1038,1092,,0,212,7,0,0
ccd41eb98e45cd11,43622,,0,933,15,0,0
ccfb68e0fbf5cbe5,29286,,0,161,5,0.400000006,0.400000006
cc9121a0960ebb41,63832,,0,156,5,0,0
ccc497df83e9bd62,85383,,0,298,9,0,0
cc27a52a8cdeaaa1,21075,,0,281,9,0,0
cca23006c5e40bb3,33989,,0,106,3,0,0
cca1d96717cf2435,69818,,0,64,1,0,0
cce6be9d51678db3,17802,,0,44,0,0,0
cc220a84bcb21cee,46627,,0,206,7,0,0
cc38a9bffe4c1aba,13340,,0,62,1,0,0
cc4ee445294f8a21,52630,,0,479,12,0,0
cc210a81f744ae31,52156,,0,76,1,0,0
ccffeb040bfb1caa,20436,,0,171,6,0,0
cc619ea18571c8ca,12081,,1,294,9,0.5,0.5
cc4d0fd54b93f518,67351,,0,78,2,0,0
ccf579684332a277,228,,1,85,2,0.835820913,0.835820913
ccf0c02fd84ea33b,90674,,0,186,6,0,0
cc457c365b54151a,52238,,0,206,7,0,0
cca6a3fe31d74e17,52433,,0,881,14,0,0
cc0854683df7f6b2,21019,,0,439,12,0,0
cc604af78b4151d2,90084,,0,84,2,0,0
cc2593e3639ae975,48315,,0,209,7,0.166666672,0.166666672
cc4629da22ac466b,86900,,0,571,13,0.300000012,0.300000012
ccbf8db5ea9613af,13293,,0,987,15,0,0
cc180cf9a23d6bcf,52774,,0,214,7,0,0
cc74e1b45d8803ec,5832,,0,138,5,0.166666672,0.166666672
cc5862056828c2c9,70176,,0,51,0,0,0
cc064fae97d19ecc,86851,,0,283,9,0,0
cc65a3230fb7406c,16285,,0,292,9,0,0
cc26588a427a5511,54996,,0,374,11,0.166666672,0.166666672
cc8d44857d44f0fb,70930,,0,441,12,0,0
ccc0a6c76220f2bb,20228,,0,72,1,0,0
cc923c173a50eab9,22428,,0,742,14,0,0
ccfa06f189af160f,77730,,0,157,5,0,0
cc29cb17389b0370,87253,,0,72,1,0,0
ccaed68e19010ffe,92506,,0,588,13,0,0
cc387c9f8600b8c5,74977,,0,162,5,0.300000012,0.300000012
cc8ef19b55fb376b,23777,,0,990,15,0,0
ccc7bf5ad257d83a,20374,,0,138,5,0,0
ccd17137993b4c95,49115,,0,157,5,0,0
cc778845a14b69e6,93710,,0,238,8,0,0
cc042a26a6c4b4f9,2925,,0,88,2,0.200000003,0.200000003
ccddfb687dc9fa6a,40186,,0,155,5,0,0
cc5136c0d9017bb6,69041,,0,245,8,0.200000003,0.200000003
cc99acd8eec4cb60,8121,,0,45,0,0.142857149,0.142857149
cc4e72208f6f72b6,32868,,0,178,6,0,0
ccf748e0c1a7ab4a,9031,,0,216,7,0,0
cc926b010d8e54d4,75243,,0,98,3,0.200000003,0.200000003
cc84c4e4ed9313ff,86139,,0,85,2,0,0
ccd54b255f0c771b,4880,,0,83,2,0,0
cc5567d8148e19fd,32745,,0,991,15,0,0
cc376bb6cec2f172,80852,,0,380,11,0.166666672,0.166666672
cc7a741a04ba4bcf,27255,,0,439,12,0,0
cce4a49eefe17137,15206,,0,366,11,0.300000012,0.300000012
ccd6ac514f0fae7c,21331,,0,449,12,0,0
cc178d4200d0906b,91616,,0,210,7,0,0
cc13e8ae2678e46a,29246,,0,173,6,0,0
cc3aeee84e4a1b97,15683,,0,432,11,0.181818187,0.181818187
ccf7bd7de4ac9714,48911,,0,215,7,0,0
cca0b013bf387822,52160,,0,58,0,0,0
cc8465cf8cb1a6df,2301,,0,264,9,0,0
cca9e4b818858da7,77565,,0,67,1,0.166666672,0.166666672
ccfb1abd55618006,31494,,0,109,3,0,0
ccb666a39c64ee0b,3443,,0,347,10,0,0
ccdf5af26e3dda88,1944,,0,310,10,0,0
ccba9c45d1b8e020,43719,,0,326,10,0,0
ccaa1c8561c637b4,77522,,0,77,2,0,0
ccea14f847a991fb,32922,,0,759,14,0,0
cc3c42531f777ca8,28674,,0,52,0,0,0
ccce85f77d539723,41202,,0,739,14,0,0
cce92ba24622f7e3,87758,,0,134,4,0,0
ccefafe73b1ce140,93875,,0,56,0,0,0
ccbf51e755ffbde5,30096,,0,884,14,0,0
cc5dcd6bee928c7a,41280,,0,44,0,0,0
cceda64429687a11,93175,,0,44,0,0,0
cccd2bf7f8274282,50171,,0,609,13,0,0
cc7ff086eebb724d,92377,,0,238,8,0,0
ccd766d9a6d0731f,155,,0,249,8,0,0
cc52cbcb7fff7f9b,49331,,0,118,4,0,0
cc15e53830dfafe9,5224,,0,192,6,0,0
cc11f768b00aab3d,22990,,0,171,6,0,0
cc0e3ae6d4740206,2661,,1,933,15,0.557142854,0.557142854
cc43ef6bb1026c42,18121,,0,388,11,0,0
cce66fa5a2938724,23348,,0,173,6,0,0
cc9572d3bf683b48,7443,,0,137,4,0,0
cc27c5e813414d9e,81139,,0,235,8,0,0
cc3e696400468d9e,40088,,0,83,2,0,0
cc0523e84a653f3b,29356,,0,274,9,0,0
cc6c71beb431db9a,13415,,0,176,6,0,0
cc266397a960834e,18755,,0,84,2,0.166666672,0.166666672
cc645ca74554e40e,21896,,0,350,10,0,0
ccf4251dfc5073f0,38091,,0,662,13,0,0
ccc9948e4b6e78b3,7207,,0,177,6,0,0
cc0d5eea44c84bc2,11017,,0,411,11,0.200000003,0.200000003
ccf6787ca67ecfe3,65670,,0,71,1,0,0
ccce3406c54d7e09,69226,,0,90,2,0.400000006,0.400000006
cc3ab2dedca38e35,31753,,0,120,4,0.200000003,0.200000003
ccdfb2331a9d3088,88403,,1,987,15,0.5,0.5
cc12d1ca95832b8b,60349,,0,549,13,0,0
cc4efeb2b7500e8e,90140,,0,345,10,0.400000006,0.400000006
cc97e46d99dcb2ac,15545,,0,107,3,0,0
cc5dc5b8c76836ae,9347,,1,927,15,0.5,0.5
cc15536f26e2215b,1956,,0,733,14,0,0
cce2329a8fad3756,44037,,0,167,6,0,0
cc4f305c3564e7f4,32058,,0,203,7,0,0
cc72a1589ec258fa,1458,,0,208,7,0,0
cc70a978dfa12004,23677,,0,218,7,0,0
cc88126f6f37db76,67252,,0,610,13,0.300000012,0.300000012
cced8eaecf709023,85694,,0,803,14,0.166666672,0.166666672
cce8fa5f77866c44,70579,,0,415,11,0,0
cc02b7606d833297,70676,,0,142,5,0,0
ccfe0dde654dd117,94415,,0,616,13,0,0
cc8db10b2cf949c4,62632,,0,140,5,0,0
cc8018c89ca6bddd,16563,,0,49,0,0.166666672,0.166666672
ccd1ec89069f8366,26882,,0,110,3,0.200000003,0.200000003
ccb0672bab106b3e,89229,,0,413,11,0,0
cc959b31a6cad898,63120,,0,117,4,0,0
cce8d0d1cee46a96,66489,,0,100,3,0,0
cc4c502637f716ab,53701,,0,46,0,0,0
ccf346d099727b7e,17825,,0,42,0,0,0
ccbd215d252afd7e,14487,,0,259,8,0,0
ccd01a07300c9387,95334,,0,465,12,0,0
cc8908bfcd1d7b68,28048,,0,364,11,0,0
cc4cd7021e2c3fe5,30493,,0,525,12,0.166666672,0.166666672
cc150ed1dca63cad,42772,,0,593,13,0,0
cc9426d68d2c4000,26707,,0,608,13,0,0
cc7aa0e014a518e6,21531,,0,299,9,0,0
cce8a8feb5de9022,69107,,0,403,11,0.0909090936,0.0909090936
cce208c1e1fcb838,2399,,0,143,5,0,0
ccc5284258b09755,18047,,0,65,1,0,0
cc2428419405e0d1,33971,,0,947,15,0.166666672,0.166666672
cc6ebfec29d25322,74675,,0,203,7,0,0
ccbf8075c6030914,49190,,0,627,13,0,0
ccc2d30bdaec6fae,45027,,0,65,1,0,0
cc61ca9c1753d304,8063,,0,294,9,0.400000006,0.400000006
cccca06709090161,66517,,0,192,6,0,0
cc57220fbe4c1f11,55334,,0,118,4,0,0
cc32f4be24eb4fcd,52464,,0,42,0,0,0
ccf3d6fd6027afd8,10403,,0,496,12,0.200000003,0.200000003
cc625014b6cfd905,91285,,0,301,9,0.300000012,0.300000012
cc736c265768e008,21622,,0,313,10,0.300000012,0.300000012
ccfb1f9349b940b9,64204,,0,167,6,0,0
cc2ca412178c299f,11307,,0,81,2,0,0
ccba50807feeb1cf,88697,,0,359,10,0,0
ccdb5abd7bf317d6,65875,,0,51,0,0,0
ccb6ac2a5bbb8115,46970,,0,859,14,0,0
cce9eff2b324de5b,52137,,0,215,7,0,0
cc7f3bbc1aa43384,58445,,0,992,15,0,0
ccbb4a4c2ff4b7e2,7101,,1,57,0,0.823529422,0.823529422
ccd1b0ed2b142b8e,52560,,0,46,0,0,0
ccb60870e215dd90,81315,,0,164,6,0,0
cce1bef4af2d234c,55959,,0,246,8,0.200000003,0.200000003
cca75f14bea8e65c,55633,,0,735,14,0,0
cce9a8ae04b080a6,39333,,0,400,11,0.200000003,0.200000003
cca7f4a7277dd0a7,55519,,0,113,3,0,0
ccd579f035f0c1c8,7756,,0,139,5,0.300000012,0.300000012
cccb4288e0c9cc4e,92167,,0,167,6,0.300000012,0.300000012
cc9c2a323376fedd,74131,,0,135,4,0,0
cc6c76d6b402034f,83985,,0,418,11,0,0
cc2dce39f5a96b2b,87378,,0,122,4,0.166666672,0.166666672
cc5d2a0ee6b264e0,60812,,0,409,11,0,0
cc04195efa652d22,85623,,1,574,13,0.5,0.5
cc13c7049ec5d381,44047,,1,103,3,0.699999988,0.699999988
cc80259575deb6a6,94408,,1,425,11,0.600000024,0.600000024
ccc5087b69310885,4570,,0,426,11,0,0
cced17bcb34ca94e,56706,,1,67,1,0.833333313,0.833333313
cc55c7b688435e87,36895,,0,139,5,0,0
ccc8db5c8c63dd4e,65240,,0,988,15,0,0
cc28b6c0ec29029c,64846,,0,247,8,0,0
cc9feebf37ca6fa8,94071,,0,118,4,0,0
cc3952194adaf61c,28367,,0,213,7,0.300000012,0.300000012
cc6d18ef81e31050,4037,,0,213,7,0.200000003,0.200000003
cca294f3f365f9e4,10294,,0,249,8,0.400000006,0.400000006
cc6b1d804e8d8f32,28256,,0,52,0,0.400000006,0.400000006
cce1ba66cb78a6f9,44956,,0,319,10,0,0
cc497a2ea6d0ea62,73725,,0,384,11,0.200000003,0.200000003
cc458fb84ad8c434,12058,,0,68,1,0,0
cc8daa9f20a8a908,30395,,0,160,5,0.200000003,0.200000003
cc4e83dd9cd16eed,84208,,0,164,6,0,0
cccbbc7f4972a7e1,11154,,0,350,10,0,0
ccdf5b2ca22039ba,49487,,0,161,5,0.200000003,0.200000003
ccd36d2f4edbb43b,33427,,0,99,3,0,0
cc5b19df7aa25da2,53120,,1,85,2,0.5,0.5
cc981a2ce51e7fa6,58599,,0,157,5,0,0
cc1c28da0ce887ce,57039,,0,125,4,0,0
ccf6a5d3caf8060b,23299,,0,196,7,0,0
cc6bd96827a18f9e,45538,,0,248,8,0,0
ccc6c820b7cf956c,46379,,0,201,7,0,0
cc74889b18d9b1cb,88978,,1,751,14,0.5,0.5
ccf6ffb2d17a82a4,95527,,0,110,3,0,0
cc56b4edf9348a49,5064,,0,378,11,0,0
cc5f6d817eb02dc3,84749,,0,298,9,0,0
ccefbf37cd2cbe68,33787,,0,204,7,0,0
cc31b11e489ac859,97316,,0,684,14,0,0
cc5765f84c793512,94053,,0,392,11,0.166666672,0.166666672
ccbe1d18b359e35f,84335,,1,246,8,0.600000024,0.600000024
cc060230cbd8c629,13330,,0,368,11,0.200000003,0.200000003
cced20c8b202819d,37947,,0,706,14,0,0
cc2cbd3a895e211e,16605,,0,243,8,0,0
cc27b67fe3ebee84,47392,,0,860,14,0.200000003,0.200000003
cc2e25276b694a96,2240,,0,298,9,0.200000003,0.200000003
cc838f6796cb6677,24376,,0,720,14,0.166666672,0.166666672
ccc404653753353f,5206,,0,786,14,0,0
ccd5899cbf2a1e39,31333,,0,115,3,0.166666672,0.166666672
cc4789a12647845e,10158,,0,194,7,0.166666672,0.166666672
ccc0865e49fabd0b,57138,,0,139,5,0,0
cc5d22b129649428,49803,,0,207,7,0.442857146,0.442857146
cc93cc214ad017bf,50965,,0,204,7,0.200000003,0.200000003
cc42cf98fa550cc9,71251,,0,68,1,0,0
cc566b09ef6dcb79,6711,,0,210,7,0,0
cc9ad282e9a6713b,13706,,0,403,11,0,0
cc3fd518779dc459,87500,,0,308,10,0.400000006,0.400000006
cc1912a85b31afc9,12612,,0,363,10,0.200000003,0.200000003
cc7deea2c24ce3b0,78445,,0,211,7,0,0
cc7bf443227b5387,45554,,0,118,4,0.166666672,0.166666672
cc8a73b480a54bbc,90816,,1,285,9,0.600000024,0.600000024
ccec0c0bab588c4f,8531,,0,77,2,0,0
ccaf2ec790341aaf,1667,,1,316,10,0.600000024,0.600000024
cce4629efaff2800,35116,,0,607,13,0,0
ccdd5e72ca52d423,95674,,0,505,12,0,0
cc1a9be35bea09aa,50744,,0,955,15,0,0
ccce9b808a910faa,41289,,0,58,1,0,0
ccf9b322cb5f9f59,45349,,0,304,9,0,0
cc15a7b87c88fd50,8972,,0,356,10,0,0
ccc3e942f67993e4,62067,,0,153,5,0,0
cceceba3df784773,31026,,0,184,6,0,0
cc08687faf53221c,83094,,0,345,10,0.300000012,0.300000012
cca0031590c9bd3a,20819,,0,509,12,0,0
ccd793db9c97cda8,61855,,0,289,9,0,0
cc4c70bff060df28,74732,,0,586,13,0,0
ccd5c8caea964e55,81123,,0,71,1,0,0
cc7cbbee853841d7,64702,,0,236,8,0,0
ccfe271a9236f4ac,37838,,0,847,14,0.400000006,0.400000006
ccd24367e6089b85,28311,,0,57,0,0,0
cc340a5e1edbdf34,8058,,0,192,6,0,0
cc69793c43cb5622,82221,,0,411,11,0.400000006,0.400000006
cc274e9998a8298f,71741,,0,157,5,0,0
cc64164efa6a5304,92818,,1,220,7,0.842857122,0.842857122
cc1f0103bc14915d,62560,,0,165,6,0,0
ccf61118115f7da7,56947,,0,141,5,0.100000001,0.100000001
cc9823078f7ea44d,19756,,0,61,1,0,0
ccfd5b640955b423,75457,,0,376,11,0.166666672,0.166666672
ccec30e698978f58,53560,,0,303,9,0.300000012,0.300000012
ccd48dc624fba2fc,35616,,0,154,5,0,0
cca3e81562a77fd1,92071,,0,62,1,0,0
cc562803769ff026,42469,,0,215,7,0,0
ccd566b24ffb15b4,54690,,0,411,11,0.300000012,0.300000012
cc6248331653b9be,92109,,0,169,6,0,0
cc3347cf20f6ce8b,56041,,0,346,10,0.200000003,0.200000003
cc433f7c5325c4eb,76030,,0,345,10,0,0
cc7c90be00033c85,44677,,0,46,0,0,0
cc7ebbfdc8c6954f,72708,,0,907,14,0,0
cce5e1e999e25d99,33475,,0,277,9,0,0
ccb98e092433583d,90132,,0,249,8,0.200000003,0.200000003
cc954f4470f43fb1,30131,,0,41,0,0,0
cc192a690a77374e,53837,,1,318,10,0.699999988,0.699999988
ccd6173e9981896b,60051,,0,504,12,0,0
ccd238aa659007ac,67082,,0,104,3,0,0
cc76a972c1ae5e8d,31353,,0,187,6,0,0
cce875c90548d362,60825,,0,573,13,0,0
cc5fdb6553376080,92303,,0,103,3,0,0
ccd43a1dde84d2c8,4662,,0,214,7,0,0
cc5759cd9755f36e,82734,,0,459,12,0.400000006,0.400000006
ccf361e615b2488e,95247,,0,674,13,0,0
cc46489b92aecc0f,91243,,0,196,7,0,0
ccb3e7e809840563,38310,,0,126,4,0,0
cc0054948439c79f,66530,,0,76,1,0.400000006,0.400000006
cc945685343822e3,89219,,0,57,0,0.200000003,0.200000003
ccdc5ed01c12d4e4,89888,,0,271,9,0,0
ccc703310508ecdc,74743,,0,169,6,0,0
cc14bd600c9d06aa,51226,,0,224,8,0,0
cc2cd1a53d9db81b,80142,,0,266,9,0,0
cc6d4a9d615356cb,37214,,0,106,3,0,0
ccec4718281c801e,24660,,0,189,6,0.200000003,0.200000003
ccc323583e057dd4,70790,,1,437,12,0.657894731,0.657894731
ccb10d02565be4af,58380,,0,143,5,0.166666672,0.166666672
cc4efcd50bce71be,3181,,0,42,0,0.166666672,0.166666672
cc413f52f3e2968e,19870,,0,437,12,0.400000006,0.400000006
cc929c6e02cf3890,9797,,0,345,10,0,0
cced9e99b30d9380,36051,,0,55,0,0,0
cca612c3aa5e9d4d,82140,,0,102,3,0.166666672,0.166666672
cc9c2b6b266f5bf8,47436,,0,104,3,0,0
cc6da900303a68c5,46680,,0,989,15,0,0
cc8153655bf320dd,67579,,1,222,7,0.75,0.75
cc0a3f556cff2312,47064,,0,238,8,0,0
cc3d550a5fcf196a,48257,,0,442,12,0.200000003,0.200000003
cc3b9f60fdaad96a,55747,,0,226,8,0,0
cca8ac73a5b07cf9,95157,,0,338,10,0,0
cc3520aae975cc5a,25827,,0,308,9,0.200000003,0.200000003
cc13ca1b660acd9b,31023,,0,83,2,0.200000003,0.200000003
cc7b76308b60ee49,79312,,0,133,4,0.200000003,0.200000003
ccf1be19deee61e5,52046,,0,92,2,0.300000012,0.300000012
cc13b9887426197e,55237,,0,394,11,0.200000003,0.200000003
cc0948ee9d8e6d5b,51517,,0,448,12,0,0
cc0d6d9602ce1ac1,23960,,0,790,14,0.166666672,0.166666672
cc7598b0e245bc0e,50704,,0,64,1,0,0
cc87d856030a99eb,90897,,0,187,6,0,0
cc75f1790869445f,91658,,0,141,5,0,0
cc65974d6c7bd5a5,55669,,0,976,15,0,0
cc6a47f40cc4afca,51409,,0,71,1,0,0
cc768384497b48a8,50805,,0,208,7,0.300000012,0.300000012
cce3f28b365be490,72066,,0,285,9,0,0
ccb24131d4d1f77a,27374,,0,421,11,0,0
cc5be1aee28b1543,88864,,0,100,3,0,0
ccc041dce2030a17,51604,,0,190,6,0.400000006,0.400000006
cc9709760030b238,65587,,0,154,5,0,0
ccd175cc4548d204,47855,,0,256,8,0.166666672,0.166666672
cc6753334f6a0465,62947,,0,68,1,0.166666672,0.166666672
cc930379acab19a8,17796,,0,102,3,0.400000006,0.400000006
ccffaa8eb0c337f7,50713,,0,92,2,0,0
ccb5b13c2028e5f3,20156,,0,255,8,0.166666672,0.166666672
ccce0406b4bc7442,81503,,0,462,12,0.400000006,0.400000006
cc59c748b04ac28d,95193,,0,557,13,0,0
ccd37594b1dd5422,77072,,0,111,3,0,0
cc2457a2bb80030b,66061,,1,76,1,0.600000024,0.600000024
cc71adbeab36143c,72110,,0,122,4,0,0
cc5cdd86333bd037,21930,,0,87,2,0,0
cc00225e438a0db0,48430,,0,116,3,0,0
cc94a129004a1995,61540,,0,111,3,0.200000003,0.200000003
cca578aaa395844d,83016,,0,74,1,0,0
cca0066a3a3ce4e8,31816,,0,320,10,0.300000012,0.300000012
cc096a9ffa16257c,91756,,1,231,8,0.685714304,0.685714304
cc7535e1f6362ed8,67043,,0,73,1,0,0
ccc1e405063c373c,8191,,1,130,4,0.763157904,0.763157904
cc56573bf585a770,17263,,0,910,15,0.166666672,0.166666672
cc718e2e617379da,52392,,1,200,7,0.899999976,0.899999976
ccb4f71bf87aa203,75068,,0,293,9,0,0
ccf9cd91034de39a,90532,,0,216,7,0,0
cc51adc6ebc29a92,58811,,0,260,8,0,0
cc00c0348eb300c0,68286,,0,240,8,0,0
ccc2a25fc9ee1d3b,87078,,1,327,10,1,1
cc6a793d78ba6ecd,67847,,0,221,7,0,0
cc288eb0c097c5ab,11058,,0,250,8,0,0
ccce637b87b12e8e,75110,,0,216,7,0,0
ccd226b05a8a2099,10315,,0,101,3,0,0
ccb54186dadbd1ac,47626,,0,170,6,0,0
cc2d21be19dbe079,61374,,1,446,12,0.5,0.5
cc9dd6baeb398973,21661,,0,210,7,0,0
cc52153918c109c7,76200,,1,252,8,0.800000012,0.800000012
cc3aa3a855a1e450,43044,,0,229,8,0.100000001,0.100000001
cc69c4207b275e71,95824,,0,66,1,0,0
cc331b128df2c0f1,96858,,0,804,14,0,0
cc1aa6510e03aeb1,56990,,1,358,10,0.800000012,0.800000012
ccdb902a549abf2d,68214,,0,79,2,0,0
cc70a3e49f451cb0,26487,,0,122,4,0,0
cc8d20a7c1ef007b,11098,,0,603,13,0.166666672,0.166666672
cc4daac8367bfa92,40968,,1,451,12,0.800000012,0.800000012
cc6324b0a6687e70,65974,,0,190,6,0,0
cc4f3db9cb7f4008,978,,0,223,7,0,0
cc6c5cfb2f18edf7,34330,,0,178,6,0,0
cc2a091e7eeb6f08,47774,,0,304,9,0.300000012,0.300000012
cc03299169e325bc,57504,,0,225,8,0.166666672,0.166666672
ccb73899d535a969,57762,,0,300,9,0,0
cc971118358aaabb,58919,,0,134,4,0,0
cc240a36f06a73b3,65685,,0,389,11,0.300000012,0.300000012
cc833e46c34e85e0,43874,,1,502,12,0.5,0.5
cc2bb8685f797c44,79773,,0,83,2,0,0
cca021c2a95a1543,4625,,1,50,0,0.714285731,0.714285731
cc7907b412e5b50f,70323,,0,288,9,0,0
cc8a2a6b49d1487e,88177,,0,72,1,0.200000003,0.200000003
ccd1144ce6dd26e8,24700,,1,549,13,0.696969688,0.696969688
ccb2d1df996f1516,71044,,1,204,7,0.611111104,0.611111104
cc6e4c23d50f27fd,15768,,0,447,12,0,0
cc9a4d1d0cf52b67,58544,,1,229,8,0.842857122,0.842857122
cc7283c80182d3b4,70173,,0,166,6,0.400000006,0.400000006
ccd38bc801db9551,48222,,0,129,4,0.166666672,0.166666672
cc362c70a36ff503,21738,,0,126,4,0.166666672,0.166666672
cce8607de00a45ac,72737,,0,175,6,0,0
cc23ba0e28a3e805,74221,,0,113,3,0,0
cc6d818aaaadb812,72441,,0,612,13,0,0
cc12bd0c6e620741,25116,,0,655,13,0.200000003,0.200000003
cc71303245ba877e,22985,,1,219,7,0.699999988,0.699999988
ccac88af00dec452,58825,,1,195,7,0.583333313,0.583333313
ccb015f5b9439a29,59826,,0,232,8,0,0
cc5fcc971089412f,86233,,0,720,14,0,0
cce95cf1d524a65d,82291,,0,974,15,0,0
ccd6cd4b69e5c6a4,91697,,0,470,12,0,0
cc62375fb169997e,15739,,0,136,4,0,0
cc016b0f13cdeab7,88229,,0,466,12,0.166666672,0.166666672
ccee327eb71c8aa3,79346,,0,236,8,0.166666672,0.166666672
cc0a4dc8383e6d90,93538,,0,457,12,0.300000012,0.300000012
cc81a9d94282834d,63678,,0,352,10,0,0
cc0f7722d482149c,1098,,0,410,11,0,0
cc4537f2b757c806,77081,,0,52,0,0.166666672,0.166666672
ccd3cc2362e725a0,63236,,0,182,6,0,0
cc36507f3ee44bbb,80749,,0,352,10,0.166666672,0.166666672
cc402e87ad624b39,68377,,1,44,0,0.818181813,0.818181813
cc4c39d10374d897,36122,,0,177,6,0.200000003,0.200000003
cc49d7270c858167,57233,,0,663,13,0,0
ccd68e138122fb18,65973,,0,190,6,0.200000003,0.200000003
cce31bc7df5abe5b,58282,,0,99,3,0,0
ccff489e51f950bf,38539,,0,215,7,0.300000012,0.300000012
cc42eda06870368a,50999,,0,786,14,0.166666672,0.166666672
cc18aedb1ed8f0ca,64183,,0,984,15,0,0
cc7ca12187711479,17695,,0,992,15,0,0
cc1802e33eaaed99,20125,,0,46,0,0.166666672,0.166666672
ccf17b1eb22c2456,10597,,0,121,4,0,0
ccb04413721a7cdf,1334,,0,369,11,0,0
cc644337510e0069,83962,,0,198,7,0,0
ccd57bbac43376c1,55324,,0,458,12,0,0
cc43ead0e8e28efc,61728,,0,479,12,0,0
ccffeb3dde6955ab,34323,,0,625,13,0,0
cc8f270beb8a6313,91862,,0,223,7,0,0
ccc77de80025500c,18034,,0,58,1,0.200000003,0.200000003
cc01fbd624525566,72875,,0,134,4,0.166666672,0.166666672
cc27829e90bc1c91,60495,,0,322,10,0,0
cc649e611e74df7f,86195,,1,333,10,0.5,0.5
cc8886996ee6308e,31200,,0,687,14,0.166666672,0.166666672
cc725dc6ba517492,56018,,0,136,4,0,0
cc8b4961c8a6be66,44816,,0,334,10,0,0
ccc428343e8f795b,77611,,0,265,9,0,0
cc4faae8a8ec4e3e,5759,,1,291,9,0.699999988,0.699999988
cce0ed09df63b837,86812,,0,110,3,0,0
cc11d6383d04adc7,16589,,0,987,15,0,0
cc139912c9fe1cc9,457,,0,466,12,0.300000012,0.300000012
ccf4569f4fbe78d4,43108,,0,391,11,0.300000012,0.300000012
ccba08205d22685f,28545,,0,96,3,0,0
cc6d43406acb8104,13762,,1,277,9,0.600000024,0.600000024
cce4f0ca2d03a0b8,62691,,0,64,1,0.200000003,0.200000003
cc169ecd3116b0bf,71502,,0,387,11,0,0
cccfa5711b850047,75901,,0,436,12,0,0
ccfc0d8473faa505,37776,,0,49,0,0,0
cc6444b5f4d3c0f2,68995,,0,65,1,0,0
cc2213dcbd7ac669,43191,,0,995,15,0,0
cc14daeab5053f25,36180,,0,158,5,0,0
ccfaa2153e4afa5a,21199,,0,484,12,0,0
ccce61c2cb495152,78837,,0,959,15,0,0
cce9075717429a2e,74127,,0,339,10,0,0
cc034e8c02beecb2,43016,,0,175,6,0,0
cc22faa0df429714,60363,,0,126,4,0.400000006,0.400000006
cca2001f496e777e,32837,,1,87,2,0.75,0.75
ccc138bc800ca793,7173,,0,80,2,0,0
ccec51e941d6f26a,73246,,0,171,6,0.300000012,0.300000012
ccf1f874ac01a057,1453,,0,244,8,0.200000003,0.200000003
cc3e90854efd0b14,58413,,0,152,5,0,0
cc1717ff5cec81c9,50422,,0,992,15,0,0
cc6efff12a33fe9b,22697,,0,446,12,0,0
cc18006f38e9c63c,3374,,0,189,6,0,0
cc94d52b62fa9ca4,44562,,0,794,14,0.166666672,0.166666672
cc70191c8db06c11,81151,,0,597,13,0,0
cc5955a6f5eead7a,86581,,0,108,3,0,0
ccd563f23c346966,4816,,0,964,15,0,0
ccb21392fc4958f3,2559,,0,717,14,0.166666672,0.166666672
cc914cb6f11dc2b1,74215,,0,244,8,0.100000001,0.100000001
cc5c5cbf0370f99c,67253,,0,973,15,0.166666672,0.166666672
cc1594ed8095543a,59308,,0,356,10,0.166666672,0.166666672
ccdfb4cb1fdb9f5e,17895,,0,103,3,0,0
cc3e71c10148c609,63787,,0,194,7,0,0
ccae7ecfd6961f09,6578,,0,994,15,0.166666672,0.166666672
cccab7ff36592123,94903,,0,183,6,0,0
ccc8900b260ad8c8,23797,,0,64,1,0,0
cc8a5c3de54c8934,55489,,0,878,14,0,0
cc2c4e34d56c5deb,29203,,0,88,2,0,0
cc53451778ec42c4,5817,,0,586,13,0,0
ccd8640fa8f27849,23277,,1,122,4,0.833333313,0.833333313
cca825e3eb93d0da,30641,,0,160,5,0,0
cc16c219c2af36fa,35176,,0,89,2,0,0
cc5b9a7f854f4972,60951,,0,130,4,0,0
cc6a8fb439963199,5735,,0,303,9,0,0
cc9e734668468ef2,36173,,0,421,11,0,0
cc6e7ae46d6931bd,55907,,0,48,0,0,0
ccd3576220dd5c49,60614,,0,814,14,0,0
cc1519bb52cc588c,81732,,0,363,10,0,0
cc7423fc2db5c3cb,61629,,0,478,12,0,0
cc9dfdd1f3f61ac1,21505,,0,189,6,0,0
cc9ed3fce11b431c,63687,,0,186,6,0,0
cc0904d6c2488f80,20862,,0,165,6,0,0
cc78fa6d577baf1c,19583,,0,61,1,0.400000006,0.400000006
ccd9a0495c5f6f41,5410,,1,159,5,0.684210539,0.684210539
cc87e19d2ab83a39,55751,,0,111,3,0,0
ccd8dca4f2547d0d,52996,,0,170,6,0,0
ccde7d54deb00c14,55989,,0,328,10,0,0
ccfe5b0bf437a816,34903,,0,797,14,0.166666672,0.166666672
cc67571fba0c0b2a,706,,0,59,1,0,0
cc5cc3506dc39119,36478,,0,139,5,0,0
ccee92b509d00045,51334,,0,282,9,0,0
ccdf45bd3b10cf16,73632,,0,375,11,0.300000012,0.300000012
cc01c28d8f8bdf4f,9321,,0,109,3,0,0
cca92ddad1e00df6,85425,,0,438,12,0.166666672,0.166666672
ccda8363747f286c,57790,,0,233,8,0.400000006,0.400000006
cc23327fbea44a87,92612,,0,150,5,0,0
cc684451aa16a1ff,74133,,0,251,8,0.166666672,0.166666672
cc686da4c73deed5,91378,,0,134,4,0,0
cc0b2c3831dbd938,79151,,0,105,3,0.200000003,0.200000003
cc92dd4ce9033ac2,92485,,0,98,3,0,0
ccf007f4a531bfb7,30646,,0,995,15,0,0
cc61ab345fe3e38c,74054,,0,509,12,0,0
ccfa34fbe89cb727,2868,,0,145,5,0,0
ccf02672fb15df93,20811,,0,956,15,0,0
cc9311aa6a6ab8ac,1354,,0,979,15,0,0
cc310954a54bb469,61261,,0,46,0,0,0
ccb5065672413eca,69171,,0,670,13,0,0
cc49fc18ee08f6ac,49809,,0,261,8,0,0
cca459cfc773a28d,38854,,0,350,10,0,0
cce6a044f3d9e31f,55524,,0,149,5,0.300000012,0.300000012
cc3462da7e2475cf,303,,0,108,3,0,0
ccd4239e4066c29a,44358,,0,77,2,0,0
cc7a0df4415189f7,87978,,0,73,1,0,0
cc2394ca5cf25c32,95440,,0,367,11,0,0
cc0b57196cb47519,21936,,0,542,13,0,0
cc3d027d53d5a2ff,22719,,1,250,8,0.619718313,0.619718313
ccd780765d48c4b2,96429,,0,232,8,0.166666672,0.166666672
cc244f041d594644,19705,,0,737,14,0,0
ccf59d66f848b96b,92822,,0,344,10,0,0
cc686e2462527f51,96431,,0,651,13,0,0
cce10428e7e21a15,73831,,1,180,6,0.699999988,0.699999988
ccfc7bbbc24cf95f,90285,,0,53,0,0,0
cc1d40a1452c0624,8136,,0,452,12,0,0
ccb56d804cd21fd9,92976,,0,293,9,0.166666672,0.166666672
cce0b446e2e48063,88824,,0,296,9,0.200000003,0.200000003
ccddfde4df7fc3da,222,,1,273,9,0.600000024,0.600000024
cc8abaffb5bbfc16,31412,,0,52,0,0,0
cc78523fe4661b29,3176,,1,318,10,0.5,0.5
cc80dc959f1fb159,1656,,0,229,8,0,0
cc5b3ed03796b9b5,40285,,0,255,8,0.166666672,0.166666672
cc6ca9ed84a3d0a2,65859,,0,373,11,0.200000003,0.200000003
ccdbf2751cc8909b,42975,,0,289,9,0,0
ccb928b518790690,87070,,0,57,0,0.200000003,0.200000003
cc98d5f8530ed863,95441,,0,145,5,0,0
cc52b6b9954e42a4,8774,,0,107,3,0,0
cc8733b03bd6b292,35906,,0,158,5,0,0
ccb22f7b9d445c8b,40486,,0,107,3,0,0
cc8b868c9e5cec0d,22225,,0,343,10,0,0
ccf9a7dbcc97ab52,18781,,0,152,5,0,0
cc26e287057f6449,79572,,0,217,7,0,0
cc24097abeb4fff9,9201,,0,727,14,0.200000003,0.200000003
cc2f3e38d5f1a667,38786,,0,234,8,0,0
ccd0f5abe530c7ff,60933,,0,121,4,0.400000006,0.400000006
cc2e7359f1793d0a,46948,,0,121,4,0.166666672,0.166666672
ccf45b850b8265f0,6309,,0,281,9,0,0
ccca526d78178b1f,66135,,0,709,14,0,0
cc7074a556320d85,14493,,0,77,2,0,0
ccbfe44743d8c30b,86669,,0,184,6,0,0
cccf90aa04737e2e,82636,,0,129,4,0,0
cca310ed3dfd73c2,69771,,0,303,9,0.200000003,0.200000003
ccf6faf392ce7c7f,42829,,0,234,8,0,0
cced0a99187fe4b9,83699,,0,102,3,0,0
cc74e67e2edd1040,60115,,0,349,10,0,0
ccae4c4b11a2f976,48771,,0,960,15,0.166666672,0.166666672
cc863023cee70832,87703,,1,797,14,0.710526288,0.710526288
cc2fa8e27ba455a9,48121,,1,114,3,0.600000024,0.600000024
cc1df20ad7a6654e,81077,,0,249,8,0,0
cc6ad9e97e28b3ad,6775,,0,679,14,0,0
ccc1d8158f800690,84404,,0,111,3,0,0
cca8c1c8a389cd7d,81842,,0,114,3,0,0
cc40834231c2629a,95921,,0,68,1,0,0
ccc41225280e371e,45550,,0,133,4,0,0
ccca21b9199c353d,54329,,0,89,2,0,0
cc3deaffd4a08aff,77618,,0,73,1,0,0
cc69e53edca1f064,23914,,0,398,11,0,0
ccd9e3f9dc6065fa,74122,,0,144,5,0.166666672,0.166666672
cc29f2ef2b96723d,2027,,0,723,14,0,0
ccbfad8c33ec8418,20076,,0,49,0,0,0
cc7b1c1d126b3379,57998,,0,381,11,0.200000003,0.200000003
cceda0831ba587ac,1907,,1,213,7,0.699999988,0.699999988
cc8be0fa98a59fcc,57616,,0,80,2,0,0
cc2c5551c34a79dd,63628,,0,156,5,0,0
cc13b67a2023e4bd,67972,,0,643,13,0,0
cc8e4be304b892cf,33217,,0,999,15,0.300000012,0.300000012
cc24fc66156d124b,25525,,0,665,13,0,0
cc4a020508ad8ba0,14585,,0,306,9,0,0
cce814a37f5a3710,90977,,0,92,2,0,0
cc062f2a0f78d361,41806,,0,850,14,0.166666672,0.166666672
ccc3642a4a248cdd,78539,,0,422,11,0,0
ccc3b80aaf8e12f0,22866,,0,105,3,0,0
cc9de803f946b995,4512,,0,275,9,0,0
cc25c75e48883e2b,70180,,0,938,15,0,0
cc96a3759670edf9,35831,,1,537,13,0.699999988,0.699999988
cca73a1705086ce2,43177,,0,60,1,0,0
cc8fd080c190ba69,45268,,0,77,2,0.200000003,0.200000003
cc22cb7f3325d72c,97119,,0,42,0,0,0
cc73d5b0fd863cf9,39947,,0,237,8,0,0
ccfa553069a0caed,78194,,0,199,7,0,0
cc6ef1a990f50073,14636,,0,296,9,0,0
cc9745f9a7b11dab,40087,,0,111,3,0.400000006,0.400000006
ccb5e61dbfb197ef,81883,,0,273,9,0.200000003,0.200000003
ccf4bb2653167719,59280,,0,849,14,0,0
cc3e96807433d25c,14758,,0,170,6,0,0
ccbfec00180b8142,83114,,0,309,10,0,0
cc101083ae3d7061,32746,,0,575,13,0,0
cc8ae5ae269d12e7,17434,,0,335,10,0.300000012,0.300000012
cc94d4108a5655e7,17475,,0,165,6,0,0
cca3665b93ba2bb3,71453,,0,53,0,0,0
cc830a3600fbf8d9,26507,,0,161,5,0,0
cc91ff610f106524,15753,,0,183,6,0.200000003,0.200000003
cc664ffcacb30180,90785,,0,57,0,0.400000006,0.400000006
cc12fd8047dd3404,13795,,0,199,7,0,0
cc686e5f7b00b979,9631,,0,117,4,0.166666672,0.166666672
cc6e3646fd322019,7674,,0,661,13,0,0
ccf2668697de878a,74129,,0,109,3,0,0
cc2cd98b47526019,87290,,0,410,11,0,0
cca17c05f134cb94,7858,,0,661,13,0,0
cc3d668a99080367,72024,,0,222,7,0,0
cccef0cb302c0e34,60450,,1,556,13,0.600000024,0.600000024
cc32cfb1785dd8f5,75260,,0,983,15,0,0
cc865bc515793371,20941,,0,356,10,0,0
cc168dbdef63f134,54105,,0,211,7,0,0
cceed7c738b091b1,33484,,0,58,1,0.166666672,0.166666672
cc2e0403c73965c0,76133,,0,452,12,0.400000006,0.400000006
cc28f80604c25583,67338,,0,240,8,0.166666672,0.166666672
cc41a5c83db8d851,37126,,0,520,12,0,0
ccdce8ef6dc42f67,50129,,0,71,1,0,0
cc3e02fd3039058a,80707,,1,269,9,0.5,0.5
cc9afb4bbe0954ea,5327,,0,98,3,0,0
cc3309147bf6cd18,90746,,0,89,2,0.200000003,0.200000003
cc2f445867b72ca6,11904,,0,120,4,0,0
cc9b7d7a85629609,29950,,0,52,0,0,0
ccf26ed5856c8c7d,3887,,0,214,7,0,0
cc7a23ad3c4391be,49063,,0,101,3,0,0
cca00c5eab038d0b,26307,,0,204,7,0,0
cc71fed39e487a14,26027,,0,65,1,0,0
ccc3e642fe868fa7,26916,,0,130,4,0,0
cc93f8f158eb69a5,43470,,0,131,4,0.166666672,0.166666672
cc8d2c8b66770719,58280,,1,123,4,0.557142854,0.557142854
cc4b29f1b4389ae3,60355,,0,110,3,0,0
ccfd9de15f3d9cfe,57489,,0,192,7,0,0
cc68fae93ae04d05,69835,,0,72,1,0,0
ccaf0771ade62e9c,41379,,0,668,13,0,0
cc8f3ccf712d0101,10277,,0,116,3,0,0
ccb52ab9fcd05281,75921,,0,104,3,0.200000003,0.200000003
ccf7a5692104304c,38744,,0,49,0,0.300000012,0.300000012
ccb426f32f54a37a,15612,,0,187,6,0,0
cc2295908421e465,20392,,0,355,10,0,0
cc29f32b2d3e6974,74395,,0,221,7,0,0
cc50eee81e33db1c,21240,,0,576,13,0,0
cce2301b1622e2f3,75478,,0,986,15,0,0
cc8945edf6748cd9,83362,,0,105,3,0,0
cccde1a021e84241,16398,,0,364,11,0,0
ccc5a694000ca623,61238,,0,59,1,0,0
ccea91d806911725,4289,,0,303,9,0.166666672,0.166666672
cc7a3d01ee0b3033,29206,,0,110,3,0,0
cc59ec3b1df7e9c5,27235,,0,281,9,0,0
ccdafc478ee11f94,42039,,0,967,15,0.200000003,0.200000003
cc884757df9926a9,48491,,0,292,9,0,0
cc82799087108893,87657,,0,246,8,0,0
ccd27ba16cf22bf7,25478,,0,112,3,0,0
cc83fa1ff48fd95a,88204,,0,182,6,0,0
ccc96a24e6bf22b3,47999,,0,323,10,0,0
cc7c9971e1407b0e,75609,,0,434,11,0,0
cce87d7261cd5dce,977,,0,155,5,0.200000003,0.200000003
cc6976d5f44d81ab,14820,,0,71,1,0,0
cc9b3e057ab81fe2,10029,,0,356,10,0,0
cce11b1eb902303f,92390,,0,230,8,0.142857149,0.142857149
ccc9596f9f87b351,52764,,0,84,2,0,0
cc92cd4edc386c0d,76465,,0,348,10,0.166666672,0.166666672
cc127810ed3151d5,78268,,0,517,12,0,0
cc6c9759608b02b2,21796,,0,410,11,0.166666672,0.166666672
cc8e80e82dc2552c,22180,,0,58,0,0.100000001,0.100000001
cc4d698945ec38cd,9834,,0,96,3,0.166666672,0.166666672
cca3db41ddcec63c,82533,,0,610,13,0.166666672,0.166666672
ccefc829b4af9edb,85242,,0,48,0,0.400000006,0.400000006
cc6409323a12ae9a,5458,,0,100,3,0,0
cc6734a96bda5678,90859,,0,119,4,0.200000003,0.200000003
cc3f522f95e996e7,10191,,0,94,2,0,0
ccb680361dd911f0,27586,,0,494,12,0,0
cccabc316642d64f,39601,,0,180,6,0,0
ccdfbffdfcce3a5c,89270,,0,522,12,0,0
ccba326d801c1353,28214,,0,238,8,0.200000003,0.200000003
cc0bdc37bdc1ad95,83160,,0,180,6,0,0
cca3b4cd06c46821,91023,,0,105,3,0,0
cc67245d1295a7e9,29496,,1,261,8,0.5,0.5
cc010f779810761a,79870,,0,127,4,0,0
cc4c00478b864838,61755,,0,301,9,0,0
cc4357ddcb14e4d2,7522,,0,999,15,0.166666672,0.166666672
cc709c538e89482c,82164,,0,669,13,0.142857149,0.142857149
cc5f671dfa6da0a8,9196,,0,253,8,0.300000012,0.300000012
cc13872e9ca08661,26625,,0,303,9,0.300000012,0.300000012
cccb1d8703a3b4de,11654,,0,238,8,0.200000003,0.200000003
cc57e1f4fd76ebb2,27157,,0,92,2,0,0
cc8b680ecdce675b,12916,,1,83,2,0.716981113,0.716981113
cc682782cf6f1e0d,73745,,0,69,1,0,0
cc2bb521e0056a8b,97113,,0,73,1,0,0
cc41cdf8ff3f1b64,80205,,0,137,4,0,0
cc372c0036ea6bed,51264,,0,138,5,0,0
ccd0710bad0421d0,79291,,0,180,6,0,0
cc6e129411bb8a1a,43163,,0,601,13,0,0
cc67eb6cd2a18cb5,17529,,0,164,6,0,0
cc1e773c06e0a140,1914,,0,290,9,0,0
cc9da9f28de49424,17251,,0,311,10,0,0
ccbeed1f93d9f329,58233,,0,77,2,0,0
cc2a1c010784545b,78684,,1,253,8,0.716216207,0.716216207
cc2350c9d2b1c4af,69607,,0,228,8,0,0
cc00c768f8826ec4,62055,,1,278,9,0.833333313,0.833333313
cc252da791cba828,29357,,0,266,9,0.200000003,0.200000003
ccc68b2e3ff301f7,973,,0,759,14,0,0
cc2b854a8ab78e08,35934,,0,459,12,0,0
ccc3c779186f3721,80794,,0,48,0,0,0
cca3c8882f529882,2726,,0,64,1,0,0
ccd01ae7ab1ee7d8,57526,,1,660,13,0.600000024,0.600000024
cc436519f6644df0,36849,,0,97,3,0,0
cc3dd8ffeb52bc7a,71076,,0,578,13,0.200000003,0.200000003
ccf41c76b13327bf,46255,,1,707,14,0.800000012,0.800000012
ccc0194c599c3d4b,20603,,0,280,9,0,0
cc5843d344795113,29012,,0,455,12,0.300000012,0.300000012
cc00e2e9d07795f9,25132,,0,136,4,0,0
cc19975f1603862f,32900,,0,679,14,0,0
cc292400a01a5341,89218,,0,58,0,0.200000003,0.200000003
cc0dab7da7d00360,78937,,0,131,4,0,0
ccd2edeca16d687b,92079,,1,205,7,0.554054081,0.554054081
ccec75f01abd24c8,33253,,0,80,2,0,0
cc8d9eba808f8d6d,88482,,1,234,8,0.5,0.5
ccc78e20e65620e4,46021,,0,123,4,0,0
cc571e499f5fff86,52508,,0,65,1,0,0
cc9cf6a33da34147,88345,,0,278,9,0,0
cccbe26f7421875d,61527,,0,368,11,0,0
ccdcde0638341f3a,93529,,0,306,9,0,0
ccdca3f739ff6b8f,26113,,0,790,14,0,0
ccfd808572fce618,66552,,0,156,5,0,0
ccb86988d1de47e9,60390,,0,982,15,0,0
cc080e5f1939691f,87997,,0,69,1,0,0
cc947c02b728392a,33875,,0,118,4,0,0
ccf2dfc9037b3096,71353,,0,988,15,0,0
cc16d05da0c5bbd2,47905,,0,989,15,0,0
ccaddcb99027863b,28747,,0,220,7,0,0
cc1890217660f76b,32951,,0,171,6,0,0
cc4b593fef9bdffb,95004,,0,70,1,0.300000012,0.300000012
ccf441c92ac61fd4,25881,,0,923,15,0,0
cc7c5b4e2147bfae,54268,,0,146,5,0,0
ccfe2aaebf390bc9,89994,,0,59,1,0,0
cc9023f466224a7c,80892,,0,459,12,0,0
cc1025ef940eea9a,76530,,0,139,5,0,0
cc8a00982a453e13,79505,,0,94,2,0,0
cc05d25b5009d641,66981,,0,561,13,0,0
cce910de3f975a20,19816,,0,473,12,0,0
cc483db436b71bfa,58116,,0,577,13,0,0
cc6155923664feef,72728,,0,731,14,0,0
ccecef9774dc117a,2002,,0,207,7,0,0
cc133ae702d6fda4,18763,,0,321,10,0,0
ccaabb03c9dccbe2,96293,,0,221,7,0.166666672,0.166666672
cc3d229d64dda295,60849,,0,250,8,0,0
ccfcf0995f89e384,9955,,0,366,11,0,0
ccd90c62a75e1417,63356,,0,374,11,0,0
cc72b76d2b1dc312,43843,,0,125,4,0.166666672,0.166666672
cca3b8653e1c59bb,31112,,0,74,1,0,0
cc52766af35a56fa,2797,,0,852,14,0,0
cc1a045afb6d7292,5222,,0,685,14,0,0
cc617b8c91c1d6ff,86586,,0,379,11,0,0
ccb97fca5990e441,75224,,0,298,9,0,0
cca69346a08840b9,27468,,1,73,1,0.613333344,0.613333344
cca24592c5dd0d3c,74990,,0,106,3,0,0
cc509f5c1ddd738f,24058,,0,278,9,0,0
ccb56e0721843aa9,35695,,0,44,0,0,0
ccd4c7a38110feb8,12135,,0,180,6,0,0
cc79ec31aa299a74,30840,,0,196,7,0,0
cc9b3d6641e83463,67794,,0,94,2,0,0
cc6a3d8e3e9eb79b,10267,,0,108,3,0,0
cc1c55c037672f4f,92343,,0,247,8,0.300000012,0.300000012
cc37db4ee14c3404,35892,,0,549,13,0,0
cc2bfc142484e99a,7778,,0,988,15,0.166666672,0.166666672
ccbbfdfcb06fcb9f,95548,,0,144,5,0,0
ccf5d063ee05db38,23517,,0,127,4,0,0
ccaf88cf8b00cb23,55628,,0,81,2,0,0
cc0a20f6185952ce,47848,,1,679,14,0.697368443,0.697368443
cca1f3dce413dc9b,24017,,0,138,5,0,0
cc91151758e1e189,15731,,0,85,2,0,0
cc9ed07a9aba7775,22501,,0,410,11,0.166666672,0.166666672
cc8c05e46f0690df,92941,,0,276,9,0,0
cc11260c45ad9686,53579,,1,228,8,0.637499988,0.637499988
cc2bf3bb3f0bf6ad,32307,,0,46,0,0.166666672,0.166666672
cc3a67144e41884f,64478,,0,244,8,0,0
ccdf3ea17dce03f4,16486,,0,49,0,0,0
cc69eb2f5a620e5a,56513,,0,487,12,0,0
ccf610a31d86f696,88705,,0,101,3,0,0
ccef8f31d91033c3,75477,,0,165,6,0,0
cc2a8b33f9b25b27,86725,,0,137,4,0,0
cc5aa189942ae6c7,4154,,0,218,7,0,0
cc2b0b87b76a35d9,49123,,0,453,12,0,0
ccc65fc23cb9cabe,32384,,1,345,10,0.5,0.5
ccf0302494012780,30248,,1,63,1,0.600000024,0.600000024
cc2f2528c9b8ed0d,77517,,0,511,12,0,0
cc01ee732f0ac923,63078,,0,262,8,0,0
cc28b7541738d387,85919,,0,122,4,0,0
ccbd7f8070e748a3,46700,,0,43,0,0,0
cc14ef9777e43992,21262,,1,69,1,0.90625,0.90625
ccdbe72253c52772,67865,,1,113,3,0.613333344,0.613333344
ccc51b7a49cf2096,19801,,0,143,5,0,0
ccb82f4daef47f5e,11170,,0,111,3,0,0
ccd6ce870ea1711b,47759,,0,290,9,0,0
ccddf89ec9522ffd,76812,,0,67,1,0,0
cc3cd9b51555e38d,51881,,0,140,5,0.400000006,0.400000006
cca9e3ade6f3604c,39395,,0,75,1,0.166666672,0.166666672
cc89b74e6cea2900,59934,,0,94,2,0,0
ccce60b1a0973ea5,29526,,1,340,10,0.600000024,0.600000024
cc50192232875381,633,,0,211,7,0,0
cc239b7d76cda332,56546,,0,62,1,0,0
cc18b436131345c3,65458,,0,150,5,0,0
ccb0a042b182d7e6,42838,,0,226,8,0,0
cc4e5398c8e3738e,96832,,0,59,1,0.166666672,0.166666672
cc1dc5c6ae54b3ea,1541,,1,141,5,0.5,0.5
cc51cfc541bc4178,78779,,0,253,8,0,0
cc8b6e678b83225e,70669,,0,692,14,0,0
cc418a62fac2c56b,36096,,0,218,7,0.200000003,0.200000003
cca48442bf20cf96,28375,,1,152,5,0.699999988,0.699999988
ccd9a525c13217b6,26630,,0,974,15,0.100000001,0.100000001
ccfcc41f92d2ac48,82630,,0,285,9,0,0
cc9994f658451b02,5090,,0,76,2,0,0
cc995a1123873e92,14475,,0,192,6,0.200000003,0.200000003
ccded2c226f029bd,61273,,0,203,7,0,0
ccb0a9371aaa377f,31456,,0,739,14,0.166666672,0.166666672
ccc26adde231479a,89507,,0,257,8,0,0
cc962a9704865c1f,34792,,0,196,7,0,0
cc9cc5fe07310042,80585,,1,142,5,0.5,0.5
ccf7c2c06de8aa72,82976,,0,102,3,0,0
cc5d53989cb953dd,84792,,0,583,13,0,0
cc32b21aee0f1ac4,59667,,0,267,9,0,0
cc3878ba90934b2e,2028,,0,206,7,0,0
cc7310fb8ba0fa3e,91570,,0,189,6,0,0
cc442f0f0839a5db,84634,,0,82,2,0,0
ccf22544e5e15cc7,41574,,0,335,10,0,0
cc7b945cfd2c642e,5233,,0,77,2,0,0
cc39e6034154fecc,84774,,0,167,6,0,0
cc17eef8a8de8f5d,75431,,0,55,0,0,0
cc3a3c14f1ac9010,91117,,0,479,12,0,0
cc89e3a89b0cb59f,70208,,0,718,14,0.166666672,0.166666672
cc7ed472afeea930,92005,,0,469,12,0,0
cc65738db7209a34,89152,,0,277,9,0.300000012,0.300000012
cc75a55690393a58,26809,,0,152,5,0,0
cc524fd904569ae2,33678,,0,271,9,0,0
ccf2c16d82aa85e6,92771,,0,49,0,0,0
cc1eb9374f6a54e8,55427,,0,863,14,0,0
cc9b809820f329c5,74859,,0,250,8,0,0
ccdac5a14df67811,68288,,0,799,14,0.166666672,0.166666672
cc20f852f4016065,27583,,0,964,15,0,0
ccde294d19b6b0b9,94570,,0,230,8,0,0
ccfcfc1cedc27daf,32427,,0,46,0,0,0
cc5cd890fe6e35b9,59606,,1,438,12,0.600000024,0.600000024
cc89c317fbd33059,72830,,0,178,6,0,0
cc363fb9e7a30e7a,59079,,0,61,1,0.326923072,0.326923072
cc1ab650d40b1a64,15041,,1,148,5,0.600000024,0.600000024
cce2cc5de6308260,10387,,0,588,13,0,0
ccef1e8d7c714a82,63910,,0,233,8,0,0
ccee949db097639a,73329,,0,261,8,0,0
cc29add06dca2298,910,,0,159,5,0,0
ccfb069dba65fffe,19671,,0,896,14,0,0
ccf34661d8d306ef,92659,,0,121,4,0,0
ccbbf4746ec6e23d,78440,,0,204,7,0,0
cc7017985f44a7b3,69773,,0,217,7,0,0
ccf8ff75f0cceb4d,55290,,0,310,10,0.100000001,0.100000001
cccf6c228711cb01,62861,,0,110,3,0,0
ccbfb3fbbc9c12ec,2879,,1,117,4,0.74626863,0.74626863
cce0a8d4e66e29dd,79722,,0,402,11,0,0
cc98b9140d9df1bd,81226,,0,295,9,0.462500006,0.462500006
ccb3c8683975064e,31963,,0,84,2,0,0
ccc9212b4993cd6d,22019,,0,84,2,0.338235289,0.338235289
ccb3bcc49efef18b,79267,,0,244,8,0,0
ccf3e1dfcdb9ecaf,51258,,0,88,2,0,0
cc7b6e179e848d4d,66844,,0,76,2,0,0
cc66d2c50682a1ef,49191,,0,75,1,0,0
cc43e56a7fb6a1d1,73616,,0,93,2,0,0
ccfa72c478f7e267,780,,0,310,10,0,0
ccee2e9eb990b951,42015,,0,190,6,0,0
ccc661ee106c9540,88143,,0,851,14,0,0
cc605cc87f3db986,87858,,0,233,8,0,0
ccf99e474d9ac7a1,77774,,0,362,10,0,0
cc99cc1e1f45f9ad,84186,,0,191,6,0,0
cc187c39111fdc55,78157,,0,51,0,0.166666672,0.166666672
cce3e30312b22d77,88952,,0,213,7,0,0
ccd77f0627f741ed,46620,,0,629,13,0,0
ccb064b3b6c96b91,20854,,0,147,5,0,0
ccd97e1201674931,25321,,0,356,10,0.166666672,0.166666672
cc28892b78a0ec48,44333,,0,391,11,0,0
ccf00cd8a492840f,45949,,1,198,7,0.800000012,0.800000012
cc5d5d48a4f3e869,93318,,0,196,7,0.300000012,0.300000012
cc28d3c0a61590cc,24725,,1,272,9,0.600000024,0.600000024
cc0809bf2e69de07,34352,,0,100,3,0,0
ccdade7a6fbd39cf,20197,,0,394,11,0,0
cc84be136ae3c6a2,29621,,0,871,14,0,0
cc1f55f384a301c3,90008,,0,326,10,0,0
cccb8d3615f3b8c8,53925,,0,163,6,0,0
cca7d0304bd8cb12,29181,,0,245,8,0,0
cca1693933438a70,23975,,0,136,4,0,0
cca024196c4eeec8,89958,,1,720,14,0.5,0.5
ccfd97346ea682bb,66660,,0,222,7,0,0
cc9778a3baf84f64,27807,,0,273,9,0,0
cc3e3e94365c403e,38338,,0,87,2,0,0
cc0e309683512d88,19181,,0,81,2,0,0
ccec59f11b0040bb,86773,,0,74,1,0,0
ccda8612c3987b07,94685,,0,500,12,0.166666672,0.166666672
cce70db8ebec6d7d,37693,,0,74,1,0,0
cc93afa9015dde92,74322,,0,317,10,0,0
ccb9c6ebbea809a5,15709,,1,77,2,0.5,0.5
cca71ae0026da218,49027,,0,63,1,0,0
cc5a6d485095b8cf,44492,,0,860,14,0,0
cc6af2cb9f2778fd,33990,,0,40,0,0,0
ccd72b61380cc411,44474,,0,454,12,0,0
cc8ae6ba3f73664f,68846,,0,292,9,0,0
ccb5d1d10bc45528,77803,,0,270,9,0,0
cc655aa2c72bbbc2,89759,,0,222,7,0,0
ccfc406470804599,91334,,1,981,15,0.5,0.5
ccc6941cfd9d7aa1,79792,,0,50,0,0,0
cc5048b2e4fec078,80125,,0,208,7,0,0
cc4d7bae30bba284,49723,,0,443,12,0,0
ccefe0369d7d9958,49303,,0,289,9,0,0
ccaced3337675d5f,21090,,0,124,4,0,0
ccb2323a20ee06b2,91708,,0,52,0,0,0
ccd7907c5c70dd65,79788,,1,762,14,1,1
cce41a1a88914c69,83035,,0,83,2,0,0
ccf86fd05cea3263,74960,,1,66,1,0.853333354,0.853333354
cc060b315e728050,35501,,0,82,2,0.166666672,0.166666672
ccccef7ba25089e7,80468,,0,529,13,0,0
cc55c6bc21dbc61b,77173,,0,323,10,0,0
cc4fc7289abe30be,37808,,0,370,11,0,0
cce5a60c841c1576,42102,,0,123,4,0,0
cc864a056ba6fca9,6475,,0,192,6,0,0
ccad8ff5a1306fab,23438,,1,819,14,0.5,0.5
ccabda2b60e0ead1,10557,,0,184,6,0.200000003,0.200000003
ccad3c1a58e1873b,31657,,0,520,12,0,0
ccc30538f691321c,19941,,0,172,6,0.166666672,0.166666672
cc7b6799053248f9,4340,,0,281,9,0,0
cc34fe1280b3503e,46005,,1,91,2,1,1
ccc8496f551a2bf9,16529,,0,53,0,0,0
cc68a8c98d800ef2,9787,,0,80,2,0,0
cce2cb2440afb718,68237,,0,209,7,0.300000012,0.300000012
cc3877dc4f60e8e7,91779,,0,64,1,0,0
cc5c49ce301bdc98,60677,,0,301,9,0,0
ccb005f4dd2d9658,80700,,0,557,13,0.166666672,0.166666672
cc95537cf00618a4,94675,,0,976,15,0,0
ccca9840bbff37c1,83135,,0,95,2,0,0
ccc093ef6b6478e6,32416,,0,349,10,0,0
cc8545fcec729547,21807,,0,325,10,0,0
cc72ea5b1387a0e3,91820,,1,412,11,1,1
ccda5a3ebf349125,50486,,0,158,5,0.200000003,0.200000003
cc854028d8548a5f,47928,,1,443,12,0.5,0.5
cca50c378a7507ef,47299,,0,113,3,0,0
cc367b05b4bffaae,6637,,0,337,10,0,0
cc4478594d2fafa4,54023,,0,100,3,0,0
cc78904122c74749,13437,,0,185,6,0,0
cc4416011ef3001a,96202,,0,239,8,0,0
cce4332002b36e88,67671,,0,565,13,0,0
cc9c205adba86bd6,79315,,0,208,7,0,0
cce63103ec5e36d7,74432,,0,90,2,0,0
cc85c557935403f9,9789,,0,122,4,0,0
cc41da3cf3b79ebc,13831,,0,58,0,0,0
cce43a2cb55302b4,80161,,0,777,14,0.166666672,0.166666672
cc9eee7e364b122b,50701,,0,261,8,0,0
cc5493cc9ac09a47,8437,,0,219,7,0,0
cc0d5f9ce82ccb62,55584,,0,437,12,0,0
cca5cd2d6830644a,16110,,0,761,14,0,0
cc0e3fdf410123e7,54706,,0,50,0,0.300000012,0.300000012
cc46b34d7a28ff1c,45468,,0,197,7,0.200000003,0.200000003
cc4ced1f0aa32c61,10223,,1,60,1,0.95714283,0.95714283
cc4f9bb0c1e891ac,77255,,0,102,3,0,0
ccb0aee1ad814fa2,34260,,1,502,12,0.600000024,0.600000024
cc51d49f94381660,56745,,0,210,7,0,0
ccb55b1fe8b79246,2033,,0,179,6,0.166666672,0.166666672
cc75b53104466151,30509,,0,251,8,0,0
ccf73d54f9af8a51,16477,,0,778,14,0,0
ccd39a8d114c672b,8747,,0,483,12,0.166666672,0.166666672
cc71bedbbdf9e10d,92208,,0,40,0,0,0
cc94d27f5bd6fca0,56267,,0,169,6,0,0
cc3719bfc4e70545,84528,,0,307,9,0,0
cc10ae140a5775c6,90949,,0,66,1,0,0
cc5b7c588c7db886,86679,,0,190,6,0.196428567,0.196428567
cc13ee2e6ac66c16,30044,,1,40,0,0.845070422,0.845070422
cc893b27a69bbeab,70601,,0,79,2,0,0
cc776d0e8fd4ee2a,92021,,0,118,4,0.166666672,0.166666672
cc72cd44c2a95bb2,65972,,0,53,0,0.142857149,0.142857149
cc427f5cb24b5e4d,1286,,0,989,15,0.166666672,0.166666672
ccd012e9db430997,13797,,1,446,12,0.5,0.5
ccae8ef31a6bf0c4,46344,,0,816,14,0,0
cc99192b09499e5a,94660,,0,519,12,0,0
ccb4c3564614d5ed,61639,,0,389,11,0.200000003,0.200000003
ccc615de723b3294,6078,,0,486,12,0,0
cc719d17293f07d5,50478,,0,56,0,0,0
cc48f7c4235e6b17,65260,,0,134,4,0,0
ccaabb9b1c206ac2,10713,,0,213,7,0,0
cc970e871bc6e3da,79437,,0,375,11,0,0
ccadd8f01fde6cfc,4840,,0,479,12,0,0
cc5d12899f6b6195,52954,,0,704,14,0,0
cc3dcf4c737faa4b,88242,,0,181,6,0,0
cca9a229311b87b9,25672,,1,804,14,0.600000024,0.600000024
cc97dfc48313c70c,28240,,0,88,2,0,0
cccd6a232cd74fab,18086,,0,155,5,0,0
cc2a5e35e21024f3,24372,,0,311,10,0,0
cc6202d71e103f57,1522,,0,403,11,0,0
cc2cf96c72a6c245,83327,,0,160,5,0,0
ccd1b815084c6eca,25093,,0,322,10,0.166666672,0.166666672
ccfbebb3fe5fa2d7,73847,,0,265,9,0,0
cc7244ab2e9d3006,423,,0,211,7,0,0
cc4fa5a1273e6e70,33735,,0,256,8,0,0
ccde4e75837e1144,18927,,0,246,8,0.166666672,0.166666672
ccc54a422c05832a,16437,,0,298,9,0,0
ccc5c1ced057fc63,40717,,0,289,9,0.300000012,0.300000012
cc376440665599dd,85561,,0,315,10,0,0
ccc3d2ae3affcd5a,69735,,0,109,3,0,0
cc4e16678c2f0d28,8491,,0,138,5,0,0
ccc9b2cfcdd08f72,88338,,1,72,1,0.600000024,0.600000024
ccee55477b4fa2de,47114,,0,291,9,0.300000012,0.300000012
cc2fe94eca9b32af,60905,,0,222,7,0,0
cc1516179ebcee8f,59025,,0,62,1,0.200000003,0.200000003
cc56d3c56b64dce3,46705,,1,124,4,0.5,0.5
ccd1566dfc317e2e,4554,,0,292,9,0,0
cce39a9f6d415f07,48721,,0,377,11,0,0
cc8c0aba2b5cc76a,46995,,1,157,5,0.684210539,0.684210539
cc71af48337e6dbf,16449,,0,586,13,0,0
cc7ab33dffe9da6d,78361,,0,235,8,0,0
cc5d0a12d7667631,28002,,0,363,11,0,0
cc103b2d93369cc6,33195,,1,440,12,0.5,0.5
ccb2dcbf5f014324,36655,,0,122,4,0,0
cc7ffc95f9e53480,7289,,0,68,1,0,0
cc87434147cba458,23125,,0,602,13,0,0
cc3522b6f05517bf,51422,,0,96,3,0,0
cc6165928cb77d59,59750,,0,346,10,0,0
cc92e3c2c4edba5c,24887,,1,773,14,0.5,0.5
ccda6de15d178433,22968,,0,199,7,0,0
cca84d4df67a1979,87933,,1,153,5,0.662162185,0.662162185
cc67ed3c1de2520f,65241,,0,188,6,0,0
cc6ecba84885d41f,37312,,0,647,13,0,0
ccc788f7c36d4a84,44687,,0,471,12,0.100000001,0.100000001
cc1db21e2e9e846c,79538,,0,707,14,0,0
cc60bc62eb89678f,73908,,0,210,7,0,0
cc65da633fb3d8e3,71535,,0,612,13,0,0
cc597e1c7b677b14,8345,,0,99,3,0.100000001,0.100000001
cce72dcb31f4d04f,31393,,0,214,7,0,0
ccc172c47ab04367,14701,,0,122,4,0,0
cc1e652297210a37,15648,,0,69,1,0.166666672,0.166666672
cc3c1c458f37e161,51138,,0,240,8,0,0
cc7399122f8c9ba8,46664,,0,312,10,0,0
cc014354d023ab35,47094,,0,293,9,0,0
cc5532d59878c000,52165,,0,237,8,0.200000003,0.200000003
cc8d0475e9a41104,86820,,0,467,12,0.200000003,0.200000003
cc6a3af9daa25724,69152,,0,991,15,0,0
cc149303a3b58b84,13833,,0,361,10,0,0
cc97d489eeeee125,83696,,0,102,3,0,0
ccac272430a84df4,12897,,0,996,15,0.200000003,0.200000003
ccccafb5f0c1a4d1,65102,,0,453,12,0,0
cca466a14a75c82a,34639,,0,85,2,0.142857149,0.142857149
cc93ec2ce7964fd7,46640,,0,268,9,0,0
ccf38db0f4808975,31119,,0,274,9,0,0
ccd9709f3617cd33,33267,,0,46,0,0,0
ccc1b915852f227d,44284,,0,369,11,0,0
cc48705ff6ae5394,10838,,0,45,0,0,0
cc7d9f2c07f1e046,60764,,0,53,0,0,0
ccd8645829197dc0,18571,,0,601,13,0,0
cc93a238a3fc9c4d,15491,,0,577,13,0,0
ccd4cb951fe157d9,25407,,0,118,4,0.166666672,0.166666672
cc0477e6fe80924b,25420,,0,62,1,0,0
cc89a84e90789881,11127,,0,275,9,0,0
ccccb976b81319f3,96086,,0,122,4,0,0
ccd4f6d9ea285d83,6861,,0,924,15,0.166666672,0.166666672
cc101d5d339bfbc5,68435,,0,843,14,0,0
cc69b8771cab7c43,18701,,0,179,6,0,0
cc4c1e16a4cf64ea,41950,,0,798,14,0,0
ccbedf061a895f0e,96212,,0,403,11,0,0
cce3a7474186d482,61492,,0,947,15,0,0
cc94b286cb4bef07,3891,,1,103,3,0.71875,0.71875
cc8246dbb6aeebb2,88354,,0,241,8,0,0
ccf033ca81421924,3444,,0,963,15,0,0
ccdbfd35c2b2986a,80939,,0,213,7,0.200000003,0.200000003
cc6b70782fdaacc4,19080,,1,152,5,0.5,0.5
cce0264deab10518,87376,,0,86,2,0,0
cc2916f23fc8975c,91693,,0,145,5,0.300000012,0.300000012
cc0f55d2745ae77d,66674,,0,249,8,0,0
cc9f0ef5e62feb78,64633,,0,297,9,0,0
ccecca075cbfcc9a,92561,,1,101,3,0.533333361,0.533333361
cc4b5dc5b74a9036,4028,,0,455,12,0,0
cc47b6d9c99a7551,36252,,0,202,7,0,0
cca03ea6adf8604b,14366,,1,156,5,0.5,0.5
ccba6b255279e14b,90290,,0,361,10,0,0
ccfcb22da7c0eab1,12296,,0,844,14,0,0
cc214a5f3ae3279c,58358,,0,182,6,0,0
cc80bff3d4dc4674,88084,,0,206,7,0,0
cc7e7de5d7bbcdb1,12004,,0,498,12,0,0
cc7d62a751645dd4,16860,,0,155,5,0,0
cc5e138ca94090fb,82156,,0,995,15,0,0
cc0102ade2b4d0ef,8872,,0,991,15,0.200000003,0.200000003
cc10439952c41b1c,21050,,0,406,11,0,0
ccfe24a353d81d64,57192,,0,267,9,0,0
ccf13ba6f6161f45,50052,,0,41,0,0,0
cc6cec02ee44ee04,21042,,0,164,6,0.400000006,0.400000006
cc3f1d9506ca805e,39330,,0,430,11,0,0
cc61ada2fd3f384f,87060,,0,349,10,0,0
ccc6708ca60096fc,42960,,0,317,10,0.142857149,0.142857149
cc1b7833a63995cc,73399,,0,571,13,0,0
cc5b1dade5efb0f2,21742,,0,139,5,0,0
cc21dfde38046ca5,72961,,0,224,8,0,0
cc4731040db692cb,32913,,1,328,10,0.5,0.5
cc31410fb987dc5f,68222,,0,439,12,0.300000012,0.300000012
cc75c85b01da1f2f,64210,,0,308,10,0,0
ccafef490dfe168f,79690,,0,338,10,0,0
cc6c2ca45c2b6cf3,5202,,0,91,2,0,0
cc758b89df683fac,6397,,0,841,14,0.400000006,0.400000006
ccf43867f81c0ecd,58578,,1,83,2,0.528571427,0.528571427
ccd9245e850a1065,2776,,0,104,3,0.400000006,0.400000006
ccfeb663e55361b2,85394,,0,118,4,0,0
ccb00b4cfee8c0b9,93234,,0,869,14,0,0
ccbb8da6b283e95e,7957,,0,98,3,0,0
cce21163f8a284cc,6019,,0,991,15,0,0
cc8b4e4fbf490a20,12055,,0,68,1,0,0
cc31717140a9eb1c,23141,,0,406,11,0.166666672,0.166666672
cc1d21331cef095e,17515,,0,245,8,0,0
cca4b3594d21a8d6,21759,,0,115,3,0,0
cc30e5c92c386985,24567,,0,190,6,0.200000003,0.200000003
ccd25effd89a24ed,60722,,0,80,2,0,0
cc5e75739ee0f9df,2644,,0,44,0,0,0
cc62e8140b471089,32730,,1,59,1,0.600000024,0.600000024
ccc97ac672fe2593,88300,,0,81,2,0,0
cc54500b1f7d6aa1,56974,,0,326,10,0,0
cc081e8c441463a6,74004,,0,517,12,0,0
cc78d80ff0553e38,57883,,0,50,0,0,0
ccd2c86cafad2e8d,77361,,0,296,9,0,0
cc4391b74157f522,69013,,0,65,1,0,0
cca550429cd901f5,39918,,0,125,4,0,0
cc4fdd83ec4d5c66,4930,,0,364,11,0.400000006,0.400000006
ccad89a3be121934,68096,,0,490,12,0,0
cc09b2ace6210bba,86046,,0,193,7,0,0
ccbb0e2f9d0dd14c,16568,,1,135,4,0.853333354,0.853333354
ccb49909d241ae70,20537,,0,580,13,0,0
ccd72b2d624fb4b1,92725,,0,53,0,0,0
ccd7c4dc16db266b,22909,,0,155,5,0,0
cc5244a23e610317,34351,,0,120,4,0,0
ccab551f7273e494,45474,,0,128,4,0.300000012,0.300000012
ccc8b03646086031,52423,,1,160,5,0.946428597,0.946428597
cce45ec071bb2c81,39627,,0,228,8,0.200000003,0.200000003
cc7d18c35c1e83e5,3173,,0,98,3,0.296875,0.296875
cc784c73da783b75,46710,,0,426,11,0,0
cc043b7648becf68,62034,,0,476,12,0,0
cc446aed4ff954af,9892,,0,535,13,0,0
cc2ea6a070e38cb5,51867,,0,422,11,0.400000006,0.400000006
cc48b645a93222b9,72103,,0,416,11,0,0
cc68155d45f345cf,5189,,0,210,7,0.300000012,0.300000012
cc5805b5dc09ed17,44195,,0,597,13,0,0
cceba2e5f0a28bb1,21351,,0,140,5,0,0
cc3494966ed1f512,30288,,0,360,10,0.400000006,0.400000006
ccaf5a1e6b7d4cb6,77237,,0,69,1,0.075000003,0.075000003
cce02740fc08cef8,55399,,0,783,14,0.200000003,0.200000003
cce6ea29ace9f54a,28911,,0,56,0,0,0
cca52a46ada29e2c,34003,,0,602,13,0,0
cc0b1d2fa271e904,81479,,0,71,1,0,0
cc17b1a069a7f57f,59678,,0,43,0,0,0
ccf2aa383cb60256,34941,,0,509,12,0,0
cc38f15c4298793d,85942,,0,129,4,0,0
ccd89d0181b6cdfb,29775,,0,206,7,0.300000012,0.300000012
cc44363cc7dc9590,45605,,0,372,11,0,0
cc9fb7035df52269,56852,,0,259,8,0,0
ccb2caec42f9ddfe,71905,,0,699,14,0,0
ccb995812d7e818c,76606,,0,249,8,0.200000003,0.200000003
cce203161d2c6c74,27000,,0,280,9,0.200000003,0.200000003
cc7dad8975be755c,6091,,1,425,11,1,1
ccba320bc3ba8f10,38045,,0,72,1,0,0
ccde137afbe529ea,37857,,0,433,11,0,0
cc99e9d67fd4b994,95169,,0,86,2,0,0
ccf36eee5d2899a5,11022,,0,134,4,0,0
cca6b8c4dc106a04,8018,,0,710,14,0,0
cce869c0bc08f72d,26823,,0,629,13,0.200000003,0.200000003
cc4c59beeb927494,57519,,0,118,4,0.400000006,0.400000006
ccf46aa19b4a5b83,51602,,0,328,10,0,0
ccba60290f9239c8,34058,,0,218,7,0,0
cc7bd2014af90ad4,21571,,0,57,0,0,0
cc98f4ba7569e6ef,65296,,0,81,2,0.400000006,0.400000006
cc0870b8c3207e59,78815,,0,106,3,0,0
cc196c9ae3580d02,94304,,0,471,12,0,0
cccf1b52a8ed30d7,50872,,0,217,7,0,0
cc987de4e4ac375b,63757,,1,108,3,0.527027011,0.527027011
ccbd881962128aed,18007,,0,197,7,0,0
cc1ba74c2e50e9a5,69927,,0,105,3,0,0
cc59971ff0e3ac67,47258,,1,104,3,0.600000024,0.600000024
cc88e945b6249b40,67409,,0,465,12,0,0
cc8e857430ebd88a,58140,,0,96,3,0,0
ccf800e7268ab422,55969,,1,493,12,0.848484874,0.848484874
ccdda6040a76c87c,76135,,0,55,0,0.166666672,0.166666672
cc774ebf4d3a0ec4,18540,,0,160,5,0,0
ccf02c227e92fe71,69138,,0,173,6,0.300000012,0.300000012
cc256338feeed3a6,57524,,0,87,2,0,0
cc908f9f18c66146,10247,,0,386,11,0,0
cced4af6740f0397,45050,,0,273,9,0.166666672,0.166666672
cc48a9179d8265ee,5226,,0,392,11,0.166666672,0.166666672
ccc3e4a3034b7d46,22714,,0,127,4,0,0
ccd739ac71c89f41,48027,,0,317,10,0,0
ccfd5e0bfb92bd43,37273,,0,81,2,0,0
cc108067385ae11c,38278,,0,76,1,0,0
cc18e991ae18b280,93162,,0,141,5,0,0
ccd3eafdd1f91f1a,3475,,0,978,15,0,0
ccc7f92239a1aabe,16499,,0,313,10,0.200000003,0.200000003
ccd6f4ebdeda53d0,18011,,0,415,11,0,0
cc0ee9a08672dc9f,84461,,0,563,13,0.166666672,0.166666672
ccc418bc3206307f,94068,,1,396,11,1,1
ccbb5a765f8d2f12,55312,,0,143,5,0.100000001,0.100000001
cc8a600d7b4e40c6,71934,,0,44,0,0,0
cc1ac9b7cb85bbda,58667,,0,111,3,0,0
cc222407d8d43dbe,68638,,0,234,8,0,0
cc4acc2f6b350660,73598,,0,135,4,0.166666672,0.166666672
ccab238eca27d4b1,79881,,0,240,8,0,0
cce5c4da7405c3ba,54884,,0,158,5,0,0
cc9ee270ebb85e5c,6579,,0,206,7,0.166666672,0.166666672
ccfe18dcc1606612,3154,,0,548,13,0,0
cc90e75278634e73,74297,,0,376,11,0,0
cc1c37fe278284f1,20690,,0,277,9,0.400000006,0.400000006
cc6933bab5f67387,23025,,0,240,8,0,0
cc3d6826fc111402,32311,,0,776,14,0,0
cc132041873cd16f,20236,,1,278,9,0.833333313,0.833333313
cc84273eeb57ef94,88965,,0,75,1,0,0
cc121d394af9f8c3,4690,,0,336,10,0,0
cc65e103d495a2cb,94848,,0,66,1,0,0
ccb14df2341c7339,7717,,0,371,11,0.200000003,0.200000003
cc87e3967c60e7bb,62096,,0,171,6,0.200000003,0.200000003
cc4d0542901ddd14,39573,,0,144,5,0.166666672,0.166666672
cc2863ec39489895,40855,,1,198,7,0.5,0.5
cc2bf9567dbca7ad,38328,,0,670,13,0.300000012,0.300000012
ccf3ab3d00afba7c,71780,,0,211,7,0.166666672,0.166666672
cc0e5970d72fb237,76138,,0,147,5,0,0
cc8cbb8c91df0aa5,2497,,0,977,15,0,0
cced52e686fa69a5,89547,,0,399,11,0.300000012,0.300000012
cc4e2684c111a296,91124,,0,439,12,0.400000006,0.400000006
cc4e20e5f2e6cf2c,82940,,0,96,3,0,0
ccd58390a32a27c9,4481,,0,480,12,0,0
ccc147d8d27ccb1a,29929,,0,158,5,0,0
cc3ece5bafc111f5,80254,,0,407,11,0.400000006,0.400000006
cc0ff12b31929a11,75154,,0,290,9,0,0
cc7e3a5faaf768d7,70051,,0,494,12,0,0
cce48769c1aac7d6,83019,,0,283,9,0,0
cc44c19f1a7fd471,32979,,0,993,15,0,0
cc2f7b366cc4db3d,34015,,0,69,1,0,0
cc7d918c68d5feeb,67462,,0,471,12,0,0
cc713f3ff9c1b056,66065,,0,923,15,0.166666672,0.166666672
cc044517973090ea,58405,,0,70,1,0,0
cc73ff2d60c6f1d0,8450,,0,463,12,0,0
ccbedf4a0b59286a,16614,,0,123,4,0,0
ccd32f342d7a4e26,7678,,0,172,6,0,0
cc3510d4250aa0ea,9738,,1,412,11,0.5,0.5
cc704fee9ebcdaf3,60879,,0,198,7,0.200000003,0.200000003
cc703df8ec08db3d,38637,,0,315,10,0,0
cc6a7b2eb22f879b,16550,,0,342,10,0.166666672,0.166666672
cc599689497670a9,66074,,0,322,10,0,0
cc86e0b7b78a277e,18831,,0,225,8,0,0
cc0f9baa5ea3bb4e,20402,,0,84,2,0,0
cc130af0c87c95bb,74575,,0,600,13,0,0
ccc4402b8abfeadb,89771,,0,366,11,0.200000003,0.200000003
cc64c2a5fef448e2,9063,,0,409,11,0,0
cc435e9649ef3d1e,20924,,0,973,15,0.300000012,0.300000012
cc5b66af5355b636,22592,,0,148,5,0,0
cc689118726b6998,16674,,1,269,9,0.600000024,0.600000024
cc5c4d604a10284a,79900,,0,95,2,0.200000003,0.200000003
cc0bc31400e1a282,26429,,0,942,15,0,0
cc7de3f4e131f4d7,29281,,0,171,6,0.400000006,0.400000006
cc65236f9425841c,75263,,0,150,5,0,0
ccfe9e597718d68e,94312,,0,120,4,0,0
cc0ef2bcafa02c7d,25088,,0,93,2,0,0
cc4bb9c7efe04118,85834,,0,152,5,0,0
cc3d3de513024d81,40050,,0,106,3,0,0
ccedf7016b198b56,57407,,0,258,8,0,0
cc6be733107aa15e,31040,,0,497,12,0.166666672,0.166666672
cc51ad90e8229c2d,63822,,0,73,1,0,0
cc147139c6c77494,63791,,0,809,14,0,0
cc3e9451f2f81b56,26452,,1,987,15,0.5,0.5
cc5080e0c3fa7792,9191,,0,204,7,0,0
cc953afc3f722f7f,89691,,0,185,6,0,0
ccc5b30493d7b338,44986,,0,71,1,0,0
cc2690a7f16ed91f,61225,,0,162,5,0,0
cc7112fd3171965e,19063,,0,290,9,0,0
cc1a0d50981b2f97,54353,,1,340,10,0.600000024,0.600000024
ccb464d5fc4abeec,9917,,0,297,9,0.142857149,0.142857149
cce19a46917bc551,22088,,1,153,5,0.762499988,0.762499988
ccce0322f9aef53b,46567,,0,106,3,0,0
cc207a1315b86160,23942,,0,116,3,0.166666672,0.166666672
cc636c58d96a92bd,52104,,0,407,11,0,0
ccf47e1397848497,18452,,0,458,12,0,0
cc7cef75e4fa9c8a,3926,,0,50,0,0,0
ccc89cf6248940f0,78701,,0,347,10,0,0
cc04bf593853af5a,80741,,0,205,7,0,0
ccd6f0ffdf2f60be,45975,,0,53,0,0,0
cc4ae2c21fdd8cef,32346,,0,299,9,0,0
cc007aadcb2bbbb7,5063,,0,125,4,0,0
cc86a3d11f922fc4,81775,,0,77,2,0,0
ccc8cf1c3155ca47,8935,,0,173,6,0,0
cc4cb0131a210f8f,66938,,1,83,2,0.699999988,0.699999988
ccbc9dcc58952b53,56232,,0,446,12,0,0
cc7abddae472b52a,93530,,0,991,15,0,0
cc50c07f47b8b7b3,61167,,0,338,10,0,0
cc33a8c6c3e1081a,91831,,0,168,6,0.200000003,0.200000003
ccfa3df5ffa59f51,13995,,0,58,1,0,0
cc68c9b3a028e8ab,9681,,0,449,12,0,0
ccda960d01b48646,87777,,0,124,4,0,0
cc3b632cf66628e8,36244,,0,155,5,0,0
cc84b2987b89195e,35512,,1,109,3,0.859375,0.859375
cca950e366bd3f15,17023,,0,209,7,0,0
cc9f30a5da752b27,34129,,1,231,8,0.699999988,0.699999988
cce850677074f2ef,75532,,0,146,5,0,0
cc8023d6ec2c64b2,79365,,0,581,13,0,0
cc3a9f4ef17c7bd7,59955,,0,661,13,0,0
ccc73b03c90c23c7,90045,,0,46,0,0,0
ccde3ee373469e97,8667,,0,89,2,0,0
cc24ecd83c84e1d1,36209,,0,306,9,0,0
cc4678352aac5034,9489,,1,50,0,0.600000024,0.600000024
ccce85ca88aaa0eb,77111,,0,362,10,0,0
cc9a95c63576c284,50177,,0,760,14,0,0
cc2c2823e190848b,85229,,0,255,8,0,0
ccee0e6d8198ac47,37651,,0,693,14,0,0
cc5e10cebf3b14fd,3553,,0,99,3,0,0
cc3c322edc331b02,16765,,0,512,12,0,0
ccc98a9e9a3a16d7,28951,,0,151,5,0,0
ccdc0bb8ebbb9b83,7829,,0,859,14,0,0
ccd32035f63011c3,22693,,0,266,9,0,0
ccb5e6cf8ea01ae1,71060,,0,354,10,0,0
cc593d05eb5160e5,40030,,0,236,8,0,0
cc9590655fe91fcb,10073,,0,71,1,0,0
cca7b7e647e44868,66971,,0,190,6,0,0
cc772f59a63b34ab,90656,,1,44,0,0.875,0.875
ccac93a4c38aa1bd,73316,,0,173,6,0.400000006,0.400000006
ccb651d7f6b3f19f,24496,,0,179,6,0,0
cc9d51a7b9eeea16,87665,,0,606,13,0,0
cc325b8804966733,79885,,0,539,13,0.400000006,0.400000006
cc3b5c94b5a35717,80188,,0,45,0,0.100000001,0.100000001
ccf9b9ad14f9db6d,1065,,0,90,2,0,0
cc7b1d8469bd5daf,61373,,0,760,14,0,0
cc85009033d6f566,3928,,0,323,10,0,0
ccb3ae162571438c,28499,,0,286,9,0,0
cc61902db32016e8,30390,,0,989,15,0,0
cc8d0c30629419fd,89258,,0,982,15,0,0
cc5f298796f5c025,30150,,0,554,13,0,0
cc8c8dd7908288ac,70297,,0,516,12,0,0
ccb3a877326ebb71,43373,,0,125,4,0.200000003,0.200000003
cc89353820f3faf0,79356,,0,723,14,0.166666672,0.166666672
ccf7d57506154a34,40503,,0,155,5,0.200000003,0.200000003
cc83b1ffc9bc965a,9985,,0,181,6,0,0
ccff1547b9e48be5,21309,,0,958,15,0,0
ccac7c2df5376170,6108,,1,401,11,0.672131121,0.672131121
cc8781e9af44a240,36564,,0,442,12,0,0
cc260cdc00fa9678,31148,,0,639,13,0,0
ccbe95bd062f9941,3248,,0,59,1,0,0
ccb24bbcf1eda180,14665,,0,90,2,0,0
cc7472dd3831f4ed,82971,,1,444,12,0.67469877,0.67469877
ccb53a04afb4cc3f,58285,,1,128,4,0.568965495,0.568965495
cc820ad2345b2e55,13413,,0,829,14,0.200000003,0.200000003
cc4fcbf8f2cc0c2c,15589,,0,584,13,0,0
cc3d1a7ef2f9e3f9,95106,,0,89,2,0,0
cc8608ca431a2a50,28789,,0,119,4,0.300000012,0.300000012
ccf0b24570f520c1,21628,,0,44,0,0,0
ccd7c8991843c09d,66727,,1,822,14,0.833333313,0.833333313
cc37f3a9342f10a2,50893,,0,315,10,0.400000006,0.400000006
cc84fa7f0c650800,77845,,1,131,4,0.704918027,0.704918027
cc8ed5b31845d447,27795,,0,507,12,0,0
cc203cd55b322164,64165,,0,544,13,0,0
cce43cf6e23dcb1f,75695,,0,76,2,0,0
cc66366a3ea214de,87443,,0,109,3,0,0
cc95647a84164306,26022,,1,64,1,0.758064508,0.758064508
cc9a3afaad831fc7,33976,,0,118,4,0,0
cc845ce427b60942,40152,,0,56,0,0,0
cc27c0b9b7828543,82520,,0,146,5,0,0
cc3ffb69913b5831,9136,,0,180,6,0,0
ccfdb01ab58057f1,81526,,0,312,10,0.200000003,0.200000003
cc15e45b1759f7c7,72134,,0,81,2,0.100000001,0.100000001
ccc3cd8357c26ac3,58457,,0,237,8,0,0
cc01515d7c35bfab,31347,,0,278,9,0,0
ccfd7022d2adbd89,46507,,0,63,1,0,0
cc7c15480d7c0146,42312,,0,219,7,0.166666672,0.166666672
ccc79a16398659fd,34657,,0,433,11,0.200000003,0.200000003
cca1de386ae4b20f,24348,,0,106,3,0,0
ccbe1f1ebf26c66b,52068,,0,67,1,0.200000003,0.200000003
cc07631fc0a6ab8f,36294,,0,993,15,0.400000006,0.400000006
cce7684fe867cca3,43794,,0,56,0,0,0
ccadb7647ee82b6e,4510,,0,154,5,0,0
cca9f9fc2dddb305,12643,,0,177,6,0,0
cc80f28ebab2bb15,43407,,0,40,0,0,0
cca09b51f16208cc,42773,,0,46,0,0.166666672,0.166666672
cc9fe8f903512056,16911,,0,335,10,0,0
cc88c4f31c7c72a0,42726,,0,261,8,0,0
cce5fcee2d71ef74,87341,,1,76,2,1,1
ccbffb0ba02cf2fe,45831,,0,642,13,0,0
cc20c22953139e73,52085,,1,158,5,0.757142842,0.757142842
cc59288e2eb414d1,82455,,1,664,13,0.803571403,0.803571403
ccf14d8d6bd29553,13263,,0,150,5,0,0
cc8be47fb105bc65,47090,,0,669,13,0.200000003,0.200000003
cca6b36e30561157,50643,,0,59,1,0,0
cc575ec455415e80,33851,,0,58,0,0,0
cc92b2e54c392a68,88672,,0,320,10,0,0
cc8b1a5e99f84859,88103,,0,740,14,0,0
cc3aeaeb7e9008a0,83976,,0,482,12,0,0
cc9dd819b5b849d3,26161,,1,374,11,1,1
cc5bbdf19cdd71c7,60359,,0,176,6,0.166666672,0.166666672
cc9fc1ff9c7c2686,81558,,0,78,2,0,0
cc9934171e85b932,27351,,0,305,9,0.300000012,0.300000012
cc58e30f54911fc4,27251,,0,221,7,0,0
cce4ec7475a23576,14146,,0,511,12,0.300000012,0.300000012
cc5503bd50c6b6c8,4757,,0,84,2,0.166666672,0.166666672
cc110d9d3cd09280,41239,,0,540,13,0,0
cc5b262216342495,19201,,0,124,4,0,0
cc1822c89624e6a0,51152,,0,162,5,0,0
ccdfa36d86c571b8,7130,,0,215,7,0,0
ccdcc79fb6246e36,14057,,0,386,11,0,0
cce599f772ff09d2,90337,,0,86,2,0,0
cc69bc15d80f6f94,56626,,0,132,4,0.166666672,0.166666672
cc72f87bf2959745,97075,,0,223,7,0.200000003,0.200000003
cc9a5eafd9b4f72b,57568,,0,42,0,0,0
cc0e126fe6a3a06d,1676,,0,366,11,0,0
cc2ebb29c2418037,58240,,0,464,12,0.300000012,0.300000012
ccd724505e1299d7,57487,,0,288,9,0,0
cca345e983fcc028,59941,,0,45,0,0,0
cc301d47089ce598,68045,,0,976,15,0.166666672,0.166666672
ccafa3f5f557c201,40792,,0,518,12,0,0
cc2c8f3ee2467a89,53364,,0,533,13,0,0
cc0f54b9dc4d838a,9282,,0,52,0,0,0
ccae271013bd2ee0,71719,,0,98,3,0,0
cc4d576fb46d5d30,30700,,0,218,7,0,0
cc4b909e24b24537,16289,,0,409,11,0,0
ccfabb9c95ab5e74,78381,,0,396,11,0.300000012,0.300000012
cc45cb6befbfa6b2,23863,,1,932,15,0.699999988,0.699999988
cc3edd61f71b4ee7,47517,,0,430,11,0,0
cc1b3b1b7613f34f,28091,,0,833,14,0,0
ccf0a656e137eb0d,15192,,1,479,12,0.833333313,0.833333313
cc7fb940e76de18b,25111,,0,163,6,0,0
cc83f7fdb62ae927,43723,,0,220,7,0.400000006,0.400000006
cc6d32c7eed6ceb5,3963,,0,997,15,0,0
cca119b038677c7d,89327,,1,80,2,0.850000024,0.850000024
ccd6eab26b7ff6b3,9826,,0,55,0,0,0
cca6ddc7f7c2151c,18864,,0,490,12,0,0
cc0757f74e73a24e,86570,,0,82,2,0.100000001,0.100000001
ccc60bda24a80a22,46127,,0,367,11,0,0
cc6bea51a3204155,77689,,0,168,6,0,0
cca859a3d22c2243,37945,,0,328,10,0,0
ccbfa25265e8a463,57940,,1,105,3,0.600000024,0.600000024
cc141e78a38477dc,55846,,0,404,11,0,0
cccd25e576b78a91,39272,,0,69,1,0.200000003,0.200000003
cc4a5d1b3ff698ba,18817,,0,381,11,0,0
cc15c2e12303bed6,16667,,0,669,13,0.400000006,0.400000006
ccf87d28da4b4caf,95323,,0,122,4,0,0
cc9ba41c6df595fd,89953,,0,983,15,0.166666672,0.166666672
cc2fda344c62b6de,88752,,0,670,13,0.200000003,0.200000003
cc4f13b7a44f886f,32604,,0,167,6,0.166666672,0.166666672
cc8ad65767ae0a04,88921,,0,98,3,0.200000003,0.200000003
cc9ff69873bcc2d4,89225,,1,314,10,0.5,0.5
cc4698514608204c,91236,,0,924,15,0,0
cc2ee9b51ecf5fad,6415,,0,978,15,0.166666672,0.166666672
cc65987327c0d18d,80636,,0,210,7,0,0
cc89b12d86fd61ba,72634,,0,667,13,0,0
cc0617344b55c204,73384,,0,96,3,0,0
cca100e208b6c33b,13618,,0,55,0,0,0
cc4fa7856813673e,24306,,0,67,1,0,0
ccd69ce06130dccc,38254,,0,224,8,0,0
ccff29e0d2d40c6e,84292,,0,477,12,0.200000003,0.200000003
ccd35deb53f1c360,61733,,0,97,3,0,0
cc9dadeecf8c67d8,37965,,0,123,4,0,0
cc90cec4c2744921,52346,,0,117,4,0,0
cc20a2da85ee7246,28445,,0,628,13,0,0
cc3e832951f4d724,92512,,0,213,7,0.166666672,0.166666672
cc99b9f4e43dad29,5576,,0,296,9,0,0
cce8b2cf328689cc,16949,,0,256,8,0,0
cc77260cbba9325c,58409,,0,151,5,0,0
cccdc5a1de8c1c3b,24876,,0,196,7,0,0
cc3f0d8bce121f10,42488,,0,287,9,0,0
cc9437ca1d34108d,86761,,0,109,3,0,0
ccfe2e308d83e614,50441,,0,190,6,0.300000012,0.300000012
cce20dcd10801443,33,,0,378,11,0,0
cce464c0bd22ea60,78601,,0,139,5,0.200000003,0.200000003
cc9d92bd648f9473,64445,,1,326,10,0.800000012,0.800000012
cc80a21639e2eebb,81703,,0,245,8,0,0
cc6abc091590ceb8,17740,,0,49,0,0,0
cc155c416eb27d06,27924,,0,427,11,0,0
cc876787c2dccad0,91781,,0,303,9,0,0
ccbceff396780e3f,95644,,0,356,10,0,0
cc42d9db286813b4,66177,,0,249,8,0.142857149,0.142857149
cc0d863d28584291,41566,,0,419,11,0.400000006,0.400000006
cca68f4d3a5eefb4,80725,,0,284,9,0.166666672,0.166666672
cc1f23fe52f2020a,40670,,0,91,2,0,0
cc18a720bcc838ac,34948,,0,366,11,0.400000006,0.400000006
cc78cd041108b4e6,74402,,0,379,11,0,0
ccb89445c65a15d8,10197,,0,242,8,0.166666672,0.166666672
cc00bd71f98b285e,17603,,1,469,12,0.5,0.5
cc8b35962fa1ed57,23602,,0,610,13,0.200000003,0.200000003
ccb1278b31726f71,6035,,0,251,8,0.300000012,0.300000012
ccb556903a064c7b,43207,,0,206,7,0,0
cc8c93268ab53adf,17838,,0,212,7,0,0
cc885c84b679719c,885,,0,296,9,0,0
cc2162cefaa186a6,26413,,0,283,9,0,0
cc1954bc4fe9c49c,70829,,0,604,13,0,0
cc75e59a1a7219f7,62036,,0,50,0,0,0
cc8eccb12bd3bba9,16298,,0,118,4,0,0
cc1dce6b3b3ef0d6,81135,,0,361,10,0,0
ccf15e610a629c4b,9268,,0,158,5,0.200000003,0.200000003
cc8fc75d15d94498,47858,,0,54,0,0,0
ccf6f48a6fed8fc1,9190,,0,64,1,0,0
ccf7571a2d49eb58,71674,,1,221,7,0.65625,0.65625
ccb5c3118b21b4cb,64270,,0,632,13,0.200000003,0.200000003
cc437d7e6e2101e3,1723,,0,367,11,0.300000012,0.300000012
cc386c14a96f95d1,4842,,0,216,7,0,0
ccad05ad4ead7ea9,84012,,0,170,6,0.400000006,0.400000006
cc25d25ac12717d9,52133,,0,300,9,0,0
cc3f6959f903f846,58236,,0,282,9,0.400000006,0.400000006
ccf1eb1fcabbdd08,23409,,0,85,2,0,0
cc7b8a06e9020ab1,8969,,0,391,11,0,0
cc673cd0aed6327e,48918,,0,85,2,0,0
cc6ab843bc27922c,5760,,0,438,12,0,0
cc2889f406afe7e0,77395,,0,222,7,0,0
ccd219372d47007b,2173,,0,102,3,0,0
cc814f0e280adcb8,77322,,0,561,13,0,0
ccaf7d2efecdcc28,32645,,1,501,12,0.600000024,0.600000024
cc1e38b58c3007ce,47450,,0,99,3,0,0
cc5d07f716da39c3,51024,,0,120,4,0,0
cc21f74011960b37,66915,,0,138,5,0.166666672,0.166666672
cceb0766e77ad6ce,1251,,0,147,5,0,0
cc48fb88f509bfb9,51451,,0,138,5,0,0
cca52dbbfa696823,73377,,0,271,9,0,0
cc57d63affe263f0,87880,,0,74,1,0.166666672,0.166666672
cc06f746663367d0,48141,,0,575,13,0.200000003,0.200000003
cc88b99588753d6a,94775,,0,207,7,0.166666672,0.166666672
cce89fcb06430202,23660,,0,98,3,0,0
cc08ca99aee217f2,36458,,0,169,6,0.200000003,0.200000003
cc855124b64b028f,924,,0,335,10,0.300000012,0.300000012
ccfa036221dadc93,92825,,0,47,0,0,0
cce4aab0501f1342,70261,,0,50,0,0,0
ccf536cc2b9be6c4,44016,,0,395,11,0,0
cc3cab6d737a9eb0,6948,,0,444,12,0,0
cc99146b85fff8c1,38176,,0,393,11,0,0
ccdbba553547de2c,9328,,0,567,13,0,0
ccb226ee82e18373,86291,,0,349,10,0.166666672,0.166666672
cc344aa8e9ff924b,72598,,0,68,1,0.300000012,0.300000012
cc948b14cf2b9266,97105,,1,76,2,1,1
cc0863cee67b6726,86440,,0,234,8,0,0
cc9857412e3a11ae,93421,,0,411,11,0,0
cc9cb0fcd12faf80,56627,,0,143,5,0,0
cc6542d53cf225d9,45133,,0,256,8,0,0
ccfd3fcc0ff75261,21801,,1,563,13,0.699999988,0.699999988
ccc9b3016c3bc72c,26329,,0,708,14,0,0
cc070c05fdac243c,93357,,0,139,5,0,0
cce0006b8840895a,89526,,0,104,3,0,0
cc3d20f165f2de30,41707,,0,109,3,0.200000003,0.200000003
cc6932c03a24d6e5,55943,,0,75,1,0,0
cc5a2d6d0a2a579c,22173,,0,72,1,0,0
cc193f5cce14c9b6,46397,,0,79,2,0,0
cc9f914bd455f83a,19174,,0,60,1,0,0
ccacba7489845585,52211,,0,62,1,0,0
ccb629050968be18,3957,,0,305,9,0,0
ccc8d5bbbfba3814,2061,,0,147,5,0,0
ccd46ade8dbe1b01,15114,,0,141,5,0.200000003,0.200000003
cca9c0d84d1f7d6f,50700,,0,288,9,0,0
cc7556a06bb61d2a,41241,,0,281,9,0,0
ccd9f2f5adfa0371,93486,,0,343,10,0.200000003,0.200000003
cce39a73fa521cc9,78990,,0,112,3,0,0
cca9f424a6fb1721,11021,,0,58,0,0,0
cc8135f8330a68a0,96919,,0,447,12,0,0
ccf16223ffede292,40935,,0,56,0,0,0
cc2aab191d0e483c,90986,,1,205,7,0.710144937,0.710144937
cc5e36052d1b4ab8,62672,,0,401,11,0.400000006,0.400000006
ccad6c0467154e91,38066,,0,298,9,0,0
ccd37a8dbc5176f1,61405,,0,225,8,0,0
cccc160b9bfca75b,90961,,0,296,9,0.300000012,0.300000012
cc53d7f18123c514,1165,,0,363,10,0,0
cc7e94e3ffb761bb,15104,,0,239,8,0,0
ccaad937e9b757fd,54401,,0,954,15,0,0
ccf9597f9eed617b,24307,,0,127,4,0,0
ccc07232b02c9093,18992,,1,93,2,0.5,0.5
ccdb7e8b7ecefbde,12007,,0,129,4,0,0
cc0ec9e1be3e36f8,41031,,0,336,10,0,0
cc99059b690373de,2510,,0,95,2,0.181818187,0.181818187
cc23229c78e7ff86,8716,,0,375,11,0,0
cccedd5c4743b697,73394,,0,104,3,0,0
cc28c5c1a761a76e,35282,,0,124,4,0,0
ccf172dd9a4eaa73,64567,,0,535,13,0,0
ccb20fb59619f366,4031,,0,62,1,0,0
cc40530299df6447,70010,,1,577,13,0.512499988,0.512499988
cc86adbbe719412d,36596,,0,143,5,0.200000003,0.200000003
ccb43d00c63913e0,26255,,0,80,2,0,0
cce560afe3b752ba,46313,,0,644,13,0.166666672,0.166666672
cc71ed63abb5ee49,95840,,0,51,0,0,0
cc4658c7330c27f0,48392,,0,63,1,0,0
ccc253daefce1874,50675,,0,728,14,0,0
cc9c5b3d30e1e3f3,5318,,0,452,12,0,0
cc9d131f55a15ef1,76054,,0,275,9,0,0
ccd19cf11f5659d6,64637,,0,211,7,0.200000003,0.200000003
cccf11ac9994cc66,96952,,0,45,0,0,0
cce67e646068b05b,53586,,0,405,11,0,0
ccdd9aecb0912dad,79212,,1,175,6,0.785714269,0.785714269
ccb597fd06669eba,68229,,0,766,14,0,0
cc9884d17d27100a,77816,,0,151,5,0.200000003,0.200000003
ccf7c1317b6cbc28,30241,,0,465,12,0,0
cc85a24efb58664c,67454,,0,58,0,0,0
cc23a31f615ba26e,54685,,0,818,14,0,0
ccf7fb6ca084ba2d,48164,,0,227,8,0.240740746,0.240740746
cc6443d042404f2b,32729,,0,72,1,0,0
ccaefa7daf3629f5,53559,,0,674,13,0,0
cc01b34a22e45848,85201,,0,203,7,0,0
ccdf695da4552794,56733,,0,309,10,0,0
cc5dc75854f665d7,30628,,0,71,1,0.166666672,0.166666672
cc35ee1632fb34c2,2641,,0,59,1,0,0
ccf3c4a44b941dbc,48091,,0,284,9,0,0
cce099fd849c8650,84133,,0,522,12,0.166666672,0.166666672
cc38f5b6d48e8c0b,36221,,0,385,11,0,0
cc4b582ba696b159,48879,,0,132,4,0,0
ccdec6a4ff7aa781,41987,,1,545,13,1,1
ccf4ffc57015d46e,34148,,1,88,2,0.5,0.5
cce6b490a51efda6,16775,,0,939,15,0,0
cc3d1c290241dd5a,74914,,0,143,5,0,0
cc020a37ca9a6beb,44101,,0,798,14,0,0
cce209df179de0c2,44808,,0,59,1,0,0
cc34416eeaaf5407,13438,,0,176,6,0.166666672,0.166666672
ccc7e76df2105b4e,84095,,1,764,14,0.5625,0.5625
cca4af5315f0c0a0,40484,,1,185,6,0.75,0.75
ccf18235c42f89ed,24872,,0,74,1,0,0
cc3d12c01cb02edb,72293,,0,165,6,0.200000003,0.200000003
cc37fa7e2456105d,32839,,1,607,13,0.592105269,0.592105269
cc069367cb3a8bd3,80711,,0,238,8,0,0
ccf9be55c60911da,58860,,0,94,2,0,0
cc3221a2d727cf24,94449,,0,109,3,0,0
cc071c721ad5c9bb,18319,,0,221,7,0,0
cc3fb7250de48217,53520,,0,599,13,0,0
ccf1723caa69c4a8,54861,,0,445,12,0,0
cc22ccba7182d8a9,58585,,0,44,0,0,0
ccb96141e20939f9,56873,,0,62,1,0,0
cc518d2aa0bf90b6,35047,,0,995,15,0,0
cc9e92701c335e88,32115,,0,908,15,0,0
ccafffe2b6aeff0f,19737,,0,682,14,0,0
cc829672b4ca19ed,82519,,0,65,1,0,0
cc09690b1523d782,82996,,0,447,12,0,0
cc67b928fec5b263,29460,,0,85,2,0,0
ccfde5f088ddc84d,55980,,0,120,4,0.166666672,0.166666672
cce4d01c573a7095,45549,,1,180,6,0.675000012,0.675000012
cc884e260951438a,58362,,1,61,1,0.879310369,0.879310369
ccce09f945ceb31b,41589,,0,60,1,0,0
cc2ebb304ac36760,5005,,0,221,7,0,0
ccf1e8fa59404fab,61921,,0,83,2,0,0
cc026376974e2495,96697,,0,540,13,0.166666672,0.166666672
cce368724d28c7bb,53220,,0,258,8,0,0
cc6a8eb8b79a597e,79278,,0,844,14,0,0
ccbde9499f580170,29556,,0,96,3,0,0
cc0de2b6e9da7355,15628,,0,48,0,0,0
cc3a9e145014fd32,34229,,0,286,9,0,0
ccd5c7396c7d04dc,36610,,0,914,15,0,0
cc2c16b311aba9a7,8123,,1,451,12,0.5,0.5
ccf3749bf8c7721e,91364,,0,111,3,0.200000003,0.200000003
cca27a1994b47e11,70513,,0,175,6,0,0
cce7c94843631a92,63606,,0,335,10,0,0
ccb10ecfc5fe8348,86183,,0,230,8,0,0
cc9a7268308d61d6,52139,,1,993,15,0.741935492,0.741935492
cc38ae9bf9f22fac,81215,,0,291,9,0,0
cc23fcea13d31fe8,6785,,0,66,1,0.166666672,0.166666672
ccf001af481db835,72438,,0,267,9,0,0
cc0d6d59ec81eb65,3945,,0,450,12,0,0
ccb25196bcbc821c,77047,,0,972,15,0,0
cc79e68e5b3829b9,41480,,0,166,6,0.166666672,0.166666672
cc2775b05a00eeaf,77346,,0,117,4,0.400000006,0.400000006
cc88bec9a09a8d3e,31083,,1,281,9,0.560606062,0.560606062
ccd43ecea11af0e4,30313,,1,126,4,0.699999988,0.699999988
ccbca6a2aeb41240,86718,,0,154,5,0,0
ccaa50888a842049,67168,,0,97,3,0,0
cc29f69c0ac4aee6,80948,,0,138,5,0,0
ccfba393ce4bad84,87908,,0,138,5,0,0
ccde6c5ee4c611e2,35254,,0,816,14,0,0
ccfc502e6ccdc2ad,18787,,0,226,8,0.400000006,0.400000006
ccc94292e58ee120,3199,,0,998,15,0,0
cc02795eff503984,85809,,1,106,3,0.5,0.5
cc0a763c15b7c757,36447,,0,185,6,0,0
ccaeb017600b6363,65968,,0,696,14,0.166666672,0.166666672
cc109fa92bef68d1,74262,,0,195,7,0,0
cc25d7c699789aef,7075,,0,193,7,0.125,0.125
ccff9ec1e995e758,46103,,0,162,5,0,0
ccbf37b96bb3c87c,1205,,0,117,4,0.400000006,0.400000006
cc9d5879a0e45458,77558,,0,371,11,0,0
cc771b341bac7ea9,81492,,0,737,14,0,0
cca534496e7e397f,77703,,0,286,9,0,0
ccd9078fd5ed23f0,97054,,0,121,4,0,0
cc5f88420e9b7357,70462,,0,505,12,0,0
cc9104086a66eaca,55349,,0,428,11,0.200000003,0.200000003
cc411598665b8824,21007,,0,355,10,0,0
ccd2eff15a4af14d,43989,,0,387,11,0,0
cc0b7c45d558e378,78176,,0,158,5,0,0
cc8ce0d1dd1eb128,42596,,0,144,5,0.100000001,0.100000001
ccbdb13dafa81cad,89445,,0,166,6,0,0
cc02866510dab142,1101,,0,165,6,0.200000003,0.200000003
cc77d598af990957,5304,,0,483,12,0,0
ccaf619ca7a50e30,43006,,0,93,2,0,0
cc44be887496abb4,31732,,0,203,7,0,0
ccc95cfaa90d0509,1243,,0,150,5,0,0
cc0724312be423ed,30053,,0,113,3,0,0
cc38e6e89d4ca3a2,63928,,0,130,4,0,0
cccf68700581c5c3,59936,,1,995,15,0.5,0.5
cc1a3a9660f93aa9,27485,,0,984,15,0.166666672,0.166666672
cc274bdbdad5cb83,22032,,0,142,5,0,0
ccd68f30bc8fa94e,17103,,0,919,15,0,0
cca3b39b3fdb774a,66307,,0,205,7,0,0
cc174e382abdc94b,93297,,1,381,11,0.5,0.5
cc65d86ad6549b11,12963,,0,71,1,0,0
cc69cb1c3efa450b,88257,,0,950,15,0,0
ccf69c287c3ccb3f,51793,,0,246,8,0.166666672,0.166666672
cc01a63508b940ca,36923,,0,388,11,0,0
cc59a1198667585c,88142,,0,166,6,0.166666672,0.166666672
ccb2ebbb0f7bad1e,8160,,0,202,7,0.200000003,0.200000003
ccfbfc43c757440c,46446,,1,309,10,0.5,0.5
ccc746ede7c0ed87,84964,,0,122,4,0.300000012,0.300000012
cca68a09c511555f,12439,,0,896,14,0,0
cc1dcd08094e8754,55965,,0,200,7,0,0
cc8f4995f5e5faea,71564,,0,217,7,0,0
cc891fad9ae50eba,69822,,0,597,13,0,0
ccc78a0ec54e8c85,9267,,0,113,3,0,0
cceddb0e4978bb48,29267,,1,431,11,0.800000012,0.800000012
cc16f9d6b6bf5c42,8313,,0,641,13,0,0
cc1ea1cb75590ba8,50388,,0,820,14,0,0
cc22188d6411eea1,45807,,0,142,5,0,0
cc416816ba16f7a7,86042,,0,134,4,0,0
ccd8617e70f7f05c,51502,,0,129,4,0,0
ccaad1787f76a555,59440,,0,128,4,0.166666672,0.166666672
ccffc604360cecc6,53047,,0,305,9,0,0
cc70731528c064fb,10716,,1,396,11,0.609375,0.609375
cc21c4b888ae1291,879,,0,241,8,0,0
cc8732f13f82777e,41922,,0,60,1,0.166666672,0.166666672
cc5523042e28074a,8137,,0,257,8,0.387096763,0.387096763
ccc1c12335c2dee4,58539,,0,86,2,0,0
cc79cc2adfa209cd,45389,,0,691,14,0,0
ccff5247431f5760,35851,,0,132,4,0.166666672,0.166666672
ccccde680794ffcd,51640,,0,155,5,0,0
cc6bbf1c3dd6d0b4,65156,,0,192,6,0.166666672,0.166666672
cc635e4916edc0c4,83428,,0,439,12,0.100000001,0.100000001
cc2e93f21a21658a,746,,0,81,2,0,0
ccd5d8cd0b24f87c,72416,,0,107,3,0,0
cc3192efacab39be,52827,,0,900,14,0,0
cc9fe303dcc1236e,65178,,0,449,12,0,0
cc74f99371e778ed,3295,,0,119,4,0,0
cce0daa6f2518cb8,87274,,1,133,4,0.681818187,0.681818187
ccc4ee315c3f53ca,59641,,0,245,8,0,0
ccdda67f13d3cfb3,55618,,0,295,9,0,0
cca19e16281f97aa,82794,,0,161,5,0.200000003,0.200000003
cccd8768e6148329,24291,,0,178,6,0,0
cc098ee4018f716e,64689,,0,817,14,0,0
cceb2b2aa88173c9,8590,,0,261,8,0,0
cc315016b1dbaea1,87178,,0,68,1,0,0
ccef34a7d531ecb1,50429,,1,199,7,0.600000024,0.600000024
cc7870e7f9192117,58421,,0,135,4,0,0
ccb3eaa38ec69492,26612,,0,127,4,0,0
cc30f289ddde5374,91511,,0,53,0,0,0
ccc9bfff83419ebd,56876,,0,336,10,0.200000003,0.200000003
ccf3d81a40011e2a,31575,,0,220,7,0,0
cc84f63073922970,12257,,0,740,14,0.166666672,0.166666672
cccdbb0e093e5b90,62040,,0,170,6,0.266666681,0.266666681
cca986639b4755b1,59283,,0,985,15,0,0
ccb7d00cde6ca301,23009,,0,626,13,0,0
cc315deb2e261fa6,18587,,0,187,6,0,0
ccf4cb9906efea3b,49377,,0,296,9,0,0
cc970fe37c4e9e9f,16512,,0,120,4,0,0
cce46e0d888f51ab,70969,,1,74,1,1,1
cc033dac0becfd52,17141,,0,302,9,0,0
ccebee70f0b04937,30024,,0,790,14,0,0
cc8c2ed8a29c8007,85141,,0,166,6,0,0
cc55b31c469ef425,12133,,0,120,4,0,0
ccaedc5cf080f584,83130,,0,97,3,0,0
cc52e14c9062737d,39734,,0,59,1,0.166666672,0.166666672
cc252f96ab105924,56011,,0,902,14,0.300000012,0.300000012
ccc117ac74c884cf,14478,,0,354,10,0,0
ccc94276ad5b7142,80882,,0,389,11,0,0
cc149876d38476a0,48755,,0,165,6,0.200000003,0.200000003
cc5be004542439cf,90433,,0,150,5,0,0
ccf5e84fff40af5b,26005,,0,999,15,0,0
cce5f79ad3088ccb,459,,1,66,1,0.699999988,0.699999988
cc2e1972ddfb54c6,26128,,1,253,8,0.833333313,0.833333313
cc3158e868c94a42,89123,,0,269,9,0,0
cc25bc47453583de,54908,,0,178,6,0,0
ccb655042971af9e,41970,,0,46,0,0.200000003,0.200000003
cc38c523313c5f63,18419,,1,113,3,0.5,0.5
ccce6c9fba3845f7,30119,,0,719,14,0,0
cc2d7a80edf3c791,50282,,0,52,0,0,0
ccb4d1e2558302b0,87276,,0,50,0,0.400000006,0.400000006
ccb1fd832c83e07f,81961,,0,173,6,0,0
cced5b830125d0e3,72562,,0,947,15,0,0
cce996c9571e6162,93056,,0,416,11,0,0
ccfbc9439f929764,63707,,0,222,7,0,0
cc7842f6d94089c6,59917,,0,217,7,0.400000006,0.400000006
ccff373b2924113d,17765,,0,969,15,0,0
cc16b03fda1f2479,52341,,1,630,13,0.600000024,0.600000024
cc158483b8c07194,78594,,1,134,4,0.699999988,0.699999988
cce14bae17546a25,64438,,0,146,5,0,0
cca712d819b9a2a3,86626,,0,687,14,0,0
ccd7d7ec4297bb0e,95155,,0,302,9,0,0
cca5940e74c89a84,82255,,0,75,1,0.200000003,0.200000003
ccc3edb6ee8be6b9,85913,,0,287,9,0,0
cc33fc3a6707ce12,25003,,0,247,8,0,0
cc725f08b1c56b09,69758,,0,81,2,0,0
cc7fa744349497c7,10556,,0,335,10,0,0
cc8497d21e8cb6c5,30267,,0,101,3,0,0
ccd3fc079a449800,2099,,0,392,11,0,0
cc6b4efb546bbd53,17080,,0,678,14,0,0
cc62a95777b2b825,58853,,0,515,12,0,0
cc35f269f1cdd505,32865,,0,128,4,0,0
cc6cdc3be112d9e2,8325,,0,210,7,0,0
ccaff6fcdcfd0b73,77713,,0,225,8,0,0
cce26eb2e6463623,32249,,0,229,8,0,0
cc4635e8b99eda38,86515,,0,650,13,0,0
ccafe834ad007678,92043,,0,83,2,0,0
cc9c2b0d29891ccf,52050,,0,177,6,0,0
ccfea91ba753e8c6,652,,0,416,11,0,0
ccf916c3939b8185,22508,,1,40,0,0.837499976,0.837499976
cce1270c40e80c28,68940,,0,237,8,0,0
ccd70becc1f0aa4f,91841,,0,996,15,0,0
ccf24c450cee67c4,79017,,0,418,11,0.166666672,0.166666672
cce7101ecea75754,33897,,0,65,1,0.200000003,0.200000003
ccc1ac2492ce907b,33623,,0,231,8,0,0
cc01422abcf0c4df,22408,,0,71,1,0,0
ccfeb219069d0285,92272,,0,59,1,0,0
ccb796313547d98d,72816,,0,42,0,0,0
cc6273765bf12d2e,78254,,0,979,15,0.200000003,0.200000003
ccaf7c64516bdf6e,90175,,0,128,4,0,0
cc46e7cbf66cff4e,5693,,1,267,9,0.600000024,0.600000024
cc0da4c570eed12c,41034,,0,79,2,0,0
cc601fcfdb2df82f,12139,,0,130,4,0,0
ccb38b63d7b246cf,59204,,1,376,11,0.685714304,0.685714304
cc4621787eb4cc79,47148,,0,56,0,0,0
cceda28ef7dac451,20404,,0,74,1,0,0
cc8e237c9b0fd2a7,5507,,1,434,11,0.5,0.5
cc3e3542f604b518,2902,,0,83,2,0,0
ccc016712f77ecef,38266,,0,322,10,0,0
ccfb5ad28c4c15d4,71580,,0,263,9,0,0
ccb768a162e3b452,48631,,0,215,7,0,0
cc286e5aeac04655,64451,,0,983,15,0.166666672,0.166666672
cc4ff5a22562634b,32772,,0,80,2,0.166666672,0.166666672
cc8110ff5d6b6a6c,21737,,0,170,6,0,0
cc333459d1033d44,7339,,0,657,13,0.400000006,0.400000006
cc9c536a2ce39790,10290,,0,668,13,0,0
cc342cafe38e2d63,47608,,0,118,4,0.200000003,0.200000003
cc9a171c340bafb3,10715,,0,117,4,0,0
cc1161cedb58a359,77726,,0,408,11,0,0
ccd36a165a0fdcb5,38579,,0,47,0,0.166666672,0.166666672
cc7075c650578fdf,13721,,0,343,10,0,0
cce2a8e546102011,10627,,0,278,9,0,0
cc3e52221b980091,23562,,0,111,3,0.200000003,0.200000003
cce66ca1339d253b,24893,,0,483,12,0.166666672,0.166666672
ccee8128b89ae245,48982,,0,238,8,0.166666672,0.166666672
cc37f5ffde77254f,22028,,0,51,0,0.166666672,0.166666672
cc4ff32505a8118a,36151,,0,182,6,0,0
ccc4837767e260a2,54252,,0,697,14,0,0
cc31f6f9caf4f330,96516,,0,627,13,0,0
cc5b011c1f60a2d8,6231,,0,934,15,0,0
ccf0d26123fc199e,4146,,0,224,8,0,0
cc7efac5410d3e45,57963,,0,572,13,0.200000003,0.200000003
cc4b81fa1eb31d5d,85253,,0,680,14,0.200000003,0.200000003
ccf084f6f06371d0,92909,,0,240,8,0,0
cc0c64ed51b6f38c,86521,,0,94,2,0,0
cc552ca54cc25449,67138,,0,113,3,0,0
cc6a7281a1f90e4f,14337,,0,122,4,0,0
ccb4f6672d776cec,27232,,0,353,10,0.200000003,0.200000003
cc211ed7e6237ace,63262,,0,79,2,0,0
cc6a8ce6c36f943c,88390,,0,143,5,0,0
cc5bac28f5ca801a,15311,,0,56,0,0.200000003,0.200000003
cce509b2135a2d93,46850,,0,742,14,0.166666672,0.166666672
ccec4059ad4afe9c,76853,,0,391,11,0.166666672,0.166666672
cc8543b16517906e,36001,,0,78,2,0,0
cc1fd12df8a78b09,38087,,0,131,4,0.300000012,0.300000012
cc530eb05da99c08,26203,,0,322,10,0,0
cc26f0aca4ef028c,473,,0,304,9,0,0
cc4b185c6459f50b,86640,,0,107,3,0,0
ccf13c841de9449e,23688,,0,103,3,0,0
cc6ee6a914e56db8,13192,,0,492,12,0,0
cc8c09a87e9108c6,88673,,0,151,5,0,0
cc971558a54ed6c7,17564,,0,307,9,0,0
cc45775b639f9eb4,24019,,0,270,9,0,0
ccc8bac1bedfb5ba,18439,,0,658,13,0,0
cc6904abea018646,32464,,0,496,12,0.300000012,0.300000012
ccd178d565d5dd82,83551,,0,87,2,0,0
cc181e32f281dca3,80539,,0,64,1,0.400000006,0.400000006
ccc76bcb3983c7b9,1937,,0,187,6,0.166666672,0.166666672
cc0052c7809d4516,81393,,0,134,4,0,0
cc5e8a1a74155866,68538,,0,110,3,0,0
cc7e2fec24185624,2757,,0,197,7,0,0
cca78e8f67397da2,81725,,0,415,11,0,0
cc6da424560b3ba2,24010,,0,232,8,0,0
ccb614e53133beff,10916,,0,319,10,0,0
cccdb2396fb03eb5,85518,,0,506,12,0,0
cc90d01d48dbac8a,94006,,0,111,3,0,0
ccfb33904fddc988,88359,,1,92,2,0.5,0.5
cc868df9f5d45058,87309,,0,526,12,0,0
cc3785615c7dd989,48116,,0,56,0,0,0
cc8c6f6e9a90ce33,39319,,0,186,6,0,0
ccc636bba98f4ad9,79435,,0,344,10,0,0
cc769e5c27deaf88,11909,,0,447,12,0,0
ccb20cd6eeca992e,18821,,0,153,5,0,0
cccb56d9fc8e00a1,29072,,0,144,5,0,0
cc0a7a778ea12b52,67081,,0,585,13,0,0
cc626f845a0ae606,87692,,0,68,1,0,0
cc8b18bbe8a1c088,61086,,0,397,11,0,0
ccf7152174bc9658,19282,,0,394,11,0,0
cc5ad63826fd57cf,79692,,0,439,12,0,0
ccd9e1f9390fc614,60536,,0,498,12,0,0
ccf7721cb9cf9918,28170,,0,311,10,0.166666672,0.166666672
ccdc41d53109ba02,55695,,0,439,12,0.200000003,0.200000003
cc6ccdb11a585e1f,84443,,1,211,7,0.5,0.5
cc39c419f62a3a57,83924,,0,126,4,0,0
cc2b0757df88f03f,34480,,0,590,13,0,0
cc802bd5ca6091a4,79177,,0,568,13,0,0
cc880279e3d859ba,88644,,0,997,15,0,0
ccd83b7c2aa1566b,62352,,0,991,15,0,0
ccdfbbac496d3df5,85874,,0,261,8,0.166666672,0.166666672
ccbdeaf796903229,78855,,0,53,0,0,0
cc7bd9c1843ecfb8,62170,,0,150,5,0,0
cc9ccbe08e37ba78,65727,,0,297,9,0,0
cc18714c3ec2b825,1953,,0,213,7,0,0
cc2fec23fbeb0ee0,1483,,1,111,3,0.888888896,0.888888896
cca30931a13de5e7,59438,,0,43,0,0,0
cc5f551b491590e4,80494,,0,45,0,0,0
cc6b69602183b6b2,85989,,0,119,4,0,0
cc469248e1fd6438,65003,,0,172,6,0,0
cc3bbaf8cc78a673,1006,,0,560,13,0,0
cc37188346d0cf10,25458,,0,284,9,0,0
ccfce07642bd09b4,17379,,0,749,14,0,0
ccc37fc72babc0e4,35665,,0,621,13,0,0
cce4857f89ed7d55,74373,,0,458,12,0,0
ccda8d7c37324579,61943,,1,243,8,0.600000024,0.600000024
cca45370fce28a9d,61118,,1,165,6,0.600000024,0.600000024
cc019da1a15251b6,41910,,0,297,9,0,0
ccb6b54e736d6c4d,62936,,0,994,15,0.200000003,0.200000003
cc984959f7da2042,93181,,0,259,8,0,0
cc0a20a4a276887f,73736,,0,886,14,0,0
cc39721ce5e50f4f,6639,,0,131,4,0,0
cc2694b475961c2a,69875,,0,55,0,0,0
cc05d13964e05a78,13294,,0,182,6,0,0
cc1f3cdeb72b1a62,35090,,0,65,1,0,0
cc763f32040cf885,288,,0,54,0,0,0
cceea348ddf77494,47865,,0,172,6,0.200000003,0.200000003
cc5f0cee6843497e,90779,,0,974,15,0,0
cc2d58b73a823727,20570,,0,144,5,0,0
cc40dab9bd40fcd3,81160,,0,163,6,0,0
ccf08319e78d294e,92720,,0,288,9,0,0
ccde8ce8679eb5f4,2841,,0,500,12,0,0
cc4f651dfd22f643,20807,,0,787,14,0,0
cc8a7309ad51cdc6,83308,,0,280,9,0,0
cc17678caa458d2f,76715,,0,934,15,0,0
cc477fd508aa2d8c,28269,,0,92,2,0,0
cc9ac2a4f0202391,12234,,0,283,9,0,0
ccf654e2650e0441,41217,,0,198,7,0,0
cc7501e04283eaac,83367,,0,407,11,0,0
ccd07ac7fb0a1bdc,13051,,0,89,2,0.300000012,0.300000012
cc00d9c226ba3192,52268,,0,59,1,0,0
cc2400ab2556a9c8,59073,,0,177,6,0,0
cc5a5d6f40af0839,42136,,0,57,0,0.100000001,0.100000001
cc6ded6724514e7a,1610,,0,987,15,0,0
ccf63cfb8a9e7533,85135,,0,259,8,0,0
cc48dfba6fb15514,91969,,0,51,0,0.186046511,0.186046511
ccb20bad83202530,10495,,0,482,12,0.200000003,0.200000003
ccd80df624aa2139,61004,,0,104,3,0,0
cc8100038d82f53d,96590,,0,760,14,0.200000003,0.200000003
cc0e2624ab861bec,44994,,0,985,15,0,0
cc758b24e00f35c5,84024,,0,270,9,0,0
cc50844e11a1f715,68252,,0,52,0,0,0
cc4537da7aad801d,39352,,0,231,8,0,0
cc8094f11c49a1df,1474,,0,264,9,0.400000006,0.400000006
ccf889e1648c5ec2,20709,,0,444,12,0,0
cc3b8f1eb3f8ac46,28128,,0,73,1,0,0
ccb20f777b5ba020,86870,,0,398,11,0,0
cc3974044ae4a7a8,78117,,0,299,9,0,0
ccb780e7d1564fb2,18274,,0,453,12,0,0
ccd90cde9756d658,72437,,0,287,9,0,0
cc5ae3abdeca4691,46220,,1,230,8,0.833333313,0.833333313
ccd8daaba31a7d66,36109,,0,82,2,0,0
ccd15a510354ce20,55124,,0,976,15,0.166666672,0.166666672
ccc557298cc37084,88901,,0,204,7,0,0
cc6b69446f9b833b,66087,,0,224,8,0.166666672,0.166666672
cc624fa972dcd1e7,65138,,0,571,13,0.166666672,0.166666672
cc7d1cfa3bb95852,87316,,0,294,9,0,0
cc9afb7e255e24ab,33471,,1,257,8,0.699999988,0.699999988
cc1f775d9538d9db,27725,,0,526,12,0,0
cc8ebc4d9cee432a,86295,,0,531,13,0,0
cc6790c0367d70b6,29220,,0,241,8,0,0
cc9882e9c48afa4b,40125,,0,163,6,0,0
cc5017c17cfa243c,72136,,0,995,15,0,0
cc34159339c7caab,75950,,0,403,11,0,0
ccfeb2c35a1dcafe,18569,,0,440,12,0,0
cc662342d328c8fa,26813,,0,349,10,0,0
ccadb785928909df,18471,,0,427,11,0,0
ccb7f71dbe8c6190,86735,,0,292,9,0.200000003,0.200000003
cc78934c3513bf83,67818,,0,130,4,0,0
cc2cf999b93b975f,73067,,0,244,8,0,0
cc0da494ff2e2beb,32215,,0,342,10,0,0
cc38bbd8e23afd50,86685,,0,90,2,0,0
cc5ca57043085777,70382,,0,140,5,0,0
cc626a7b57a786b5,55246,,0,145,5,0,0
ccbd339862e95fb1,44328,,1,340,10,0.5,0.5
ccf41e529cc77e6f,18284,,0,95,2,0,0
ccec9eff6554e463,24259,,1,384,11,0.797101438,0.797101438
cc6fd8853c2c2499,82937,,0,357,10,0,0
cc564dac3a454767,63589,,0,156,5,0,0
cc199bc55294f040,52354,,1,537,13,0.699999988,0.699999988
cc9f77e6916b57a4,39338,,0,310,10,0,0
cca6100e332d2c8c,50528,,0,117,4,0.166666672,0.166666672
cc2fe1ab864557e3,30074,,0,106,3,0.400000006,0.400000006
cced23a5fbeacbba,8842,,0,102,3,0,0
cc86874923be184b,12575,,0,810,14,0,0
cca534ef98c48779,38818,,0,345,10,0,0
cca783c1fbb60656,64206,,0,192,6,0,0
ccb32900fb255316,92611,,0,72,1,0,0
ccc6d619bae1c8b3,37470,,0,77,2,0,0
ccdc7883b5d6435b,21144,,0,182,6,0,0
cc2e9ea39ac1de37,20925,,0,130,4,0,0
ccc4908067839d36,60988,,0,556,13,0.200000003,0.200000003
ccaa1c75ae02e04f,86352,,0,422,11,0.300000012,0.300000012
cc03e4d3bcdf1299,85450,,0,215,7,0,0
ccaa6ad7c7d1eb2d,11917,,0,56,0,0.166666672,0.166666672
ccf501b7e2621c92,12720,,0,361,10,0,0
cc3f51732cde6989,61774,,0,139,5,0,0
cc3c0ace484bd4ff,2545,,0,85,2,0,0
ccba65dcd6c131b3,4059,,0,416,11,0.166666672,0.166666672
ccdd39bcb0a6a7ef,2957,,0,182,6,0,0
cc9d61706fa4f4db,89544,,0,265,9,0,0
cca5f4a5affb1542,12074,,0,127,4,0,0
cc9fd871138eda42,76155,,0,580,13,0,0
cccd8f17e708a123,1673,,0,307,9,0,0
ccd08da75fcf4a7f,26209,,0,314,10,0,0
cca48777a5b48d41,87680,,0,67,1,0,0
ccff1d2870904a76,74545,,0,739,14,0.166666672,0.166666672
cc7ca4be557314e5,78200,,0,184,6,0.200000003,0.200000003
cca4ed1ff52cce81,13225,,0,49,0,0.166666672,0.166666672
ccb8c75f3c15314f,72900,,0,134,4,0.200000003,0.200000003
cce04210e6e680ae,4573,,0,57,0,0,0
ccfd2d6ab16735aa,88904,,1,538,13,0.699999988,0.699999988
ccb64e97ad316f48,70743,,0,242,8,0,0
cc91ccd212f9cadd,1686,,0,295,9,0.487500012,0.487500012
ccbf8ed6c5e51b9f,38724,,0,166,6,0,0
ccc168592bb861ed,53949,,0,772,14,0,0
ccb255ea0d633e25,73569,,0,102,3,0.200000003,0.200000003
cc08fb841d3861a8,2574,,0,491,12,0.400000006,0.400000006
ccc61b1edb744877,23872,,0,103,3,0,0
cc46d7534f08b3ca,55007,,0,127,4,0.400000006,0.400000006
cc490e7708ef22a4,47926,,0,174,6,0.400000006,0.400000006
ccde9c750cb4850e,33557,,0,415,11,0.166666672,0.166666672
ccbfddc9a83d623f,55253,,0,67,1,0,0
cca2be220ba5f818,77915,,0,380,11,0,0
cc23e62ea6eebb20,84629,,0,191,6,0.300000012,0.300000012
ccc97a3f27365dc5,25184,,0,70,1,0,0
cc2481f01ba613ef,66276,,0,64,1,0,0
cc7f611dbe74b310,89483,,0,330,10,0,0
ccfad02cc2eac745,87952,,0,60,1,0,0
ccf238a57e6b9dfc,47018,,0,987,15,0,0
cc9aa0ae40f08c22,74998,,0,111,3,0,0
ccd6fad87da46510,28547,,0,925,15,0.166666672,0.166666672
cc519b89fb7420fd,91025,,0,263,8,0,0
cc07b9ca2a1db442,67582,,0,51,0,0.166666672,0.166666672
cc6f7dafb3154887,23236,,0,305,9,0,0
ccec8e6525bbd370,91679,,0,80,2,0,0
cc43ea95dec53ec7,55093,,0,590,13,0,0
cc477a72d1d51669,1576,,0,70,1,0,0
ccb1b9a2cc0b8f15,33791,,1,175,6,0.5,0.5
cc19f1cc580f00e1,37202,,0,128,4,0.200000003,0.200000003
cc93b7db7968155b,58821,,0,804,14,0.166666672,0.166666672
cc80080a6a060115,77089,,0,669,13,0.200000003,0.200000003
cc83e814d204eb5f,31694,,0,160,5,0,0
ccb7a2ee02417923,51890,,0,576,13,0,0
ccad458a834f78ba,74630,,0,76,2,0,0
cc8594a96516629c,63174,,0,354,10,0,0
cccd8bbae4770556,10407,,0,110,3,0.166666672,0.166666672
cc9ab0a76d402cfe,61175,,0,615,13,0,0
ccbf66e76b30ae7d,48957,,0,155,5,0,0
cc21ef21fd09c66c,70339,,0,131,4,0.200000003,0.200000003
cc3e89745b0b0d8c,69585,,0,298,9,0,0
cca27d29a11feed1,56962,,0,250,8,0.300000012,0.300000012
ccc5aa52302cf46e,76499,,0,140,5,0.166666672,0.166666672
cc58f9c29ad08dd3,37574,,0,361,10,0,0
cc57257fbc25adf1,6371,,0,113,3,0.400000006,0.400000006
cc1c016a9f83556d,21135,,0,391,11,0,0
cc599a351380fb1d,66069,,0,153,5,0.400000006,0.400000006
ccf2b219cc9e2162,33398,,0,688,14,0,0
cc011f2d53a0615c,57383,,0,112,3,0.4375,0.4375
ccc99af44e98dba0,72926,,0,329,10,0,0
cc758e3d56f8ee4b,80524,,0,284,9,0,0
cc3accca581d0097,22426,,0,81,2,0,0
ccb81e9ce3d09ba7,33235,,0,286,9,0,0
ccbcd8fb5234efe5,85277,,0,95,2,0.300000012,0.300000012
cc1b6ef56d546690,36065,,0,186,6,0,0
cc5e20286e0a0c25,14320,,0,151,5,0,0
cc6270c0ffbe5f94,14537,,0,264,9,0,0
cc614ae82bd071ec,64020,,0,327,10,0,0
ccd771df721e4cbc,48809,,0,105,3,0.400000006,0.400000006
cca53f556b1f4344,1718,,0,418,11,0,0
cc9ffcc8b928dd67,1613,,0,71,1,0,0
cc082f3efd4946f3,2716,,0,319,10,0,0
cc612c66a448230b,76641,,0,63,1,0,0
cccf56f01a9166be,15730,,0,153,5,0.166666672,0.166666672
ccef986925748ee0,90653,,0,276,9,0,0
cc2452cd8d5b1676,90385,,0,68,1,0,0
ccee466af8443205,50557,,0,995,15,0,0
cce46b92e49356a3,68740,,0,644,13,0,0
cc698542eecb0414,45844,,0,225,8,0.400000006,0.400000006
cce1f942f5836c9e,49288,,0,70,1,0,0
cc5a2fc968a29f54,83519,,1,406,11,0.5,0.5
cc27573067e6c1d3,67771,,0,206,7,0,0
cc542b809144b6d1,9377,,0,450,12,0.200000003,0.200000003
cc4ee2b1cb4e8845,6537,,0,162,5,0,0
cc86c47b661ecd92,9407,,0,102,3,0,0
ccf65985600a3962,51373,,0,423,11,0,0
cc929afda9000274,7,,0,185,6,0,0
cc277cd4590523c6,41248,,1,457,12,0.5,0.5
ccff85ca5d085132,59980,,0,87,2,0,0
ccd22e91ce10ddec,94850,,0,208,7,0,0
cc88cb489f698f2e,64243,,0,131,4,0.464788735,0.464788735
cc3ac826786e6c97,67017,,0,71,1,0,0
cc10c8f7e0a6a69e,83153,,0,554,13,0,0
cc06f76853377c54,61724,,0,71,1,0,0
ccdd34dfd8a76902,3192,,0,109,3,0.300000012,0.300000012
cc25fc7f735aa7c9,46111,,0,120,4,0,0
cc0be95a2b87a37e,75861,,0,129,4,0,0
cc51634bb7209b7f,88890,,0,155,5,0.300000012,0.300000012
ccf8487564603453,23560,,0,244,8,0,0
ccb51931336a9772,39618,,0,445,12,0.200000003,0.200000003
cc6fa442f2553964,45879,,0,984,15,0,0
ccdc4ec53d96fa6b,77320,,0,151,5,0,0
cc06c74e224da0ef,89569,,0,181,6,0.400000006,0.400000006
cc829192c481bf64,18373,,0,350,10,0,0
ccbb0af84fa36fae,1840,,0,891,14,0,0
cc087f6fc3c42af3,93636,,0,666,13,0,0
cc00a90668c14231,90359,,0,322,10,0,0
cc0888e40baa2543,41454,,0,811,14,0.166666672,0.166666672
cc311192a1ee1811,92174,,0,429,11,0,0
cc10891002147d66,68625,,0,150,5,0,0
cce4c158a2764397,87325,,0,157,5,0,0
ccc28c885ef6a758,6386,,0,187,6,0,0
cc04af4db3b6f482,40202,,0,151,5,0,0
ccdb7acf8b60e715,83396,,0,82,2,0,0
ccb49310c894ed97,97256,,0,79,2,0.400000006,0.400000006
ccf736dbe591454e,92180,,0,461,12,0,0
cc45af5c72dc7830,26144,,0,103,3,0,0
cc27d8d6a66be988,45418,,0,138,5,0,0
cc659c57ebdb607b,57197,,0,102,3,0,0
cc6e062453bc5ef0,28766,,0,211,7,0.166666672,0.166666672
cc307b4ec236f08e,77165,,0,44,0,0,0
cc1ddad958e74b2f,42954,,1,277,9,0.600000024,0.600000024
cc3480e2222b72a2,48262,,0,124,4,0,0
ccdeb8f0cf4bd8d5,3447,,0,565,13,0,0
cc14fa277fd194ce,2813,,0,94,2,0,0
cc217879c24dc7e6,737,,0,108,3,0.142857149,0.142857149
cc00275a3b9fdf1b,83291,,0,999,15,0,0
ccdaeed640da0ba3,6819,,0,255,8,0.166666672,0.166666672
ccdf8fe00baa4e29,60394,,0,963,15,0,0
cc46add28ce39ce2,50304,,0,53,0,0,0
ccbc9f3f2f048183,33525,,0,152,5,0,0
ccea96fb432b78c5,80206,,0,996,15,0,0
cc455ff0313b492a,70553,,0,986,15,0.200000003,0.200000003
ccefc90de7cf3f2d,60202,,0,218,7,0,0
cca0a69837fa47e3,52841,,0,64,1,0,0
ccb140f97d72284c,65061,,0,171,6,0,0
ccabf711ead04c41,22204,,0,182,6,0,0
cc4ef45a81c63a5a,26617,,0,147,5,0,0
cca4ddce5545de95,51871,,0,324,10,0,0
cc144858ac5f2f26,40814,,0,56,0,0,0
ccf1822b3b4437b8,51791,,0,387,11,0,0
cc5a08f8baa5c663,89390,,0,115,3,0,0
ccd5ccffc4b21197,18341,,0,503,12,0,0
ccf60bdaa5f4ea35,95877,,0,93,2,0,0
ccb2e6809b4d02fd,20372,,0,257,8,0.200000003,0.200000003
cc027d065cfcb7fd,13987,,0,139,5,0.166666672,0.166666672
ccbb8505f0622c54,53679,,0,49,0,0.200000003,0.200000003
cc9ce39fabb452fb,94631,,0,359,10,0,0
cc739db5b47f6f8f,15621,,0,222,7,0,0
ccb8b58af103878e,43889,,0,233,8,0,0
cca7ae6ab345e71d,71361,,0,464,12,0.166666672,0.166666672
ccb55062d8d0ac37,17031,,1,61,1,0.5,0.5
cca61725258c9472,87568,,0,388,11,0,0
cca597bbefc1d084,67753,,0,403,11,0.300000012,0.300000012
ccdd2bb2f4918c12,13935,,1,739,14,0.5,0.5
cc930a4b67bca42a,38901,,0,846,14,0,0
ccdebbc77f9a9cfc,26343,,0,993,15,0,0
ccef3d0cd53d8288,35696,,0,120,4,0,0
cc055c3f289f42a4,42604,,0,239,8,0,0
cc1183c75d84606c,65085,,0,672,13,0.166666672,0.166666672
ccb391328a1fa20f,68713,,0,143,5,0,0
cc3e8904403bf8f7,26362,,0,89,2,0,0
cc62ad0eb22d9c56,80792,,1,79,2,0.814814806,0.814814806
cc4e76bd871b0df5,76192,,0,174,6,0,0
cc612e1e5c329aa7,84725,,0,167,6,0,0
cc053bea35a87ac3,59730,,0,177,6,0,0
cc1d4465245d9d40,49037,,0,978,15,0,0
cc7526591082bc20,66306,,0,195,7,0,0
ccf1c5ec16ccc0dc,31679,,0,378,11,0,0
cc4582326210d69c,11887,,0,209,7,0,0
cc1d6c8d756cc68d,73109,,0,224,8,0,0
cc43ffdfbfe17ea2,91335,,0,254,8,0,0
cc7372fe65db6b46,54847,,0,56,0,0,0
cc5b374f13be30f8,26645,,0,65,1,0,0
cc3b8d3035b941a6,6387,,0,875,14,0,0
cc974a014d2f1c34,10724,,0,62,1,0,0
cc6273d89693bc1a,3111,,0,393,11,0,0
ccbe6a2061c2d654,65294,,0,51,0,0,0
cc69ea8d3457558c,38015,,0,995,15,0,0
ccc357253ba6fc09,4213,,0,193,7,0,0
ccfff280a94c4d69,55291,,0,990,15,0.166666672,0.166666672
ccd9c93e9cc8b52f,90295,,0,540,13,0,0
ccdc7deea468d4da,54284,,0,407,11,0,0
cc1860d21c72f20f,49160,,0,335,10,0,0
cc281d1d1d98c4dc,991,,0,192,6,0,0
ccc9502b8a2f1ba9,23806,,0,66,1,0.400000006,0.400000006
ccb5b4dd190248f7,15378,,0,109,3,0,0
cc3d0668bedb7f43,90917,,0,636,13,0,0
cc3d63e6e82f7dcf,44809,,0,644,13,0,0
cc7c33890305853a,63386,,0,64,1,0,0
cce048e53c09e2df,1061,,0,179,6,0.400000006,0.400000006
ccc4995f104983e0,70576,,0,54,0,0,0
ccd4226c90de69d7,14308,,0,986,15,0,0
cc723454f1d930d0,84426,,0,417,11,0,0
cc85e8670632695f,6230,,0,483,12,0,0
ccd1bf0bfd94560c,83278,,0,112,3,0.300000012,0.300000012
ccbf97b71c66a697,40476,,0,114,3,0,0
cc1cfe1ea6578829,39672,,0,990,15,0.200000003,0.200000003
cc98dd2d150c0b83,63419,,0,63,1,0,0
cc1c9e0383d0416b,461,,0,438,12,0.166666672,0.166666672
cc17b5c34c75073b,49449,,0,691,14,0,0
cca6b6c2923309ba,46075,,0,65,1,0,0
cc13bcec9d5e53f1,40165,,0,235,8,0,0
cc3ba25bc52f23ff,61248,,0,142,5,0.200000003,0.200000003
cc935988baa9c7c4,36967,,0,796,14,0,0
cc0652e00d4fb638,41550,,0,141,5,0,0
cc78765bd5961a1f,96724,,0,90,2,0,0
cc6eba0c71066351,63681,,0,235,8,0.400000006,0.400000006
ccfc0c29a10aec09,57294,,0,223,8,0,0
cc312638c124f7a3,61324,,0,235,8,0,0
cce0426f58c5c9a0,13272,,0,194,7,0.400000006,0.400000006
cc1574019a11bd33,23419,,0,291,9,0,0
ccfbd099460d1e2f,66587,,1,254,8,0.600000024,0.600000024
cc503ff7972e7d91,11102,,1,246,8,0.789473712,0.789473712
cc95969eef5bc60c,50184,,0,40,0,0,0
cc3204d72697a6aa,27055,,0,40,0,0,0
cc206fff5daead92,56524,,0,133,4,0,0
ccc8467929b9986b,95150,,0,135,4,0.200000003,0.200000003
ccac541063047def,96322,,0,53,0,0,0
ccbec6a30fbfd692,59338,,0,87,2,0,0
cc880a8823ee7bef,38815,,1,285,9,0.699999988,0.699999988
cc4100e207d7c748,57505,,0,213,7,0,0
cc88a269eec29d83,9987,,0,104,3,0.385714293,0.385714293
cc28fb8d83ff7c83,82351,,0,102,3,0,0
cc667ef905928609,78545,,0,148,5,0,0
cc1d6d7ae6e246d8,74015,,0,385,11,0,0
cc1bf1d92fcdd184,54015,,0,153,5,0.370967746,0.370967746
ccb15eab5f898b4d,94579,,0,125,4,0,0
cc1cf2bf237eb4bc,35087,,0,506,12,0.200000003,0.200000003
cca046d7385a2f1e,4048,,0,235,8,0,0
cc116e116d8d21e1,37558,,0,989,15,0,0
ccdd64df7219c1df,8988,,0,347,10,0,0
ccc9f5cf88299491,79716,,0,337,10,0.166666672,0.166666672
cc9846f6d45d0c55,12595,,0,255,8,0,0
ccb6872b46b1939b,15132,,0,160,5,0,0
cc0abcbe999abc14,34280,,0,294,9,0,0
cc665fd6af8c2fd6,34049,,0,114,3,0,0
ccdd0bf7e99568bc,30233,,0,960,15,0,0
cc5f428799427eb6,69563,,1,68,1,0.600000024,0.600000024
cc194cb5303c01ba,5134,,0,738,14,0.200000003,0.200000003
cca73ab2ff023645,55420,,0,356,10,0,0
cc1d0ac92cb438ec,38761,,0,148,5,0.166666672,0.166666672
cce55b2a5e1b4acc,49131,,0,405,11,0,0
cca99f21991b262f,72174,,0,130,4,0,0
ccdeaa360695e2c4,63184,,0,113,3,0,0
cc2d7c8c10add70b,13111,,1,363,10,1,1
cc0ba70f961bbbbd,65108,,0,410,11,0,0
cc8ef8ebe0a9092f,60333,,0,108,3,0,0
ccd99a4f347abae1,69123,,0,250,8,0,0
cc81755418e46677,3486,,0,249,8,0,0
cca7ce53544aba0f,84428,,0,284,9,0,0
ccf78f250349a24d,78602,,0,445,12,0,0
cc9a2790b357cc4a,55200,,0,567,13,0,0
cceffe01f8c17625,82020,,0,598,13,0,0
cc87a9e28ff4a19a,46071,,0,307,9,0,0
cc1feef9b7ddd066,5897,,0,685,14,0,0
ccf41a5eb2cd605f,44507,,0,83,2,0.200000003,0.200000003
cc55603d9ca39a9c,42978,,0,328,10,0,0
cc2aa6f418561bab,68692,,0,787,14,0,0
cc9e604d679748c4,27830,,0,340,10,0.125,0.125
ccca9bd942404a9a,11525,,0,181,6,0,0
cc8974542c74a675,15204,,0,169,6,0,0
ccade7e7d3a06c51,61309,,0,266,9,0.200000003,0.200000003
cca13ea7b6714c80,22911,,0,167,6,0,0
cc9a231ca10644bf,13933,,0,236,8,0,0
ccffa3e3e9b19f80,19056,,0,169,6,0.166666672,0.166666672
cce934c52f4bdbd9,7393,,0,81,2,0.200000003,0.200000003
cc00e97f99856c1e,74715,,0,268,9,0,0
cce856b496a3f346,58677,,0,127,4,0,0
cc377b44acc0d958,68071,,1,152,5,0.728571415,0.728571415
cc0039b4ed971288,87686,,0,982,15,0,0
cc89e046c6da218f,69405,,0,77,2,0,0
ccd13bbe1b0c1b36,12537,,0,324,10,0,0
cc4e615e8aa2ee5b,45112,,0,995,15,0,0
cc0d211250756092,6609,,0,61,1,0,0
cc564b55ecee8ef2,77950,,0,489,12,0,0
ccc8e04a97070891,61518,,0,739,14,0,0
cc1f37704b3bbd70,58332,,0,50,0,0,0
cc9299277c0edc9e,87217,,1,132,4,0.6875,0.6875
ccee4981761a2454,4044,,0,193,7,0,0
cc739ffc72fe9c4f,61094,,0,59,1,0,0
ccabef264dda7d67,41360,,0,277,9,0,0
ccc5cb419059b591,92181,,0,123,4,0,0
cc058e0bd25a35e1,88680,,0,969,15,0,0
cc28d193403e17fc,34267,,0,42,0,0,0
ccbf3f0c442ff9b9,4439,,0,71,1,0,0
cc3c351568cc8c55,5757,,0,41,0,0,0
cc5f9b54c684c887,69349,,0,974,15,0,0
ccd6a2e0159ede31,43040,,0,937,15,0,0
cc415a526642cb94,35404,,0,61,1,0.100000001,0.100000001
cc68cc0566ca8069,50582,,0,273,9,0.300000012,0.300000012
ccd8b65e877be9d9,79454,,1,100,3,0.600000024,0.600000024
ccdbb34db4ec10fd,5962,,0,163,6,0,0
cce3a09cbd6b2d0a,37169,,0,73,1,0,0
ccbdf72b295964e0,62605,,0,212,7,0.300000012,0.300000012
cc980101a261957a,72388,,0,327,10,0.166666672,0.166666672
cc2f221e937e0723,57896,,0,184,6,0.400000006,0.400000006
cc62b7de4b14103f,21433,,0,132,4,0.400000006,0.400000006
cce4aaadf06899a5,96567,,0,902,14,0.166666672,0.166666672
cc98efffecafa980,14199,,0,54,0,0.400000006,0.400000006
cc87e2dfa7dce5a4,8301,,0,51,0,0,0
ccd48264918ef728,85900,,0,117,4,0.200000003,0.200000003
ccf4308ff3b7046e,57126,,0,136,4,0,0
cc7277065c2c7610,67594,,0,169,6,0,0
cc34decbd0adfd99,38032,,1,513,12,0.600000024,0.600000024
cc340f6f9053e6e3,78265,,0,243,8,0,0
cc723b0100637836,12738,,0,132,4,0,0
ccf5e40de5c80ff3,25361,,0,276,9,0,0
cc53278ab6bc034b,94365,,0,75,1,0.300000012,0.300000012
ccf9b7a2f6805605,26755,,0,689,14,0,0
cc843b18233a6a58,76337,,0,156,5,0,0
cc1825f829697903,57831,,0,987,15,0.166666672,0.166666672
cc21ea1131cecc2b,66240,,0,57,0,0,0
cced5b1c95e38d9d,40551,,0,520,12,0.166666672,0.166666672
cc6b68b299270d1d,59766,,0,53,0,0,0
cc1a83704549c4a4,5558,,0,422,11,0.200000003,0.200000003
ccbaf487a16aa2fd,46097,,0,998,15,0,0
cc175e19662dd22a,8393,,0,149,5,0,0
cc0b4f49c38404e8,5968,,0,415,11,0.166666672,0.166666672
ccb7280c8f8a47af,44484,,0,150,5,0,0
cc2c67de1a0f2b03,44029,,0,81,2,0.166666672,0.166666672
ccaa752eb3b6433d,20042,,0,338,10,0.166666672,0.166666672
cc92c1e182a78fba,89498,,0,208,7,0,0
ccf0575b15c21214,76444,,1,332,10,0.5,0.5
cc2fe921c2b31b2c,18395,,0,72,1,0,0
cce9b69183fd5f09,77193,,0,174,6,0,0
ccb85c8d89f68a8c,21692,,0,766,14,0,0
cc73cef6ecbc9a59,40155,,0,467,12,0,0
cc4342098df92408,20658,,0,880,14,0.200000003,0.200000003
cc7930cbedaf6437,13318,,0,298,9,0,0
cce7bd9691715b87,89467,,0,890,14,0.300000012,0.300000012
cce6e3e5617fb267,36269,,0,179,6,0,0
cc80bc9c38717e7f,94018,,0,441,12,0.166666672,0.166666672
cc5eff10cb6484f7,58696,,1,215,7,0.800000012,0.800000012
cc940f92b21cf7f6,3010,,0,991,15,0,0
cc3759bfe53e742f,4360,,0,403,11,0.166666672,0.166666672
cce738f79ac8845c,11315,,0,115,3,0,0
cc57e9a6bcf234dc,1689,,0,109,3,0.166666672,0.166666672
cc0c6a74852b9fa8,50782,,0,73,1,0,0
cc87064f7931e630,35606,,0,406,11,0,0
cc4b0f9bb02e22fe,73544,,0,255,8,0,0
cc776b90c242136d,41857,,0,259,8,0.300000012,0.300000012
cc0cef40fec7dc0b,84530,,1,467,12,0.5,0.5
ccc3d14fe6de8916,22322,,0,624,13,0,0
cc7c64c03106186a,60732,,0,216,7,0,0
cc0a80073121c7bd,84611,,0,67,1,0,0
ccf519e48385202b,87526,,0,211,7,0,0
ccf221fd3671971a,19811,,0,499,12,0,0
cc3c04f25cea4b92,75778,,0,117,4,0,0
ccbebcb8c7a0cb09,81951,,0,655,13,0,0
cca1134ef5546671,91890,,0,300,9,0.166666672,0.166666672
ccfd8d8b52280d2b,26428,,0,81,2,0,0
cc8f9db04be9f226,24908,,0,160,5,0,0
ccfa36346865d4e6,67667,,0,43,0,0,0
ccaadf78e882aa5a,74911,,0,128,4,0,0
ccb650cdafee6478,73787,,0,193,7,0,0
cc8f856605f4ba75,67846,,0,45,0,0.200000003,0.200000003
cc7a366c971b2681,75910,,0,72,1,0.300000012,0.300000012
cc74062831903be0,92511,,0,46,0,0.300000012,0.300000012
cc9e27979682509a,17891,,0,363,11,0,0
ccde29c824205f4a,45051,,0,174,6,0,0
cc65b674cf5645b5,87400,,0,58,0,0,0
cc020bc2fa7e0028,37788,,0,843,14,0,0
cc173fa37195a4e0,27373,,0,152,5,0.200000003,0.200000003
cc5e64f5f7b181c2,67344,,0,95,2,0,0
cc9210531ebc4e35,55679,,0,57,0,0,0
ccbac107206d6b49,80983,,0,566,13,0,0
ccd12d54b99f7d69,47403,,0,339,10,0,0
cc9b2450777f9716,25324,,0,182,6,0.300000012,0.300000012
cc0eee83e4809f85,95389,,0,96,3,0,0
ccd399157ab03017,32440,,0,628,13,0,0
cc1beef25745453c,89047,,0,41,0,0,0
ccfa8ed5e1ffd078,15615,,1,398,11,0.5,0.5
cca0982c9f180de5,14438,,0,122,4,0,0
ccb49ca2f23fedaf,53862,,0,96,3,0,0
ccfd56568690ba95,51021,,0,151,5,0,0
cce7fbe06f60353e,63211,,0,139,5,0,0
ccf73f603302e03e,33201,,0,282,9,0,0
cccb9f080454559e,67793,,0,182,6,0,0
cc1e27bb3350c743,41622,,0,101,3,0,0
cc5638d975e7acb2,19034,,0,80,2,0,0
cc0d78ad3d456b31,28744,,0,98,3,0.400000006,0.400000006
cce9a0738b60b357,19019,,0,64,1,0,0
cc0a6ac5dc18f512,26345,,1,53,0,0.699999988,0.699999988
cc611599ee02aff2,56517,,0,419,11,0.166666672,0.166666672
cc8ba04268993844,84052,,0,193,7,0,0
cc57a2a4b640c9a4,59878,,0,136,4,0,0
ccfd01acef823ad7,31107,,0,230,8,0.200000003,0.200000003
ccec6d7cf3b2ccbc,35788,,0,110,3,0,0
cc02d9060afb2eb4,31934,,0,180,6,0,0
ccea8836e5fa45b8,18002,,1,277,9,0.5,0.5
ccb8a5facf86a3f0,31196,,0,493,12,0,0
ccbff0eb64bd6505,60986,,0,88,2,0,0
ccc84613ed0fa575,9395,,0,856,14,0,0
ccdc8eeb9e78799b,34399,,0,157,5,0,0
cc43473aa670af1f,12048,,0,121,4,0,0
cc1325b1eed88057,52263,,0,55,0,0,0
cca393dcdd353c36,34245,,0,118,4,0,0
cc1532824c8f413b,91380,,0,229,8,0,0
cc23edfb32e08e5d,33647,,0,524,12,0,0
cc182c8661714c48,13753,,0,976,15,0,0
cc633013b98739dd,25273,,0,50,0,0,0
ccf5a0e3e7f3752d,47544,,0,218,7,0,0
cc98c38e099d230f,20595,,0,263,9,0,0
ccb36508869b49fc,26002,,0,193,7,0.300000012,0.300000012
ccb1c727eb1e074e,10958,,1,350,10,0.699999988,0.699999988
cca69aa85fe351ea,15642,,0,185,6,0,0
cc60f2e4f7f5a54e,20469,,0,424,11,0.166666672,0.166666672
cc93f7f43573cf1a,59218,,0,226,8,0.300000012,0.300000012
cc8f90b1160e29a1,6435,,1,78,2,0.776315808,0.776315808
cc636d157519dc35,94352,,0,985,15,0,0
ccb1c0da9b1afdfd,31468,,0,819,14,0,0
cc3dc1e1cee2c553,30566,,0,173,6,0,0
cc57e54e7d4ac753,35949,,0,227,8,0.200000003,0.200000003
cce6c574c149065d,94080,,0,226,8,0,0
cc35e4ce562ea359,23336,,1,65,1,0.5,0.5
ccd250d157b84108,15305,,0,54,0,0,0
cc2dc075aeb181c5,79818,,0,104,3,0,0
ccfa3ba3ef0ea50b,78614,,0,41,0,0,0
cce3208cca88ac43,82579,,0,742,14,0.400000006,0.400000006
cc4f3072977ae494,96684,,0,848,14,0,0
cc255412f2474034,43844,,0,610,13,0,0
cc5b510f4c48cb81,47091,,0,376,11,0.400000006,0.400000006
cc06d32eaa723e8e,5465,,0,109,3,0.200000003,0.200000003
ccaa9afbc7650ac4,92753,,1,62,1,0.691176474,0.691176474
cc9d3ff61d90d6d7,84660,,0,998,15,0,0
cc647b2b12d83849,14193,,0,208,7,0,0
cc13475df96ef5cd,96598,,0,40,0,0,0
ccd8fc27be74ac34,77003,,0,497,12,0,0
cc1ca9de0c3158b3,48813,,1,318,10,0.600000024,0.600000024
cc02050b95368578,14011,,0,55,0,0.166666672,0.166666672
ccb5a475b55db2ca,86828,,0,193,7,0,0
cce93117c0d7fdb2,21334,,0,205,7,0.166666672,0.166666672
cc802ac30e6b6d4e,32417,,0,709,14,0,0
cc28c47f7e78e1d2,71281,,0,84,2,0,0
cce02e3836e89890,33598,,0,77,2,0.200000003,0.200000003
cc0a8f6b60e8dfb3,72544,,0,439,12,0,0
cc132da7b77323dc,89108,,0,546,13,0,0
cc825e63cec0e866,49325,,0,131,4,0,0
ccfb533c60d15f33,50640,,0,330,10,0,0
cc4294eacec57d77,85044,,0,297,9,0,0
cc1b6da8e32cd5eb,43907,,0,549,13,0,0
cc9e8da93c2e0e31,8840,,0,91,2,0,0
ccfc4d56063b1f01,21950,,0,129,4,0,0
cc65e6931756b32c,34190,,0,87,2,0,0
cc87c13c7d396a7f,72346,,0,77,2,0,0
cc37f354b5c90cc5,54791,,0,154,5,0,0
ccc24c53ad8a051b,10123,,0,249,8,0,0
ccc52fbaedc3e993,42360,,0,150,5,0,0
ccfa785d2de20ad6,62465,,0,197,7,0,0
cc7d01ec29cce667,50761,,0,183,6,0,0
cc21af8a9f318903,59799,,1,587,13,0.800000012,0.800000012
cc8bf87053e13c14,84845,,0,312,10,0,0
cc68d3525a734b19,10198,,0,981,15,0.400000006,0.400000006
cc24cd1e6dea0710,84203,,0,265,9,0,0
cc8971d47f8d0bb7,62868,,0,247,8,0.166666672,0.166666672
cc953227c6a374fe,93277,,0,139,5,0,0
cc136a49784d33fb,25480,,0,435,12,0,0
ccde256004c03b7f,87542,,0,436,12,0,0
cccc4b407925f832,94228,,0,43,0,0.166666672,0.166666672
cc1535fd90c0678c,57123,,0,659,13,0,0
cc9618271cd987a4,80550,,0,57,0,0.100000001,0.100000001
ccd2af5479989526,28273,,0,642,13,0,0
cc74f20dcff9eec2,23759,,0,491,12,0.200000003,0.200000003
cc8c992c6aacc7c1,41380,,1,354,10,0.600000024,0.600000024
cce9e21c0ef8b875,21008,,0,235,8,0,0
cc4b257ff0396e33,64436,,0,131,4,0.200000003,0.200000003
ccb5bfa64d837f18,7311,,0,89,2,0,0
cc6ca2bfeb225e3c,6287,,0,103,3,0.100000001,0.100000001
ccbd3749ae95a0b1,44035,,0,146,5,0,0
cca083f62f69791c,36223,,0,323,10,0,0
cc9419e96d7c5abf,88115,,0,57,0,0,0
cc694f2e2a6283a8,85022,,0,400,11,0,0
cc01bbaa68460552,52717,,0,631,13,0,0
ccadb4067e976d29,71261,,0,276,9,0,0
cc7402c3b6ffc49f,34628,,0,982,15,0,0
cc8ce70da922d5e2,43427,,0,94,2,0,0
ccc7c500a2c61e18,73588,,0,81,2,0,0
cc7d6cf9bbfb7c87,61428,,0,477,12,0,0
cc9d564a8ac34689,73946,,0,241,8,0,0
cc1f85044b0ce76e,96561,,0,526,12,0,0
cc0b341d22f3607f,25487,,0,303,9,0,0
cc0f6be35cf8173b,15791,,0,131,4,0,0
cc2ff8fafac108bc,8549,,1,95,2,0.699999988,0.699999988
cc76f844bc348cbc,21943,,0,252,8,0,0
ccf89337552f590e,57190,,0,746,14,0.300000012,0.300000012
cc08664b8862eb93,51185,,0,300,9,0.166666672,0.166666672
cc67c508ec512419,50975,,0,79,2,0,0
ccfa78f6a21078c0,91905,,0,708,14,0,0
ccb68b7452dedea9,65634,,0,107,3,0,0
cc76dc6aabdd4756,31062,,0,993,15,0.300000012,0.300000012
cc48f61852f185c0,72785,,0,138,5,0,0
cca0f5fdc25846f5,16937,,1,567,13,0.699999988,0.699999988
cc619198fa7aa5fd,26212,,0,93,2,0.300000012,0.300000012
cc10b339d50b28dd,71177,,0,972,15,0,0
cc0c8e90f81092e9,78967,,0,59,1,0,0
cc129ec749ec88c6,527,,0,52,0,0,0
cc4dc89ece7cf237,54917,,0,145,5,0,0
cce4d6b353442f04,59898,,0,135,4,0,0
cc85a9044cb64f76,96299,,0,996,15,0,0
ccfc1d1c03b6e55c,46254,,0,148,5,0,0
cc3fe15bf501e073,43996,,0,979,15,0,0
cc62014701a4b574,41979,,0,965,15,0,0
cc32886f36d4105c,76882,,0,583,13,0,0
cc13f77db2e3632f,36099,,0,152,5,0,0
ccbc76fd5d792db3,76600,,0,112,3,0,0
cc2b8d7f2501ce9a,75400,,0,58,0,0.200000003,0.200000003
cc13258f18bf9bea,48636,,0,108,3,0,0
ccf8c1b310542778,1002,,0,624,13,0,0
cc994f2b3e2c88b3,22407,,0,186,6,0.200000003,0.200000003
cc060c949b2662e6,17015,,0,120,4,0,0
cccae596d1d2b9d8,51617,,0,107,3,0,0
cc6132e74478dce4,58513,,0,150,5,0,0
cca517b2f31f1a53,4400,,0,320,10,0.166666672,0.166666672
cc4d99e1c7866d82,77547,,0,202,7,0,0
cc1f8a663352e676,78788,,0,981,15,0,0
cca0d84e352b3ac6,72734,,1,281,9,0.800000012,0.800000012
cc0283ce59c95adf,44044,,0,61,1,0,0
cc98ba01479d3baa,96020,,0,281,9,0,0
cc023c9dab57f601,54909,,0,204,7,0,0
cc1341d3369977b2,53345,,1,557,13,0.699999988,0.699999988
cce09a44fb9bcfec,62755,,0,369,11,0,0
ccca6eab8b5ee94b,49292,,0,129,4,0,0
cc419a5fb87e3552,37073,,0,180,6,0.166666672,0.166666672
ccc6d75c1b1de312,64521,,0,298,9,0,0
ccc1692bb908c778,17284,,0,68,1,0,0
ccd24b3a4f235e05,65143,,1,157,5,0.528571427,0.528571427
cc059173608d2a7c,84813,,0,137,4,0,0
cc7623f5e3ae177e,27365,,1,259,8,0.592105269,0.592105269
cccffdb38c407115,28366,,0,188,6,0.166666672,0.166666672
cc714e451627c3fd,97060,,0,683,14,0,0
ccb9fc2e4184b956,71038,,0,78,2,0,0
cc9b0d4776c55caa,12527,,0,57,0,0,0
cccb50859995bfe0,74746,,0,162,5,0.229508191,0.229508191
ccf82476e2cc4fab,26441,,0,51,0,0,0
cc3b4a8e9cb6c732,12596,,0,141,5,0,0
cc09a209613d9623,4539,,0,61,1,0.166666672,0.166666672
cc5de0a5a5016378,44901,,0,205,7,0,0
cc6e6f027c8fe59b,93309,,0,340,10,0,0
ccf512adf2e499ec,56960,,0,173,6,0,0
ccc517b8b602d140,95705,,0,295,9,0,0
ccc3185ef9c9cb16,75227,,0,775,14,0,0
cc1efaa81c2d8d82,12952,,0,455,12,0,0
cce73f0c5e97d3f6,76204,,0,984,15,0,0
cc99ed8ba0428552,38007,,0,93,2,0,0
cc317f5becb19410,80677,,0,40,0,0,0
cc446ef35332d4e0,42268,,0,264,9,0,0
cc703f39ae1c73c1,3554,,1,671,13,0.5,0.5
cc31943980d6d372,46811,,0,89,2,0.200000003,0.200000003
cc7992947709fb72,55036,,0,84,2,0,0
ccf9cb9597eec631,46513,,0,132,4,0.200000003,0.200000003
cce32246177051a2,92464,,0,373,11,0.300000012,0.300000012
ccc9bead5d20935a,58040,,0,84,2,0,0
ccd8f9f34165b56b,11837,,0,91,2,0.200000003,0.200000003
cc37de8704df6e5a,54503,,0,881,14,0.166666672,0.166666672
cc70b612be865de9,22347,,0,245,8,0,0
ccc607ec631ea8e9,90376,,0,85,2,0,0
cc1a43125cc560e5,2373,,0,539,13,0,0
ccee02b16108a82c,5856,,0,87,2,0,0
cc842c5c7dc3bfe5,50814,,1,92,2,0.514285743,0.514285743
cc84d3c331e3d543,32903,,0,50,0,0.200000003,0.200000003
cc2705096d2d56bf,87496,,1,531,13,0.5,0.5
cc35d52fc27c0ca9,94266,,0,313,10,0.111111112,0.111111112
ccd136c3235e7fb7,32106,,0,64,1,0,0
ccf5a4f9e8787480,45420,,0,514,12,0,0
cce08930c1c8e78a,50622,,0,59,1,0,0
cc7e8219f76851c5,43215,,0,78,2,0,0
cc819cb72bcd220c,74080,,0,82,2,0.200000003,0.200000003
cc010c233d54e71c,66274,,0,757,14,0.200000003,0.200000003
ccf2684ff872dd36,24091,,0,991,15,0,0
cc1f30e6628c16cb,74745,,0,263,8,0.166666672,0.166666672
cc535d8195d2a6f4,28721,,0,52,0,0,0
cce7949f93bdc6fa,54851,,0,362,10,0,0
ccb3c2038c13dab9,19026,,0,143,5,0,0
ccb49ab706bc657d,94480,,1,134,4,0.5,0.5
cc04d152fe7fc462,39887,,0,120,4,0,0
cca1c782222ec8a8,39397,,0,133,4,0.200000003,0.200000003
ccb993c9148337f2,68587,,0,324,10,0.200000003,0.200000003
ccddee251aa2df9b,86329,,0,335,10,0,0
ccc2c37dad63a69f,46508,,0,168,6,0,0
cc34e2b42fb5873e,73515,,0,255,8,0,0
cc80fb5ba5e02860,23965,,0,687,14,0,0
cca593daac847c24,68677,,1,479,12,0.5,0.5
cc42bad8017e8898,72254,,0,554,13,0,0
cccfda00a5c2f96e,81528,,0,188,6,0,0
cc8a61230829dde8,46757,,0,213,7,0,0
ccb9500d3c01e2d8,76433,,1,123,4,0.842105269,0.842105269
cc9d1a565a20d6a5,79865,,0,375,11,0,0
ccdea4f13b095fee,50011,,1,49,0,0.699999988,0.699999988
cc55ffc829097b46,86222,,0,77,2,0,0
cceac345ce9dcf43,30250,,0,44,0,0,0
ccd706812ac2c197,60243,,0,481,12,0,0
cc7c53d78b0a2239,74982,,0,213,7,0.166666672,0.166666672
cc7d5fe5de3bdd98,66687,,0,385,11,0,0
ccd48666192a8c00,96297,,0,123,4,0,0
cc914f81815484ff,80619,,0,219,7,0,0
cc9b61b1740c317f,70618,,0,224,8,0,0
ccd4491ad1f5c438,93250,,0,488,12,0,0
cc3b790d9ec037e8,8708,,0,225,8,0,0
cc01caca987a5543,85254,,0,418,11,0,0
cce723e4469f6a9c,92429,,0,213,7,0.166666672,0.166666672
ccb2e37871a2a1d7,570,,0,310,10,0,0
ccc339f5a8958be1,31995,,0,185,6,0,0
ccee380a744b3296,54000,,0,118,4,0.400000006,0.400000006
cc080a23d639ff54,88371,,0,40,0,0,0
cc3a731ca0f56f60,49173,,1,268,9,0.537500024,0.537500024
ccabc4009dba8388,43805,,0,361,10,0,0
cca1fbbdf3d3934a,3955,,0,335,10,0,0
cc17d38b3298d1f2,30844,,0,513,12,0,0
cc94a95b5f7bc218,21587,,0,104,3,0,0
cca6c458ccdb11a4,48526,,0,230,8,0,0
cc7cf6cca07ec0ae,21791,,0,115,3,0,0
cc24fcf0720508a1,17267,,0,993,15,0,0
cc025430d1024597,59402,,0,455,12,0.400000006,0.400000006
cc40c73502c10b3d,55122,,0,161,5,0,0
ccc581493f798e0e,28555,,0,924,15,0,0
cc44ab7d329bae18,10683,,0,403,11,0.300000012,0.300000012
cccea15cdb6570c6,3326,,0,351,10,0,0
cc42d057c5ef5f72,6723,,1,149,5,0.633802831,0.633802831
cc4919e95272d8b8,29571,,0,820,14,0,0
cccc009b8a96a429,64279,,0,368,11,0,0
cc149b67bb626493,15413,,0,387,11,0,0
ccc2a55da3b7f5ab,27748,,0,127,4,0,0
cc54c568d764f5bd,13069,,0,310,10,0.200000003,0.200000003
cc0ffde6ce5c960f,86902,,0,41,0,0,0
cc0569844d761163,27916,,0,481,12,0.400000006,0.400000006
cc1bdc7e41e7b74f,23810,,0,337,10,0,0
ccd54dc1ba929f82,42586,,0,81,2,0,0
cc028e52c7e3484a,43257,,0,844,14,0,0
cc8d5c557dca6a9a,47915,,0,88,2,0,0
cc9ddbb8cf930004,69957,,0,778,14,0,0
cc29d1f9aac3b5cd,33906,,0,74,1,0,0
cc3b4054fe9ddfa2,69851,,0,216,7,0,0
cc4eb2f817ffb6b8,19726,,0,708,14,0,0
cc426db7634a9e44,5015,,0,63,1,0.200000003,0.200000003
cce5b179b94568ea,82839,,0,970,15,0,0
cc241899a105b86c,43350,,1,127,4,0.528571427,0.528571427
cc5cf866fcaf07ce,26656,,0,108,3,0,0
cc66e8ce4e2b8f2f,42981,,0,264,9,0,0
cc49fd6f3f2033b3,29567,,0,90,2,0.166666672,0.166666672
cc241f383c03fc24,42450,,0,108,3,0.300000012,0.300000012
cc5ba133fb94ed0c,83810,,0,985,15,0.166666672,0.166666672
cc2cafa7859be014,32901,,0,44,0,0,0
cc906567d796e804,17648,,0,67,1,0,0
cc89e1b4496f3c77,85486,,0,100,3,0,0
ccb2f6ce9ed07527,2034,,0,151,5,0,0
cc802896d0b472d9,58143,,0,105,3,0,0
ccc44974548777ee,13222,,1,425,11,0.699999988,0.699999988
cc917bffaf5947e3,58941,,0,182,6,0.200000003,0.200000003
cc69d6ec2ea214da,43325,,0,191,6,0,0
cc4b709e51c87ccb,58383,,0,189,6,0,0
cc7500a00b85c4cb,31219,,0,212,7,0.200000003,0.200000003
cc3454dd28afd31c,46246,,0,71,1,0,0
ccfe7faee96bf8a5,44449,,0,149,5,0,0
cc82faf5b7a4d08a,16021,,0,109,3,0.300000012,0.300000012
cc7cd10df13c6378,78833,,0,327,10,0,0
ccbab4920016eeaa,83607,,0,94,2,0.200000003,0.200000003
cc51ea31201ca070,3284,,0,40,0,0,0
cc9361ea2ec4edb1,21792,,0,841,14,0,0
cc76efb6a5221fae,90360,,0,989,15,0,0
cc8bffe14ae3612a,19064,,0,256,8,0,0
cc9f5a0970e4aa26,1691,,0,381,11,0,0
cc41a1ed06087f09,63436,,0,806,14,0,0
cc94a91025117f12,40862,,0,487,12,0,0
ccd5b7d192b42892,28967,,0,383,11,0,0
cc74aa3cef8debfa,62894,,0,484,12,0,0
cc5843bc43cb35ef,24041,,0,123,4,0,0
cc51a0c1bced6f78,37606,,0,107,3,0,0
ccdc8224d927262a,62858,,0,386,11,0,0
cc24ad70a2aa1aff,55441,,0,270,9,0,0
cc499a38a80a6588,66931,,0,185,6,0,0
cc00590f4a3a63f0,68927,,0,395,11,0,0
cc0a95f2d31fa966,80706,,0,161,5,0,0
cc3b5dea013cbf3f,48070,,0,91,2,0,0
ccde4d2df21d4bfc,12426,,0,448,12,0,0
ccfdc8d8be1b9027,73040,,0,995,15,0.400000006,0.400000006
cc6872cb6e17d931,92782,,0,93,2,0,0
cc0a48ad9e4d0d0c,69991,,1,50,0,0.976000011,0.976000011
cc2f13804cb56598,46554,,0,206,7,0.400000006,0.400000006
cc4702069bffedb7,12515,,0,984,15,0,0
ccde6a0a2571386f,38290,,0,423,11,0.200000003,0.200000003
cc76647e36351720,54758,,0,613,13,0.166666672,0.166666672
cc45a6081b0de68b,88979,,0,266,9,0,0
cc785d910ab7c33c,72789,,0,612,13,0,0
cc6c814084ca65ff,92291,,0,277,9,0,0
cc52420e2f717ea9,82235,,0,971,15,0,0
cca1854c3c7fe260,35879,,0,222,7,0,0
ccf6b50fd166ced1,25999,,1,504,12,1,1
cc2b52e82c7879ed,6135,,0,168,6,0,0
cc9562526b23405c,16706,,0,130,4,0.166666672,0.166666672
cc44326b0649eaad,4093,,0,127,4,0.100000001,0.100000001
cc883f8b0cbf14ae,29840,,0,736,14,0.200000003,0.200000003
cc03e2d6b2e627f4,94433,,0,97,3,0.200000003,0.200000003
cca19b83f802ddb8,9120,,0,214,7,0,0
cc97eeb47754ea31,49243,,0,65,1,0,0
cc8e792499f7c618,34982,,0,450,12,0,0
cc87606e7b402876,27137,,0,145,5,0,0
cc02f74b7e1607e1,52614,,0,750,14,0,0
ccc3274eb3f9f406,65896,,0,183,6,0,0
cc4c4cf24364c44c,94061,,0,359,10,0.200000003,0.200000003
ccf86e53b9fa81f1,18405,,0,86,2,0.400000006,0.400000006
cc36faec2354d5ed,72328,,0,327,10,0,0
cce2427920bdba30,74808,,0,862,14,0.100000001,0.100000001
cc9f32484663d2f3,4837,,0,992,15,0,0
ccd098957bc0d58e,61783,,0,379,11,0,0
ccaa013c40a9ebf1,67436,,0,138,5,0.200000003,0.200000003
ccc02fe7bc649aae,45243,,0,174,6,0,0
cc62fb7591ee1b68,29901,,0,388,11,0,0
ccc1d7c3f3ac55c2,59501,,0,675,14,0.200000003,0.200000003
cc68deec8ea29827,68715,,0,625,13,0,0
ccf16d660881efe8,74921,,0,105,3,0,0
cc28d13f8da7a373,25339,,0,994,15,0.166666672,0.166666672
ccef91edc191145d,63843,,0,209,7,0,0
ccdf72d7966a6cef,50354,,1,528,12,0.600000024,0.600000024
cca539de39c8eb98,29776,,0,221,7,0,0
cc95b17e07d5ce9d,40833,,1,321,10,0.5,0.5
cc1a4c5e4f84635b,39635,,0,57,0,0,0
ccaad66ad303c6b5,45176,,0,175,6,0.166666672,0.166666672
cc26562be17174a2,20910,,0,216,7,0,0
ccd21f82293061d4,47584,,0,80,2,0,0
cc8654b5511d1276,59135,,0,367,11,0,0
ccf9dc8f1fc4d98a,4413,,0,951,15,0,0
cc49fdc2bf6ec6c6,24907,,0,273,9,0,0
cca3911b46410113,89982,,0,263,9,0,0
cc568a7002186484,14560,,0,937,15,0,0
cc9a32c178bd8e03,77375,,0,300,9,0,0
cce6d3cda0a7407a,65562,,0,43,0,0.166666672,0.166666672
cc1b6e8a5057effb,70364,,0,990,15,0,0
cc36d4c9f15ffced,53041,,0,473,12,0,0
cc1b3753490da934,74875,,0,128,4,0.166666672,0.166666672
cc0c110d94208d1e,56057,,0,926,15,0,0
cc59853add5e1171,4913,,0,562,13,0,0
ccbc9711d0feaa63,15485,,0,192,6,0,0
ccf1eaf15a09a72f,75718,,0,990,15,0,0
ccf00fe4f5423ebb,63479,,0,55,0,0,0
cc970dbb12f5e8e2,48674,,0,101,3,0,0
cc85740bdaa72283,81645,,0,150,5,0,0
cc64e102e82dbee6,94140,,0,51,0,0.300000012,0.300000012
cc06a8e1400ddbdd,31448,,0,555,13,0,0
cc5d187bdabe3331,68046,,0,200,7,0,0
cca38f9fc430a024,2385,,0,78,2,0,0
ccc7941ff0379464,48013,,0,445,12,0,0
cc6fb2a3433f8dbf,81853,,0,220,7,0,0
cc75471ff1203370,90908,,0,124,4,0,0
ccb415f80f4b2e30,31829,,0,405,11,0,0
cc8d5c53417254f9,1240,,0,311,10,0,0
cc48f941bbf18b3e,15166,,0,64,1,0,0
cc386356aad35ea1,52285,,0,121,4,0.200000003,0.200000003
cc7f3697d8d77b48,74442,,0,154,5,0,0
cc96b9a17a27f3a2,35732,,0,51,0,0,0
cc9b4c8c00278a8f,54072,,1,50,0,0.767857134,0.767857134
ccdd10e9c1e9ac2f,19298,,0,80,2,0.166666672,0.166666672
cc505b81aab8d42a,52235,,0,298,9,0,0
cc1cf41e9198cdfb,18964,,0,78,2,0,0
ccd8c77fb6735e58,13172,,0,48,0,0,0
cc6bc01b56cc9052,8591,,0,58,0,0,0
cc849ed619ab1614,42001,,0,632,13,0,0
cc99781558890e8a,20263,,0,48,0,0,0
cc6470c817fc533d,54371,,0,84,2,0,0
cc2a14131e225bce,55079,,0,355,10,0,0
cc904e28a08ef566,75047,,0,859,14,0,0
cc2b8ae5e1304dc4,36179,,0,87,2,0,0
cc6e2ee3b7e93a51,94161,,0,311,10,0,0
cc33a0bb8396a3aa,19333,,0,571,13,0,0
cc515db7f6b491eb,66430,,0,128,4,0,0
cce94c905803bc98,56890,,0,73,1,0,0
cc81d57bd6024a86,22637,,0,453,12,0,0
ccdcee530c1a866d,6530,,0,148,5,0.166666672,0.166666672
cc13191109807cbb,38830,,0,689,14,0,0
cc7de425c55ff361,57145,,0,458,12,0.166666672,0.166666672
cc628a2afc1e18d3,73461,,1,725,14,0.899999976,0.899999976
cc2d08d2b0875429,22821,,0,77,2,0.200000003,0.200000003
ccead5f1883eb770,75873,,0,890,14,0,0
cca51c01cfc6623b,34524,,0,49,0,0.200000003,0.200000003
ccbd5c7895f90871,18798,,0,577,13,0,0
ccfaedb7fccf5b30,28454,,0,267,9,0,0
cc279f363a047d1e,47861,,0,308,9,0,0
cca9b726096a77c6,25721,,0,139,5,0,0
cc3eaaf0caa7a24a,85483,,0,985,15,0.166666672,0.166666672
cc575e9dda16745d,42758,,0,207,7,0,0
ccee2cd49544ea1f,9106,,0,390,11,0,0
ccf1974371bf1321,42676,,0,172,6,0,0
cc36d2ea7eb1cfed,2970,,0,84,2,0,0
cc559b96eb0550f1,76804,,0,52,0,0,0
ccaa59630e4b39fb,4021,,0,177,6,0.300000012,0.300000012
ccccba28fd157de5,42499,,0,359,10,0,0
ccb7a4002a473457,76620,,0,50,0,0,0
ccd0a93e25cafb63,62591,,0,52,0,0,0
ccd0c87cb05c65a3,17054,,0,117,4,0,0
ccd771adf3677ba1,17540,,0,528,12,0,0
cc0e77df543c44f3,85263,,0,290,9,0,0
cce5799fdefa439c,62942,,0,629,13,0.400000006,0.400000006
cc0eb71ca95beaaf,35692,,0,134,4,0,0
cc33f65a182e72f3,93156,,0,241,8,0,0
cc17118019a4cec4,1961,,0,428,11,0,0
cc99303430136f14,37977,,0,165,6,0,0
ccb9a598b027595f,94349,,0,45,0,0,0
cca8e7c41e10cbfe,83802,,1,43,0,0.600000024,0.600000024
cc9fe70e2e5e1cf2,68378,,0,97,3,0,0
cc21762d9a2514aa,69278,,0,200,7,0,0
ccaf6287d1d24def,63669,,0,269,9,0,0
cc239aed8a3f6716,81637,,0,119,4,0,0
cc2b716613cdbe5e,28417,,0,88,2,0,0
cc114fec83839848,3956,,0,669,13,0,0
cc407224f999dd3a,45143,,0,76,2,0.300000012,0.300000012
cc11f4620ef686c8,24722,,0,117,4,0,0
ccebcafffe8f7d2f,82228,,0,179,6,0,0
ccd6cf0b87582373,558,,0,100,3,0,0
ccc1b98c1f3fc228,17448,,0,535,13,0,0
ccac084f2524fed7,14749,,1,109,3,0.5,0.5
cc668c181d7f32d9,54796,,0,985,15,0,0
ccd762b4cc6b017a,94004,,0,171,6,0,0
cce4e4b160fc7971,71112,,0,630,13,0,0
cc21e341ae65f178,58132,,0,259,8,0,0
cceb1377f4ef2d4c,17035,,0,476,12,0,0
cc8614d030861169,34380,,0,136,4,0,0
cc762a6caaeb8d5f,8399,,0,995,15,0,0
cce859852de35dc2,19448,,0,279,9,0.400000006,0.400000006
ccb9b816e5c9f679,6402,,0,282,9,0,0
cce24ad7b999ba9c,12651,,0,54,0,0.166666672,0.166666672
cc11aff784653c73,86309,,0,987,15,0.166666672,0.166666672
ccc16661fcf787e8,59604,,1,161,5,0.699999988,0.699999988
cc69f307e220ff85,60998,,0,406,11,0,0
cce549ef1b74c614,83763,,0,786,14,0,0
ccf6ee06bafb8de8,13027,,0,481,12,0.166666672,0.166666672
cc00d2743fed6dd7,19631,,0,69,1,0,0
ccf58e7ab867fcd4,33413,,0,185,6,0,0
cc719165e926589d,3939,,0,181,6,0,0
cc81b8fac7487d8a,47638,,0,76,2,0,0
cc7d79558faf7043,31779,,0,478,12,0.100000001,0.100000001
cce5af9d1b8452df,29703,,0,346,10,0,0
cc2516806a7ce8cf,48951,,0,329,10,0.200000003,0.200000003
cc2422105eb0b914,32651,,0,292,9,0,0
cc03c40f0e875c73,36426,,1,67,1,0.844827592,0.844827592
ccc19d2a3abebf71,73630,,1,122,4,0.5,0.5
cc46aefee0280c5c,24772,,0,91,2,0,0
cc8c31e7deed2a2a,24642,,0,61,1,0.166666672,0.166666672
cc8fb54d39d92f59,87364,,0,413,11,0,0
cc2ab4aa756826f6,61982,,0,311,10,0.166666672,0.166666672
cca287b91da94595,52696,,0,794,14,0.272727281,0.272727281
cc1bfbe4149ebfc2,87235,,0,115,3,0,0
ccf711f13d33f338,73199,,0,79,2,0,0
ccdba0c494249ef6,75389,,0,209,7,0.200000003,0.200000003
ccd84a171dbc5b5b,34937,,0,154,5,0,0
cc8308abfd43b040,20666,,0,260,8,0,0
cc942d812eb38c06,44531,,0,268,9,0,0
cc35fb7a7ea0f7b6,29089,,0,256,8,0.447368413,0.447368413
cc276c8d6c22e0ff,91712,,0,566,13,0.166666672,0.166666672
cca9c9b3bd6745e7,56333,,0,58,0,0,0
cccd3150ae5f76e4,88990,,0,276,9,0.200000003,0.200000003
cc523f70e3ec97df,1007,,0,500,12,0.166666672,0.166666672
cc6ab054d404c01e,66802,,0,393,11,0,0
ccaa8e71f8f1b185,75726,,0,105,3,0,0
ccb7602cfa854185,7109,,0,93,2,0.166666672,0.166666672
cc5a98d0365dbca0,40307,,0,499,12,0,0
cc2e177eb64b3d8b,94760,,0,228,8,0.166666672,0.166666672
ccc4ef72ff957ad4,12467,,0,62,1,0,0
cc7d45c62bce5f50,7764,,0,352,10,0.200000003,0.200000003
cc40238a0d6d22cc,92900,,0,357,10,0,0
ccb1d563f53b6851,23674,,0,999,15,0.400000006,0.400000006
ccbc85e2121fa2e9,48343,,0,459,12,0,0
cc20052dd485ee74,18830,,1,105,3,0.5,0.5
cc82b8dcf7bf1e02,79975,,0,69,1,0.300000012,0.300000012
cc1bc6ff86772dd2,58460,,0,414,11,0.200000003,0.200000003
ccc85e8a68897077,62172,,0,601,13,0,0
cc08e2f09eaa7a49,46001,,0,467,12,0.200000003,0.200000003
cc75f842852f95b8,37830,,1,141,5,0.5,0.5
ccdcdaa282700cec,28924,,0,128,4,0.200000003,0.200000003
cc1aac38857aabf8,19194,,0,452,12,0,0
cc8ea7026b5bf57b,15326,,0,179,6,0,0
cc7e47f8feab5486,63269,,0,171,6,0.166666672,0.166666672
ccadc8b3e5905b16,34219,,0,180,6,0,0
cc27ba8f1dc040ae,70077,,0,96,3,0,0
cc79c362ead5d4b1,42785,,1,133,4,0.833333313,0.833333313
cc48a2d48947942e,14297,,0,405,11,0,0
cc9a356bbf8f7094,66600,,0,121,4,0.166666672,0.166666672
cc8c65e887b4c670,3527,,0,660,13,0,0
ccb57e46bf190b12,93294,,0,303,9,0,0
cc0892723a50c7c1,85336,,0,284,9,0.200000003,0.200000003
cc60398a91b6bb82,95060,,0,299,9,0.300000012,0.300000012
ccb956d33b610947,60205,,0,163,6,0.200000003,0.200000003
cc85765e048d87b4,900,,0,77,2,0,0
cc43205cc3b8feeb,81983,,1,70,1,1,1
ccf4e48b29e69c42,66658,,0,263,9,0,0
ccd8136814bcb9aa,96810,,0,169,6,0.200000003,0.200000003
cce84b0d95b69024,81826,,0,359,10,0.166666672,0.166666672
ccfcd151352eb6f7,89260,,0,49,0,0,0
ccd8cf18c2518a7c,31735,,0,163,6,0.100000001,0.100000001
cccb3ae92c19e2d3,33090,,0,116,3,0,0
cc84a2d98c769af9,7783,,0,499,12,0,0
cc32d4168892b519,81502,,0,107,3,0,0
cc3cdd312939d887,92954,,0,46,0,0,0
cc76f14d85312acf,47661,,0,71,1,0.166666672,0.166666672
cca15092b2755a1c,87263,,0,155,5,0,0
cce3129f96dd4577,38014,,0,999,15,0,0
cc622af428e3d4aa,84690,,0,246,8,0.100000001,0.100000001
cce071bc166cdcf2,5077,,0,419,11,0.200000003,0.200000003
cc6c93ff1102365c,50054,,0,201,7,0,0
ccc7d7b3478b79da,93067,,0,860,14,0.300000012,0.300000012
cc819c044158ef7c,44415,,0,521,12,0.166666672,0.166666672
cccf12d0dc76cf15,35185,,0,320,10,0,0
cca8b208a50663b0,49348,,0,631,13,0,0
ccdf1bb905073053,40830,,0,112,3,0.166666672,0.166666672
cc77e12f353eb271,40714,,0,358,10,0,0
cc624c3a4903d884,4274,,0,398,11,0.400000006,0.400000006
cc502cfe04895f12,62981,,0,220,7,0,0
cca5aa00e710c52a,21030,,0,52,0,0.166666672,0.166666672
ccd81aa935a0310f,1181,,0,274,9,0,0
cc076f1f52ea1f7d,47782,,0,144,5,0,0
cc30631931edd961,55254,,0,194,7,0,0
cc256c321154f77d,55552,,0,507,12,0,0
cc7cdb455b79eb89,92241,,0,219,7,0,0
cc289e0dcc6cc5e6,32500,,0,92,2,0,0
cc7b93c335093be3,9483,,0,160,5,0.166666672,0.166666672
ccd2f26c3394e4ff,3741,,0,118,4,0,0
cce9d6d2f6432827,53947,,0,187,6,0,0
ccb4799566605108,63510,,0,991,15,0,0
cc7cdaedf0bf7765,52499,,0,369,11,0.166666672,0.166666672
cc781edc33d668da,35803,,0,195,7,0,0
cc178c51ef0b34dd,65999,,0,160,5,0,0
cc13c9103b249797,15825,,0,447,12,0,0
cc924aca455ffe2a,69276,,0,784,14,0,0
cc2deedf65acced1,67291,,0,176,6,0,0
cc5784e65707b854,20521,,1,360,10,1,1
cc6bff78229e8d57,97059,,0,522,12,0,0
cc15c424e094c3b3,93189,,0,992,15,0,0
cc5e7d67ec3ccfc8,80239,,0,193,7,0,0
cccc9075ffd3f1b6,40506,,0,972,15,0,0
cc9935aab37e2bed,76145,,0,166,6,0,0
cce72846da584431,35602,,0,290,9,0,0
cc89915c9c10c152,88318,,0,161,5,0,0
cc15a7c73706823f,34814,,0,153,5,0,0
cc5cf8f5c68fad3b,93404,,0,984,15,0,0
ccbfed468aa46e4f,54542,,0,229,8,0,0
ccd84635f78676ec,8585,,0,187,6,0,0
ccadb010b366349b,42163,,0,101,3,0,0
cc89e45e5896c5fe,80008,,0,101,3,0,0
cc1e17330bf5cded,60018,,0,719,14,0,0
ccb7eee4d16e2d50,62257,,0,357,10,0.111111112,0.111111112
cce306b9316322d9,81326,,0,54,0,0,0
ccb44d69af776e98,7874,,0,196,7,0,0
cc52e14b2cedfebc,6407,,0,572,13,0.200000003,0.200000003
cc41a6667ef1566f,78897,,1,201,7,0.833333313,0.833333313
cc585c93a38171e7,79643,,0,664,13,0,0
ccc2cc5ac2ab21a1,48683,,0,95,2,0,0
ccdfdc37c0c47cb0,70588,,0,704,14,0.222222224,0.222222224
ccb17e06a790a1c7,50683,,0,160,5,0.100000001,0.100000001
cc65fd0e2c36ae9d,10569,,0,991,15,0.400000006,0.400000006
cc439c74f46ceaf1,3274,,0,895,14,0,0
ccd06fb0854fb906,31299,,0,230,8,0,0
ccbc1dbf0b8c7f5d,21257,,0,359,10,0.166666672,0.166666672
cc808515b1b725b4,2581,,0,184,6,0,0
cc62b8c351155de8,5536,,1,313,10,0.800000012,0.800000012
ccd1e52361bef96b,4402,,0,66,1,0,0
cc6d6b2b753a5ed0,44911,,1,200,7,0.671052635,0.671052635
cc22b10ed120d624,6890,,0,134,4,0.166666672,0.166666672
cc98625da5e1bb7a,49298,,1,87,2,0.692307711,0.692307711
cc39200bb402363f,94547,,0,566,13,0,0
cc9d29b6b6a12bd0,36807,,0,651,13,0,0
cc9c937d3f55bb86,37258,,0,237,8,0,0
ccfd8daaa7bd278a,26482,,0,126,4,0,0
ccc9ad01a6b2acde,47488,,0,630,13,0.400000006,0.400000006
cc89d8f41e317c95,38300,,0,1000,15,0.166666672,0.166666672
cc8d20dc22b002fb,70506,,0,95,2,0,0
ccfe6b92452067bb,1220,,0,350,10,0,0
ccedcfb8f0ae01a2,84796,,0,733,14,0.200000003,0.200000003
cce914b489998ae7,48776,,0,172,6,0,0
ccdc319d8dd04396,97144,,0,392,11,0.166666672,0.166666672
cce3944b09258bee,88168,,0,292,9,0,0
cc8015cf15ce7967,77701,,0,263,9,0,0
cc5dcf07b1a68c89,5144,,0,203,7,0.400000006,0.400000006
cc148be7fa53b865,16636,,0,272,9,0,0
cc3be41fafdf34a3,87907,,0,165,6,0,0
cc2168b2c2b022cc,43959,,0,127,4,0,0
ccb3f48b8c9f099b,49030,,0,110,3,0,0
cc6aad52bbe67a06,65226,,0,859,14,0,0
ccf137ef19529da5,1080,,0,135,4,0,0
cc36463147595220,15269,,1,139,5,0.788732409,0.788732409
cc1ed68a8af7c67a,70816,,0,241,8,0,0
ccc79eab03c6d08e,95944,,0,298,9,0,0
ccb0f95bffb29a7f,21565,,0,65,1,0,0
ccc5a10a4e70d024,81598,,0,783,14,0,0
cc92c1b42acf71b7,30376,,0,622,13,0.166666672,0.166666672
cc0d14e432e82821,90889,,0,134,4,0,0
ccc2603a7b6c8942,40243,,0,602,13,0.200000003,0.200000003
ccf03846360a4a8b,26287,,0,255,8,0,0
cc6baccb8c93cf3e,64256,,0,258,8,0,0
cc454181ee5552ff,63446,,0,86,2,0,0
cc94008d0baa712a,78748,,0,46,0,0,0
cca0d0eb04fa22a5,6322,,0,990,15,0,0
cc2d9e272199cec1,80115,,0,565,13,0,0
cce3bd640cb21969,45344,,0,986,15,0,0
ccfba14856f43957,13829,,0,266,9,0,0
cc6afea4f0a11a2e,7017,,0,62,1,0,0
ccd6e1f5aa6d17b8,37203,,0,99,3,0,0
ccf39ce510810bb0,37743,,0,836,14,0.166666672,0.166666672
cc195c050a49ade0,39444,,0,106,3,0,0
ccad35a89d990dc0,6853,,0,129,4,0,0
cca1614f40467e0d,73768,,0,995,15,0,0
cc37ec69ebccaf12,89263,,0,97,3,0,0
cc0ccf8dcceccb01,86557,,0,68,1,0,0
ccd013a11ea907be,72072,,0,758,14,0,0
cc46656b68c6b6cf,22539,,0,306,9,0,0
ccc9a0bcd6798950,77160,,0,618,13,0,0
cca7965f6ad1bf5d,63660,,0,550,13,0,0
cc9aff8948039942,79343,,0,277,9,0.166666672,0.166666672
ccc022ff2d5860c3,43678,,0,586,13,0,0
cced39960165a258,75364,,0,155,5,0,0
ccdee5cd5d9828a7,14176,,0,144,5,0,0
cca723ca4a68b290,60607,,0,540,13,0.200000003,0.200000003
cc9da3871aacf78b,65795,,0,85,2,0.400000006,0.400000006
cc6cf01549d33bec,11236,,0,134,4,0,0
cc7c5ea933b46099,51859,,0,115,3,0,0
cc262992fdc59280,61707,,0,47,0,0,0
ccc343d192c910b1,17576,,0,184,6,0,0
cccce680618c8080,24157,,0,172,6,0,0
cc5fa7d68614dc23,81122,,0,391,11,0,0
cc0795d785638523,41225,,0,513,12,0,0
cc56475147d45b10,96641,,0,971,15,0,0
cce4fea15885bbc9,37738,,0,381,11,0,0
ccd504229e8faeb4,52950,,0,477,12,0,0
ccb0a281a395b07f,54255,,0,882,14,0,0
ccca5a3d7aac5f66,55801,,0,196,7,0,0
cc2b1f5f48260538,57887,,0,698,14,0,0
cc1333b2f637bcff,63778,,0,44,0,0,0
ccb481d2756e6929,6757,,0,129,4,0,0
cc665f1609a3599e,65732,,1,95,2,0.878787875,0.878787875
ccde164c4cdba80f,87299,,0,165,6,0,0
cc3c0da04e0043ad,27808,,1,750,14,0.5,0.5
cc44ab824cf83fd8,36743,,0,975,15,0.300000012,0.300000012
cc0e7640319c2aff,7997,,0,544,13,0.200000003,0.200000003
cce1923af81092be,84252,,0,234,8,0,0
cc0d5932e7817e61,46846,,0,346,10,0.166666672,0.166666672
ccbd306c3ef6aa61,42126,,0,79,2,0,0
cc648f4a31b0e2cc,46429,,0,140,5,0.166666672,0.166666672
cc2cfa505bdb0011,9675,,0,101,3,0,0
ccc9e9cbe57a7fe4,3005,,0,64,1,0,0
ccde7b4b917cf7d1,38905,,0,550,13,0,0
ccb2e8aad0f89a0d,79409,,1,452,12,0.600000024,0.600000024
cc1efb1ccb607b72,92848,,0,504,12,0,0
cc160c81821ab8d3,49084,,0,40,0,0.166666672,0.166666672
cc1f0cb7e7ae5756,1276,,0,131,4,0,0
ccc3b2ecd9488b91,82584,,0,139,5,0,0
cc8104368078b889,65212,,0,69,1,0,0
cc7771f2a73a5aed,6953,,0,438,12,0,0
cc6cf109ddc16b3d,36435,,0,227,8,0.100000001,0.100000001
cce01c84a6d56f73,42529,,0,117,4,0,0
cc3fdfa72bb3530f,90585,,1,955,15,0.600000024,0.600000024
ccc83840b2e30885,1898,,0,160,5,0.166666672,0.166666672
ccf70a81c7436df4,62083,,0,362,10,0,0
cc1797873cf80feb,74590,,0,274,9,0,0
cccdbe55caecc7dd,49434,,0,102,3,0,0
cc7a3c3e94cc1ddb,82035,,0,359,10,0,0
cc60fcfd75123e96,28225,,0,71,1,0,0
cc34ea0dac6ba478,77887,,0,53,0,0,0
cc4006192b19fc65,27047,,0,308,10,0.200000003,0.200000003
cc10d2e009c0d899,37135,,0,228,8,0,0
cc313411009409e1,81608,,0,82,2,0,0
ccbeaff99d69c0ad,84795,,0,193,7,0,0
ccd3f08a90298318,49373,,0,201,7,0,0
ccd36e55b1bb4dc3,36119,,0,101,3,0,0
ccbb9accebf07d60,30356,,0,999,15,0,0
ccbcdda1e908d96e,63701,,0,147,5,0,0
cc44e802894bb972,54907,,0,260,8,0.166666672,0.166666672
ccfe124feb8d474b,84018,,0,985,15,0,0
cc751f2d1c00a6a2,47122,,0,968,15,0,0
ccaacfe9368dd3e3,89998,,0,475,12,0.300000012,0.300000012
cce769de0f5bc980,82837,,0,514,12,0,0
cc84237289ac9c22,4778,,1,113,3,0.833333313,0.833333313
cc2a210aa00e5f48,6331,,0,203,7,0,0
cc530e5d5e369a91,53278,,0,202,7,0,0
cc0c48eddb853716,44145,,0,509,12,0,0
ccf2936fe2200622,64473,,0,317,10,0,0
cca77276aa574e7b,19712,,0,614,13,0,0
cc6859c37fe13eea,36925,,0,46,0,0,0
cc305e9d47711b68,16669,,0,735,14,0,0
ccf8053914d4bb34,91619,,0,587,13,0.142857149,0.142857149
cc0efb180896a788,97257,,0,114,3,0.166666672,0.166666672
ccabc797900bbd5c,16794,,0,187,6,0,0
cc7af03f2dfdd45b,78032,,0,213,7,0.400000006,0.400000006
ccb88d13ffb12f76,7449,,0,186,6,0,0
cc438b4d8ee55b1a,31178,,0,104,3,0,0
cc3cd2ad1483155f,51503,,0,415,11,0,0
ccbc41f81d9ca4ab,87670,,0,116,3,0,0
cc0bff63ce3cd4c4,7410,,0,62,1,0,0
ccf6e7d6e163436d,71891,,0,674,13,0,0
ccb97bf1de638111,84661,,0,193,7,0.200000003,0.200000003
ccfeb6a2aa6ed6a6,84279,,0,251,8,0,0
cc8b011002799851,45383,,0,160,5,0,0
ccdacc2f657033e2,7919,,0,777,14,0,0
cc1a21360a64108e,97120,,0,305,9,0,0
cc0b524d489d2b1a,11439,,0,59,1,0,0
ccf01c1bc69ef603,25603,,0,239,8,0,0
cc28bde0fdbd6ce1,71273,,1,802,14,0.5,0.5
cc7da5b6fac2a810,70095,,0,113,3,0.166666672,0.166666672
cc0bbc226e4b91c5,94826,,0,183,6,0,0
cc79fb42eaedddfe,66423,,0,72,1,0.300000012,0.300000012
cce50dfef9380f01,23874,,0,464,12,0,0
cca4f347e27abf1a,10931,,0,41,0,0,0
cc21f283a72ab003,31321,,0,102,3,0,0
cc788d12d3e5d5bb,78460,,0,472,12,0,0
cca741c362254b69,62664,,0,816,14,0,0
cceeab11d3a569cf,55834,,0,43,0,0.100000001,0.100000001
ccec24002d11e704,38914,,0,757,14,0,0
ccccc22e848a54e6,83795,,0,59,1,0,0
cc2c9ea71f6df0ab,83077,,0,46,0,0,0
cc7924ec12ef27fd,18472,,0,511,12,0.166666672,0.166666672
ccfe0e2b1175dd62,16402,,0,168,6,0.200000003,0.200000003
cc2c70508f3cdf34,46389,,0,306,9,0.166666672,0.166666672
cc82cc49c8e7005f,78230,,0,218,7,0.400000006,0.400000006
ccfa4f19dda957c8,64915,,0,275,9,0,0
cc72852644068ae7,96652,,0,53,0,0,0
cc793e77d4fcabd3,54643,,0,146,5,0,0
cc75f3f3ef060cc5,18204,,0,683,14,0,0
cc075aa090962f5e,32616,,0,218,7,0,0
cc76813b0f76aefa,28191,,0,176,6,0,0
ccb11c3bb8dbd905,29122,,0,567,13,0.166666672,0.166666672
cc3b33aed6c25280,66939,,0,317,10,0,0
cc281de7141ca359,70779,,1,291,9,0.5,0.5
cccd8a20e02644a3,23192,,0,119,4,0.200000003,0.200000003
cc441a765118a5b8,29168,,1,69,1,0.515625,0.515625
cc03401f0977dd5c,18456,,0,54,0,0,0
cc268ef6c776b871,53610,,0,467,12,0.200000003,0.200000003
cc20106e577e6788,80493,,1,218,7,0.699999988,0.699999988
ccdb3f8679d8dc73,14361,,0,431,11,0.200000003,0.200000003
ccf8f2abdafba136,49953,,0,98,3,0,0
cca109fb6b156034,55944,,0,43,0,0,0
ccc19a5de6d305d6,28408,,0,248,8,0,0
ccbfdb2b45b9eee6,89944,,0,41,0,0,0
ccaea497cdd8f911,65299,,0,238,8,0.300000012,0.300000012
cc43f33e80c98269,20316,,0,215,7,0,0
ccdac40a5ef9fede,12484,,0,415,11,0,0
cc5879d5e0934aa2,80613,,1,58,0,0.75,0.75
cc5d23b1c912690c,53096,,0,62,1,0,0
cc7d0a39fc898e84,24223,,0,230,8,0,0
cc2af9f6f1f357b9,796,,0,149,5,0,0
ccbaee8ef3180143,77869,,0,105,3,0.233333334,0.233333334
ccb8bb29cedd2dc7,82490,,0,345,10,0,0
cc8de050d3d0d102,86979,,0,106,3,0,0
cc99c556f644032f,30873,,0,338,10,0,0
cce8cea903fcb527,80801,,0,86,2,0,0
cce360246f565a20,7304,,0,635,13,0,0
cc5396dbe7bbcb3d,57148,,0,252,8,0,0
cc557f3164a4bc63,20425,,0,130,4,0.166666672,0.166666672
cc2cc34fc2b415a3,34371,,0,72,1,0,0
cce38d0bf34fe44c,15450,,0,190,6,0,0
cca98dc967a5e8db,15380,,0,41,0,0,0
ccd0d5906c04e60c,61444,,0,87,2,0,0
ccb94a179e2d6ecd,7805,,0,69,1,0,0
ccf4e7e1ff6f9529,92743,,0,158,5,0,0
cc45370e14de3979,7576,,0,304,9,0.300000012,0.300000012
cc40293daec0abf5,89673,,0,288,9,0,0
ccbffe3a4420bc1e,8565,,0,111,3,0,0
ccc305003c9494e5,72383,,0,173,6,0.200000003,0.200000003
cce11c84766add64,57342,,0,993,15,0,0
ccd2cb6077f16f3a,78973,,0,109,3,0,0
ccc0017bc856fa02,35853,,0,409,11,0,0
cc2812a553d40553,27338,,0,874,14,0,0
cc7429846f9d3a06,92732,,0,996,15,0,0
cc1891f5d4d59ad0,45647,,0,232,8,0,0
ccf472bf5de71090,20243,,0,134,4,0,0
cc380cecfde0356f,59737,,0,286,9,0,0
ccc35887c273416c,83059,,0,448,12,0,0
cce6576d61a205de,44966,,1,104,3,0.862500012,0.862500012
ccd2bbf079386ffc,52535,,0,117,4,0,0
cc011b71043116a9,47209,,0,609,13,0,0
cc5842329455e959,64132,,0,93,2,0,0
cc9a140cfcd2506f,43869,,0,286,9,0,0
cc898b679712834b,88579,,0,552,13,0,0
ccae85320466e922,3992,,0,84,2,0,0
ccb43d7906f4ca63,52247,,0,286,9,0,0
cce46aa73ac95ccc,45454,,0,403,11,0,0
cc20048fca4d787c,80549,,0,49,0,0,0
ccb025ecfdc5b1b1,80625,,0,171,6,0,0
cc45f8eaf1b127bc,61537,,0,203,7,0,0
ccca1971a5a7bf86,82205,,0,172,6,0.166666672,0.166666672
cc5a0320f372f812,32498,,0,63,1,0,0
cc7599159746565c,79918,,0,820,14,0,0
cc25eb4216e3768e,19876,,0,801,14,0,0
ccfbe37cb2c78e08,81831,,0,188,6,0.166666672,0.166666672
ccf8c6227c4d2cab,41928,,0,209,7,0,0
ccf2a69bae3fa732,93425,,0,962,15,0,0
cc004ab910483886,84294,,0,212,7,0,0
cce2d18bb820a796,77404,,0,169,6,0,0
cc5152274e4477de,80263,,0,342,10,0,0
cc5baea418b2d328,81106,,0,141,5,0.300000012,0.300000012
cc306b429f5fa939,45233,,0,249,8,0,0
ccc6008fffb42059,37765,,0,266,9,0,0
cc934e538e5617ca,64314,,0,115,3,0,0
cc4b4b238e780b18,82688,,0,414,11,0.413333327,0.413333327
cceb0073eeb14aa5,33923,,0,376,11,0.166666672,0.166666672
cc48cb9cb06d00d5,56071,,0,601,13,0,0
ccd55bd834702b6a,60347,,0,465,12,0,0
cc2ca29936eb5efe,48114,,0,540,13,0.400000006,0.400000006
cc9989260f64abb4,9303,,0,193,7,0,0
ccca2947d21bac12,61939,,0,1000,15,0,0
cc6ac5193ae56d98,76721,,1,112,3,0.851851881,0.851851881
cc6fa79cbbb6bba7,86343,,0,48,0,0,0
cce2c4f85c349c8e,90546,,0,171,6,0,0
cc15e0073788a8bd,84393,,0,83,2,0.300000012,0.300000012
cc2d019416a485c8,37837,,1,348,10,0.5,0.5
cc6e995126e90d46,28907,,0,995,15,0,0
cc329f3df06276bb,81623,,0,49,0,0,0
ccaf1b80333f1273,26573,,0,1000,15,0.200000003,0.200000003
cca6aee3e45469c1,65236,,0,85,2,0,0
ccb2c7a4fe28bf52,34739,,0,65,1,0,0
cc77fd97adc95436,28520,,1,383,11,0.5,0.5
cc1f2b6a91bde3e7,30746,,0,498,12,0,0
cc2737951816ef54,96482,,0,146,5,0.166666672,0.166666672
ccb117eb12bc473e,47875,,0,996,15,0,0
cc34f2bf4d6f7183,10500,,0,357,10,0,0
cc163e8dbb205d93,26837,,0,244,8,0,0
ccf52c5097dd6339,38853,,0,462,12,0.300000012,0.300000012
cc7e9b116bbea7ae,96348,,0,202,7,0,0
cc6df81b1e412866,90607,,0,143,5,0,0
cc70e0b446ad5f5d,49019,,0,85,2,0,0
cc1283b0783e5684,47086,,0,83,2,0,0
ccb2b1ef132e9b4a,95707,,0,986,15,0.300000012,0.300000012
cc0f370310e9e7e3,28458,,0,850,14,0,0
ccfc8fb6640c3a12,4064,,0,114,3,0,0
cc6845ce591dffea,93403,,1,999,15,0.600000024,0.600000024
cc2558e9c92a8b27,67054,,0,162,5,0,0
cccc7140ce47232b,38262,,1,417,11,0.600000024,0.600000024
cca17b1228cb60f1,39762,,0,99,3,0,0
cc18def6241709a8,38838,,0,74,1,0,0
ccb3044d55b7f400,18710,,0,219,7,0,0
cce5fc05b60f03a9,55053,,1,177,6,0.699999988,0.699999988
cc034f7cd73b5ecd,95709,,0,46,0,0,0
cc0f03c477f2b242,14433,,0,992,15,0,0
cc154702c20e5e33,93127,,0,91,2,0,0
ccabfbc486490fb3,57268,,0,480,12,0,0
cc2415e8f5454657,4955,,0,557,13,0,0
ccdec4b2a1e67ff2,47903,,0,85,2,0.166666672,0.166666672
cc390b318e3d8683,44437,,0,118,4,0,0
cc81d87a5ff7bd78,27132,,0,984,15,0,0
cc3beedcaac16b0a,89479,,0,102,3,0,0
cc0c7d1f3585e829,44541,,0,187,6,0,0
cc18a8f24ee12b80,79996,,1,95,2,0.602941155,0.602941155
cc7f82e01eb7a73f,90818,,0,993,15,0,0
ccf7af27982728bc,59429,,0,272,9,0,0
ccfba7775e7026b7,82392,,0,98,3,0,0
ccf6b919b08077e8,37217,,1,78,2,0.567567587,0.567567587
cc694418b8852138,45993,,0,288,9,0.200000003,0.200000003
ccc212fb2995bc19,36811,,0,311,10,0.166666672,0.166666672
cc733e1224a7711c,95965,,0,882,14,0,0
cc93ea5358aac586,76325,,0,64,1,0.200000003,0.200000003
cc7f361861d74c13,17445,,0,229,8,0,0
cc1bb0ee3f0fa342,714,,1,238,8,0.699999988,0.699999988
cc11d9d9b72d5af6,64158,,0,556,13,0,0
cc312f99c5ab870e,15835,,0,922,15,0.300000012,0.300000012
cc4008f5b31afba4,90401,,0,103,3,0,0
cce7a7c2cb01ceae,15733,,0,658,13,0.300000012,0.300000012
cc8a45f7bdf9712d,90651,,1,286,9,0.558823526,0.558823526
ccf1b24d5c8f20c1,55318,,0,207,7,0,0
cca26ff9eb6ef8e4,53190,,0,338,10,0.200000003,0.200000003
cce03283537ea524,30665,,0,432,11,0,0
cc91e357fc71f883,95994,,0,473,12,0,0
cc88487edee27e7a,22473,,0,369,11,0.400000006,0.400000006
ccc3497a4308ba6f,72031,,0,83,2,0.300000012,0.300000012
cc50cb03a6fb5d24,12450,,0,94,2,0,0
cc348d02024bfbf5,56584,,1,244,8,0.600000024,0.600000024
cc589a650e8bc26c,40255,,0,42,0,0,0
cc51b08836b5b090,21702,,0,434,11,0,0
ccb94d5542c75719,20770,,0,113,3,0,0
cc0d823dedde372c,47872,,0,800,14,0,0
cc985caebe70fbbb,17881,,0,204,7,0,0
cc762ea0bcb60abd,33762,,0,455,12,0,0
cc3c8b39eef47d51,11862,,0,88,2,0.300000012,0.300000012
ccb66256b36a5289,95638,,0,600,13,0,0
cc0f8983379e403c,42575,,0,1000,15,0.166666672,0.166666672
ccb0d8743138aa2a,23984,,0,246,8,0,0
cc5b12a367a97890,53945,,0,42,0,0,0
ccf8242eccac2f65,26377,,0,72,1,0,0
cc94cac041b6b874,16905,,0,122,4,0,0
cc4073bac7de1d48,52658,,0,309,10,0.166666672,0.166666672
cce328762816bdc1,21503,,0,230,8,0,0
ccf71b1840a4cbca,72076,,0,221,7,0.166666672,0.166666672
ccbd5431905e74d4,61205,,0,89,2,0.166666672,0.166666672
cc440c9098a6e7ea,50571,,0,85,2,0,0
cc42b2d584ac9551,37143,,0,77,2,0,0
cc59737f8ac56abe,40265,,0,999,15,0,0
cc9622b16386a1bf,72491,,0,889,14,0,0
ccc767fc71072902,65613,,0,162,5,0.300000012,0.300000012
ccf8782a071b84d3,73969,,0,461,12,0,0
cce4292ef52fa04d,67597,,1,161,5,0.753846169,0.753846169
cc2123ea948952db,60570,,0,719,14,0,0
cca19400e7a048b4,3,,0,749,14,0,0
cc5b1c0d3182998a,79671,,0,172,6,0.100000001,0.100000001
cc855c058aeb844b,57168,,0,428,11,0,0
ccb3b3d0ed8003d9,65663,,0,986,15,0.300000012,0.300000012
cc47265cc2b990cf,83568,,0,87,2,0,0
cc7e835908acbb46,69591,,0,99,3,0.400000006,0.400000006
cce609fe3a7e7fac,16471,,0,740,14,0.200000003,0.200000003
cc5ccff75b527fe6,10057,,0,108,3,0,0
cc482d3fd0cd3335,85719,,0,807,14,0.300000012,0.300000012
ccb15786cb722723,41836,,0,993,15,0.166666672,0.166666672
ccde24a3d5327b5a,44847,,0,463,12,0,0
ccd34d0bf8999b64,22844,,0,246,8,0,0
cc81452111db55de,24685,,0,177,6,0,0
cc8306747e705916,12942,,0,99,3,0,0
cc5dffc1c9c5e25b,21973,,0,139,5,0.400000006,0.400000006
cc9cd09712bfa20f,82023,,0,826,14,0,0
ccccd121c6b72553,80010,,0,176,6,0.400000006,0.400000006
ccc670d0a98c96a4,18711,,0,745,14,0.200000003,0.200000003
ccbadbcf76868ab2,5983,,0,239,8,0.200000003,0.200000003
ccaa930b08176c81,3099,,0,70,1,0,0
cc025d264fe80edb,5713,,0,362,10,0.200000003,0.200000003
cc77166a786a852e,87383,,0,152,5,0.300000012,0.300000012
cc18d003164d744b,56838,,0,144,5,0,0
cc7576f4af24c1d3,2758,,0,276,9,0,0
cc06ee698ba7454c,3590,,0,240,8,0,0
cc1d36b97419b25d,5716,,0,475,12,0.400000006,0.400000006
cc82b6d335d32bc2,44381,,1,750,14,0.771929801,0.771929801
cce08acb41252686,32150,,0,100,3,0.291139245,0.291139245
ccd35467907a4d54,27947,,0,61,1,0,0
cc42202b7f7ccac0,59164,,0,464,12,0,0
cc0132641551c8fe,4239,,0,159,5,0,0
cc2e0ee87cb205db,70700,,0,339,10,0,0
ccca82413ec97fed,14960,,0,218,7,0,0
cc6bed9a6cd04981,35779,,0,131,4,0.300000012,0.300000012
cc8eada132f40c8b,60358,,0,47,0,0,0
cc3bf2b3f09bff5b,88973,,0,951,15,0,0
ccb75d427422aabe,29474,,0,242,8,0,0
cc1a5d071ea4371f,53350,,0,217,7,0,0
cc147c0d64d2b4a9,45100,,0,50,0,0,0
cc303c117e0501a9,63179,,0,193,7,0,0
ccc78de31fab226b,9479,,0,83,2,0,0
cc32e8a22436e1fd,8869,,0,172,6,0,0
ccb7eb229fec781e,81764,,0,397,11,0,0
ccb54e07ad4b1e09,30858,,0,959,15,0.166666672,0.166666672
cce664fe8e7473bb,16352,,0,47,0,0,0
cc0bf30348e4b34e,93217,,0,621,13,0.200000003,0.200000003
cc35530021b01780,40949,,0,275,9,0,0
cc66a2807fde7419,71339,,1,981,15,0.600000024,0.600000024
ccfc53621028d295,48952,,0,101,3,0,0
cc081b95ab68a709,67102,,1,99,3,0.803030312,0.803030312
cc61f665a20e7ed4,40940,,0,110,3,0,0
cce625e030063f6f,94524,,0,487,12,0,0
cc8e43299927786f,60638,,0,550,13,0,0
ccd4556004ddb1e3,2696,,0,776,14,0,0
cc66e3f71104a2d7,12010,,0,167,6,0,0
cce84adf426890d3,94619,,0,47,0,0,0
cc5393dea24dbcee,60033,,0,160,5,0,0
cc5683c5c3df3231,1744,,0,232,8,0,0
cc59fc1747381216,64251,,0,960,15,0.166666672,0.166666672
ccae0512a8e75bec,21924,,0,659,13,0,0
cc4ca432797efbe1,25558,,1,548,13,0.600000024,0.600000024
cca6e40135c18eb1,58170,,0,74,1,0.166666672,0.166666672
cc65cf51b45be364,6527,,0,101,3,0,0
ccec5f7aacbb1f01,57256,,0,97,3,0.166666672,0.166666672
cc0cfb74d0a4e0cd,42931,,0,135,4,0,0
ccec5bd6b0a01a1c,75274,,0,350,10,0,0
ccb35d83480210c2,79262,,0,155,5,0,0
cca9ba8c9722320f,38256,,0,991,15,0,0
cc37bed24f111d89,69172,,0,218,7,0,0
ccf8ae009a835695,15808,,0,42,0,0,0
cce79539c1b7c292,35166,,0,189,6,0.166666672,0.166666672
cc0d131d5189a2bc,81590,,1,130,4,0.5,0.5
cc99bdcc120f4f43,74787,,0,169,6,0.166666672,0.166666672
cc2e8332c033e447,1513,,0,504,12,0.166666672,0.166666672
cc3c7f222fed55a3,30677,,0,184,6,0,0
cc1cb5d1c043967b,18962,,0,66,1,0,0
cc3076ddacb618ba,26102,,0,82,2,0,0
cc9cc6c99f9d52d5,64765,,0,194,7,0,0
cc4abbc8bd35c08f,2285,,0,88,2,0.400000006,0.400000006
ccfe3ea397cc58fa,81422,,0,191,6,0,0
cc19049d75ff90a0,64577,,0,239,8,0,0
cc9aa36a041e9dbc,33807,,0,125,4,0,0
cc14432c78cd982a,28805,,0,52,0,0,0
cc08879d9ea296c7,39149,,0,142,5,0,0
ccbc727a59f9ba61,52458,,0,126,4,0,0
ccc506be52cba011,85025,,0,41,0,0,0
cc7588d349d55b02,64944,,1,57,0,0.983263612,0.983263612
cc6f65f6899d38b6,94359,,0,120,4,0,0
cca4d24d7cbcdbc6,28891,,1,282,9,0.5,0.5
cce821257cba0d0f,17974,,0,180,6,0,0
ccd9978bccf11958,33580,,0,327,10,0.166666672,0.166666672
ccf13faa4c5dd644,74059,,0,364,11,0,0
cc535a564f5b74f0,62764,,0,996,15,0.200000003,0.200000003
cc3a973d23615110,59525,,0,868,14,0,0
cccc123976f8c58a,8609,,0,64,1,0.166666672,0.166666672
cc337328c0736468,15878,,0,677,14,0,0
cca7af5bbbdfd218,63938,,0,243,8,0,0
cc01a688a3dcdecc,32050,,0,985,15,0,0
cc6bf561f1475640,78908,,0,436,12,0,0
cc61d6a6b490c7f6,28485,,0,178,6,0.300000012,0.300000012
cc0d90ac55e7a9ad,74058,,0,263,8,0,0
cc2c4fcd0ad33a2a,8597,,0,458,12,0.400000006,0.400000006
cc2ec4de29109354,87995,,0,68,1,0,0
cc6cb763ddae69ff,64060,,0,85,2,0,0
cc7b88a8ab308fdf,55511,,0,980,15,0,0
cc2f70fa57fca40c,78432,,0,148,5,0,0
cc755c55461ea088,38166,,0,99,3,0,0
cc091612952b3b0f,33041,,0,439,12,0,0
cc9ec9cfd603fa6b,7063,,0,139,5,0,0
cc995ec7f54803d5,69477,,0,52,0,0.200000003,0.200000003
cc22b168b120fe70,66577,,0,958,15,0.200000003,0.200000003
cc6380c62d98dcfb,28268,,0,151,5,0.408450693,0.408450693
ccbe322d5794c35b,30589,,0,141,5,0,0
ccd2601766cb54f0,30336,,0,103,3,0,0
cc85681164d07a1a,67383,,0,87,2,0,0
ccf7606f386821b2,90918,,0,221,7,0,0
cc44bde73012953f,19994,,0,427,11,0,0
cca8a10378ed200c,15249,,0,124,4,0.166666672,0.166666672
cc43805e0e77963e,65427,,0,482,12,0,0
cc6478aa6e0fa40d,56274,,0,715,14,0,0
ccf330430308e395,47792,,0,398,11,0,0
cc3bcb9cfd71bac0,83830,,0,251,8,0,0
cc37f560b25bae9e,55595,,0,226,8,0.200000003,0.200000003
ccdb0312916ae9ca,91478,,0,987,15,0.200000003,0.200000003
cc60130623eadb07,15571,,1,250,8,0.600000024,0.600000024
cc8b854feeda7d06,39786,,0,361,10,0.166666672,0.166666672
cc4aa01c9599d0e1,37658,,0,504,12,0,0
cca970c01004cc47,53036,,0,106,3,0.200000003,0.200000003
cc1ae1451783b3b9,6087,,0,975,15,0,0
cc2b28ef5ddbcb04,21169,,0,974,15,0,0
ccc686c8b32da821,7503,,0,59,1,0,0
cc746c4a2d13c53c,3533,,0,219,7,0,0
cc3c0d24912d8f7f,76312,,0,221,7,0.300000012,0.300000012
cce174e3e4dddf96,69557,,0,94,2,0,0
cc52a3f8d317e26d,57903,,0,631,13,0,0
cc0f00e0a9101d01,43242,,0,212,7,0,0
cc86607ca8b3062b,57363,,0,758,14,0,0
ccf14c6b42fbfb4f,76515,,0,95,2,0,0
cca0f1ac4c543df2,16399,,0,162,5,0.200000003,0.200000003
cc2f22d8c7df750f,19343,,0,121,4,0,0
cc144af0e36aa0f5,14398,,0,77,2,0.200000003,0.200000003
cc093b5806f85de9,49685,,0,57,0,0,0
cc6958b7d64d9212,2913,,0,484,12,0.200000003,0.200000003
cc3aba2cb3acf97b,50386,,0,109,3,0,0
cc838561a6048d4f,39524,,0,263,9,0,0
cc0cb6daeb0cb8c4,12301,,0,327,10,0,0
cc5c051cf04d2e2d,45777,,0,130,4,0,0
ccece7bbdd9bbfc0,64888,,0,389,11,0,0
cc1042c92777adbb,21440,,0,95,2,0,0
cc4fd87013097717,554,,0,96,3,0.400000006,0.400000006
cc8a0998cefd3ecd,43829,,0,273,9,0,0
ccf4d9a345a69cfc,71924,,0,206,7,0,0
cc5c42c56b251013,64022,,0,934,15,0,0
cc99a73c124b9168,90805,,0,481,12,0,0
ccc43b449e92b27a,33805,,0,992,15,0.300000012,0.300000012
cc01ba03135c8d13,72471,,0,335,10,0.200000003,0.200000003
cc35c59c1c08a51e,50472,,0,123,4,0,0
ccc864b7f2a8da6a,73680,,1,239,8,0.5,0.5
cc5ba0057d2c8b7b,85793,,1,788,14,0.699999988,0.699999988
cc3096116116e623,84247,,1,322,10,1,1
ccc77246e25d660f,71812,,0,299,9,0,0
cc6d21e85836a8f1,28200,,0,927,15,0,0
ccbe2486137995a2,67863,,0,133,4,0.166666672,0.166666672
cc3055314b29b666,81275,,0,113,3,0,0
cc99a7f3042f4296,90198,,0,163,6,0,0
cc3a4082f52cf95f,93080,,0,470,12,0,0
cc57ac17face65e4,75843,,0,78,2,0,0
cc56afe2301e520a,94733,,0,983,15,0.25,0.25
cc19031cd1d50364,32028,,0,180,6,0,0
ccb896f2b8392130,42800,,0,152,5,0,0
ccb7239e4c975a0b,87080,,1,935,15,0.5,0.5
cc319b8d00f8643a,53149,,0,244,8,0,0
ccc858c3840d022c,11919,,0,465,12,0,0
ccefb8edaa8555ec,53288,,0,123,4,0,0
cc52a435b4003835,80652,,0,328,10,0,0
cce4c068a1de775c,32183,,0,87,2,0,0
cc3d20ef95aff0d2,9153,,0,40,0,0.300000012,0.300000012
cc49230392193f7b,37100,,0,77,2,0,0
cc3b80ddcbfbcfb4,12243,,0,41,0,0,0
cc0533213a4a3c7e,73945,,1,400,11,0.600000024,0.600000024
ccec33b5a9d5c266,89571,,0,586,13,0,0
cc037a5f742f7417,40913,,0,789,14,0,0
cc76cea1a2a9bf4d,10098,,0,693,14,0.200000003,0.200000003
cc28904a9618f7c3,72090,,0,89,2,0,0
cc6515fad507527e,29494,,0,117,4,0.200000003,0.200000003
ccb54d5f921c91e4,47621,,1,527,12,0.600000024,0.600000024
ccd3d8ce836b318c,80033,,0,83,2,0,0
cc3d07ba1cc8138a,59624,,0,74,1,0,0
cc514c66a4cce263,77424,,1,81,2,0.681818187,0.681818187
cc072ad7d5e63a01,91491,,0,958,15,0,0
cc80b6bf3764c05c,71572,,0,539,13,0,0
cc39ef15516694a8,20202,,0,187,6,0,0
cc35ffe65d839ee4,7321,,0,404,11,0,0
cc4a4ba5b3569168,67487,,0,523,12,0,0
cca9e70ed6e881d9,91535,,0,295,9,0,0
ccb51ce4973ca57f,95045,,0,122,4,0,0
cc31abc1c046f979,78685,,0,211,7,0,0
cc7425343da5701b,83180,,0,145,5,0,0
cc53e81d678d0358,9649,,0,180,6,0,0
cca0a60579dced1c,15967,,0,203,7,0,0
cc47f64a0770d15c,77495,,0,85,2,0,0
cc9bb4bee469bbc4,63831,,0,596,13,0.200000003,0.200000003
cc73324ce3091386,42578,,0,609,13,0,0
ccb02a645b07c9a4,69085,,0,105,3,0,0
cc493ea308002745,59998,,1,84,2,0.555555582,0.555555582
ccb3bf2e45204d61,17332,,0,219,7,0,0
ccc6bb3b1d924028,39882,,0,345,10,0,0
ccf47ce44aac09ac,77599,,0,679,14,0.166666672,0.166666672
cccdb61276098af3,20894,,0,968,15,0,0
cce848b4cab293c6,92628,,0,128,4,0,0
ccb070bdaa5a7e2a,82041,,0,80,2,0,0
cc703e894fa704c4,86782,,0,217,7,0.166666672,0.166666672
cc5f9e1f668fb737,73612,,0,291,9,0.200000003,0.200000003
cc52fd6f699cdce6,18956,,0,135,4,0,0
ccce7d085481b809,44017,,0,57,0,0,0
cc01e5964c1f5891,52811,,0,110,3,0,0
cc45997d0877be32,96479,,0,93,2,0,0
cc1b494e8130f2b4,38746,,0,418,11,0,0
cc1da0746b435b0c,67131,,0,78,2,0.200000003,0.200000003
cc428d73c718d8e7,80943,,0,41,0,0.300000012,0.300000012
ccbefef1cafbe41d,60901,,0,112,3,0,0
cc2b2165fbcb17b2,64050,,0,51,0,0.200000003,0.200000003
ccc11e8fd663e662,95911,,0,991,15,0,0
ccfca37c2303ef72,17423,,0,854,14,0,0
ccdd7698ececeb36,13350,,0,229,8,0.400000006,0.400000006
ccf3cdd659ba56b6,56371,,1,97,3,0.5,0.5
cccb997278713333,37586,,0,312,10,0,0
cc16e4edce83acde,32631,,1,524,12,0.5,0.5
cc22100b241c86f5,14178,,0,532,13,0.200000003,0.200000003
cc7fd2bb03ba8422,13579,,0,280,9,0,0
cce6c7ccc7f6c24b,64844,,0,119,4,0,0
cc62d97d3eed1596,89543,,0,123,4,0,0
cc955f72db8ea529,12482,,0,407,11,0.300000012,0.300000012
cc42fff34bc2a019,14811,,1,502,12,0.5,0.5
ccead92ed752d21b,51191,,0,119,4,0.200000003,0.200000003
cc04d06b268a0d7d,55624,,0,362,10,0,0
cc06b60617344b24,16214,,0,675,13,0,0
cc2a5b97b5a0423b,70001,,0,296,9,0.166666672,0.166666672
cc13fc3de9370077,51573,,1,228,8,0.5,0.5
cc7fd71d3124b9ac,46764,,0,76,2,0,0
ccb9e3318dbb6e24,26988,,0,304,9,0,0
ccc3b5a68a0d833e,28088,,0,133,4,0,0
cce03e20b8ba3787,69770,,0,78,2,0,0
ccc2094619b92530,1003,,0,432,11,0,0
cc1420cd044770a5,55203,,0,54,0,0.166666672,0.166666672
cc9f05b7c7274d08,84230,,0,708,14,0,0
cc5b85750570dbbf,57852,,0,63,1,0,0
cc68f113908b24f2,19744,,0,154,5,0.300000012,0.300000012
ccdd2a7d7118f469,44317,,0,84,2,0,0
ccab5a698573ed3b,44344,,0,210,7,0,0
cc570e10c6e814c0,29622,,0,57,0,0,0
ccd0c72f946d03d9,53531,,0,671,13,0.166666672,0.166666672
cc3623363131cee6,455,,0,432,11,0,0
cc1adcd2345630a3,27640,,0,102,3,0,0
cc40dbc5170a82d6,29697,,0,368,11,0.300000012,0.300000012
cc33770e00065e2b,60305,,0,226,8,0,0
ccb46b38f7d809b9,12052,,0,204,7,0,0
cccde8118186ed7f,50813,,0,704,14,0,0
cc86c14d27c0779b,2924,,0,98,3,0,0
cce393f6d2af46d4,71742,,0,42,0,0,0
ccec5be9439d7343,8387,,0,91,2,0,0
cc816508d5d548d1,4918,,0,260,8,0,0
cccdb0d0d69ff561,50190,,1,420,11,0.591549277,0.591549277
ccf12dbbeb44f86b,19938,,0,207,7,0.400000006,0.400000006
ccfc909fb8ce70cb,51347,,0,78,2,0,0
cc10ee264430e9f2,76876,,0,110,3,0,0
cc169cd6435512ca,6864,,0,90,2,0,0
cc3799d2bb4f186d,89030,,0,377,11,0,0
cc5db35bf1a28b41,66037,,1,476,12,0.699999988,0.699999988
cc8201c51e532387,27516,,0,161,5,0,0
ccc8a2329ffe2a07,53122,,0,716,14,0.400000006,0.400000006
cc2e3aacb174fcd9,34329,,0,83,2,0,0
cc7b91b4e926770f,32961,,0,501,12,0,0
ccf1f647dc45e9a9,45152,,0,118,4,0,0
cc9dbdc934489042,23324,,0,724,14,0,0
cccf6e7811258de4,64937,,0,45,0,0,0
cc670c13fc63dbf6,58617,,0,591,13,0,0
cc9d5cb23ae7c0dd,85187,,0,76,2,0,0
cc807138159b8619,34859,,0,75,1,0,0
cc1d461ca9feab45,13558,,0,386,11,0,0
cc05e1d7141f8b75,66680,,1,47,0,0.600000024,0.600000024
ccbad4bb20fb134d,43052,,0,982,15,0,0
cc97a2daf6e06a16,1640,,1,79,2,0.5,0.5
cc59d712d7404a6e,49192,,0,217,7,0,0
cc85989af2184379,47390,,0,46,0,0,0
ccd875e4ab4fdb2b,33683,,0,45,0,0,0
cca96bff8f9f6e1e,59181,,0,544,13,0,0
cc9c8881d49f63af,87151,,0,174,6,0,0
cc1ec1e6b3f7df2b,87864,,0,285,9,0,0
ccb6e5f52542ea4c,10255,,0,152,5,0,0
cc744b80dc70b1a8,16307,,0,274,9,0.300000012,0.300000012
ccc539e5b991efd6,10239,,0,262,8,0.442857146,0.442857146
ccc2777ed4a710ca,43316,,0,50,0,0,0
ccc0de6e887428e1,55527,,0,163,6,0.295081973,0.295081973
ccceab224549e2a8,53060,,0,153,5,0,0
cccacb8069e14170,72590,,0,81,2,0,0
cce6934780526a0c,83570,,0,244,8,0,0
cc9d39f6e881faeb,21851,,0,340,10,0,0
cc30149add83fa07,40596,,0,291,9,0.200000003,0.200000003
cc2ed82e95305e0b,7059,,0,265,9,0,0
cc305be74637a0e5,35834,,0,112,3,0,0
ccb2241ccfbf67ba,71268,,0,60,1,0,0
cc039f2640619522,16123,,0,61,1,0,0
ccd108a07c2b9185,14581,,0,98,3,0.200000003,0.200000003
cc8ff554fdf058f2,91340,,0,505,12,0,0
cc9fe7881510c9cf,20235,,0,400,11,0,0
ccda2870093c6d83,41634,,0,352,10,0.200000003,0.200000003
ccc593dbd2338109,56342,,0,236,8,0.166666672,0.166666672
cc16ac126b458a08,23968,,0,195,7,0,0
ccf1b9e02bba07ad,78173,,0,78,2,0,0
ccf542cf94333e8b,69814,,0,453,12,0,0
ccae87fb1287b915,92894,,0,945,15,0.166666672,0.166666672
ccccf3cf0e992e0b,26418,,0,280,9,0,0
ccff7b753635ff03,53378,,0,218,7,0,0
ccbe8a8446d39fc2,40229,,0,263,9,0,0
ccf83229f548d10e,72314,,0,535,13,0,0
cc797ba5ab6eff6e,31457,,0,371,11,0,0
cc185ce2d3ee4b05,40549,,0,529,12,0,0
cc14c2f8d0d9141c,42581,,0,204,7,0,0
cc75189fe2e60c66,4398,,0,608,13,0,0
cc21e087bcf0a781,31470,,0,203,7,0.166666672,0.166666672
cce557ad7a93cd56,63626,,0,301,9,0,0
cc04ea95bcc22a68,53765,,0,736,14,0.166666672,0.166666672
cc1e555906d1cd9a,59328,,0,648,13,0.300000012,0.300000012
cc9792ceda7f3d40,51002,,1,123,4,0.763888896,0.763888896
cca82d885d1bbff0,42899,,0,56,0,0,0
cccf608daebdcc0b,17911,,0,137,4,0,0
cc00dfeadd6b4c84,13148,,0,83,2,0,0
cc734642162ad065,33970,,0,89,2,0,0
cce3f59685fd9cb7,12975,,0,159,5,0,0
cc2bf8352822a088,42972,,0,204,7,0,0
ccc5bbaed5bada30,10138,,0,107,3,0,0
ccad8ff0251a6039,66228,,0,151,5,0,0
cca76a2cffbecb6c,57987,,0,296,9,0,0
ccb95faaf6c0fdf0,39011,,0,311,10,0.200000003,0.200000003
cc57f5c6489fc9b8,16676,,0,58,0,0.200000003,0.200000003
cc300d27a729ba79,87513,,0,682,14,0,0
cc15fd5c5e2189cb,79186,,0,164,6,0,0
cc856cae2a485c2c,70128,,0,386,11,0,0
cc6682b8c9bd78f5,17939,,0,181,6,0.485714287,0.485714287
cc4449877776ab21,6048,,0,74,1,0,0
cc204434d56608ac,78056,,0,100,3,0,0
cc1741235c91ad0c,64761,,0,486,12,0,0
cc4ffd07087612b8,25359,,0,249,8,0,0
ccc6159f03fb5d36,49806,,0,256,8,0.166666672,0.166666672
cc49cf13d8edfa0c,44844,,0,629,13,0,0
cc01bf23448a5180,38206,,0,423,11,0,0
cc1aab5ba3d6d86b,81675,,0,110,3,0.200000003,0.200000003
cc4fec7d7fbf4625,45576,,0,389,11,0,0
cc738534260373ef,90236,,0,156,5,0.400000006,0.400000006
cc942663d7edd10c,96276,,0,288,9,0,0
cc96ae6af40406da,55882,,0,342,10,0,0
cc5fa5e94dcae60a,21915,,0,601,13,0,0
cc7129e3c794efde,71523,,0,984,15,0,0
ccb9300d2c7333b8,92693,,0,82,2,0,0
cc6ddfca56016471,86894,,0,475,12,0,0
cc853ab3a5b32404,63001,,1,512,12,0.5,0.5
cc3363e76a736a20,17962,,0,112,3,0,0
ccea11f79624fbc7,87462,,0,82,2,0,0
cc0d322f35bff841,49877,,1,200,7,0.652777791,0.652777791
cc3c2d6e3cdb22b9,62303,,0,938,15,0,0
ccd176f64fa861cb,46596,,0,64,1,0,0
cc493ec0efd7c90e,39926,,0,240,8,0,0
cc45a1171e6f0d8e,11092,,0,64,1,0,0
ccd249bd8048cda6,66455,,0,657,13,0,0
cc29ec01ac77a054,21180,,0,205,7,0,0
ccd7061190c34c89,84918,,0,211,7,0,0
cc68ef5f446a5340,60089,,0,593,13,0,0
cce60acb28640633,70549,,0,47,0,0,0
ccc577c079df3337,84831,,0,322,10,0,0
cc4fe7ebf03b0807,79347,,0,126,4,0,0
cc9b080d0d0e715e,5443,,0,985,15,0,0
ccaee9e3ba674b4b,23733,,0,53,0,0,0
cc13dbef109bb8fc,30587,,1,91,2,0.5,0.5
cc5809e9c04ad6d8,76861,,0,988,15,0.200000003,0.200000003
cc40f9ea5bf3e0ff,43821,,0,500,12,0,0
cc12e4c7b513b98a,39519,,0,524,12,0,0
cc9852ec5f20e491,33009,,1,261,8,0.699999988,0.699999988
cceca03abc3f165e,4480,,0,111,3,0.200000003,0.200000003
cc399a42557341bd,65150,,0,713,14,0.300000012,0.300000012
cc84db10afebf8d5,55204,,0,144,5,0.328358203,0.328358203
ccd8882ea2a22bf1,65308,,0,166,6,0,0
ccfddb8ee41929f7,63817,,0,154,5,0,0
cc1806766793aeea,44547,,0,789,14,0,0
cc58b131d9adb531,80353,,0,263,8,0,0
cc9a266e22efc2a4,61149,,0,604,13,0,0
cc990dc6745bedd2,55488,,0,200,7,0.200000003,0.200000003
cc0149c9d997a7f6,16728,,0,987,15,0,0
cc3ebf9e3226646d,11994,,0,316,10,0,0
cc68adb6ac42f912,87030,,0,180,6,0,0
ccb886cbbdd02566,54804,,0,77,2,0,0
cce5aba514910a43,93490,,1,138,5,0.875,0.875
cc4089256868520a,14846,,1,980,15,0.5,0.5
cc4e80cb1f53311f,41578,,0,127,4,0.200000003,0.200000003
cc05ebae26b8664a,55859,,0,284,9,0,0
cc2bfce8702216bb,69412,,0,280,9,0,0
cc3482af7106879c,18201,,0,95,2,0.400000006,0.400000006
ccf8aa7939ad08d8,79276,,0,263,9,0,0
cc922b0c93297dfb,29207,,0,335,10,0,0
cc38a0012028d6c8,1122,,0,75,1,0.400000006,0.400000006
cc0fe74488fc8f43,2437,,0,539,13,0,0
cc22ac4f63a3080f,20673,,0,61,1,0,0
cc183008156adcce,6641,,0,233,8,0,0
cc6b2bc31bef6865,44463,,0,382,11,0,0
cc74c51c5adcaf76,62624,,0,142,5,0,0
cc2f285464b0cfd9,73914,,0,589,13,0.400000006,0.400000006
cc1296c370ae0cc4,54025,,0,979,15,0,0
cc17c7c1c7fdcb34,14610,,0,723,14,0,0
ccfa72aead66e71c,69695,,0,77,2,0,0
cc63f73557159194,42511,,0,992,15,0,0
cc60dedae0eebc20,63929,,0,129,4,0,0
ccf77362749c0777,37022,,0,118,4,0,0
cc93bc7d1afaca64,64707,,0,219,7,0,0
ccc1d71b7d380891,52016,,0,81,2,0,0
cc7f9a6ca03fb720,23177,,0,515,12,0,0
cc19cf374b6e7015,72730,,0,236,8,0,0
cc99e7b11f7611a5,13159,,0,101,3,0,0
cca78a39fe59e82e,93413,,0,40,0,0,0
cc8195f86ff9b13c,67159,,0,61,1,0.300000012,0.300000012
ccc88112743b3da5,75897,,0,243,8,0,0
cc3f3bfc751041be,77368,,0,469,12,0,0
cc9525daa08ba024,59923,,0,187,6,0,0
ccc7297943ea0915,72713,,0,75,1,0,0
cce963346609bc31,83542,,0,99,3,0,0
cc5f4e8d58101d85,72992,,0,420,11,0,0
cc6f9e318a2a7a82,37105,,0,126,4,0,0
ccdd3fd767f19ea0,83337,,0,508,12,0.200000003,0.200000003
cc868cd8660323e4,38763,,0,465,12,0,0
cc46859e156dac35,9245,,0,125,4,0,0
cc0590274918bb54,40311,,0,774,14,0,0
cc53df406893ecba,65467,,0,120,4,0,0
cc57f7aa69f5e005,87045,,0,175,6,0.166666672,0.166666672
cc5526e88cf6e175,62161,,0,274,9,0,0
cc1cf6fa830b9a0f,80107,,0,173,6,0,0
cc4d3971cef3ca29,52745,,0,109,3,0,0
cc791eb58c3138e2,85853,,0,182,6,0.200000003,0.200000003
cc1c5eb5957feaf4,35767,,0,123,4,0,0
cca654bc5f0ff59e,25080,,0,401,11,0,0
ccf7e92f96b7c66d,64811,,0,982,15,0,0
cc68222f3db1a847,2000,,0,91,2,0,0
cc6463f05af0f972,58456,,0,77,2,0.142857149,0.142857149
cc14211bbcf85e55,34574,,0,193,7,0,0
cc68c50407be445a,45464,,0,778,14,0,0
ccb6cc934e67e75e,74813,,0,98,3,0,0
ccb5281188194f2a,55167,,0,196,7,0,0
ccee8961856804aa,47462,,0,87,2,0,0
cc718227a6a8db20,66620,,0,986,15,0.200000003,0.200000003
cc6d0c5fbd1c75c4,64603,,0,57,0,0,0
ccef6ae7d57627b2,37448,,1,126,4,0.625,0.625
cc9962f234121238,46227,,1,75,1,0.540540516,0.540540516
cc99b273abf8837c,75037,,0,207,7,0,0
ccb33f48c5a7e644,94100,,0,205,7,0.166666672,0.166666672
cc21a02f0e5d399f,51522,,0,326,10,0.166666672,0.166666672
cc78aff9ddb8fb7b,65949,,0,263,9,0,0
cca656af497af052,74593,,0,337,10,0,0
cc14a198e8417541,89814,,0,809,14,0.166666672,0.166666672
cc2eff08cb5fb2dd,12091,,0,167,6,0.142857149,0.142857149
cc18354b89e602af,33466,,0,56,0,0.300000012,0.300000012
cc92f21e33137ade,83375,,0,241,8,0.100000001,0.100000001
cc88bfbd1bc1e384,26322,,0,67,1,0,0
cc7389fb7544856e,26939,,0,47,0,0,0
cc9e540cb23f28f8,6776,,1,50,0,0.600000024,0.600000024
cca8bae51b901bba,51425,,0,130,4,0,0
cc6349222bd9d3cf,18644,,0,978,15,0,0
cc336506076a159e,42519,,0,195,7,0,0
cc10ec0d5bb77448,62561,,0,61,1,0,0
ccc277ea054d165c,43727,,0,697,14,0,0
cc48945878508195,53835,,0,228,8,0,0
cc0919b1f531c8aa,18357,,0,776,14,0.300000012,0.300000012
cca304327d764b38,80603,,0,124,4,0,0
cc5f8566fd90b521,84123,,0,183,6,0,0
cce92fa15dbac250,93738,,0,195,7,0,0
ccfaa0df6571910e,55226,,0,194,7,0,0
cca07fdb4f596dc4,87395,,0,596,13,0,0
cc5590688aa126c8,92802,,0,129,4,0,0
ccecf75bde398538,25501,,0,608,13,0,0
cc5dd5ac9e6fdbb6,9207,,0,176,6,0,0
ccb33bebb21806fe,43512,,0,568,13,0.166666672,0.166666672
cc6a630ebaed5934,85537,,1,521,12,0.5,0.5
cc4a9751643fb1ca,54800,,0,328,10,0,0
cc6048912ffee04a,85568,,0,307,9,0,0
cc83868861359168,48282,,0,398,11,0,0
cc152b5b9495a343,46727,,0,361,10,0,0
cccdad6f5dcf844c,58524,,0,61,1,0,0
cc620261fe995180,33648,,0,457,12,0.200000003,0.200000003
cce7b3eab0bf5ff4,43940,,1,115,3,0.813559294,0.813559294
cc01ef9eb61ab8b0,93207,,0,45,0,0,0
ccc7da485443d17e,53930,,0,243,8,0,0
cc7f20cd001ed6bd,40017,,0,181,6,0,0
ccb0ad479f38533c,34589,,0,128,4,0.300000012,0.300000012
cc8dcb4e688f3e32,92546,,0,314,10,0,0
cc110bb468b2a88c,86743,,0,189,6,0,0
cc99ec1958fea1e1,77317,,0,263,9,0,0
cc195516654a04d9,8528,,0,287,9,0.200000003,0.200000003
ccafd42ab304a67a,42729,,0,656,13,0,0
cca37f61cc014e8e,5902,,0,43,0,0,0
cc8806b50bb8054e,55607,,0,68,1,0,0
cc50520aae93e2ad,67575,,1,288,9,0.733333349,0.733333349
cc7d5088a4acd606,47677,,0,396,11,0.300000012,0.300000012
cc8c63b11b8bca36,74909,,0,435,12,0,0
cc0cbe5a4943ca26,39416,,0,43,0,0,0
cc354bb4c17c4a2a,19015,,0,787,14,0.166666672,0.166666672
cc2b8d75618802bc,74444,,1,349,10,1,1
cc13d568170d0768,41442,,0,449,12,0,0
cc81b7637ff66b9e,21083,,0,176,6,0,0
cc0482fa9b51f55a,43935,,1,120,4,0.912280679,0.912280679
cce9e5950a6d3bfc,15906,,0,217,7,0,0
cc624fa8c8c0f590,41392,,0,433,11,0,0
ccbbf0dc8f06578f,49004,,0,880,14,0,0
cc87c87318dea450,82434,,0,108,3,0.300000012,0.300000012
cc962cced1d93fd5,11780,,0,154,5,0,0
cc97845a7afefbc6,38874,,0,985,15,0.166666672,0.166666672
cc72880a3b0c5d37,11201,,0,594,13,0,0
cc2fe14fce1d2e6b,15119,,0,115,3,0.25,0.25
ccd1bacc5141fa96,72711,,1,121,4,0.590909064,0.590909064
cce19579f509816b,13002,,0,104,3,0,0
cc4039233b273b53,72764,,0,43,0,0,0
cc3819072559e462,51078,,0,144,5,0,0
cc3c8cd1dea26f4c,50912,,0,199,7,0,0
ccfc191bb05658b0,7200,,0,385,11,0,0
cc5b53dd9a7f1246,34731,,0,120,4,0.100000001,0.100000001
ccf513f246a5dad4,44078,,0,130,4,0,0
cc3961abc09986b3,60314,,0,165,6,0,0
cc220d7fa84c3035,47310,,0,632,13,0,0
cc9612fea509f353,93768,,0,643,13,0,0
cceafd6b89c4f19c,49779,,0,470,12,0,0
ccfa7b391f95df33,94828,,0,290,9,0,0
ccf0b29e131a186c,84756,,0,298,9,0,0
cc5952266543646e,52230,,0,220,7,0,0
cc195e11bd875726,4079,,0,331,10,0,0
cc52f985839d48f9,52106,,0,994,15,0,0
ccadc6ad14be1a51,78250,,0,100,3,0,0
cc1a237c5cdafde2,12630,,0,58,0,0,0
cc1f011c760ce4b4,29836,,0,339,10,0.166666672,0.166666672
cc9032fc79560fcd,7095,,0,241,8,0.471428573,0.471428573
cc165e93a0154db0,68694,,0,994,15,0.166666672,0.166666672
cc41bfb475bfe47b,87273,,0,240,8,0,0
cc2f2f81c2003354,52210,,0,653,13,0,0
ccf2b5335f06f059,74170,,0,70,1,0,0
cc3b709599b11018,28304,,0,203,7,0.166666672,0.166666672
cc296a81fe0a05ed,2850,,0,208,7,0.166666672,0.166666672
cc239f078bc33fba,64984,,0,113,3,0.200000003,0.200000003
cc7c091152b382a1,76134,,0,203,7,0,0
cc4c2e66ded0cc99,43384,,0,141,5,0,0
cca5ca91079915ce,33022,,0,103,3,0,0
cc2c9251519d47fa,86168,,0,114,3,0,0
cc8c4d8589224492,81012,,0,95,2,0.200000003,0.200000003
cc1f8cd87b9bd274,80995,,0,58,0,0,0
ccf51a144e8ebc20,57888,,0,568,13,0,0
ccc1ab68b5874d52,43439,,0,322,10,0,0
cca05a1dd03c88cf,30033,,0,392,11,0,0
cc05754ce0490293,90591,,0,538,13,0.166666672,0.166666672
cccc874c3bd523a4,73789,,0,315,10,0.200000003,0.200000003
cc4da99cd4de369d,74305,,0,44,0,0,0
ccce422ba59a699a,81377,,0,567,13,0,0
cc719ff8af6d37c1,65164,,0,44,0,0,0
ccf6006b8358488a,65194,,1,212,7,0.5,0.5
cc73299ae94205eb,23024,,0,176,6,0,0
cc5577109681a224,78742,,0,931,15,0,0
cc3533712f54631f,9444,,0,107,3,0,0
cc3f046d2ba4e09b,84212,,0,484,12,0,0
ccfbf004b0fbb376,87518,,0,42,0,0,0
cc6552f53509156e,27949,,1,110,3,0.5,0.5
cccef82c6340c1bd,54297,,1,167,6,0.5,0.5
ccf7699a2905ddab,147,,0,543,13,0,0
cc9911bcfec860be,90886,,0,502,12,0,0
cc1c4cac55230422,7226,,0,90,2,0.200000003,0.200000003
cc91221b38e97158,31068,,0,265,9,0,0
cca8002e65a7ff45,4744,,0,523,12,0,0
ccd293e342e18306,82880,,0,578,13,0,0
cc02e00a0c432aef,51981,,0,777,14,0.400000006,0.400000006
cceb0bf061f4ab50,2921,,0,108,3,0.385714293,0.385714293
ccb60bc4a9b29597,90142,,0,226,8,0,0
cc51220a35a391ce,6779,,0,167,6,0,0
cc27aeba0e416120,51533,,0,184,6,0,0
ccd5fa80349f3ad1,65284,,0,44,0,0,0
cc310a018c4c6450,86441,,0,273,9,0.166666672,0.166666672
cc0b3b87b701cd3a,84015,,0,260,8,0,0
cc4b15320eb143f9,29091,,0,517,12,0.300000012,0.300000012
cc653f5be72d4f09,15757,,0,139,5,0,0
cc1f3522294c7c55,20575,,0,471,12,0,0
cce0f1b11e8a7fe2,87626,,0,270,9,0,0
ccc628eec56fb3c2,56053,,1,293,9,0.600000024,0.600000024
ccd975426e912851,32975,,1,58,1,0.740740716,0.740740716
cc0fe598ffc5eede,66533,,0,217,7,0.166666672,0.166666672
cc029cdc72948c86,70895,,0,185,6,0,0
cc7e9fd1ddecfa37,49801,,0,757,14,0.300000012,0.300000012
cc2c15d8455c6626,67940,,0,68,1,0,0
ccf00617652b0c03,93468,,0,48,0,0,0
cc63d35ad27561be,44772,,0,382,11,0,0
cc2da90c3e924ee6,47758,,0,118,4,0,0
cc06613208544f9f,87320,,0,144,5,0,0
ccb3072b820a0be7,19061,,0,383,11,0.200000003,0.200000003
ccbb0211c6e15520,23758,,0,372,11,0.400000006,0.400000006
cc6e3419f9bbf706,48338,,0,119,4,0,0
cc96e7d149b00675,78555,,0,93,2,0,0
cce21af2a59c9bb4,82170,,0,333,10,0,0
cc291936150c212e,46609,,0,172,6,0,0
cc54f73d3877bf15,87049,,0,676,14,0.200000003,0.200000003
cccd0bf9d6f63067,72693,,0,111,3,0,0
cca9c8677052b55e,8987,,0,165,6,0,0
cc4a2882da71a38b,90070,,0,479,12,0,0
cc343c66f92481a9,3156,,0,309,10,0,0
cc37d098d8679ad7,39692,,0,933,15,0,0
cc074c51d8c7577f,69487,,0,996,15,0.200000003,0.200000003
cc535d4ff5a6fbca,42211,,0,383,11,0,0
cc6d93405dea033b,64714,,1,788,14,0.5,0.5
cc9417f582b3be7f,1115,,0,336,10,0,0
cc9b96b15a213c58,47072,,0,428,11,0.166666672,0.166666672
cc6023b8a60b8d2b,77651,,0,247,8,0,0
ccb461ee406c9ce6,78631,,0,126,4,0,0
cc01ba288ce55327,77054,,0,997,15,0.166666672,0.166666672
cc54d46532c182a7,26175,,0,288,9,0.400000006,0.400000006
ccf6c0186dcb3352,38094,,0,87,2,0,0
ccf9a8330ce89659,86513,,0,425,11,0,0
cc04331fcc2e105e,70924,,0,281,9,0,0
cc1f08bbd85d46c1,96353,,0,139,5,0.200000003,0.200000003
ccc6064ae1cb5fe7,42182,,0,189,6,0.166666672,0.166666672
cc7fd0b6d294fe02,75020,,1,42,0,0.938775539,0.938775539
cc576f343fd7e303,5916,,0,137,4,0,0
cc85a01327558acd,52669,,0,171,6,0,0
ccb2061fd05b1539,51355,,0,460,12,0.200000003,0.200000003
cc078edc2c48bd87,5631,,0,182,6,0,0
cc50340b20f09d9a,51759,,0,598,13,0.142857149,0.142857149
cc38f4d1444d8f6e,69299,,0,991,15,0,0
ccea126702339189,52001,,0,104,3,0,0
cc0a884e959e0792,43726,,0,214,7,0,0
cc030709bf3c485e,49537,,1,253,8,0.754716992,0.754716992
cc39a909eac4b343,50335,,0,154,5,0.200000003,0.200000003
cc27160af219d586,1323,,0,252,8,0,0
ccc9fad9cab8583c,23260,,1,233,8,0.5,0.5
cc91b01dbb2b49c2,60583,,0,197,7,0,0
cc50538da0730058,22773,,0,397,11,0,0
cc79366fc006e0f3,89109,,0,429,11,0,0
cceaba6c648ad449,19979,,0,165,6,0.166666672,0.166666672
cc70998868a731eb,62319,,0,47,0,0,0
cc6532ec79fcaf13,65920,,0,995,15,0,0
cc1596eec9eb7fe9,36815,,0,956,15,0,0
cc656462190af265,46372,,0,82,2,0.166666672,0.166666672
cce8709f6f9af229,58997,,0,131,4,0,0
cc1a5e9de83d32fe,80793,,0,363,10,0,0
ccdff9fb482ff341,29194,,0,247,8,0,0
cc363ca6910df3b2,84420,,0,126,4,0,0
ccbb287937c330ee,42816,,0,553,13,0,0
ccebb2315d406e4f,76654,,0,124,4,0,0
ccf5d47fb1259d04,30188,,0,996,15,0,0
cc15170d72b2b383,32814,,0,469,12,0.300000012,0.300000012
cca9e37b136df26e,16996,,0,56,0,0,0
cc05e56af7b0e08b,12000,,0,175,6,0,0
cc5eebc9cab81275,79744,,0,617,13,0.200000003,0.200000003
cc20532e0b8d007f,60225,,0,966,15,0,0
ccef16cb564a45e9,25411,,0,198,7,0,0
cca366f7e07cb4fb,28597,,0,124,4,0,0
ccb1d42ea07a1ca9,6406,,0,59,1,0,0
ccf31514bb6af688,51650,,0,275,9,0,0
cca8c5a646f67367,7073,,0,642,13,0.300000012,0.300000012
cc4d06abb1d27977,64640,,0,487,12,0,0
ccd836058c4294c0,34334,,0,533,13,0,0
ccb5dccca97e4864,13840,,0,499,12,0.400000006,0.400000006
cccac277d85eae0d,77073,,0,255,8,0,0
cccfa8eacd1d91c9,21740,,0,976,15,0,0
ccb99b7862a7ffd3,47429,,0,92,2,0,0
cccf33b5a0d07280,93064,,1,73,1,0.699999988,0.699999988
ccb8f2f0c10da9df,53239,,0,155,5,0,0
cc760206357806b3,35194,,0,261,8,0,0
ccc2bfac26dedcd5,43086,,0,56,0,0.200000003,0.200000003
cc09729aa2a1a50d,24755,,0,200,7,0,0
cce6f447d0846fb2,74618,,0,416,11,0,0
cc0c6ab770f50121,68432,,0,411,11,0.166666672,0.166666672
cc63e58dc1be3572,68576,,0,419,11,0,0
ccdedb729f7830a9,45403,,0,128,4,0,0
cca154de785510dc,56720,,0,565,13,0,0
cceaa54589dba153,34517,,0,89,2,0.166666672,0.166666672
cc3880c353c362a1,93791,,0,248,8,0,0
cc5e639dfdb8edee,88879,,0,138,5,0,0
cca2637eeac29d1d,65128,,0,801,14,0,0
cc743bbc1cb698c7,2623,,0,224,8,0,0
cc1ffc2b577a291d,39874,,0,173,6,0,0
cce53bbf91f53f2f,67821,,0,996,15,0,0
cc297268b3bd4ef2,4304,,0,198,7,0,0
cc30a60ed95e8ba0,61438,,1,61,1,0.5,0.5
cc31de3872c69317,19178,,0,274,9,0,0
cc99a4beb229e6fc,94739,,1,438,12,0.593220353,0.593220353
ccc6a4c03d4b2a40,79452,,0,115,3,0,0
ccbe760b307f2e0a,83691,,0,52,0,0.166666672,0.166666672
cca063a69277e7bf,96217,,0,331,10,0,0
ccb288fe7bc15d17,5941,,0,173,6,0.400000006,0.400000006
ccd8c7e4a57866cb,80275,,0,258,8,0,0
ccfd2bc459f8ead0,96374,,0,687,14,0,0
cc16597f4823a921,63888,,0,489,12,0.300000012,0.300000012
cc27976a1bd332c3,49526,,0,863,14,0,0
ccd1de9c0ea34634,50597,,0,253,8,0.166666672,0.166666672
cc3ad9d3e001d84b,76393,,0,677,14,0.166666672,0.166666672
cc5ad031a57ab130,64753,,1,184,6,0.600000024,0.600000024
cc023f36e5d515ce,20998,,0,365,11,0,0
ccf7cc8060b418f2,37330,,0,110,3,0,0
cc0d95e87a3e134d,63058,,0,125,4,0,0
cce399957b7efa84,11248,,0,331,10,0.166666672,0.166666672
cc975e1615ee9b15,51395,,0,385,11,0,0
ccb4b734921964aa,32595,,0,79,2,0,0
ccec16cbd360a680,60360,,0,324,10,0,0
cc64a0d14d2eff07,37311,,0,69,1,0,0
cc97d4c2902dc0cc,74376,,0,47,0,0,0
cc6d982ac2fdf95a,57022,,0,42,0,0.0285714287,0.0285714287
cc80cd225472da82,22882,,0,543,13,0,0
cc20b15923a6c904,20561,,0,88,2,0,0
cc162e47961a5faf,1602,,0,568,13,0,0
ccaebc2cf91c1789,18345,,1,461,12,0.5,0.5
cc615d5816bbf091,29008,,0,141,5,0,0
cc798cd5c285bfcc,10480,,1,123,4,0.5,0.5
cc993701a1c26b2b,39998,,0,376,11,0,0
cca016c424d2752c,43937,,0,339,10,0,0
cc4fc678125fa24e,74409,,0,78,2,0,0
cc3d4fc73ffd235e,7622,,0,972,15,0,0
cc4a2ab2d2824bcd,32893,,0,899,14,0.166666672,0.166666672
cc857914bdba42a0,58704,,0,216,7,0,0
cc00e55907e73163,42737,,0,40,0,0,0
cc3e2ecb6b550946,23530,,1,57,0,0.862500012,0.862500012
ccf007154aa5ea42,87437,,0,391,11,0,0
cc22fecddfc879ed,57863,,0,583,13,0.200000003,0.200000003
cca4f6ad8ed86ca1,48063,,0,693,14,0,0
cc8ed803853544d7,10654,,0,84,2,0,0
ccd235621624e384,53787,,0,439,12,0,0
cc6b9b9592841ea3,63672,,0,127,4,0,0
cc04686989386a98,75902,,0,178,6,0,0
cc521074e0c48b04,33541,,0,61,1,0,0
cc920dbd35369f01,83495,,1,240,8,0.699999988,0.699999988
cc2003fd1e1a14db,73706,,0,993,15,0,0
cc608ed0d09dd0b9,97250,,1,123,4,0.74242425,0.74242425
cca41a5fc57e0c83,15399,,0,105,3,0,0
cc308810175b6703,54888,,0,503,12,0.400000006,0.400000006
cca8fbbb714a9383,34062,,1,342,10,1,1
cc52ed739352c55c,80544,,0,149,5,0,0
cc250e48276634d9,67312,,0,474,12,0,0
cc9c83c3348585bc,61235,,0,522,12,0,0
cc4b8e360db76e9c,10534,,0,158,5,0,0
ccd96e4226104a78,64171,,0,55,0,0,0
ccc73c051fe2e0bc,34115,,0,768,14,0,0
cce2916824ed8c3c,16588,,0,148,5,0,0
ccfc809e2160b57d,63201,,0,78,2,0,0
cc7b376b758fbfa6,77127,,0,57,0,0,0
ccf6ee5edefa6df3,67608,,0,785,14,0.300000012,0.300000012
cc4897f053dbd36f,67722,,0,66,1,0,0
cc8ceb0597ef0f2b,12767,,0,231,8,0,0
cc4d455312f81275,42728,,1,229,8,0.5,0.5
cc15438fabe6ea65,78938,,0,326,10,0,0
ccc19f19d34542a9,56223,,0,270,9,0.300000012,0.300000012
ccf4d8a8042795ff,54081,,0,74,1,0,0
cc67183a9e3ff6cc,67211,,0,165,6,0.166666672,0.166666672
ccccb38e88d69f5f,78921,,1,277,9,0.5,0.5
cc9fd716b3d06aa3,35408,,0,996,15,0,0
cc03dc6f8340db89,81307,,0,342,10,0.200000003,0.200000003
cc4ee661ae8752ac,76396,,0,853,14,0.400000006,0.400000006
cc9e4cece85244af,22142,,0,276,9,0,0
cc74dc323a425c12,50849,,0,386,11,0,0
cc590d96c657eb21,94789,,0,117,4,0,0
cc732ef8577eb569,42912,,0,102,3,0,0
cc29db8943ab535d,58107,,0,58,0,0,0
ccf6b71b10ee3e10,43022,,0,135,4,0,0
cc7b94fecfe722c0,31015,,0,893,14,0,0
ccd7f00daace0db5,87415,,0,62,1,0.166666672,0.166666672
cc6d9870252d61fc,13515,,0,227,8,0,0
ccd451fd88cc0d11,8553,,0,71,1,0.166666672,0.166666672
cccc701f5e2385d1,82777,,0,190,6,0,0
ccae0b18de2ce069,22584,,0,321,10,0.166666672,0.166666672
cc6d69e91a9e6913,91163,,0,83,2,0,0
cc66deeba12fac59,23598,,0,356,10,0,0
ccc6ec63764ced55,56490,,0,189,6,0.300000012,0.300000012
cc6fb16061e5e36e,26417,,0,181,6,0,0
cc9ea545ff02d2b0,89747,,0,352,10,0,0
cc3734d56a5b87f2,78344,,0,104,3,0.394366205,0.394366205
cc5fd462643a5a69,88676,,0,85,2,0,0
cc651bfaf8b7afe4,73764,,0,252,8,0,0
ccc854faf0aa3188,1041,,0,480,12,0.400000006,0.400000006
cc9ad9a801edd287,66621,,0,493,12,0,0
cc17153dad9d3a05,71399,,0,108,3,0,0
cce328bf0708aaae,32296,,0,136,4,0,0
cc8af9cb822e640a,31853,,1,457,12,0.699999988,0.699999988
cccc107a8a4ef48d,55152,,0,290,9,0.200000003,0.200000003
cc7986ffa7654659,69081,,0,864,14,0.300000012,0.300000012
cce2b97d2f3ad94c,35609,,0,202,7,0,0
cc86daa481ab1ded,23427,,0,75,1,0,0
ccf9fb76dca5ad81,47889,,0,165,6,0,0
cc3c7580c657aa39,96656,,0,220,7,0,0
cc86c3e472b02a6c,90952,,0,131,4,0,0
ccfff27e3f4ab978,21976,,0,753,14,0.400000006,0.400000006
cc6e720dc62ad769,7703,,0,409,11,0.400000006,0.400000006
cc80dfaa07e9844a,7485,,0,408,11,0.166666672,0.166666672
cca1b283c085ca2b,76977,,0,227,8,0,0
cc3094cc86f2b29c,86230,,0,501,12,0,0
cc82d46eb7d477fc,61609,,0,503,12,0,0
ccb32d4622b72f80,4914,,0,296,9,0.300000012,0.300000012
cc44f0d250ed3aa1,28599,,0,598,13,0,0
ccad0dd80f34abb6,61344,,0,319,10,0,0
cc35130d74c40f46,51527,,1,48,0,0.514285743,0.514285743
cca1913b2d08ae28,75104,,0,366,11,0.200000003,0.200000003
cc0ade1080acc3c1,24346,,0,80,2,0,0
ccf0e8c55553d7ae,81330,,0,362,10,0,0
ccf979ab71ef1908,73546,,0,465,12,0,0
cc56195b1faeefb6,28680,,0,214,7,0,0
cc08ba6e24152cf5,88298,,0,92,2,0,0
cc787a454b61be84,55901,,0,632,13,0.400000006,0.400000006
ccfa32986c66f298,14172,,1,537,13,0.842857122,0.842857122
ccf0b95f4dc83a95,53216,,0,61,1,0,0
cc858e92c26cb5cf,57514,,0,184,6,0,0
cc2dd11ef37f7d00,89722,,0,891,14,0,0
cc2ca94e00cdcef1,64283,,0,210,7,0,0
cc42bd15815cbbd1,31204,,0,975,15,0,0
cc0a08f5db2edfe7,45507,,0,58,0,0,0
ccfce8faaed845af,32697,,0,44,0,0,0
cc67844611a5e0b6,32462,,0,167,6,0,0
ccc64fa3333c58ed,77075,,0,690,14,0.166666672,0.166666672
ccab41347aa86da7,9397,,0,371,11,0,0
cc113aa6ab7c7d89,28137,,0,105,3,0,0
cc5626944dfce7ff,81594,,0,992,15,0,0
cc4edc235ac430d2,50465,,0,63,1,0,0
cca0d8ec91b9f3f0,45371,,0,78,2,0.166666672,0.166666672
ccd493eda5a57477,91415,,0,473,12,0,0
ccda384166cb03ed,26419,,0,80,2,0,0
cc51ee929ddd91c2,4611,,0,214,7,0,0
ccd4f8afc7e58884,75849,,0,391,11,0.200000003,0.200000003
ccdc0294cbb4408e,74646,,0,330,10,0,0
ccf349d210106a01,53448,,0,103,3,0,0
cc11f61315f770e0,21920,,0,520,12,0,0
ccf5a303b4595400,68454,,0,153,5,0,0
ccf73b784b651819,13211,,0,439,12,0.300000012,0.300000012
cc8c004d723f4e8d,56345,,0,195,7,0,0
ccff38d147eff51c,578,,0,442,12,0,0
cc83e606b4f08b3c,80057,,0,68,1,0,0
cc56e3cd03886187,80277,,0,229,8,0,0
ccf0c74a3d89cbd5,87236,,0,66,1,0.166666672,0.166666672
cc49573fa4ea973d,36131,,0,565,13,0,0
cc87642d69b65e86,48046,,0,977,15,0,0
cc0ae5a90a7cdf00,40849,,0,391,11,0,0
cc8affb16680a50f,78398,,0,140,5,0,0
cc7a56d965514263,10154,,0,46,0,0,0
cc6c0b213cd66c0f,41459,,0,212,7,0,0
cc6e4a5dd488b6b0,92426,,0,83,2,0,0
ccf2fc3a2ef419f3,15815,,0,726,14,0,0
ccbaca9cab3d5491,87597,,0,826,14,0,0
cc5a2603c1fd2d3b,89466,,0,206,7,0,0
cc8a20785951098d,64922,,0,81,2,0,0
cc79aa54f792d91d,47812,,1,168,6,0.640625,0.640625
cce20b92bd353be6,8076,,0,376,11,0.166666672,0.166666672
cc353d1cee97db40,84533,,0,898,14,0,0
cc78a4e41d74ec34,28681,,0,143,5,0,0
ccd83f7ddca87f35,53095,,0,461,12,0.166666672,0.166666672
cc8bbbdcf7a27e99,10132,,0,148,5,0,0
cc72dde28361fccf,90558,,0,388,11,0,0
cc9772c7ec73d96e,71184,,1,608,13,0.5,0.5
cc706ea491ae9ec7,5808,,0,204,7,0,0
ccb69e88486691bb,63503,,0,233,8,0,0
cc76c5fcb85c14a0,9030,,0,701,14,0,0
ccdd0f6bdbb877ed,54997,,0,384,11,0.200000003,0.200000003
cc9eb3cc37e75cc6,3128,,0,215,7,0,0
ccf659d981daa8ab,93571,,0,55,0,0.200000003,0.200000003
cc0c4aacefbce69a,65039,,0,50,0,0,0
cc70d48ed9d095c1,90790,,0,317,10,0,0
cc2b37eed8efba1c,32791,,0,504,12,0,0
ccc01d640495a1a4,90279,,0,126,4,0,0
ccc263c272406469,11222,,0,534,13,0.166666672,0.166666672
cc7e26d7657765bc,15264,,0,110,3,0,0
cc8db62a2090fad5,17833,,0,153,5,0,0
ccff382840038a5a,78861,,0,403,11,0,0
cc5e10b061240f9c,14463,,0,175,6,0,0
cc6be7591d92d62f,89373,,1,78,2,0.699999988,0.699999988
ccc328f7268e1254,86229,,1,83,2,0.730769217,0.730769217
cc2072bac5f9fcd3,66742,,0,147,5,0.300000012,0.300000012
ccf1f7b25fe8e07a,95975,,0,97,3,0,0
ccc802a8978fa057,82431,,0,122,4,0,0
cc136f413247cffe,43582,,0,222,7,0,0
cccae79d4d9738de,20718,,1,50,0,0.712121189,0.712121189
cccf137b547c4cb0,19912,,0,190,6,0,0
cc49e9935ea2f743,93959,,0,495,12,0,0
ccaf89e0943cc985,64437,,0,74,1,0.200000003,0.200000003
cc1e3700634764f1,68949,,1,106,3,0.550000012,0.550000012
cce5fd456f62b979,59634,,0,236,8,0,0
cc73a60e1b4a4939,6321,,0,321,10,0.166666672,0.166666672
cc390962de2b57ce,16340,,0,171,6,0,0
cc6c6ce6f68b9384,24793,,0,558,13,0,0
cc8ffaf236916e40,52697,,0,58,0,0.095238097,0.095238097
ccef6f0fb20fd24a,27199,,0,258,8,0.166666672,0.166666672
cc1476ddb7c6e8f8,958,,0,782,14,0.200000003,0.200000003
ccb2a86ccd863a19,81612,,0,130,4,0.166666672,0.166666672
cc4b4db0727b1467,94049,,0,177,6,0,0
cc81ec1e18549820,88809,,0,62,1,0,0
cc86bcbf9a06a6cb,4657,,0,824,14,0,0
cca0495b256bbd0e,23748,,0,245,8,0,0
cc142a7619b9dded,85936,,1,260,8,0.5,0.5
cca41c835b02c14d,32764,,0,411,11,0,0
cc75c012d3c87de8,77875,,0,359,10,0,0
cc80ce31334a7e66,56544,,0,312,10,0.300000012,0.300000012
cc4ede5c93a1d174,8173,,0,153,5,0,0
cc76ce2fb291c56e,90914,,0,686,14,0,0
cc99ddc783dfa453,22488,,0,162,5,0,0
cc517543c54e3738,76404,,0,237,8,0,0
cce14351c11f90b9,18339,,0,179,6,0,0
ccf9b00694d8ce21,75993,,0,540,13,0,0
ccb8c28e75ff1e68,13969,,0,287,9,0,0
cc25371537f6627e,69044,,0,673,13,0,0
cc5f32e72b6ef450,83775,,0,268,9,0,0
cc878de332dd7edc,59946,,0,206,7,0.166666672,0.166666672
cc086dcece7ffd26,31686,,0,88,2,0,0
ccb8b4b9ca55d618,1317,,0,870,14,0,0
cc194aab445f3813,61338,,1,139,5,0.653333306,0.653333306
cc8b2213e959ba8f,63761,,0,204,7,0,0
cc299d6dfd1bc18c,79972,,0,414,11,0,0
ccd179d88d531b59,27868,,0,570,13,0,0
cc5c858bef3b549f,25429,,0,194,7,0.300000012,0.300000012
ccc36883062a922c,18290,,0,626,13,0,0
cc8fe58bf8cb3194,40687,,0,990,15,0,0
cc5e8c554727d0b9,79634,,0,332,10,0.400000006,0.400000006
cc2b3d0d78acf617,39022,,0,985,15,0,0
cc4a17a8a2569841,16137,,0,205,7,0,0
ccd8322fa9837bae,62212,,0,132,4,0,0
cced55574cbb39ac,31328,,0,169,6,0.300000012,0.300000012
ccbf0ab542dc3afd,60516,,0,838,14,0,0
cc008a4be4c224ed,48827,,0,94,2,0,0
cc2aed3194739d08,43487,,0,405,11,0,0
cc2d5d0a9b3a08a8,82472,,0,951,15,0,0
cc366d482974d23c,22406,,0,292,9,0,0
cc00c17d2cfee690,75083,,0,382,11,0,0
cc2d244ebaa7d4df,46371,,0,328,10,0,0
cc5caf909633841c,54011,,0,252,8,0,0
cced7b99dc249512,24290,,0,986,15,0,0
cc159db64a24b6a6,69272,,0,588,13,0.200000003,0.200000003
ccfd22e92372f68d,36415,,1,555,13,0.616666675,0.616666675
cc026a530730882b,46686,,0,49,0,0,0
cc0d46ab2c303fd0,19406,,1,466,12,0.5,0.5
cc1baa566fe29f95,85032,,0,993,15,0,0
cc3e836de3916928,70015,,0,983,15,0,0
cce805c9d1d472db,36333,,0,77,2,0,0
cc16d16f491aeb02,63129,,0,67,1,0,0
cc162fec61eb0f81,37709,,0,163,6,0.200000003,0.200000003
cc8b8c6f2a28c35c,70331,,0,491,12,0.111111112,0.111111112
cca5228dd560a632,9461,,0,244,8,0,0
cc4787e662fd5fd0,52700,,0,208,7,0,0
cc9c9b9775369c59,45059,,0,339,10,0,0
ccebff469b93d9fc,14714,,0,75,1,0,0
ccd4b5a93bb6bc58,72759,,0,896,14,0,0
cc6cbf05cd253ca4,20492,,0,55,0,0.100000001,0.100000001
cc6e95493fef82ff,17767,,0,492,12,0.200000003,0.200000003
cce843e78fbcab4f,86160,,1,113,3,0.764705896,0.764705896
cc7c73cb697c5271,62993,,0,115,3,0,0
cc133ab93c9864b6,88799,,0,226,8,0.166666672,0.166666672
cc43a03b084aaa21,36371,,0,294,9,0,0
cc9e0eb1ac596b84,80018,,0,220,7,0.200000003,0.200000003
ccfa4e80337a015a,5531,,0,509,12,0,0
cc9f5992e443e574,43202,,0,93,2,0,0
cc516bba22cbb5e5,3921,,0,77,2,0,0
cc0b1683bf836cf9,11978,,0,110,3,0,0
ccf2011290de3413,81864,,0,118,4,0,0
ccdf1920a8b7a6d0,57297,,1,213,7,0.787878811,0.787878811
cce057ad6b17237c,59051,,1,248,8,0.888888896,0.888888896
cce5380a0e2a1137,66510,,0,255,8,0,0
cca3df2b42482931,58751,,0,120,4,0,0
ccf18f14744f57fa,31781,,0,324,10,0.442857146,0.442857146
cc4e2c9f4cf49ace,11247,,0,56,0,0,0
cc66e59135245a35,695,,0,314,10,0,0
cc893b23ac1e8a7d,38813,,0,338,10,0,0
cc932b3c94c3aba7,48256,,0,54,0,0,0
cc97e8c690c238ad,11765,,0,176,6,0,0
cce2bc6eb2a96f1e,95744,,0,310,10,0.300000012,0.300000012
cccf0db5f3be3c90,36706,,0,68,1,0,0
cca1d4f23b1186b2,22217,,0,300,9,0,0
ccaffc4584ea4830,93890,,0,990,15,0.200000003,0.200000003
cc064bc14eb28b31,15539,,0,114,3,0,0
cc78d8bf9ec095d2,76045,,0,593,13,0,0
cc5e32f6455175ca,94767,,0,318,10,0.200000003,0.200000003
cc854b7876db6bd7,42774,,0,64,1,0.200000003,0.200000003
ccb7734536e483c9,38294,,0,166,6,0,0
cc16613318f99131,7124,,0,220,7,0.300000012,0.300000012
cc7aa893f18eb0e7,30546,,0,151,5,0,0
cc837fb838c822dd,38878,,0,437,12,0,0
cc6b6516e9b46bbf,10437,,0,318,10,0,0
cc74da8bc8e9813f,73972,,0,182,6,0,0
cce8601f67a4de6d,78535,,0,81,2,0,0
cc6096d7edebb371,8752,,0,171,6,0,0
cc4711effd5f034d,78206,,1,140,5,0.699999988,0.699999988
cc780632180795f6,85880,,0,84,2,0,0
cc9f71715453ff0d,1084,,0,338,10,0,0
cc129cc2f09f6eda,4122,,0,87,2,0,0
cc02275b1c45018b,14104,,0,95,2,0,0
cc06b472a74ec8a6,58259,,0,796,14,0,0
cccbc8d6505767cb,5844,,0,423,11,0.474999994,0.474999994
cc497eb7e063089c,5607,,0,47,0,0,0
cc44ff45e458a6d9,28701,,0,109,3,0,0
cc525b007e4da01b,94476,,0,57,0,0,0
cce1ef92e7e25c0f,88395,,0,206,7,0,0
cc6e211acf13a03a,40856,,0,274,9,0,0
cc3bd7d2a4f15d10,58665,,0,177,6,0,0
ccb7f58a4ac2ee14,40871,,0,50,0,0,0
cc2ec8bd3d90c0de,3247,,1,45,0,0.699999988,0.699999988
cc3c10b61aee123a,6595,,0,904,14,0,0
cc56a4519118fa8c,21494,,0,72,1,0,0
ccd605de75e48a93,85474,,0,159,5,0,0
cce3575edc5b5a62,57187,,1,66,1,0.866666675,0.866666675
cc28b04ba5f4e8cb,64936,,0,384,11,0,0
cc566dda0c040678,9817,,0,491,12,0,0
cc1379db7c9bd06a,2569,,0,401,11,0.166666672,0.166666672
cce6ad48a20eb140,82758,,0,41,0,0,0
cc0613e9aed5bd76,92271,,0,237,8,0,0
cceed7b67af53b30,42918,,0,121,4,0.400000006,0.400000006
cc90601eaa8bf407,51392,,0,95,2,0,0
ccc2cbb4b84d4cb8,69716,,1,164,6,0.5,0.5
cc967f7878047d44,14181,,0,636,13,0,0
cc9e89b3774bb836,11512,,0,987,15,0,0
ccc391c6d45a58c3,34893,,0,137,4,0,0
ccea07de3717fcc8,4581,,1,178,6,0.681159437,0.681159437
cc303e9e1ea4ee41,50424,,0,408,11,0.200000003,0.200000003
cce0ee3023d04d72,43,,0,158,5,0,0
cc5dd48c8ede6c10,67034,,1,517,12,0.800000012,0.800000012
cc3b71cdadf71e42,5684,,0,433,11,0,0
ccbc913cc957a4c5,83144,,0,227,8,0.166666672,0.166666672
cca95d2453855d0d,75086,,0,96,3,0,0
cc162607a3811a41,25668,,0,110,3,0,0
cce5e3b031ddd287,52471,,0,657,13,0,0
cccfb8f5878509bd,36979,,0,906,14,0,0
cc29a9fe2c2ea2f9,38992,,0,729,14,0,0
ccf89dbabf52f15d,80046,,0,970,15,0,0
ccbecccbb2eff2b5,24449,,0,125,4,0,0
cc174aeac842e0a3,88334,,0,282,9,0,0
ccffb1396de5ecf4,63874,,0,673,13,0,0
cc9f362846f2f847,58363,,1,145,5,0.5,0.5
ccb94caae774d51e,21365,,0,222,7,0,0
cc646d07bb3dbe7f,90210,,0,440,12,0.400000006,0.400000006
cc1362bb3077aa24,62720,,1,985,15,0.699999988,0.699999988
ccdaad559f18a2b5,65655,,0,399,11,0,0
ccc2aa4a662bbadf,85727,,0,139,5,0,0
cc1dbc7db1e7a384,23136,,0,301,9,0,0
cc9fa313e815811e,53260,,0,438,12,0.166666672,0.166666672
cc598d1795b29aa7,77143,,0,934,15,0,0
cca059d419d1eff4,9305,,0,983,15,0,0
cceee9c7ff6e03d2,47702,,0,543,13,0,0
cca82be46d1272f8,76796,,0,274,9,0.166666672,0.166666672
cc8f514d438cdc44,21645,,0,433,11,0.166666672,0.166666672
ccd1c2051a351534,57454,,0,578,13,0,0
ccdada2a9e16b24b,7773,,0,52,0,0,0
cc1fe5980a7c78d8,62873,,1,298,9,0.699999988,0.699999988
cc7efacbf95871ef,45589,,0,394,11,0,0
cc322b1725113cbe,87385,,0,500,12,0.200000003,0.200000003
cc59c318ebf02691,45328,,0,984,15,0,0
cc5ee4ed85d18029,75419,,0,132,4,0,0
cc726804fd10c645,45401,,0,316,10,0,0
ccdbbfcee4500fdf,22410,,0,95,2,0.166666672,0.166666672
ccac17f7af3d9120,80397,,0,211,7,0,0
cc909a6222848406,19570,,0,413,11,0,0
cc0595a8f9525a2e,22346,,0,353,10,0,0
cc2ec5a0abbc6940,8129,,0,81,2,0,0
cc9aca0d4fcd6b3f,81556,,0,354,10,0,0
cc701600d344b2bc,77876,,0,392,11,0,0
ccadea48552ea20d,52255,,0,145,5,0,0
cc2a030e2d49cd29,80097,,0,152,5,0.100000001,0.100000001
cca75bd9eaeaf9b3,76574,,0,780,14,0,0
ccf87bf99e86a238,88737,,0,262,8,0,0
cc54b6c49ff9b0e0,2952,,0,641,13,0,0
cc78f2370acff14e,15310,,0,76,2,0,0
cc4f9689a2fedf9e,44000,,0,159,5,0,0
cc9dcf905181e826,37289,,0,985,15,0,0
ccbfb1a1834eee34,19775,,0,317,10,0,0
cc1b1bd742ac3d82,3332,,0,519,12,0,0
ccb80471dab796de,65826,,0,266,9,0,0
cc0b7fa77f4b6ff6,82283,,0,58,0,0,0
cc9bf76b15550364,29366,,0,856,14,0,0
ccc8b0a16490bbea,6876,,0,816,14,0.100000001,0.100000001
cc6001cf689c426e,42137,,0,104,3,0,0
cc11bd31dd68e061,64319,,0,468,12,0,0
cc0b6a4245c444f8,19568,,0,49,0,0,0
cc1c9c6007566859,4701,,0,120,4,0,0
cc7e5c2d13a9f7dc,27059,,0,705,14,0,0
cc628ef1e8f15058,26171,,0,643,13,0.200000003,0.200000003
cc798df0bc947dbf,25318,,0,194,7,0,0
cc95d89d4584359c,94291,,0,373,11,0,0
cceb4452a46e3f01,40822,,0,398,11,0.400000006,0.400000006
ccf6ec8df145d0ba,11740,,0,336,10,0,0
cce4697b52f0bf12,55373,,0,173,6,0,0
cc42ff096172253b,89841,,0,187,6,0,0
ccfd1c1ffe74fc16,8901,,0,922,15,0,0
cc2ffad5be04f77c,38351,,0,289,9,0,0
cc2910eac33a0dbd,74410,,0,409,11,0,0
ccfd8d0ca495d965,60295,,0,168,6,0,0
ccfb8841108500a4,79048,,0,247,8,0,0
ccef947192f68350,5672,,1,234,8,0.75757575,0.75757575
cc8f670d0273f8b2,74750,,1,328,10,0.649999976,0.649999976
cce34dd8d193d6d5,74137,,0,993,15,0,0
cc85c81d0d36dc3f,42661,,0,255,8,0.400000006,0.400000006
cc592e6a5e234052,80926,,0,164,6,0,0
cc5fc037b3d612b5,14237,,0,144,5,0,0
cc6979ae5f259b02,27811,,0,992,15,0,0
ccad2aa2d4e6352f,45595,,0,149,5,0,0
ccefadeb34a36d74,38440,,0,288,9,0,0
cc9468a016c3643c,1285,,0,351,10,0,0
cc7910ff8ef41eeb,68038,,0,305,9,0,0
cc8cf1e4d42995f6,85460,,0,380,11,0,0
cc4c6805163b2f24,48684,,0,384,11,0.200000003,0.200000003
cce55414ea96e46a,24694,,0,92,2,0,0
cc3039fa687e3724,55050,,0,451,12,0,0
cc5a40979b6781a6,6747,,1,703,14,0.5,0.5
cc6124f109437d77,29063,,0,492,12,0,0
ccd57543a2408527,7459,,0,381,11,0,0
cc18aebdb79231f9,52855,,0,603,13,0,0
cc3515a896bb062b,64776,,0,56,0,0,0
cc6530c5ea23ae35,58683,,0,260,8,0,0
cc0cfb3eda75d12f,25877,,0,692,14,0.200000003,0.200000003
cc1558517465cc46,4974,,1,162,5,0.600000024,0.600000024
cc9670faac011ec4,27907,,0,112,3,0,0
ccbae9dff7344cc4,50659,,1,133,4,0.5,0.5
cc1f2ad355b0fc9c,78969,,0,82,2,0,0
cc08971466655250,41001,,0,303,9,0.166666672,0.166666672
ccfd6181c6900e9d,4655,,0,250,8,0,0
ccf3927e5823c567,33100,,0,388,11,0,0
cc93e87927a149eb,60505,,0,466,12,0.166666672,0.166666672
cc195518ad7cb31b,97234,,0,497,12,0,0
cc16bfa3c68f8978,13560,,0,128,4,0,0
cc90d4a98d41b1aa,4199,,0,445,12,0.166666672,0.166666672
cc750589af7b5278,70062,,0,293,9,0,0
cc806189508cc40c,83316,,0,95,2,0,0
ccd75e518bb6c0b6,86704,,0,496,12,0,0
ccdfa9853c35b25b,22679,,0,332,10,0,0
cc8e87f7e9ea0896,10053,,0,104,3,0,0
cc7d152ed2533dc5,65742,,0,612,13,0,0
cc9c3b1ab76eaf7f,3254,,0,282,9,0,0
cc7f403ec12e3f3d,62598,,0,425,11,0,0
cc60b10b86fa07dd,67418,,1,41,0,0.61403507,0.61403507
ccf04e426b290221,31150,,0,81,2,0.166666672,0.166666672
ccf9c608f7d87bf5,18802,,0,124,4,0,0
cc8bf24192464e3d,26381,,0,212,7,0,0
cc25aad8d8d736d4,66716,,0,204,7,0.400000006,0.400000006
cc1066aa7168b977,21611,,0,270,9,0,0
cc4c32f057d12e6d,6907,,0,986,15,0,0
ccd8e3d40154d6f0,69602,,0,246,8,0.166666672,0.166666672
cca229015b174b60,14034,,0,737,14,0,0
ccbe54472aee092d,67633,,0,405,11,0,0
cc88852f61ce6be1,592,,0,546,13,0,0
ccea4b73d1409b76,9080,,0,793,14,0,0
cc603b13c28168bc,53756,,1,239,8,0.628571451,0.628571451
ccd0980ead8aef9b,22530,,0,49,0,0,0
cc7b7956beb840d4,48673,,0,84,2,0,0
cc4bf9546f45d7a5,6512,,0,155,5,0,0
cc40f0ad0e9985e0,87734,,0,377,11,0,0
cc3e046851591737,14564,,0,280,9,0,0
cc1bcf02c24edc20,87656,,0,368,11,0,0
cc442f2086b5d954,293,,0,55,0,0,0
cca7e0f979def415,12123,,1,92,2,0.828571439,0.828571439
cce7b04ebcc1b07b,82141,,0,109,3,0.200000003,0.200000003
cc5b74f8d242fc26,92442,,0,516,12,0.200000003,0.200000003
cc20033b0d0b5196,3521,,0,129,4,0,0
cc2fa8bee563511a,95139,,0,331,10,0,0
cc7b64074e7937d7,2700,,0,450,12,0.200000003,0.200000003
cc87111c8393ae71,44273,,0,594,13,0,0
cc58ff0844bf50c9,26379,,0,141,5,0,0
cc4c9aef36a07afa,84770,,0,271,9,0,0
cc328ad91dede10e,13370,,0,643,13,0.166666672,0.166666672
cc6b98759dd075b1,76354,,0,266,9,0,0
ccba18a6a9a743df,82240,,0,204,7,0,0
cc9c9f8f71224f63,51541,,0,239,8,0,0
cc04ee2299840867,81609,,0,88,2,0.166666672,0.166666672
ccf00699b2026d7e,50357,,0,211,7,0,0
cc37208f87c22072,65471,,1,189,6,0.699999988,0.699999988
ccbfd934f7c8f622,1265,,0,216,7,0,0
cc7b1a8026aeafd3,38217,,0,41,0,0,0
cc7220b1f779874e,61268,,0,189,6,0,0
cce7754ad261068b,21004,,0,263,9,0,0
cce1834b9082013e,68445,,0,802,14,0,0
ccf4905c519764ce,875,,0,114,3,0,0
cca21bff5cbc6a3f,4139,,0,118,4,0,0
ccb2074466ae972d,57563,,0,137,4,0,0
cc9477e33028fbe3,41497,,0,230,8,0.166666672,0.166666672
cc40868cb85b80a4,3618,,0,142,5,0,0
cc5822a635c70291,63613,,0,44,0,0.200000003,0.200000003
cc49d2d42b8c3120,42900,,1,217,7,0.651515126,0.651515126
ccab122c4b98969a,57225,,0,80,2,0,0
cc89a826f1852854,45207,,1,271,9,0.5,0.5
cc31c570f87aaf53,89803,,0,348,10,0,0
cc7fb4f56b329781,93891,,1,190,6,0.5,0.5
cc221e678d77ebc7,24210,,0,85,2,0,0
ccd1c3a3cb407715,24915,,0,205,7,0,0
ccab8525f92672e0,4267,,0,92,2,0.300000012,0.300000012
ccc7bf8ec7c5c08e,20906,,0,164,6,0.300000012,0.300000012
cc386c7b394ce22e,42790,,0,239,8,0,0
cc39949406818fff,96833,,0,740,14,0.400000006,0.400000006
cc779d955625140e,13065,,0,991,15,0,0
ccbc37639c9ce228,2228,,0,317,10,0,0
cc1ae53d9eba7b78,23095,,0,372,11,0,0
cc52f65a6106bb5d,82667,,0,287,9,0,0
cc812c1f94b927ca,58838,,0,303,9,0,0
cccee7b1cdd9b166,71,,0,180,6,0,0
ccc39dc4bc9ac512,8172,,0,616,13,0,0
cc63538828c45a13,49024,,0,45,0,0,0
cc2fc73cf662a38b,95199,,0,530,13,0,0
cca9e6148fc42916,62343,,0,433,11,0,0
cc1bee9e710663a4,77036,,0,187,6,0,0
cc165095392ebc48,54475,,0,187,6,0.300000012,0.300000012
cc3e8c39c9f37ded,23363,,0,188,6,0,0
cca555b7215f2348,61931,,0,810,14,0.166666672,0.166666672
cce5fb9ccdb5966f,28820,,0,303,9,0,0
cc9f869f7995da2d,59100,,0,467,12,0.400000006,0.400000006
cc8affa369f63f50,10199,,0,378,11,0.166666672,0.166666672
ccd9852bd07c16ba,67057,,0,291,9,0,0
cc78f8ee97d4a48c,39223,,0,519,12,0,0
ccc6dcdfb67f2b76,68020,,0,253,8,0,0
ccf5ddc80272af5b,7677,,0,416,11,0,0
ccd51de62314e6f4,20204,,0,124,4,0,0
cc2f51ad5c20db59,91720,,0,102,3,0,0
cc832c98b537c67c,34279,,0,84,2,0,0
cce0de46f2039d9a,66308,,0,194,7,0.400000006,0.400000006
ccc356fc3d710525,24882,,0,329,10,0,0
ccc19dc4cfbd2ebb,3090,,0,752,14,0.166666672,0.166666672
cc362712eef4e1f7,19972,,0,100,3,0,0
ccc6a10a803840d2,32668,,0,804,14,0.300000012,0.300000012
cc8b199ecb33ab77,27899,,0,306,9,0,0
cc3e146bac673a96,53336,,0,279,9,0,0
ccfee6743ca5011a,63206,,0,156,5,0,0
ccea24bc25afe48f,88998,,0,176,6,0,0
cc7f43a116fbbc7a,94715,,0,140,5,0,0
cceddefc09cd906c,92298,,0,101,3,0,0
cc0cd67d6e64942f,68074,,0,130,4,0,0
cc5e2727e87da4e8,5011,,0,374,11,0.400000006,0.400000006
ccf015b6b0994834,70151,,0,310,10,0,0
cc4f4204a7191ad4,36753,,0,260,8,0,0
cc8b6571b120ecb0,26337,,0,92,2,0,0
ccc05f066cdc99a7,65391,,0,73,1,0,0
ccd8fa14f6c2bfd1,24702,,0,293,9,0.166666672,0.166666672
cc0a933f24e486bd,18128,,0,364,11,0,0
ccfc919540dbc9e9,10091,,0,64,1,0,0
cc7c7d668780a7b7,47713,,0,153,5,0,0
cc5304eecfd0eb97,47045,,0,235,8,0,0
ccb07fbe89334cb4,27906,,0,428,11,0,0
cc9af13eff283904,3502,,0,354,10,0.200000003,0.200000003
cc34fcba722c14d8,70281,,0,454,12,0,0
cc219d838b4c647b,64952,,0,64,1,0.200000003,0.200000003
ccfac849998b3c5f,58787,,0,114,3,0,0
cccd6f6eb15ed554,31266,,1,341,10,0.600000024,0.600000024
cce43ecf3b8dc833,80041,,0,224,8,0,0
cc3a3156f1afd114,54282,,0,82,2,0,0
cc65baf14e319437,3699,,0,987,15,0,0
cc8028fb7e48ea10,2930,,0,991,15,0,0
ccdf477a1b978d7f,78260,,0,71,1,0,0
cca38cfcf2d9a01b,93935,,0,51,0,0,0
cc2f96e96d61263a,54336,,0,48,0,0,0
cc734ead592c23f9,9455,,0,263,8,0.200000003,0.200000003
cc7bd432a1e6745c,5845,,0,626,13,0,0
cc1a8a28ee6d409c,85893,,0,990,15,0.300000012,0.300000012
cc54fee003051ce2,94873,,0,132,4,0,0
cc020283b0d4a253,22906,,0,825,14,0.400000006,0.400000006
ccfb1bb8b5e6a1a5,25612,,0,213,7,0.200000003,0.200000003
cc3ba03eac937ce7,22384,,0,47,0,0,0
cc8a04e4f0ca2ca3,18589,,0,481,12,0,0
cc00f98a77a1d160,23191,,0,102,3,0,0
cce5820a2c306f9d,32062,,0,146,5,0,0
ccb5c9a5063c56e8,17656,,0,203,7,0,0
cc482939fe0e49bd,78530,,0,55,0,0,0
cc8ddec0303cd6c4,69988,,0,437,12,0,0
cc8bcf78691ff526,80409,,1,65,1,0.560606062,0.560606062
cc52ff8e76f99286,20386,,0,322,10,0,0
ccbdfd62666918dc,63451,,1,46,0,0.625,0.625
cc0d9d4f0ccac1ec,50919,,0,939,15,0,0
ccf00c5b3d5628e0,27177,,0,127,4,0,0
ccfcc5c47e465580,65187,,0,75,1,0,0
cc4443c2d6f0e6b9,63648,,0,137,4,0,0
cc876f9eadcb30b7,31887,,0,240,8,0.166666672,0.166666672
ccce8981881d3470,94699,,0,192,6,0,0
cccea4de59929d96,90648,,0,81,2,0,0
cc6d8670dcecefcb,9392,,0,606,13,0,0
cc4179c7beb0ae00,18415,,0,986,15,0.300000012,0.300000012
cc90f86a591ee5d5,13510,,0,455,12,0,0
cc6f20052927ae74,32488,,0,241,8,0,0
ccdbf609cf75fb81,43521,,0,706,14,0,0
cccecaea020723b7,16358,,0,178,6,0,0
cc9472329401897c,28664,,0,282,9,0,0
cc6f8c08c7f557c8,61883,,0,114,3,0,0
ccbb8a1a4b8e65f9,42942,,0,69,1,0,0
cc1c3db34b11cdaa,50992,,0,42,0,0,0
cc58cc3135f4a925,45767,,1,212,7,0.699999988,0.699999988
ccbd90916808966c,83907,,0,95,2,0,0
cc9190d777651a7b,76292,,0,85,2,0,0
cc225fabe03ae13c,18464,,1,258,8,0.5,0.5
cc65dce27065e736,55486,,0,989,15,0.300000012,0.300000012
cc3c1d7e568efe57,39825,,1,513,12,0.787500024,0.787500024
cc61ea9bf0a43bb5,30507,,0,656,13,0.200000003,0.200000003
ccdcdbee35f1cfce,44731,,0,75,1,0.400000006,0.400000006
cc50eb6888098d1d,73138,,0,390,11,0,0
cc2efad991caa865,22635,,0,461,12,0,0
cc05549effa60e0a,76472,,0,371,11,0,0
ccd07845397156c8,11590,,0,239,8,0.300000012,0.300000012
cc34025fade993d3,69235,,0,112,3,0,0
ccc02c63e59678ba,7174,,0,75,1,0,0
cc5ddf17222be917,72265,,0,327,10,0,0
ccfc56f91e891a4b,9974,,0,223,8,0,0
cce510c28e2eb18e,82030,,0,653,13,0,0
cceeeeec1f5dce66,38230,,0,58,1,0,0
cc80ecbcf80b2c99,2707,,0,968,15,0,0
cc61efcea9cabd0a,95761,,0,396,11,0,0
ccf3b84341231de2,48756,,0,330,10,0,0
cc505fa81967ed41,78652,,0,958,15,0,0
cc8d6b1c218ca03a,82479,,0,108,3,0.400000006,0.400000006
cc815a5932fe4452,12970,,1,199,7,0.675000012,0.675000012
cc7c5c9ef794725b,19232,,1,603,13,0.612500012,0.612500012
cce700d370e0a5cb,84826,,0,83,2,0.166666672,0.166666672
cc700263bae54342,90130,,0,324,10,0,0
cc0cd23bfe15f521,37906,,0,418,11,0.200000003,0.200000003
cc211aa3ec5bf985,54502,,0,110,3,0,0
cc7867459d5d3481,18877,,0,50,0,0,0
cc90ffcb2a2c2f77,175,,0,119,4,0,0
cc3afa2bb73d012f,68496,,0,393,11,0,0
cc1df15cbc4a9821,75232,,0,64,1,0,0
cc2d5892ad302503,28331,,1,312,10,0.821428597,0.821428597
ccf936822c1c08f4,33951,,0,674,13,0,0
cc64e1b75934e3ae,51487,,0,838,14,0,0
cc06559cb8475a67,13006,,0,313,10,0,0
cc64fbbb83c757e3,21666,,0,117,4,0.400000006,0.400000006
cc574ecc46225a5d,67626,,0,121,4,0,0
cc78c77159019016,10805,,0,225,8,0,0
ccf4acd846fb0fab,28705,,0,104,3,0,0
cc18c6dd19887807,88789,,0,189,6,0.166666672,0.166666672
cc4fbc256de104b3,90878,,1,52,0,0.5,0.5
cc5708c2b910cc2d,718,,0,205,7,0,0
cc55c4f399a56dcf,59250,,0,655,13,0,0
cc6112b97b74e8b0,86022,,0,760,14,0,0
ccf791dd3c66ebf3,79584,,1,342,10,0.5,0.5
cc0453d8e2d29dfa,50524,,0,947,15,0.166666672,0.166666672
cce9b2df254e9d3d,33335,,0,190,6,0,0
cc2aa0b592b2bde2,73330,,0,123,4,0.300000012,0.300000012
ccf3b8f743dd37f0,93121,,0,721,14,0.166666672,0.166666672
cc57916c63c8155d,55090,,0,153,5,0,0
cc3e3e47eb533214,12627,,1,132,4,0.888888896,0.888888896
cce88b02f7eba2dd,21106,,0,691,14,0,0
cc912528e50718e7,22274,,0,226,8,0,0
cc6d5d2a4d918b02,36628,,0,50,0,0,0
cca16aa2f58307f1,12295,,0,985,15,0,0
cce52f3ce06501f8,29315,,0,58,1,0,0
cc1f94e7cdece7b7,58367,,0,160,5,0,0
cc141c6b320129b7,92780,,0,127,4,0,0
cc928b9a4848514c,4255,,0,886,14,0,0
ccf45e88fbcc1f2b,14762,,0,269,9,0,0
ccc93bedc8b713d2,79284,,0,113,3,0,0
ccd34727a30453aa,71232,,0,980,15,0,0
ccc602dab6dc5e28,71664,,0,208,7,0,0
cca643510913fced,36871,,0,681,14,0,0
cce4df346c5995f8,49369,,0,187,6,0,0
cc698f71ac194b13,12519,,0,181,6,0,0
cc5d539a6e5da98d,11628,,0,724,14,0,0
ccf4c110d064cb27,88681,,0,316,10,0,0
cc329b14da42cdd8,45682,,0,52,0,0,0
cc78e1d1e6579e52,12574,,0,56,0,0,0
ccc164bd8824795e,10288,,0,264,9,0.400000006,0.400000006
cc95df1887f0d9f9,87658,,0,934,15,0.200000003,0.200000003
cc31f2462f5f993e,4798,,0,960,15,0,0
ccafb340e275f7b9,86494,,0,265,9,0.400000006,0.400000006
ccd893f37e899877,2742,,1,386,11,0.5,0.5
ccb830e0fb4af25e,18134,,0,973,15,0,0
cca9b9c6410787fc,5729,,0,276,9,0,0
cc414180024a4e27,23107,,0,168,6,0,0
cc031da78bda492c,81954,,0,157,5,0,0
cc641cd2bdefbb7c,54338,,0,935,15,0.300000012,0.300000012
cc4ddbfe8a322824,16941,,0,166,6,0,0
cc755f22d754df78,51900,,1,195,7,0.633802831,0.633802831
cc4f82ba0c90c6a0,15225,,0,74,1,0,0
ccb19459f00a591a,13657,,0,342,10,0,0
cc45998407591d44,53634,,0,203,7,0,0
ccba01078dae3f2d,71475,,0,218,7,0,0
cc4d3da7c9a1de83,23691,,0,965,15,0,0
cc83dea3cbea13a2,46532,,0,270,9,0.166666672,0.166666672
cc0fe29380ff80de,4809,,0,59,1,0.200000003,0.200000003
cc1362e01c4b3ec6,74663,,0,499,12,0,0
cc4be599d604f482,50788,,1,139,5,0.78125,0.78125
cccd9d9f3a89c1a2,70581,,0,383,11,0,0
cc48a351e16d73e6,55798,,0,56,0,0,0
ccdb59a186ec3bdb,75067,,0,119,4,0,0
cc4d6703041dd4a7,60116,,0,168,6,0,0
cce40f718081a9c3,6709,,0,390,11,0,0
cc88b59c4e226715,78204,,0,80,2,0.300000012,0.300000012
cc1d87dcd7caed6d,23849,,0,737,14,0,0
ccf96f770757ca29,69375,,0,362,10,0,0
cc9ad7a542edab88,94932,,0,92,2,0,0
ccbe5bdf3d7a49f8,53183,,0,264,9,0,0
ccdf43bc950aa37a,36916,,1,57,0,0.600000024,0.600000024
cc11fdb9d72e6d1f,9439,,0,316,10,0.492957741,0.492957741
cc8e9bf65b813a7c,91854,,0,262,8,0,0
cc2c6fd69058c44e,93943,,0,122,4,0,0
cc871842c3a2506f,82119,,0,188,6,0,0
cca10a9d6ad4d524,45159,,0,245,8,0.200000003,0.200000003
cc2f00d91283d57c,77098,,0,139,5,0,0
cc3b3decbd149c95,69019,,0,820,14,0.200000003,0.200000003
ccc58d42f725a118,60598,,0,537,13,0.166666672,0.166666672
cc54ea1b6acf5c52,6954,,0,319,10,0,0
cc929686d01eebe8,67989,,0,188,6,0.00238379021,0.00238379021
cc731c09d42754e9,75747,,0,261,8,0,0
cc70bfaf82d6d3bd,74007,,0,200,7,0,0
cc488b2a0e4599b1,54198,,0,167,6,0,0
cc0ec01854c536de,61753,,0,42,0,0,0
ccfd1a3db96634f9,70922,,0,305,9,0.166666672,0.166666672
cc0c89830bb3a172,54797,,0,101,3,0,0
cca418ab1f5a9ec4,79862,,0,135,4,0,0
ccbe3da721e939fa,78913,,0,434,12,0,0
cc590dc27f1b8314,24493,,0,119,4,0,0
cc0c8db5cac92964,83540,,0,779,14,0,0
cc7a31b13f3fe4c9,13498,,0,511,12,0.166666672,0.166666672
ccb25beb777e120d,47649,,0,56,0,0.166666672,0.166666672
cc65290d645278a2,31592,,0,484,12,0,0
cc14864e7a70fcbe,85132,,0,970,15,0,0
cc223639f6bba2cb,74881,,0,222,7,0.200000003,0.200000003
cc8e8c13cc7fe11e,5776,,0,565,13,0,0
ccf91494edad900a,69752,,1,214,7,0.666666687,0.666666687
ccc1657bdc40ae2a,53464,,0,770,14,0,0
ccd853916053949f,79045,,0,130,4,0,0
cc3f97616f3b3ec9,38348,,0,208,7,0,0
cc60a6dc0f6d7d8d,84594,,0,222,7,0,0
cce59e548defabec,2246,,0,124,4,0,0
ccd34b9e5a19e92e,28340,,0,87,2,0,0
cc83471b71351707,75256,,1,85,2,0.5,0.5
cc97dcd8e233c1ac,64338,,0,448,12,0.300000012,0.300000012
ccda3e593e78c2fd,14134,,0,693,14,0,0
cc8d93d9653c44c8,47015,,0,70,1,0,0
cc1e5ca9656fa0a5,8798,,0,94,2,0,0
cc4af2919ebb3891,49939,,0,361,10,0,0
ccbe73bfd247f1fe,26303,,0,220,7,0,0
cc92944e9e6a298a,43544,,1,885,14,0.5,0.5
cc2bad00f1012c62,93406,,0,92,2,0,0
ccc6f1b9665c2aaa,1721,,0,47,0,0.166666672,0.166666672
cc66fc0fa59638a8,13054,,0,292,9,0,0
ccc921667d229bfb,62776,,1,106,3,0.639344275,0.639344275
ccb5a923c4da25eb,37509,,0,289,9,0,0
cc2808db668dbdfb,43915,,0,202,7,0,0
cc6d545aeea736ef,65202,,0,125,4,0,0
cca3c97c1082151e,15998,,0,50,0,0,0
ccbdffb007a63800,38534,,0,46,0,0.300000012,0.300000012
cc84cf36d841616e,93920,,0,988,15,0,0
ccceb483595162b9,20211,,0,110,3,0,0
cc2e32bfa3b760f8,76757,,0,827,14,0,0
cc274887d2238a32,60367,,0,188,6,0.400000006,0.400000006
cc15eed594afbd3e,65560,,1,924,15,0.5,0.5
cc31936e5a05f1b1,14499,,0,65,1,0,0
cc8a01eba05e3f0d,22253,,0,149,5,0.200000003,0.200000003
cc3422f97a1c7d68,92100,,0,48,0,0,0
cc56689cadeac7fc,26064,,0,76,2,0,0
cc84e1208a3613cb,92980,,0,207,7,0.400000006,0.400000006
cc5534d1fb5a450a,82815,,1,440,12,0.600000024,0.600000024
ccb45cd419b6cd19,64508,,0,290,9,0.300000012,0.300000012
cc95d19391c8240d,89118,,0,72,1,0.300000012,0.300000012
cc66617f4aad643f,10282,,0,184,6,0,0
cc3b447e98852ad3,85049,,0,93,2,0,0
ccc82b78f4365a25,42747,,0,385,11,0,0
cc843f2042f9697c,75573,,0,988,15,0.300000012,0.300000012
cc5e51520a49f52e,90544,,0,96,3,0.300000012,0.300000012
cc467d7f8cf0c6af,14318,,0,159,5,0,0
ccc9e96b6412e5f1,68114,,1,344,10,0.5,0.5
cc188fd36b2fda73,7472,,0,816,14,0.166666672,0.166666672
cc632a69d5479076,8254,,1,224,8,0.685714304,0.685714304
cc7ae70e3f931ab8,42330,,0,975,15,0.200000003,0.200000003
ccc41f497342569d,6301,,0,97,3,0.166666672,0.166666672
ccd58f93567950c0,8826,,0,698,14,0,0
cc0a932419e2ba47,95413,,0,94,2,0,0
cc108d6708f832b0,27928,,0,985,15,0,0
cc3dd67af48bc9d4,61800,,0,425,11,0,0
ccbd42ff17f81eae,12990,,0,179,6,0.166666672,0.166666672
cc1c31894db405af,34175,,0,987,15,0,0
cc1d4b1b5be42dc2,14910,,0,198,7,0,0
cc3af8ef08361aed,89184,,0,61,1,0,0
ccbce1d0532ebd35,27630,,0,276,9,0,0
cccdb6fbe8b836be,31757,,1,582,13,0.5,0.5
cc10a4f093fa4eaa,90005,,0,126,4,0,0
ccc892ea1bf7fc5b,43135,,0,114,3,0,0
cce60e0b6a674a46,39263,,0,126,4,0,0
cca75e72ff8b44e3,18621,,0,66,1,0.166666672,0.166666672
ccd820f17d4253c6,26848,,0,612,13,0.166666672,0.166666672
cc19784f09fee604,47634,,0,211,7,0.200000003,0.200000003
cc7a683a879aef70,28402,,0,319,10,0,0
cc6e19e35c2f6438,54057,,0,129,4,0,0
cca83a82223f9dcd,73931,,0,100,3,0,0
ccf29440c4b72376,8767,,0,194,7,0,0
cc98939090810f44,45240,,0,208,7,0,0
cc3259047a3e961c,73944,,0,923,15,0,0
cc05e0aee1304044,60372,,0,682,14,0,0
cc541a774ddeb070,23959,,0,239,8,0.166666672,0.166666672
cc366df65c5bb729,82384,,0,703,14,0,0
cc6be17f50cb40bc,58321,,0,542,13,0,0
ccb22f89deb1219d,40536,,0,996,15,0,0
cc92c194f105ac4e,90206,,0,977,15,0,0
cc07a1cd9277fd52,87888,,0,614,13,0.200000003,0.200000003
cca6f178f38cf10c,57203,,0,98,3,0,0
cc1b607e62f15c60,65820,,0,71,1,0,0
cc25bc263c0c0c63,79658,,1,311,10,0.5,0.5
ccd151e59d81ad02,43152,,0,80,2,0,0
ccf29faabd0339d5,22096,,0,395,11,0,0
cc0da3e9977bbcfa,82969,,0,752,14,0,0
ccbf36e0732f4615,67181,,0,490,12,0.200000003,0.200000003
ccaba10ad92aed9f,75417,,0,528,12,0.166666672,0.166666672
cc308cd1be95e171,83594,,0,107,3,0,0
cc37685073a95243,82243,,0,370,11,0,0
ccbaf06f1c667ea3,49863,,0,227,8,0,0
cc5e896e090c707f,9258,,0,849,14,0.300000012,0.300000012
cc1b6b61cc4d8f68,84207,,0,40,0,0,0
ccbd8823795f6019,28605,,0,431,11,0,0
cc7edb524264a813,28788,,0,60,1,0,0
ccde3c105d4e2a0d,45290,,0,216,7,0,0
cc5f9a5f78039d93,94753,,0,113,3,0,0
cce41989ce2e8c35,89049,,0,432,11,0,0
ccd906d968d127a5,85554,,0,980,15,0,0
cc1b4c22acf6f716,13292,,0,94,2,0,0
cc4459f43e3190b7,79804,,0,75,1,0,0
ccc63438abfcdc3a,78195,,0,611,13,0.166666672,0.166666672
cc7086700625d7c6,41545,,0,993,15,0.200000003,0.200000003
cc72e6014f3ecff9,60043,,0,599,13,0,0
ccb736655f2e7930,57495,,0,631,13,0,0
cce4aaf07648fa69,12546,,0,734,14,0,0
cc123f8527f1d434,97165,,0,73,1,0,0
cc98191f40637c14,23500,,0,280,9,0,0
cc5fcae7b39548a4,94443,,0,995,15,0,0
ccc772edb61585d3,28120,,0,58,1,0,0
cc74116daa2d18f6,6413,,0,531,13,0,0
cc3dea8599686559,5802,,0,461,12,0,0
ccb5ab128a44c325,14271,,0,249,8,0,0
cc8428b37bf745aa,58808,,0,152,5,0.300000012,0.300000012
cc4cc0ff8b623a24,91810,,0,76,2,0,0
ccf675527a693bce,15638,,0,112,3,0,0
ccd901070591a8c8,43479,,1,141,5,0.780821919,0.780821919
cc0a39d0f81b2df6,37438,,0,56,0,0.366666675,0.366666675
cc1928546abece0d,30418,,0,319,10,0,0
cce789dd9fc701d6,83313,,0,428,11,0,0
cc1f943db910f7dd,45520,,0,77,2,0,0
cce503f784146eda,75365,,0,329,10,0,0
cc04cccc423c9f99,82319,,0,239,8,0,0
cc8a59e753f81a82,35988,,0,125,4,0,0
ccc5d6b308e63576,1591,,0,43,0,0,0
cc8a289cb511b2ab,74811,,0,997,15,0,0
ccd82daac411849b,75686,,0,97,3,0,0
cc8e4b7b12e5069c,88721,,0,370,11,0,0
cc0918240c868ec3,10924,,0,164,6,0.200000003,0.200000003
cca0979c66b8672c,49299,,0,658,13,0.300000012,0.300000012
ccb2d9120f232290,88411,,0,388,11,0,0
cc5a01906605036b,79620,,0,144,5,0,0
cc22be9de576c463,35301,,0,121,4,0,0
ccf3a64b4860f9e8,29604,,0,544,13,0,0
cc42b032d98e99fc,13503,,0,337,10,0,0
ccc9d28112d0e9f5,9659,,0,129,4,0,0
ccd01371e1f9cced,63726,,0,76,2,0.300000012,0.300000012
ccd0becf860d42ae,96144,,0,975,15,0,0
cc5f0b160536e14a,36639,,0,811,14,0.400000006,0.400000006
cc10fdeb5a20f67f,91454,,0,77,2,0.300000012,0.300000012
cc3fac547494bbb0,48635,,0,55,0,0,0
cc345e79a3020662,66156,,0,618,13,0.200000003,0.200000003
cccb84ec2d34068a,51760,,0,949,15,0,0
cc51cebff1c1190f,42550,,0,117,4,0,0
ccb33f2ee5709faf,96908,,0,97,3,0,0
cce639e0fe92874f,87038,,0,139,5,0.200000003,0.200000003
cc349b66b83b302c,24026,,0,836,14,0.166666672,0.166666672
ccf1f5e84046fba5,64195,,0,899,14,0,0
cc57439f27488549,66861,,0,668,13,0,0
ccacdee542fc5cb0,30698,,0,120,4,0,0
cc9b1b9aa94f1a41,95768,,0,519,12,0.166666672,0.166666672
ccf9f14b7884ea06,36233,,0,172,6,0,0
ccbdd69352c8d86e,22522,,0,603,13,0,0
cc717f1d18d453c4,71006,,0,198,7,0.166666672,0.166666672
cc258a28acccd6c1,67096,,0,83,2,0,0
ccd108d628ca60fc,90159,,0,585,13,0.100000001,0.100000001
cc91842c2bd7b483,18721,,1,112,3,0.5,0.5
cc230a715d78183a,45902,,0,174,6,0.300000012,0.300000012
cc86a0fc067b5969,44565,,0,233,8,0,0
cc9922b930d2ed32,90223,,0,844,14,0.382352948,0.382352948
cc6f0aef7246d1dc,35742,,0,54,0,0.166666672,0.166666672
cc77d5deab4c2c02,96546,,0,80,2,0,0
cc750ee1e91c167a,58631,,0,155,5,0,0
cc0abd991f706b35,80992,,0,321,10,0,0
cc1a09d03d7779ce,3101,,0,279,9,0.166666672,0.166666672
cc283b986987d718,95594,,0,447,12,0.200000003,0.200000003
cc415630bb5afbf0,50672,,0,420,11,0,0
cc8df1f4af4543c8,71386,,0,370,11,0,0
ccbc8875701d03e1,19714,,0,500,12,0.166666672,0.166666672
ccdb6119e33a6e15,2359,,0,680,14,0,0
cc3d3de58f36b751,67443,,0,957,15,0,0
cc14f54ccffdc9c7,1538,,0,705,14,0.300000012,0.300000012
ccde8bd1b6c59f05,21515,,0,583,13,0,0
cc22dbd422d6c5f7,60357,,0,111,3,0,0
ccbf86b29d24ba1a,39101,,0,124,4,0,0
ccc2b4d085af904e,25892,,0,396,11,0,0
ccf0849b1a3c48b3,89788,,0,180,6,0.200000003,0.200000003
ccb37e76334ef444,83933,,0,72,1,0,0
cc266ebfbd731fbb,72539,,0,62,1,0,0
cc183d105b11c23a,62314,,0,304,9,0,0
cc1f9867d5f6e945,24378,,0,45,0,0,0
cc58d1ea44d26ef5,5402,,0,444,12,0,0
ccae6a648cf5f6da,47807,,0,139,5,0,0
cc6aca0a084093b0,5710,,0,995,15,0.300000012,0.300000012
cca7f8e6e19ea776,33757,,0,151,5,0.200000003,0.200000003
cc809e3dd7d80964,76283,,1,505,12,0.5,0.5
cc8bd62f62565123,23970,,0,143,5,0.200000003,0.200000003
cc39c80751eb9523,10974,,0,427,11,0,0
ccabb0144a6b00ac,30035,,0,365,11,0,0
cc5e7e223ae9919f,75905,,0,256,8,0.400000006,0.400000006
cce8f93d160bf372,13092,,0,855,14,0,0
cc4de2bd7a442725,17853,,0,425,11,0,0
cc8e872860aa62b5,26789,,0,120,4,0.400000006,0.400000006
cc171c4e759f3873,11141,,0,93,2,0.200000003,0.200000003
cc128e5dc44d904d,72930,,0,320,10,0,0
cc11f5db9db17b0e,53042,,0,920,15,0,0
cc26cb95f264240f,10327,,0,121,4,0.200000003,0.200000003
cc2140d200b3277d,77376,,0,66,1,0,0
cc2f1197d2e16d88,23559,,0,123,4,0,0
cc4980b849fb7ccc,93325,,0,992,15,0.300000012,0.300000012
cc011f350a2a92ec,93931,,0,470,12,0.166666672,0.166666672
cc372161dee20af3,63244,,0,153,5,0,0
cc66a0d0f355c361,67955,,0,417,11,0,0
cc6c5a1c3aed61b3,59300,,0,484,12,0,0
ccf88d911a9cc711,15401,,1,182,6,0.5,0.5
cca832d8218ac862,64576,,0,607,13,0,0
cc40405380cfd76e,80106,,0,520,12,0,0
ccd02bc91c9e6dc8,41274,,0,238,8,0.200000003,0.200000003
cc3b1ce7a4ed21ad,57912,,0,198,7,0,0
cc22d1bbce635287,75398,,0,75,1,0,0
cc4c1f3149e23d85,9478,,0,284,9,0,0
ccabab37e5de908e,21013,,0,290,9,0,0
cc117b094212e85c,84433,,1,224,8,0.5,0.5
ccf5c0183d2a012e,29248,,1,212,7,0.851851881,0.851851881
cc7bd0fce46a8b95,44981,,0,103,3,0,0
cc86e25b6f030cdf,71888,,0,389,11,0.300000012,0.300000012
cce07b922d757440,9271,,0,88,2,0,0
cc119f90a6e90323,8280,,0,205,7,0,0
cc18ef290d3630d1,11311,,0,103,3,0,0
cc8190d38bf10413,27408,,0,116,3,0,0
ccbd52c56add81f3,94921,,0,129,4,0,0
cc399db4916d5aa9,85672,,0,78,2,0,0
cc96b400afbe95d2,60569,,0,297,9,0,0
cc0810b327dbc5d1,62752,,0,92,2,0.142857149,0.142857149
ccebf67d619f7abd,11534,,0,179,6,0,0
cc6636441e244a27,42939,,0,47,0,0.200000003,0.200000003
cc522ab711b2abbc,93967,,0,102,3,0,0
ccd3a115470dea23,90763,,0,476,12,0,0
cc776970d465ee1e,51611,,0,269,9,0.400000006,0.400000006
cc997b534b54d9f9,20198,,0,453,12,0,0
cca71210df1b3195,38801,,0,100,3,0,0
cca1edc0edb8920c,39353,,0,112,3,0,0
ccc58ddaa17eb94f,67604,,0,169,6,0,0
cc01b752830b240f,88194,,0,557,13,0,0
ccd72a188198af16,35406,,0,196,7,0,0
ccc8f3af86e03d52,37157,,1,190,6,0.5,0.5
cc6986bbc8c688b5,46581,,0,94,2,0,0
cc8d14c6b7224caf,34485,,0,121,4,0,0
ccf04e35b2888c92,86726,,0,163,6,0,0
cc0cd844af81b152,53721,,0,305,9,0.200000003,0.200000003
cc94190f4a9ad1e9,58916,,0,205,7,0,0
cc120c9167f9797b,35324,,0,439,12,0,0
cc1051b60dc41f2a,21773,,1,163,6,0.699999988,0.699999988
cceafab6f794d972,47552,,0,879,14,0,0
cc917f0f042d6739,38458,,0,141,5,0,0
ccacfd6e196361e4,57991,,0,58,1,0.166666672,0.166666672
ccf2477e005d1fe0,6939,,0,79,2,0,0
cc14d83737c50063,542,,1,519,12,1,1
ccc90f2dd08ca1a5,41004,,0,151,5,0,0
cc023a1c4de0ee6a,84115,,0,599,13,0,0
cc816a547d925b95,65669,,0,606,13,0.200000003,0.200000003
ccf52733c80bbb5f,88891,,0,199,7,0.200000003,0.200000003
ccf9bddc5e56e92a,712,,0,100,3,0,0
cc8a4f88d32f8257,69326,,0,711,14,0.400000006,0.400000006
cc0fba2cb92fa96e,69012,,0,114,3,0,0
ccaf217bc2bc31d8,42832,,0,129,4,0,0
cc8d0696c88c143f,76410,,0,151,5,0,0
cc00a892ae02e9bf,435,,0,200,7,0.166666672,0.166666672
ccb0270e1df8929f,90161,,0,329,10,0,0
cce20fde173e88fc,642,,0,980,15,0,0
cc0cd539b2ada5bc,17889,,0,206,7,0,0
cc841a8c2fc2867a,84296,,0,349,10,0,0
cca7dd1b098931c1,42161,,0,188,6,0,0
cc1fd626617b6498,21522,,0,63,1,0,0
ccf23c43eb379d1b,90860,,0,697,14,0,0
cced2df8ac7fdc2d,59014,,0,512,12,0,0
ccd09d05c2f3968d,22765,,0,988,15,0.200000003,0.200000003
cc62c7af21a4989f,75535,,0,260,8,0.300000012,0.300000012
cc091ef55f251832,87679,,0,129,4,0.400000006,0.400000006
cce079027e6b10c7,21414,,0,66,1,0,0
cc9bcf90b743f785,17860,,0,115,3,0,0
ccf465ed4580b551,29607,,0,183,6,0,0
cc6cdbf0000a83d4,62080,,0,183,6,0,0
cc7eaecf4a7a09d0,70129,,0,136,4,0,0
ccf2a40970cb4fe2,91030,,0,463,12,0,0
cceb721309b169a1,85153,,0,40,0,0,0
cc8eb75dc9b18ced,62378,,0,71,1,0,0
cceac4f9993abb4f,65385,,0,944,15,0,0
ccbaf7ea6ab84f98,48252,,0,139,5,0.166666672,0.166666672
cc03085e6899e668,88562,,0,80,2,0,0
ccae0a5820668c13,34277,,1,116,3,0.581081092,0.581081092
ccf245ebd4ed2e2b,75287,,1,208,7,0.833333313,0.833333313
cca2d7b802a8cb7d,73081,,0,404,11,0,0
cc0663350791dffe,44957,,0,230,8,0.400000006,0.400000006
cca93bf50e716b7b,62989,,0,999,15,0,0
ccbe136aba1bec15,96082,,1,138,5,0.980000019,0.980000019
ccd93c5c79344021,31647,,0,453,12,0,0
cc489f1ebd465090,87115,,0,45,0,0,0
cc90240d9e833f03,8828,,0,350,10,0,0
ccc09edb2cdcbac6,440,,0,795,14,0,0
cc1ac46181a1bd49,36761,,0,121,4,0,0
cccf8b34e66ff780,27991,,0,992,15,0,0
cc1cc39b0c99b42f,63461,,1,262,8,0.5,0.5
cc80235ddd71c489,64095,,0,118,4,0.166666672,0.166666672
ccdd3c2e8f83ca18,64311,,1,986,15,0.5,0.5
cce289efb4f0609b,56913,,0,400,11,0.400000006,0.400000006
ccb9c2343f46c069,88249,,0,483,12,0.166666672,0.166666672
cc929941db05cb53,74928,,0,481,12,0,0
cc1a3e90f13e211d,87020,,0,649,13,0.200000003,0.200000003
ccdb6215ef566b07,6492,,0,462,12,0,0
cc573be611dd0a7e,50964,,1,89,2,0.860000014,0.860000014
cc37bc9c4ae8945a,47202,,0,261,8,0,0
cc1a63b14bd0217c,68064,,0,854,14,0,0
cc0f7f0917366b3b,57589,,0,172,6,0.200000003,0.200000003
cc3aae01fa402002,8142,,0,77,2,0,0
cc7cf1b142cda003,50133,,0,121,4,0.200000003,0.200000003
ccca9693295bc56b,3588,,0,50,0,0.200000003,0.200000003
cc8e2cdeb4155e4a,14425,,0,485,12,0,0
ccd25e30685528ba,44850,,0,410,11,0,0
cc7d3887772a68d3,2137,,0,179,6,0.200000003,0.200000003
cc64ff2e36995053,2729,,0,516,12,0,0
cc81911e6caeae7a,12274,,0,960,15,0.200000003,0.200000003
ccda3697a83aace8,33568,,0,358,10,0,0
cccc1a45e11c34d5,18944,,1,791,14,0.600000024,0.600000024
ccfa74a636bb67c8,63323,,0,145,5,0,0
cc1a83a93e61490d,5946,,0,677,14,0,0
cc9a66d1127f095c,59983,,0,996,15,0.166666672,0.166666672
cca6c55d85a837f5,55842,,0,55,0,0,0
ccc59a370cd216c7,28711,,0,47,0,0,0
cc9f660346fbee93,10692,,0,230,8,0.166666672,0.166666672
ccc7112da65209e4,12054,,0,296,9,0,0
ccd0251f04ebb99b,23778,,0,128,4,0,0
cce8cb254b45c766,1777,,0,483,12,0,0
ccc7623598d26676,28706,,0,151,5,0,0
cc61e4c00cae6cd2,1770,,0,109,3,0,0
cc06378fd6c219fc,58459,,0,313,10,0,0
ccb6f0863ffc4364,38225,,0,677,14,0,0
cc57d494abb4cbc6,70562,,0,110,3,0,0
ccf7eb05457401e1,63547,,0,503,12,0,0
ccd1b42f9fbb2172,64983,,0,607,13,0,0
cc99133d736a79ad,9995,,0,419,11,0.200000003,0.200000003
cccc05c6e88f416b,86208,,0,128,4,0.166666672,0.166666672
cc5c6e0826bedd97,83729,,0,232,8,0,0
cc350f193ef3c64a,81127,,0,902,14,0,0
cca3c71c3f5d30c4,10739,,0,377,11,0,0
cce41e8cc8bb053a,60794,,0,170,6,0,0
cca690871d7c6248,58065,,0,413,11,0,0
cc1864bcfdf70767,7493,,0,398,11,0,0
cced086c73ad6912,46578,,1,335,10,0.800000012,0.800000012
ccfea9ff8992b3d7,90408,,0,177,6,0,0
cc20576c9883137e,93041,,0,342,10,0,0
cc7f9e80fb957691,71205,,0,289,9,0,0
ccb8f55553a3de1f,16895,,0,398,11,0,0
ccb0afc28321e95a,47501,,0,114,3,0,0
cc3278aa331a4218,73270,,0,542,13,0,0
cc458b71a0a7b145,74134,,0,268,9,0,0
ccd6db6494a6eff9,13805,,0,61,1,0,0
ccbde2736cb1ee1e,83363,,0,982,15,0,0
cc93d11303779e83,5958,,0,316,10,0,0
ccd7e5751eac32c0,22590,,0,140,5,0,0
cc489c46851bf54c,43388,,0,51,0,0,0
cc8683e2f9ea75fb,48752,,0,151,5,0.200000003,0.200000003
cce97d66885ab9a5,16488,,1,257,8,0.5,0.5
cc1cc463b21a93d7,48519,,0,584,13,0,0
cc19157d09ee5d9f,87073,,0,55,0,0,0
ccfc0e0cee1f4014,63130,,0,192,7,0,0
ccc281cfc88dbb7a,77048,,0,111,3,0,0
cceca02e91283d08,44136,,1,979,15,0.5,0.5
cc5662af91d167ca,651,,0,53,0,0,0
cc5edd92a17f48a0,89939,,0,81,2,0,0
cc8ccebcb9eff0d6,16287,,0,452,12,0.200000003,0.200000003
ccf1a08cc4c35d25,1566,,0,692,14,0,0
cc526772a765c7e9,29930,,0,121,4,0,0
cc43d8356abb106d,30146,,0,493,12,0.300000012,0.300000012
cc188c4ea709235a,32775,,0,225,8,0,0
ccb7d0f4f5396a4b,81962,,0,165,6,0,0
cc0127198ce66633,62690,,0,687,14,0,0
ccc597b05773cedf,13460,,0,411,11,0,0
ccc1d3b0a33167aa,83792,,0,422,11,0,0
cc934f856a63befe,27751,,0,491,12,0,0
ccc4eaca1d8b4819,58166,,0,401,11,0.166666672,0.166666672
cca9b3cdfe288f37,26654,,1,683,14,0.772727251,0.772727251
cc80a1cdad36b2c6,49842,,0,235,8,0.200000003,0.200000003
ccab66e3336bc088,50511,,0,123,4,0,0
cc12ca0f666dfb02,82116,,0,192,6,0.300000012,0.300000012
cce726d5b02de4d6,58441,,0,239,8,0,0
ccfa5f1c835848d2,18724,,0,66,1,0.300000012,0.300000012
cc103cdee0fb2465,80607,,1,382,11,0.699999988,0.699999988
cc3847a1cfc5794d,35024,,0,374,11,0.400000006,0.400000006
cc50d8e494424444,55763,,1,221,7,0.785714269,0.785714269
cca11e1be6d19d94,97009,,0,102,3,0,0
cc2f0ca4782a8898,94383,,0,329,10,0,0
cca42d5ada1fa8d6,40844,,0,713,14,0,0
ccb7255ec5007d0a,73196,,0,263,9,0,0
cc85f40a27851294,74890,,0,86,2,0,0
cc180130fb0be30a,32959,,0,111,3,0,0
cc595487665c3e20,37450,,0,521,12,0,0
cccf255715e90338,53166,,0,496,12,0.166666672,0.166666672
cccd1d774a9218dc,22545,,0,139,5,0,0
ccf0a02da4a04047,34843,,1,228,8,0.639344275,0.639344275
cc324cb8eb0ab539,64202,,0,158,5,0,0
cc57c51297c45806,20609,,0,999,15,0,0
cc846d29a961882a,36656,,0,65,1,0,0
ccaa5167c58143a6,11685,,0,195,7,0.166666672,0.166666672
cceda5ce73847edf,96209,,0,307,9,0.166666672,0.166666672
cc83a75be12014c5,2794,,0,521,12,0,0
cc27de7e9e605a3a,4491,,0,692,14,0.400000006,0.400000006
cce2ea273963daf3,8055,,0,327,10,0,0
cce0dbaf2e8eed0e,36790,,0,144,5,0,0
cc2add06b29267de,11437,,0,89,2,0.166666672,0.166666672
ccbf8022fa970238,93687,,0,915,15,0,0
cc417be532f50652,42632,,0,397,11,0,0
cc62150ea5976874,92657,,0,984,15,0,0
ccb1035754dc2cc8,8062,,0,137,4,0,0
cce1be4f72ef251a,97183,,0,53,0,0,0
cc1c3319c879a375,36982,,0,109,3,0,0
ccc402e0ff76b355,60379,,0,143,5,0,0
cc4ad2d061da813b,86097,,0,113,3,0,0
ccae8f34347c0b18,54455,,0,136,4,0,0
cc4ccde68614b565,36509,,0,988,15,0,0
cc9ab2bdc721faac,42308,,0,203,7,0,0
cc4d67694ed264f4,48106,,0,126,4,0,0
cc1bc326939bee55,1209,,0,57,0,0.300000012,0.300000012
cc498d2486f654ee,43196,,0,47,0,0,0
cc9e522af52c5030,2554,,0,221,7,0,0
ccb446407593dfa4,2943,,0,152,5,0,0
cc73fc78cab95898,45782,,0,51,0,0,0
cc623371ec9501c2,54844,,0,85,2,0,0
cc0af56bad3687b6,93547,,0,60,1,0,0
cc20f2a4b07ab651,38821,,0,165,6,0,0
ccf3de24ddfbcde1,92557,,0,100,3,0,0
cc8d78c10ca4cebc,75787,,0,73,1,0.353846163,0.353846163
ccf36e7fc9613c4d,35288,,0,195,7,0,0
cc6214e03f82b837,34383,,0,737,14,0.300000012,0.300000012
cc03fecde6a263fd,49568,,1,272,9,0.5,0.5
cc185573d9204eea,68309,,0,459,12,0,0
ccc171af70c1e0cf,64111,,0,136,4,0,0
cc8cbcdde8b85289,84950,,0,324,10,0,0
cc2d74baac082351,36145,,0,604,13,0,0
cc27837cd78ea41c,10023,,0,310,10,0,0
ccf0a47f1e1bcfde,13258,,0,980,15,0,0
cc9e0c55365869f3,56501,,0,978,15,0.142857149,0.142857149
cc8f1b0266d1795a,55416,,0,109,3,0,0
cc244b5986588c48,83852,,0,994,15,0,0
cc11204388c819a2,94013,,0,71,1,0,0
cc256398a9848886,47366,,0,79,2,0,0
ccef4e8a98f5855a,73307,,0,364,11,0,0
ccae36530359a9f2,22598,,0,242,8,0,0
cc72a9a4193fef58,87444,,0,785,14,0.400000006,0.400000006
cc907c5c0e4ee2f7,39981,,0,83,2,0,0
cca3650d06d76bfa,39548,,0,492,12,0,0
cc06c78977cd5c4b,81562,,1,110,3,0.653333306,0.653333306
cce598bc916a5e94,5484,,0,125,4,0,0
ccf1bb34da559c52,63108,,0,109,3,0,0
cca81ba479a40d01,40751,,0,163,6,0.166666672,0.166666672
cc7b0d5899fcd716,58644,,0,456,12,0,0
cc643f7d3370940d,19880,,0,594,13,0,0
cca616ad8c6131e4,67302,,0,42,0,0.333333343,0.333333343
cc00c358666dfc12,76315,,0,987,15,0,0
cc775ab56d5f3cd9,71474,,0,180,6,0,0
cc0a4c9b49442c75,10176,,0,832,14,0.400000006,0.400000006
ccc14bb7e5c90f3d,49745,,0,67,1,0,0
cccc1ab4bb0ea502,37625,,0,128,4,0.200000003,0.200000003
cc158866ed106459,31335,,0,978,15,0,0
cc2898a1b53130b1,26547,,0,268,9,0.125,0.125
cca830b34e3abfda,83625,,0,176,6,0,0
cc4b741ca6890e0a,11059,,0,172,6,0,0
cc38a5d40a98a187,85137,,0,282,9,0,0
cc32b8251b101e2a,40010,,0,1000,15,0,0
cc9942701c5c79e6,79085,,0,202,7,0,0
cc5c3ef36d552f58,66390,,0,73,1,0,0
cc76094b9b765cb0,7146,,0,111,3,0,0
cc78bde3582eeeea,66239,,0,882,14,0,0
cc8aa673b4aa2363,13956,,1,158,5,0.666666687,0.666666687
cc30816ba5eae01a,56454,,0,238,8,0,0
cce7306d85d0addd,79560,,0,242,8,0,0
cc49ed5f2bf72227,12967,,0,863,14,0,0
cc06b8b1869949f6,357,,0,95,2,0,0
cc18f0863d70badf,6787,,0,378,11,0,0
cc3fa35d81ff03bb,84691,,0,514,12,0,0
cc9786e6a8f50e6c,26844,,0,692,14,0,0
cc42dcb0dbb936bf,73452,,0,155,5,0,0
cc63a6ab5486414e,45575,,1,93,2,0.953125,0.953125
cce4506b050d54f8,86755,,0,275,9,0,0
cc26825baf58104a,86467,,0,606,13,0,0
cc7e5f8511d4b647,25063,,0,714,14,0,0
ccd32c53e447e469,4523,,0,327,10,0,0
cc1f7c604db2bcdc,8919,,0,711,14,0,0
cc70ba2a52d9adb2,90791,,0,633,13,0,0
cc115b3cb7e1b224,87787,,0,63,1,0,0
cca139d57cb15acd,87882,,0,959,15,0.200000003,0.200000003
ccdd6a9ba44b9740,49998,,1,167,6,0.699999988,0.699999988
ccbd29581d872232,94601,,0,127,4,0,0
cc81c6384942ecf7,4100,,0,694,14,0,0
cc76976410ff0aa7,55900,,0,989,15,0,0
cc1a62debb5af4ce,8003,,0,76,1,0,0
cc03322a1dcbaeef,94218,,0,93,2,0,0
ccba29a8d00ad1bf,50342,,0,272,9,0,0
cc34a93cdd13e13a,95588,,0,651,13,0.166666672,0.166666672
cc5c911ec684cd5c,96990,,0,998,15,0,0
ccf492aac7985918,3627,,0,290,9,0,0
cc8834437ca8c1ee,2364,,0,411,11,0.200000003,0.200000003
ccf385f10b91a0d4,67482,,0,304,9,0,0
ccee5f160c24d490,7372,,0,58,1,0,0
cc38cd3734ed706b,96969,,0,242,8,0,0
cc7d21b00563efc4,21939,,0,154,5,0.200000003,0.200000003
ccdc679b2c39dae8,13936,,0,186,6,0,0
cc17742a7eb01120,44888,,1,95,2,0.514285743,0.514285743
ccf9f8fdbe9b58fd,79695,,0,81,2,0.100000001,0.100000001
cc05113a0c84cd5e,92687,,0,134,4,0.200000003,0.200000003
cc2fa24ff52c9a8d,38023,,0,192,6,0,0
cc31ab11a7c6ff97,56598,,0,273,9,0,0
ccfddc2b80dea330,55107,,0,166,6,0,0
cc750700d0588a92,44117,,0,155,5,0,0
cc8015c5600a51e4,69512,,0,566,13,0,0
ccdd396297a4a730,12237,,0,110,3,0,0
cc1f150e4b0936fd,64910,,0,320,10,0,0
ccdd43a22e5e3511,17134,,0,138,5,0,0
cc26ef799c09481d,89653,,0,835,14,0,0
cc7b637f1eb1d23d,30632,,0,976,15,0,0
cc169cf7ef96154b,40150,,0,113,3,0,0
cc85b89e28b31a54,91577,,0,180,6,0,0
cc5367a0444c6cb7,12525,,0,53,0,0,0
cc964ebbb36a924c,31361,,0,87,2,0.200000003,0.200000003
ccb614a1b5783647,12829,,0,476,12,0,0
cce71c0032355261,3922,,0,279,9,0,0
cc572b927022cd52,54590,,0,103,3,0,0
cca3ff85bf528020,49871,,0,636,13,0,0
cc2206e8a8c17eb4,90462,,0,995,15,0.166666672,0.166666672
ccf2fdad508818d3,31654,,0,473,12,0,0
cc6bcce1a293d7e1,59265,,0,197,7,0,0
cc93d528f42c6d41,84308,,0,377,11,0.200000003,0.200000003
cc61d586e4bfba8f,59311,,0,947,15,0,0
ccbb5a42f66488aa,27363,,0,68,1,0,0
cc6ea5740385fddc,10340,,0,149,5,0,0
cc59b9edc7a1dcdf,25683,,0,277,9,0.166666672,0.166666672
cced8ac184bc1480,16097,,0,997,15,0.200000003,0.200000003
cc3a13986ef98d6a,84983,,1,69,1,0.6875,0.6875
ccefb59334955c79,73449,,0,184,6,0.166666672,0.166666672
cc3e104e386af3c7,67412,,0,94,2,0,0
cc0166582f4d4536,61091,,0,76,1,0,0
cc04c059c0cdb340,19673,,0,231,8,0,0
ccab17b99bb699b8,14643,,0,56,0,0,0
cc325ec5af2071b9,9700,,0,147,5,0.166666672,0.166666672
ccf39bf5313ce7b7,2713,,0,152,5,0,0
cc6150b94ecb511d,33816,,0,989,15,0.200000003,0.200000003
cc9cc50124d3f00b,73026,,0,91,2,0,0
ccebb07f9f6ad8da,23185,,0,821,14,0,0
ccdd6d85916ed4ea,66629,,1,264,9,0.75,0.75
cc5ad6a5ed408b94,25164,,0,54,0,0,0
ccbbcfd69cd8796b,47103,,0,361,10,0,0
cc54c39dab48a3bb,29250,,0,337,10,0,0
ccc335477e8f33af,27774,,0,137,4,0.300000012,0.300000012
ccdc709ebfd36bd8,25277,,0,926,15,0.400000006,0.400000006
cc779b707d6739ba,58417,,0,153,5,0.166666672,0.166666672
cc640b4c4446c2a8,22126,,0,148,5,0.200000003,0.200000003
cc04b30ce927294f,77282,,0,332,10,0.400000006,0.400000006
cc45529b2e6fefa5,68011,,0,59,1,0,0
cc9d3e5df13e0ef9,94081,,0,773,14,0,0
cc17ac60cf1ff58b,31674,,1,575,13,0.5,0.5
cca96c32053344b5,85588,,0,641,13,0.200000003,0.200000003
cc885e7ffa30ce33,67175,,0,170,6,0,0
cc7a2a1bc4740b98,83275,,0,216,7,0,0
cc706ddd2aac092f,47464,,0,96,3,0,0
ccc019b5c381869b,86050,,0,214,7,0.200000003,0.200000003
cc78b787bf631f6d,36672,,0,265,9,0.400000006,0.400000006
cca063cb385bb9ca,76085,,0,146,5,0,0
ccd6b44b57268a0d,5859,,0,317,10,0.300000012,0.300000012
cc305fab0ed6c459,63032,,1,101,3,0.628571451,0.628571451
cc778901396c5862,53030,,0,243,8,0,0
cc89823478e8430f,39898,,1,114,3,0.828125,0.828125
cc273ea2cad93c07,97272,,0,131,4,0,0
cccf9d4cb26a9f4f,20660,,0,117,4,0.200000003,0.200000003
cca4f6359081112d,2584,,0,118,4,0,0
ccd90fb071366044,327,,0,46,0,0,0
ccdf56c41bc3a5a1,64090,,0,109,3,0,0
cc52494b0354865e,52726,,1,359,10,0.600000024,0.600000024
cc39538995ffa36a,54154,,0,544,13,0,0
cc14cbd6f60ad479,38664,,0,89,2,0,0
cca9f90c20f53588,16719,,0,358,10,0.166666672,0.166666672
cc7c599b48151312,66247,,0,262,8,0,0
cc5a778c6eaa33d8,15987,,0,260,8,0.166666672,0.166666672
cc238d03d658fe1d,90658,,0,603,13,0,0
cc71e38e43566d1f,44003,,0,217,7,0,0
cc13871f493ead9b,22063,,0,119,4,0,0
cc7ac1228d98b0ca,44447,,0,252,8,0,0
ccb57fd555ba5da7,49921,,0,129,4,0,0
ccc29b8d98eb1d4f,86019,,0,719,14,0,0
ccffe80742bfe355,8243,,0,260,8,0,0
cc59e65600682bb6,56365,,0,653,13,0,0
ccfe4cc07b967ac0,9660,,0,135,4,0,0
cc806c96da09bf4b,66902,,0,128,4,0,0
cc73bac8aca5f4c2,67737,,0,330,10,0,0
cca96895d467c92e,28935,,0,131,4,0,0
cc6c30e9cd3094d2,72102,,0,920,15,0,0
cc58e6f44586e6e8,64009,,0,989,15,0,0
cc11695499653e15,39341,,0,315,10,0,0
ccf268c1907d9603,43669,,0,47,0,0,0
cc26eb7ccb9b2e04,23612,,0,896,14,0,0
ccfc6d34508c1197,30997,,0,150,5,0,0
ccfe91db16eb7095,62283,,0,314,10,0,0
cc2d467a228d47bd,26566,,0,245,8,0.300000012,0.300000012
cc373c22ccc8a8e3,59219,,0,244,8,0,0
ccd249ad06255983,96853,,0,132,4,0,0
ccaa2c9078117825,67767,,0,126,4,0.100000001,0.100000001
cc5273c63b1c4a41,22662,,0,44,0,0,0
cc3fcd5be1752791,14123,,0,309,10,0,0
ccaba909d792cf50,24716,,0,180,6,0,0
ccc580006b3230d7,19007,,0,261,8,0,0
cc25ac38eb52c095,51603,,0,100,3,0.400000006,0.400000006
ccd1a2236a2e9c59,17745,,0,281,9,0,0
cc0dc0a2b80d04de,67571,,0,54,0,0,0
ccaf86989b57d6bf,18248,,0,130,4,0,0
cc736d4cc75f0cec,34396,,0,63,1,0,0
cc771a0b946e7b73,3910,,0,105,3,0.166666672,0.166666672
ccb6209089ddc006,25861,,0,264,9,0.300000012,0.300000012
ccff5496a96c2d74,89456,,0,76,2,0,0
ccfc8fbeafcc3c19,5126,,0,275,9,0,0
ccb884165500e077,9318,,0,122,4,0,0
cc8e557a354323a9,63212,,0,996,15,0.300000012,0.300000012
cc625eb9e8e1b572,20764,,0,84,2,0,0
cc549288d7181d08,65095,,0,64,1,0,0
ccb66a10325a323f,4320,,0,196,7,0,0
ccd71131a719d5bd,35464,,0,154,5,0,0
ccba9388381d8ebd,107,,0,159,5,0,0
cc7df5f77b04d531,97214,,0,45,0,0,0
cc25455ba136b69c,15270,,0,149,5,0,0
cc22227ff8c00729,61399,,0,285,9,0,0
cce5137c4dfebe09,82045,,0,366,11,0.200000003,0.200000003
ccc89af0894e9bd5,26375,,0,55,0,0,0
cc79c0edafc0b6c8,7454,,0,527,12,0.111111112,0.111111112
cc5d278c21bc27fb,39630,,0,329,10,0,0
cc21599482c7dc9f,84391,,0,43,0,0,0
ccd79114e359239e,92824,,0,137,4,0,0
cc533e5b95a0c8c5,20182,,0,256,8,0.300000012,0.300000012
cc27847c05ec6ef9,27252,,0,295,9,0,0
cc83df39229c0dfb,47624,,0,287,9,0,0
ccd8fa8649de8b94,51396,,0,990,15,0.200000003,0.200000003
cc72fe65b1a6d4c6,35362,,1,320,10,0.5,0.5
cceff0fda18a5524,46694,,0,118,4,0,0
cc5b28d35d633139,10494,,0,85,2,0,0
cc73d3bdf1dd0071,49795,,0,96,3,0.300000012,0.300000012
cc882615da283b5e,9902,,0,271,9,0,0
cce572b500ffe839,16387,,0,575,13,0,0
cc9715cce0327130,47276,,0,337,10,0.300000012,0.300000012
cce8797d459a13ae,60493,,0,43,0,0,0
cc49112ba78814e8,26542,,0,423,11,0,0
cc7ee2353845cfcb,27699,,0,311,10,0,0
cc72191c3eba3b39,36274,,0,123,4,0.166666672,0.166666672
ccbd706f4358203f,46347,,0,730,14,0,0
cc477c2b00db8835,47123,,0,354,10,0.200000003,0.200000003
cc1a86c964f3517d,48697,,0,599,13,0,0
cc28b70c8c6592b9,82979,,0,523,12,0,0
ccb8a0aa5c7c41ed,71570,,0,76,2,0,0
cc4be6015cd71b1f,24006,,0,78,2,0,0
ccc04cc6ee0d71ea,11031,,0,568,13,0,0
ccfe9e1651c4214e,31387,,0,67,1,0,0
cc1520686add0d24,43739,,0,131,4,0.400000006,0.400000006
ccd0c6a47fabad7a,43992,,0,421,11,0,0
cc25402221e25b2d,30801,,1,381,11,0.5,0.5
cc6118752e325587,60591,,1,595,13,0.600000024,0.600000024
ccec1435289077de,64565,,0,492,12,0,0
ccd407dadb723356,65530,,1,559,13,0.600000024,0.600000024
cc215c0d3e9587d1,22771,,0,180,6,0,0
cc7a5530e6342678,44564,,0,340,10,0.431034476,0.431034476
cc760595c1a34db9,11346,,0,151,5,0,0
cc9b57ad70edd00e,2944,,0,121,4,0,0
cc8611d018f855ce,80781,,0,150,5,0,0
cc839ae63a4a2fb7,88170,,0,117,4,0.200000003,0.200000003
cc3553da061758b9,92386,,0,485,12,0,0
cc96f1708af69772,74467,,0,122,4,0.400000006,0.400000006
cc97ba189e54cebf,31662,,0,205,7,0,0
cc14cb778dba0e6c,53902,,1,206,7,0.699999988,0.699999988
cc0076e7350e6489,37889,,0,189,6,0,0
ccd6e882dd1aa87d,92695,,0,986,15,0,0
cc1a5da813d81d95,43266,,0,62,1,0,0
cce8d37840d095b2,9791,,0,762,14,0,0
cc5a40a28d219c24,3266,,0,57,0,0,0
ccc9e19f04ddfea3,84111,,0,59,1,0,0
cc047c6d9c1baff7,88043,,0,145,5,0,0
cc9c13f9dcc330f3,81712,,0,83,2,0,0
cc6980cb5208a1a1,47943,,0,266,9,0,0
cc635eb395a3d952,42582,,0,80,2,0,0
cce173e7e4ef316c,68840,,1,125,4,0.699999988,0.699999988
cc3ca3a9435cbbbf,45985,,0,69,1,0,0
cce7b2c76da0be73,40309,,0,649,13,0,0
cccaa13b5cf38908,48889,,0,285,9,0.200000003,0.200000003
cc3e2d9eadf86fa2,35050,,0,154,5,0,0
cc7a7250e90bf6d2,42699,,0,61,1,0.166666672,0.166666672
cc5764550c56e49c,27458,,0,643,13,0.400000006,0.400000006
cced7fe4165566be,54245,,0,94,2,0,0
cc684e5879cf4120,92433,,0,314,10,0,0
ccc9b6feb3eb4a91,58699,,0,706,14,0,0
cc7fe6f9d9d4163a,14100,,0,93,2,0,0
cc8537259d1db737,46430,,0,308,10,0.400000006,0.400000006
ccfb34b7b6d15691,81018,,0,357,10,0,0
cc506b80843bcb5a,41092,,0,69,1,0,0
cc20200671b3b7b1,35658,,0,516,12,0.200000003,0.200000003
ccc1d0069bf4f8f7,95805,,1,196,7,0.528571427,0.528571427
cc7e2156fbea2d64,57909,,0,926,15,0.300000012,0.300000012
cc037d836c412203,90489,,0,92,2,0,0
cca747f7b6a011c9,20040,,0,121,4,0,0
cc2baeed2b22aa5a,22674,,0,745,14,0.300000012,0.300000012
ccea61f9193eb884,693,,0,143,5,0,0
cc208331af8cb5cf,62626,,0,161,5,0,0
ccf653676c35b26a,77502,,0,93,2,0,0
ccd4845fb9f7cc7f,3608,,0,137,4,0,0
cc85ae9745a31543,5971,,0,137,4,0,0
cc6bb9a359516656,6543,,0,628,13,0,0
cc05e8c4ba89d4e0,46975,,0,66,1,0,0
cc44d303b9c58a29,72769,,0,79,2,0,0
cc27ed291d234855,23463,,0,202,7,0,0
cc885e9de3a91aa9,47754,,0,103,3,0,0
cce95aff7a3b4a01,60244,,0,143,5,0,0
cc0b1e58e44c6215,60139,,0,710,14,0,0
cc08e83f5863b910,87077,,0,57,0,0,0
cca62abe0b60bf87,41170,,0,77,2,0,0
cc0b59f6d48297fe,63051,,0,652,13,0,0
ccc0cc9bc593dfc3,7159,,0,46,0,0,0
ccfff3465a8ab04c,45534,,1,933,15,0.5,0.5
ccb2ffc423a61ce3,61467,,0,258,8,0,0
cc80e3c3c06af1f0,1592,,0,256,8,0.200000003,0.200000003
cc66283ae2b3436c,10041,,0,55,0,0,0
ccd497f21a4ff016,59820,,0,217,7,0,0
cccd1a928ca132ff,59468,,0,181,6,0,0
cc79e004c0925c8b,38130,,0,121,4,0,0
cc914eb36de2f872,16994,,0,271,9,0,0
cc716f17ac67ee70,13202,,0,51,0,0.166666672,0.166666672
ccc06ce0aa570f47,13810,,0,478,12,0,0
cc99ff08d1f55767,94494,,0,69,1,0,0
cc93d2687eace5ad,45270,,0,358,10,0.200000003,0.200000003
cc8e69d2323306f7,38287,,1,61,1,0.5,0.5
cced28201e3adc8b,82972,,0,236,8,0,0
ccfa9069b4c079ab,63449,,0,265,9,0,0
cc1d67457a9cbd5f,73590,,0,385,11,0,0
cc44e184a7a70ea4,78762,,0,200,7,0,0
ccae6040454d0f41,60977,,0,65,1,0.200000003,0.200000003
ccfa664765d79ef2,25249,,0,139,5,0,0
cc5bea3fb5b57269,47708,,0,990,15,0,0
cc136b8d5e45373b,24560,,0,204,7,0,0
cc23c9edfc8be587,17711,,0,62,1,0,0
cc0f78bc7d104928,38808,,0,351,10,0,0
ccf9ecf734322ded,88185,,0,56,0,0.400000006,0.400000006
cc3b6e9de2d380e3,9309,,0,122,4,0,0
cc83dc6930c8be8c,42472,,0,255,8,0.166666672,0.166666672
ccd9ebb1f62dc2bc,28762,,0,925,15,0.200000003,0.200000003
cc8c25ac595b107e,43314,,0,75,1,0,0
ccb96c3524868f40,17207,,0,998,15,0,0
ccf40601149e2e52,45830,,0,52,0,0,0
cc5c85f908ed3578,74531,,0,83,2,0,0
cc7cf1e7d696a426,77295,,0,177,6,0,0
cc8091558426f9fe,96103,,0,448,12,0.400000006,0.400000006
cc8a94e539b25644,63855,,0,64,1,0,0
cc12021f65ee363c,62035,,0,204,7,0,0
ccaf3b022cedcd14,20593,,1,130,4,0.905660391,0.905660391
cc0035325542ad4d,24963,,0,80,2,0,0
ccc4a56555c4492f,39830,,0,89,2,0.300000012,0.300000012
cc02c83d162b5ee1,91413,,0,259,8,0,0
ccff68226d913977,36865,,0,76,2,0,0
cc20bd052ba8461a,79192,,0,184,6,0,0
cc18e35c9317dba2,10689,,0,326,10,0.400000006,0.400000006
ccf229519f6c6ba5,94129,,0,204,7,0,0
ccb4cd57b2833d21,68314,,1,128,4,0.5,0.5
cc35ec497815cb3a,21813,,0,75,1,0,0
cc88a97da49168bf,90181,,0,70,1,0,0
cc1cc69a36c3d8ae,48847,,0,591,13,0,0
cc8039a81ebe3a9e,71356,,0,253,8,0.300000012,0.300000012
cc9acd57593647e5,70535,,0,315,10,0,0
cc1867da535d6bf4,32262,,0,151,5,0.400000006,0.400000006
cccb675a9897cea6,5762,,0,163,6,0,0
ccd3ffb339702c51,4756,,1,241,8,0.600000024,0.600000024
cc10ea990498e5d8,8592,,0,89,2,0.200000003,0.200000003
cc7439de63d38a37,94805,,0,453,12,0,0
cc40069f5bf238f9,31436,,0,271,9,0.400000006,0.400000006
cccda40570243c57,4958,,0,51,0,0,0
cc4fb22f6f260bee,46979,,0,115,3,0,0
cc756cf362568992,19098,,0,137,4,0,0
cc5d7f81b111c2a3,26857,,0,120,4,0.400000006,0.400000006
cc38daa4a67af1e2,69796,,0,115,3,0,0
cc4b2a32fda315f1,10866,,0,892,14,0,0
cc19784e06de3afa,66645,,0,86,2,0.200000003,0.200000003
ccf244f0a2bac1b0,76594,,0,487,12,0.166666672,0.166666672
ccd428bb55d8b6bd,76965,,0,74,1,0,0
cc5734900d3b009a,22362,,0,292,9,0,0
cc73a189b150d380,68495,,0,243,8,0.166666672,0.166666672
