doc_id,source_index,source_id,reference_normalized,n_chars,length_stratum
im9a0fc2b6c83975,19310,,1,922,7
im825588046cf234,16166,,1,370,0
im6d0c977b67d5ac,3652,,0,2331,15
ime2482d2d7b38ef,23479,,1,710,4
imd6e76121c9e07b,20593,,1,959,8
im6de4871d8719ce,3295,,0,1497,12
imf5f40bd169cd42,4179,,0,1293,11
im3ed07a86fed58a,22036,,1,1992,14
im631b39b0270c9e,18134,,1,1715,13
im982f376b4b7035,8460,,0,500,1
imb1c58eb780b611,15191,,1,958,8
imddeb4145af784a,16780,,1,931,7
im9c2906cff57be0,1406,,0,2433,15
im616fc4ac7b45b4,17371,,1,555,1
ime7adfb47b4d30b,1471,,0,686,4
im3735fad8c182db,14461,,1,1921,13
imee5e5eaf9f74f6,108,,0,1046,9
imde961d1bff74c2,14480,,1,675,3
imb9aef60d3dac1b,24216,,1,690,4
im09206f02591967,16133,,1,1035,9
im014092b5dec06f,3069,,0,1305,11
imd5b8169dbe8a77,4768,,0,1553,12
im9b79c9fe20e58c,18860,,1,706,4
im7ee25c7c1a017d,18454,,1,323,0
im33f579bfff7c6e,3959,,0,1164,10
im821c9fe16b9326,20231,,1,838,6
imc9fbf686b2d7b5,16476,,1,1612,12
im35d71e62a9b092,12272,,0,1587,12
im674ce7ec2b7076,15097,,1,919,7
im7e1f0ccc8c1ca6,7556,,0,1153,10
imc3da89250bc21e,11525,,0,2340,15
ime715a08e92b85b,6458,,0,682,3
im12b5484d624bb1,6397,,0,357,0
imeea4bc0cd2d51b,23134,,1,847,6
imceb228608b80fd,15408,,1,835,6
imd93fb8ebc1f157,13252,,1,2791,15
im740d4cb9ca053d,23338,,1,1456,12
im6d026c8a5c1c8b,2396,,0,680,3
imf22af74a4db2fe,6070,,0,2868,15
im9f9923aeb0420b,10380,,0,734,5
imead954e543d64f,22607,,1,871,7
im02e2693549f27d,16413,,1,613,2
imd4256cbb53cad8,10413,,0,722,4
im2a5dcd77a3613b,4118,,0,249,0
imd838a0db6a54b9,4377,,0,1976,14
imbb3c526f71c1cc,2710,,0,1765,13
im91c1e5c7e3d29d,4324,,0,388,0
im10002918af5db8,23276,,1,851,6
im595adb9083b9dc,21707,,1,711,4
im52b06214f7ff7f,2045,,0,698,4
im581c27d9bd0c02,8043,,0,837,6
im71c82d2f8c8053,6409,,0,543,1
im21a0aaabd0f779,641,,0,550,1
im9dc1fdc404eb1a,4855,,0,497,1
imb3806826aa0b52,2669,,0,782,5
imf1b77ff1ef3f2a,13392,,1,1122,9
im4b4e6f45d3fc0e,16477,,1,1127,10
im3914f02eaeb32c,4135,,0,2611,15
im2c3d7bfeec50fb,187,,0,903,7
imb7c104314f13e6,14987,,1,666,3
im74bf97178245c8,14915,,1,884,7
im7dfba261f1bf17,5972,,0,1611,12
im36e9867eaf8620,16593,,1,1339,11
im96de0480b68a0f,10504,,0,671,3
im4b6f359fe05a9f,23451,,1,1412,11
im1f9ac436563d5f,14824,,1,1233,10
im20225ccc1a8a22,13108,,1,395,1
imc0d7ce985abfde,22492,,1,638,2
imb366eeffaaef71,17282,,1,1280,11
im8882d30551bf12,4270,,0,2567,15
ime510617204c398,15705,,1,903,7
im98686deb325ea2,13023,,1,632,2
im2dd5b03471186a,1354,,0,625,2
im9e06a3c86f6f77,15764,,1,1338,11
imaf62d00839ddaf,22286,,1,1953,14
imc1a5da0d100ff9,250,,0,799,6
imf501fcd3bb4c50,8974,,0,567,2
im9b0cfd836c42ac,7118,,0,809,6
im515e1504e968cc,8820,,0,1341,11
im82de7bbd698f58,1830,,0,739,5
im1456e4559812f6,23433,,1,836,6
imd42982dd169034,8029,,0,781,5
imec28cb61045d69,10196,,0,1835,13
imf3c11cab4e560b,15118,,1,627,2
im59a92038322f07,3560,,0,747,5
imfdb8511b64bc13,14867,,1,739,5
imd0ee6b0d9f24ae,24337,,1,286,0
im6efc08c0675702,21751,,1,683,3
im2791bbcd8cb362,17238,,1,1067,9
im2d5dde9e3cc870,1053,,0,301,0
im541d702272b293,20334,,1,995,8
im3d073259826075,6737,,0,286,0
im44d6394d45e392,9,,0,1265,11
im6679124e57dfbf,10426,,0,942,8
im3a4d1215a8fd3b,18142,,1,1069,9
im7ffe4c08d98df1,9790,,0,678,3
imf1d3421bfc230e,12328,,0,1078,9
imcf74ed1156a96e,11790,,0,638,2
im4f9abdcb7484ab,8046,,0,666,3
im337317caf76f93,2388,,0,1283,11
im07bca88f43c99f,10607,,0,673,3
im8c39397a06cae2,17448,,1,1567,12
im92b7263427cabc,19859,,1,1096,9
im7db3903e9fd577,24659,,1,1626,12
imf397f7c1d33fb8,15010,,1,805,6
im191d501ab11d3b,722,,0,832,6
im1e0625759eb527,22968,,1,1353,11
im75279b56b6197a,3346,,0,852,6
im52c901853411fc,10322,,0,2831,15
ima93d484074b59a,1855,,0,684,3
im3de5e922f345ab,13678,,1,2130,14
im30b413b95cfd5e,7996,,0,1298,11
imcd77d8bcbe0617,13402,,1,914,7
im647c5cdc253955,23333,,1,1000,8
imee95f22f7a612d,17702,,1,1123,10
im95938efcd322b3,13529,,1,457,1
imf9da27ceec0f9b,8022,,0,452,1
im359e51531a6723,18183,,1,847,6
imd8457cc92959ec,13835,,1,1052,9
imdf4982abc58aae,17819,,1,922,7
im9f4e6166a9de73,19198,,1,2019,14
imf631e7130ad8c9,273,,0,2408,15
im0c0915b91ce06c,16829,,1,1793,13
imc102cb410286dd,5538,,0,693,4
im79c8d48b9d9d2f,15360,,1,672,3
im28dcccaf243cb4,8182,,0,534,1
imbdd2af3edb0e80,20330,,1,383,0
im6108b9428035e5,7015,,0,539,1
ime3406e22cc17c2,17296,,1,2896,15
imcc7cdfad8c1e49,20870,,1,620,2
im9670f0e0c8e275,24897,,1,1667,13
im8fd47caca69e66,5068,,0,1309,11
im2c0b00df2408a9,6661,,0,1505,12
im80b0b9cdace769,7776,,0,1545,12
im205a9e1363e8f9,9298,,0,2267,14
im34f38e551b0ee0,12208,,0,1390,11
imc58577c78e1456,24119,,1,1485,12
imff195795f3d52d,15063,,1,288,0
ima768a332fa2668,15926,,1,960,8
imf1c1eff35b69cc,20614,,1,323,0
im4ad2cdedf619df,15722,,1,1270,11
im2757d1189ea95a,13160,,1,1453,12
im19a38e4dfebc4d,2398,,0,739,5
im12e9f9efd0ff66,9885,,0,612,2
imd7aa08a1294e35,10721,,0,1019,8
ima38e141d85d01b,7253,,0,1989,14
ime1a46b8a6b6d6d,4622,,0,1016,8
im20dd539ea8fe1d,3306,,0,717,4
imdf3e5df33c73be,22972,,1,770,5
im3f7ce9dc7cb876,14513,,1,1008,8
im463ef414ee1fc3,12345,,0,516,1
im428beb91ad5e25,14129,,1,1243,10
im5fd24213dbe581,19309,,1,1300,11
im8ca5c1b869ea81,6645,,0,2056,14
ime36a8340b55d94,20322,,1,830,6
im16f5012f84a4fa,2902,,0,1967,14
im048fca3fd82f86,10690,,0,686,3
im32cf5cdc8c6363,20578,,1,1404,11
im34f23463cb8691,13024,,1,689,4
im3ebffb11e85741,9272,,0,1837,13
im4c7cc06f2dbee4,1015,,0,1153,10
imd87ebc98c21437,14918,,1,268,0
im645fd7196a22b4,24452,,1,695,4
imac942a19c39973,7112,,0,626,2
im445fa78df3b8e4,23127,,1,748,5
im2e160e47742781,20314,,1,2593,15
im42437deb177d40,24861,,1,2498,15
imedfb7acedec3cb,17160,,1,971,8
imd6818f04b324ac,22939,,1,2472,15
im940ed42faf957b,20749,,1,855,7
im0a226438e7d087,3878,,0,1300,11
im45e20e26b9c526,1537,,0,634,2
im32688b8fefff80,4951,,0,1205,10
ima48e5284968516,6782,,0,638,2
imb8d26412bfd4da,600,,0,689,4
ima94474cdb34a74,3126,,0,864,7
imf14d71f7d18ce0,24573,,1,2465,15
im356778772bf96c,5543,,0,2497,15
imcd9524bbac1414,5800,,0,782,5
im71048015c749d7,3902,,0,565,2
im44e5ba00a8d46a,16843,,1,2102,14
imd14ef41341f94f,11605,,0,667,3
im93b9e718b95d3f,1943,,0,1810,13
im816d7761fd27cb,24114,,1,2472,15
im1c5593c7c8f891,15675,,1,783,5
im73bdccd404c2dd,10238,,0,754,5
imdef45f8c0bc4d2,12329,,0,830,6
imc2a8243be5141f,10957,,0,945,8
imb5f2bea8cdef93,16527,,1,1589,12
imed07b9a418029e,21609,,1,721,4
im3be40f5d04fe9e,22657,,1,564,2
imafb195fd967f6f,7486,,0,914,7
imf7a0bc7d761b2c,13237,,1,948,8
im4654f678730b1d,15041,,1,846,6
im0abe6f30320af9,15009,,1,621,2
im687225491b84e1,11458,,0,882,7
ima6cb1cacfe1941,9544,,0,731,4
im024f76cdf3ebb4,19537,,1,710,4
imfdf7a530401950,5265,,0,1174,10
imb234e4f51a4caf,16813,,1,754,5
im5613876941f6e3,14631,,1,995,8
im0d82490000bb68,24194,,1,277,0
im3e9d48a65ad077,19760,,1,295,0
im7d391fbc7f4235,19168,,1,752,5
im76f6a75ba6b278,12141,,0,1694,13
im3645322925fd6d,19835,,1,968,8
im056908d170c0df,20449,,1,638,2
imddf3eef9553560,3052,,0,1292,11
im2a957f6c8a0ffe,2407,,0,1285,11
im56f36d5817d8c8,21289,,1,256,0
im2e3f61bc829a71,3978,,0,819,6
im60da31a6b0c993,5952,,0,372,0
im18609e0a196abf,17233,,1,1077,9
im9f5efaffba73ea,8876,,0,1960,14
imc833a4ddb0e7e3,16431,,1,1186,10
imd4d4577d77edae,8249,,0,757,5
ima94254fbd34928,3998,,0,1788,13
imbd7e4f766185fc,24891,,1,420,1
im568553b2f11dea,9387,,0,1625,12
im35c6ca1d5cc78b,5761,,0,1005,8
im0fb117aba8cc5a,5114,,0,904,7
im9c035a3db4bbd8,7011,,0,1225,10
im1f5b932a140bdc,3154,,0,975,8
im6d3381d0adebc1,1237,,0,652,3
imf3d6b782e064f4,19851,,1,706,4
im327100114be9b5,19016,,1,867,7
im782e3381cc14ea,10500,,0,711,4
im3ba492c529c4d8,23995,,1,365,0
imfc8511faab785b,8964,,0,742,5
im537143a98a6c1a,6462,,0,327,0
im569556f74fd314,16469,,1,1009,8
ima208690fa6b3ec,728,,0,237,0
im8787318c28d1cc,9701,,0,1598,12
im840fb77089bbd7,20363,,1,1144,10
im4801896fb33977,9211,,0,1765,13
im3dee6dbe4ca38e,21486,,1,1033,9
im453514a8f84853,17847,,1,860,7
im2923311a10dfe3,19597,,1,968,8
im715c752bdf6bd1,9443,,0,1511,12
ime4003a06945777,13495,,1,646,3
ime86acb87161567,16720,,1,2545,15
im6468b334a02bc7,15310,,1,620,2
imbcce8d00e72e4e,7758,,0,1457,12
im4ef53880fec62e,9184,,0,648,3
imccab69411c78aa,8732,,0,1278,11
imc32c5ed973a886,8854,,0,1280,11
im7bd682bd107f5a,22066,,1,319,0
im493adf0d850c74,22120,,1,790,5
im6a559ef994ba06,18177,,1,1475,12
im18b093b3c15bbb,11001,,0,1720,13
im5f4650366efcdf,5923,,0,1947,14
im2a595477a345e0,1736,,0,1651,13
im46ca6c507b169e,2685,,0,838,6
im9f92353e3f9d06,23009,,1,796,6
ima69125c2cb72ed,11688,,0,905,7
ima193b53b22eb36,10477,,0,1416,11
imcf5aca15dec18e,4062,,0,903,7
ime2853110e1fca3,18430,,1,864,7
ime46ea314139720,13979,,1,1067,9
imc88f0855c92e58,9129,,0,519,1
im3808ec48ae8489,11130,,0,843,6
im02ac5ec5ed7e7f,5546,,0,1403,11
im14df1a60925ec8,13303,,1,1019,8
imb9eaea5f17b7ed,18398,,1,1088,9
im8883e6eeb1cd7f,4187,,0,1056,9
im96078446d5d830,18677,,1,576,2
im460397d9688dda,17518,,1,2091,14
imc357394ab8ff6f,19365,,1,1360,11
im938ea1ab5d7fd5,19190,,1,2879,15
im73edc55e77e527,24519,,1,890,7
im9b07098c6ece45,16246,,1,978,8
im726dce1d0be98d,15765,,1,647,3
im496905a3a1ec00,10757,,0,639,2
im5455b9f8b20d16,17126,,1,527,1
imd437301671f993,22708,,1,990,8
ima3604b8e86fb50,12024,,0,1814,13
im187f80e3062ff4,6511,,0,1683,13
im067a0574e67f12,8901,,0,1242,10
im942a0879776f67,827,,0,476,1
im3b6fe6a860cc2a,20803,,1,1400,11
im306ba60c6007f0,19195,,1,634,2
imb8088226f39abf,17747,,1,737,5
im744245abb8b1f7,3647,,0,1021,9
imd294fb3c41a370,6922,,0,2560,15
im39203d0dc65a4b,5176,,0,1661,13
im7bcd8e13d7b7eb,2080,,0,1559,12
im583f2b4f8b8818,14345,,1,839,6
im9a4bc4c26bc98a,2420,,0,2233,14
im817896cfcf11ee,15898,,1,579,2
im213cd73811d2f7,24923,,1,666,3
im81b980436df519,3404,,0,698,4
im98afce269167d9,16412,,1,644,2
im53ff9917cfbc3c,23122,,1,672,3
ime97fbaf9edc947,23449,,1,1279,11
im1f21bc6822eea8,24912,,1,377,0
im04f8d4b5e8d8fe,11517,,0,1790,13
ima3dfb4a5303498,14344,,1,1242,10
im1c7a0aa33a8125,11427,,0,824,6
imf2f4a48079ade9,14904,,1,1048,9
imf6ba6bf1c61856,22461,,1,446,1
im11779c058e4895,5381,,0,323,0
imd8ffe92c64cb91,18173,,1,1451,12
im0627fbb731d3a1,20985,,1,225,0
imff6628d90e1bda,19730,,1,1743,13
im70cd5c2bccaa75,7138,,0,1439,12
imfe881dfe1ba586,23945,,1,1699,13
im6b38aa16cd794f,2674,,0,651,3
imd614b5a81febaa,17321,,1,711,4
im5418981d170993,11394,,0,590,2
im5466a7250dfcc7,21147,,1,476,1
im5eb2da471bc026,14499,,1,2518,15
imc856cd41c370ff,16670,,1,1616,12
ima2dd3e7d33a183,4871,,0,465,1
imf69aff7ba7642b,2102,,0,1440,12
ima3595d618cac82,1556,,0,541,1
im0bc559977e9655,13774,,1,366,0
im64bc869577c397,12337,,0,655,3
imc7ddea3e3a4c3f,3732,,0,1104,9
imc50a090f8fbebe,8834,,0,1902,13
im0795fdc3d71bd0,20566,,1,881,7
im179831820798f0,10043,,0,1144,10
im9941b5528e55fb,19321,,1,454,1
im92ea90a092012e,4221,,0,1200,10
im224f8a06fbcf63,392,,0,644,2
im2024b2da078a6f,20711,,1,1388,11
im4b50dfcabfa837,23887,,1,1172,10
imf43141d9b19521,2321,,0,2113,14
imf59d78bce1e0da,22835,,1,669,3
im784dfcb36182fa,20317,,1,2601,15
imb626080dfece0c,21755,,1,749,5
im9d7ce619738784,1991,,0,705,4
im5cbe07b3844d38,22917,,1,967,8
imf270f2d3d9b27d,4858,,0,686,4
im393009e4888fb8,10826,,0,690,4
im8478cb29ad3d0c,6015,,0,1068,9
im02e26efb7bc767,13384,,1,1495,12
im4587a09f989876,16323,,1,932,7
ima4fc89b406e651,19125,,1,787,5
im9c18424b77894c,5524,,0,655,3
imb3a5012ac9cf43,10585,,0,290,0
imc4057f9a489b49,11876,,0,1347,11
imb38c6e45cb3817,10958,,0,692,4
imaee8f26ac88d6a,8502,,0,1801,13
im1f6649ab8e5fe3,24088,,1,633,2
im336f101ae30293,6423,,0,797,6
im9acc38c9b39f1a,11701,,0,2007,14
im94a05cdfe5c0d9,1284,,0,822,6
imaac323c708c8f8,7756,,0,1510,12
im956f327225d4bb,24581,,1,922,7
imecdd36fde21860,13338,,1,2215,14
imc903c576986668,13155,,1,1162,10
ima968493d2b91ea,7324,,0,2866,15
imddc85f5f476934,9940,,0,779,5
imc08f9a790385b4,16499,,1,412,1
im4c60c59d24e8c3,23710,,1,291,0
im273bb33b4a6a57,4579,,0,1292,11
im6bf9f92798484f,1396,,0,772,5
im65c8a4e68ad734,8326,,0,712,4
im1ee36e5e255e17,9292,,0,503,1
im121233b63b2625,22231,,1,1512,12
im7e232e72f5ba9d,4537,,0,1447,12
im69fb59e4ef5a12,3786,,0,805,6
imec1c3e4c57a17c,6321,,0,1847,13
im49cadb4643536b,14692,,1,389,1
im4e6cc06866a16e,12426,,0,2481,15
im5dd6323ce8516c,18245,,1,969,8
im4bcb7feb3e5b6f,16281,,1,622,2
im596e34aefe9fa5,11303,,0,762,5
imeb7676995fdaae,23958,,1,393,1
im44cf077a7d601a,12285,,0,1088,9
im7985c0ae4e2387,2012,,0,789,5
im679fde407b4980,23681,,1,1621,12
im431df1ec338a75,16055,,1,982,8
imc723883d64e61b,2901,,0,978,8
ima45f0db0a7fa64,10867,,0,777,5
imf11e823208dfbd,13092,,1,946,8
imdeae5765660c8c,20553,,1,1443,12
ima6c1d419dcc866,9647,,0,350,0
im387f90a99146cd,8662,,0,831,6
im71972b57dd4e73,8548,,0,1015,8
im03e361609765a0,10448,,0,1813,13
ime4a20704d7d6cb,21578,,1,1414,11
im6333de07c5d097,22845,,1,217,0
imf0c9e667a930fe,11461,,0,1913,13
imc399d425a0dbec,7805,,0,1154,10
im5d9d511e342966,24014,,1,508,1
im0c133922f83f79,1539,,0,1311,11
imdccbb9b816bab8,2659,,0,1874,13
imdfe343da1cbaa0,20064,,1,2064,14
im8f70f81750cbc0,17236,,1,1148,10
im7a81234e0b4611,9910,,0,731,4
imce666872db590c,5042,,0,2992,15
imcc9508f8bb0b3e,22194,,1,1079,9
ima16ed77353870e,24807,,1,384,0
imd63f497acff511,24942,,1,556,1
im3de1b60a139b10,5912,,0,858,7
im6f5e81ac1080e8,2292,,0,503,1
im8b322248af2e61,22212,,1,577,2
im16627bf0207c3a,7812,,0,1356,11
im04c2d78e90fdf7,23572,,1,1132,10
im77d13805b2fd66,11947,,0,2124,14
ime76cd7c7795690,24012,,1,1164,10
im65791c9a8e63c8,8586,,0,701,4
im743dbf8a203495,299,,0,1056,9
imfcf049fd8ffc11,16288,,1,931,7
im2768ff65513efd,24976,,1,830,6
im9260f7411edb41,19165,,1,268,0
im988654c4b6cf49,24613,,1,2174,14
im9f8dd09b4b8d8b,3188,,0,351,0
im84e67c8ae803cf,22821,,1,1359,11
im453f04948063be,5396,,0,1724,13
im87458ff412907a,17920,,1,1127,10
imf15ffc8eafc562,22287,,1,2275,14
im46b7789ec08702,20348,,1,1031,9
im3782c9db05031d,11136,,0,572,2
im67e9f3b560829a,4975,,0,912,7
imff671b6524e093,7036,,0,1141,10
im8d75da3c471a75,15333,,1,328,0
im0960c0c87154c6,16507,,1,1334,11
imf4dd53e20f178e,11839,,0,2897,15
im9448e9f7a4efbe,10567,,0,690,4
imf0185f4a1a2a9d,23756,,1,1241,10
im83b0261e9e5c8e,4671,,0,559,1
im1fd7fc6d319b8e,2779,,0,2565,15
imbb1f5b90bc3661,14191,,1,1183,10
im6c7949b28eb905,15580,,1,1245,10
imad5d31e331e545,7742,,0,717,4
im488a68e3421134,950,,0,839,6
im1728b84a788b5d,19082,,1,1618,12
im2d5bdb6607cddc,11466,,0,669,3
im231e9b9cd03ac6,20002,,1,492,1
im32db70ccf1048a,15991,,1,962,8
im8b7db071c9ec17,23668,,1,713,4
im31edd4c5f3c551,1882,,0,667,3
im5917850b20a201,10364,,0,704,4
im3168ea67bde3f9,7676,,0,638,2
im62b267c62fcf2d,21794,,1,2095,14
ime2b094760af850,8233,,0,2510,15
imdbdf35b9ffab00,3080,,0,1020,9
imd328036ebb31b0,1788,,0,785,5
im224c2483befd8a,22397,,1,592,2
imea367251b1afa1,12791,,1,1383,11
im04f80a60938a32,3183,,0,2525,15
ima86acd1b208621,5922,,0,618,2
imdf78a1b75bd546,21680,,1,1294,11
imbacb4dd8334997,23282,,1,679,3
imcbbf26732ce976,19497,,1,961,8
im891f4eed3c5132,22562,,1,1682,13
im89cfdc4ff5d76d,16841,,1,2589,15
im89c97a5c616bf9,24185,,1,2024,14
im876b3e28e1324f,6702,,0,1128,10
ima5eac520502071,18611,,1,864,7
im08a9d315f11132,4869,,0,1667,13
im1dc1152b2c8371,5790,,0,1829,13
imce992b7fe47c03,13517,,1,749,5
imf026558d0b633c,15889,,1,1188,10
imd03ebe4771b876,9887,,0,1939,14
ime73c99d7673496,2435,,0,922,7
im3d19954390a229,17881,,1,855,7
im92d3b9b4de6589,22223,,1,677,3
imc9c3265688718f,1769,,0,1294,11
imba8101666f8dfa,3735,,0,661,3
imc6c746b2efb16d,13674,,1,1800,13
im62d3008aa1071f,8466,,0,1800,13
im9b5e22f048378a,24774,,1,573,2
ime916cd65251354,18578,,1,1778,13
im6584f10d10b545,17862,,1,655,3
im3c5da8c8a991f5,10673,,0,2016,14
im293a99a47e3233,19436,,1,1725,13
imfd8f1016c4201c,3468,,0,932,7
im16dc4d58855aa2,24505,,1,690,4
im42338acf7ad52c,7825,,0,780,5
im88285d2c97b9dd,45,,0,786,5
im9319b42b02a03d,12579,,1,790,6
im4595d22ce8f241,11349,,0,1134,10
im4fe02e600a21fa,4697,,0,564,2
im4a31ddbc633dfa,23738,,1,555,1
imfec16252e6db21,2574,,0,735,5
imc4d4bed941709c,24443,,1,636,2
im5417fcc8c71560,2683,,0,742,5
imea3ebe6da41479,1745,,0,2645,15
im4d4d1fa20e3fc5,20340,,1,1443,12
im2ce8ced13d9610,17725,,1,832,6
imc2bfe4e9234118,10530,,0,1002,8
ima494d2d742bfe1,17562,,1,767,5
imf610ec21a62e7e,24495,,1,1120,9
im2c2412604f3d52,23355,,1,1242,10
im467d8c7ba62b86,2819,,0,1532,12
im8d8d6b37616006,23785,,1,1107,9
im12cae8d9bf165e,10485,,0,2146,14
im596fd7bab719d3,11479,,0,1216,10
ime0e2a64f4953ce,19624,,1,1068,9
im7ceb11d01e6271,22656,,1,1316,11
imc416bc35885f33,4920,,0,1375,11
ima6567b0d88addb,9252,,0,1324,11
im122961b35d66c8,15080,,1,1585,12
imfa335708eae539,8235,,0,689,4
im692456477ecd19,22282,,1,1902,13
ime9c7677860d548,24878,,1,2018,14
imb79155347bbdbe,1792,,0,1135,10
im947dd9567c5266,20556,,1,1021,9
im9fd9a5c3c69231,18413,,1,1041,9
imcbb76ead971ca7,0,,0,1640,13
im9c2b6de6ad4313,12213,,0,375,0
im4734ac7401dfc8,14506,,1,665,3
imc93088c0a82617,9359,,0,2842,15
imd99021ad9427d5,22703,,1,2911,15
im1f1d2c90f1ad19,3797,,0,727,4
im9fd5819ce97d66,17150,,1,1011,8
im2221eb02723a30,1114,,0,2206,14
ima0aeaabeb01dd4,22666,,1,2871,15
im7a72305651ec5e,10482,,0,1522,12
imf74d2ea8320bd0,5214,,0,159,0
imc76709669b1617,21306,,1,800,6
im94501903242139,3679,,0,518,1
im03ff66352d93c2,2599,,0,1576,12
im6feed7dbc9c481,21513,,1,736,5
im86e3c48b973650,9269,,0,2036,14
imb5c5588b5a8fc3,7848,,0,682,3
imf0e9dd267544c4,13894,,1,1195,10
imbecca7d927b95a,13901,,1,1363,11
im311b2f5d1dd463,7157,,0,2200,14
im00e03761f28207,18867,,1,270,0
im9a52ea049cf330,2194,,0,655,3
im8d9fa96f255811,20378,,1,790,5
imb191f158a2c68e,23456,,1,1247,10
ima411f417117496,14603,,1,686,3
im9b20af7e666777,3372,,0,970,8
imc2748155acb01c,1898,,0,650,3
im0c2901e64f7cb1,6125,,0,832,6
im4397216a1761f4,5101,,0,410,1
im485f670f1de827,18985,,1,677,3
im17304471c451c1,20025,,1,961,8
im1ecb4319cadf58,10508,,0,1027,9
imb1c0257cbecbc2,2677,,0,633,2
im9dc4e3371c23da,11981,,0,717,4
im0e74a292439c22,16386,,1,1460,12
ime0355bd5fd7ab5,5355,,0,294,0
im4330dc9c820218,21651,,1,1193,10
im63340e7a2247e5,15175,,1,729,4
imbaa8b4afcf077d,7578,,0,1066,9
imd2182a75e97e10,20948,,1,1327,11
imcd1b8aa3d309e8,13848,,1,2325,14
imb92e5df3ef509e,21043,,1,996,8
im4a0c37a06f262e,21241,,1,1127,10
imb59f61ee246e14,7116,,0,1368,11
im3a1db0c48a3dad,5209,,0,476,1
im6088b756501ee5,21772,,1,1343,11
imb442fdde72eb7c,19305,,1,825,6
im81f015e9328428,16218,,1,372,0
im3a43d2b913dd86,2625,,0,724,4
imded9e4167927f5,24860,,1,968,8
im292175c8ebe61e,11599,,0,2141,14
im0f236ba13ddc04,22572,,1,659,3
im8f97cebf623ffd,6213,,0,480,1
im5c764d0d612c69,22253,,1,1963,14
im0842f7f2d9bb66,24668,,1,274,0
imcabb1fdd3d0046,19003,,1,963,8
im5f0c17f35acfb7,10516,,0,1101,9
im2ba9bb377178b2,20113,,1,1019,8
im929eb7542db568,11070,,0,1052,9
imea1adbfb78fd1d,15332,,1,646,3
im1e7583d7030df0,6370,,0,880,7
imd60ff83f7eee34,17225,,1,340,0
im46652451ecc670,17333,,1,2142,14
imb5564a6bab1c2a,20697,,1,811,6
im8ec6bd29cd8a97,17806,,1,2355,15
im8cbd66b394034c,10542,,0,827,6
im250f30494ac5bc,4606,,0,1560,12
im816cc6858339af,6316,,0,762,5
ime7e3ef142efd5f,1955,,0,1897,13
imda0f62514e280f,2664,,0,685,3
im5fd83bab3a2ac7,12584,,1,344,0
im6a6ca32f108e08,7817,,0,953,8
im8c73d99e0f1043,3303,,0,640,2
imdb45f6cde9b502,13242,,1,1512,12
im49443a20fde59f,2653,,0,792,6
im8e8b10445bfc64,937,,0,848,6
im90cb3105358afb,3754,,0,1514,12
ime650d1407c9697,20165,,1,2487,15
im5305228c274d2c,11905,,0,2890,15
im3c2d856009a61a,17230,,1,609,2
imd5eebd34f4e913,7622,,0,1295,11
im7820c72d01bd4e,15731,,1,598,2
im24f49adf1f655e,24134,,1,1408,11
im73a0c28a80e990,4201,,0,703,4
imddc103a2fdf369,1751,,0,806,6
im55db65e98be097,11368,,0,1966,14
im2e10004ca5241a,15218,,1,761,5
im2d18e1ab5d6e04,3602,,0,647,3
imef489df294724c,4586,,0,663,3
imc5fb333cb73fe0,13220,,1,337,0
im2c38e499ce56ec,17635,,1,1258,11
im3712cc6e9893a8,1200,,0,2032,14
im4682beb6741feb,14917,,1,1319,11
ime49c467e5207cf,10650,,0,832,6
imebe19369f89f77,2263,,0,1164,10
imccc934e0dbc6ec,24344,,1,850,6
imf06ae41de4eaa9,19462,,1,890,7
im0ba1cc372eac88,24711,,1,1196,10
im087fba4a36e127,24274,,1,346,0
im112135f950d09e,17642,,1,1548,12
imf42742c7a99890,10438,,0,965,8
im7bd0f3759691fa,18740,,1,931,7
im96452cb2d72a43,11995,,0,2224,14
im211ebf5f8f6e59,6247,,0,662,3
im8f57d38d79f8fb,24813,,1,1033,9
imb45cb17a683afe,22466,,1,1349,11
imc20efb8f1e032e,15968,,1,719,4
im50c3eed8854abf,4733,,0,780,5
ime4077217a493a2,13804,,1,2621,15
im4565aecc5542d4,11539,,0,1429,12
im7122dc6fd93fee,23391,,1,1008,8
imf64fb864096696,6398,,0,690,4
im91acf1dc9b237f,11921,,0,942,8
imd6a7f1f18d180c,14102,,1,464,1
im1da2cf3d4ef36a,3800,,0,730,4
im8aa6e22d72aa60,20515,,1,1850,13
im5b2fe75e3153a2,16167,,1,746,5
imbcc6e43b594627,1717,,0,1383,11
imf7ac429d0ce07f,9288,,0,981,8
im7b1e40e1694689,11056,,0,841,6
imdd7064efafd37d,19172,,1,2087,14
im7fce92c054d451,7741,,0,2095,14
imc8157e36df821a,2534,,0,854,7
ima5b5339dfff363,14321,,1,1024,9
imea662c41df7fe7,4852,,0,714,4
im19beb373af6ef9,1876,,0,747,5
im6c239b3273740b,8366,,0,970,8
im2a20be3804d6be,15747,,1,1037,9
imb2261f8ab6d521,6031,,0,590,2
imfa3c612b42097d,11365,,0,807,6
imc9b8f0bc1f8ba8,2994,,0,2611,15
im77e0b658c8b786,23065,,1,1425,11
imb40ad98c1e237d,23033,,1,2820,15
im1185919cf403ce,12481,,0,846,6
im55e30c41127810,3900,,0,879,7
im9ce1c350c9aa74,19774,,1,633,2
imf05da65e1b8a51,12966,,1,533,1
im342d51c1c9cf6b,8402,,0,619,2
imdafbc7301ba092,13300,,1,1057,9
imae8c435fed911c,10918,,0,953,8
imc47efc2f194dc8,14936,,1,487,1
im54a33349f1fcba,4838,,0,2420,15
im889049a16927e0,23483,,1,792,6
im2aa0255ae3fb39,4401,,0,1077,9
ima47f01e1b8d861,24041,,1,1193,10
im20fdcbd7dc6b52,20410,,1,2734,15
im19744904e605c3,6087,,0,656,3
imc9d39efff0abf5,20590,,1,1825,13
im1e671a8fca60ca,9879,,0,946,8
imca6102f44fc3e9,13286,,1,475,1
ime58e6762cb4285,10723,,0,1642,13
im24c9e656441706,9705,,0,943,8
imb6b05422c5712b,13142,,1,1954,14
imf2c7c495909c83,4942,,0,246,0
im45cec42bcc42c9,41,,0,718,4
imfce0dd335e8ce3,10391,,0,604,2
im59d92d1b947386,18771,,1,688,4
im0ee9fa37212e0e,9756,,0,948,8
ima735118769b0f4,22485,,1,1076,9
imb92481e65e7206,4866,,0,1498,12
im559c68cc6cfb11,13161,,1,999,8
im3d3426c5a7b0f1,21526,,1,685,3
im089d98bada11d7,6251,,0,286,0
ime5eb0e6d7c1c34,15317,,1,594,2
im332c2c4b14c8bf,7694,,0,1290,11
im78e9b2682201cc,23352,,1,672,3
imaa1935cb7ac49b,6056,,0,1065,9
im5fb5c36fbdea77,16876,,1,642,2
imffb4fe18c6c35d,3607,,0,715,4
imc99f1b443ee455,23606,,1,1025,9
im51e45e36ceddcb,1956,,0,1001,8
im56d2538b4a8842,23946,,1,324,0
im99ca6e8ece153a,19900,,1,1909,13
im317150510a4fd1,10444,,0,998,8
im4a99c35d94452a,18708,,1,1912,13
im7b4c68fca43630,21061,,1,1273,11
imb39c717050313e,19937,,1,297,0
imb8cb207b745110,1068,,0,559,1
im5211a9bc5e851d,6102,,0,620,2
imd6eb03316a87de,8864,,0,1799,13
im4466b50bc91bc6,13352,,1,1362,11
im2dfde4e24c9b9d,5745,,0,832,6
imadbf5c92960a9a,14096,,1,410,1
imdc9266cd863478,1842,,0,1714,13
im0264a38fd8ae5a,23944,,1,645,2
imec7080a2d5814e,19110,,1,723,4
im7e12e8b4862f74,13965,,1,585,2
im7a8eeaf07bc292,1355,,0,694,4
imcc748cae2c5a51,849,,0,665,3
imbbe2097e615e87,9667,,0,2642,15
im92eed7ac48c547,19116,,1,1789,13
imae7d530fb39e10,3881,,0,752,5
im7e02de9c945d4e,7034,,0,884,7
imb35e1954dac41a,14457,,1,481,1
imb61d8366b61b81,17760,,1,1693,13
im8a12ead7a4be08,22424,,1,654,3
im2456d104382c2f,17506,,1,2175,14
im7c2ab0d99dae13,13019,,1,2679,15
im3654888185565b,2913,,0,351,0
im44ccddc79c8f83,18415,,1,910,7
im19cc709c7d5208,12169,,0,1357,11
im5f7e15edce8735,7690,,0,1497,12
im84bffa21f3f169,3977,,0,1166,10
im02137aa9c21344,901,,0,1250,10
imcc39c8c9d0bad1,16690,,1,596,2
imf78f30d67c53ec,23366,,1,574,2
im3161ce44bc5f32,10501,,0,1936,14
im71ecd801d9ff57,20524,,1,1876,13
imbeac3297fe6e5e,4230,,0,752,5
im21b57bea12c828,21910,,1,652,3
im78db474d7243bb,18757,,1,848,6
im388d8ac2a48373,11950,,0,1366,11
ime2983ec14da51d,7105,,0,1568,12
im64be0301b7cc3f,8944,,0,806,6
im807579ebdbbcc6,21233,,1,1171,10
im85b96618c41078,9547,,0,357,0
im94955c601bc43a,13753,,1,1126,10
ime086ad7da04dc3,24234,,1,1812,13
im5c6f11cc1cb5f0,9285,,0,734,5
im3a6d3b71b48c13,15367,,1,1042,9
im658aaeeacab125,7293,,0,474,1
im756175aabc36cb,16175,,1,512,1
imac2980c61c839b,4938,,0,1188,10
im7308ac60105b7c,2123,,0,934,7
im3e71fc8a524e2e,9277,,0,367,0
im8e3c19ca40540d,1914,,0,658,3
im3fa63ef3048982,17607,,1,898,7
im6957111b41634a,10094,,0,807,6
imbd7b9ce4f2d034,5504,,0,819,6
imded673138625d9,17210,,1,1313,11
imb6908227eca3b6,22050,,1,1024,9
im9c6ff5f3a81846,10575,,0,1935,14
im5305daf33d3210,16717,,1,280,0
imb979d90b08671c,24988,,1,1477,12
im4476776a243781,17536,,1,445,1
imdf1962ce37a507,713,,0,1007,8
imaeb760293798e2,24716,,1,234,0
im166b75f487f54d,16094,,1,814,6
im814d13eaa1646f,21004,,1,867,7
imdd410a9721197f,24792,,1,2911,15
imd7c916a583deda,19066,,1,1946,14
imeffb1030647e56,12904,,1,757,5
im4ae9713430efe9,15297,,1,689,4
im2858669b3dc43c,10841,,0,1500,12
imf8c5445ff9a16d,20096,,1,929,7
im486060d39b9258,2860,,0,675,3
im7ffe4b32ad063d,11304,,0,1127,10
im2a0cffb721f91a,16820,,1,244,0
im4362ec175dbf41,5325,,0,990,8
im2377e8542d3598,6638,,0,2702,15
im6f7f815c9630d8,14990,,1,1904,13
im878a8cb10727f0,16824,,1,212,0
imdafdb9e6ecfd3e,4049,,0,342,0
im027dcad4650bc8,11341,,0,1422,11
im2f822b73a78bcf,11865,,0,1255,10
im877e7d56ecfae4,24585,,1,817,6
im40ca7876629823,5393,,0,1345,11
im914f996157910e,10400,,0,1175,10
im2b19ce06db4caf,1187,,0,430,1
im39b36755d3e6fe,10061,,0,1387,11
im075e7245c240c7,11063,,0,690,4
im5dee57d38c8b9b,4188,,0,673,3
im3fa74f19cdcbeb,19390,,1,1128,10
im2c7eb9623bea53,8241,,0,729,4
ime19cd8a0a2fbff,3284,,0,992,8
im7e97234911b506,7240,,0,1399,11
im05f149610b249f,1730,,0,800,6
im03169776ddb6a1,11749,,0,2840,15
im6b3cbf42f8b5da,21672,,1,684,3
im2bce93c524ddae,17223,,1,783,5
im7cd2055aa8b89e,23017,,1,705,4
im4a8e54fa4c3788,22537,,1,1877,13
im68ea49e9238e74,4619,,0,704,4
im788b729b9d858f,17517,,1,689,4
imee005d923bf3c3,22809,,1,986,8
im7e387b14108383,23795,,1,1026,9
im52e7c71c93fd40,57,,0,767,5
imba3187d2f8770f,2551,,0,672,3
im26f15ff5e552db,5611,,0,1901,13
imd9c319eb8f82af,9265,,0,968,8
im5fb164855fcb42,17552,,1,781,5
im20b3929ea727a8,15122,,1,1002,8
imec8c2f97821a55,24979,,1,1037,9
im65b4542092055d,21977,,1,756,5
im58090c86efe346,15204,,1,2513,15
im7ba4d43720d2e2,18870,,1,407,1
imb0f6a219c44404,24933,,1,966,8
imb468354dfcd78a,2880,,0,696,4
imc73147fee19a98,14789,,1,162,0
imba6b277f6d4c3b,18070,,1,837,6
im92b0012c99132a,6358,,0,1057,9
im9413a2c801de64,5174,,0,1515,12
imebdbd4e2d362b7,21350,,1,930,7
imef1b7ec78415c3,17990,,1,1385,11
im124c132870e931,7732,,0,2798,15
im3d9a0faa8b693f,14505,,1,939,8
im34a82c52abc857,22098,,1,953,8
im6148b0c6d3d6df,17165,,1,802,6
imcea5a2dc57c6fe,24450,,1,1328,11
im4309c712429fe7,18019,,1,1060,9
im1b85d825633a1e,22819,,1,197,0
imd961227a22e8a0,6545,,0,1198,10
im6730168936693e,567,,0,944,8
im851a883b442c5e,22158,,1,537,1
imc39fa12d5c6c8b,16279,,1,723,4
im1758cbad37c23b,15377,,1,1198,10
im9f9f722c7035ea,14436,,1,1665,13
im05cc1145d223eb,6760,,0,1478,12
im9d2fed2138d989,5515,,0,2217,14
imb67b95cca27e33,12793,,1,982,8
imb954d7a0b5ed32,21000,,1,736,5
im8cfff5ae820902,2107,,0,806,6
imabd94fceb510e3,17655,,1,1498,12
im98ab45e0255e64,20406,,1,1837,13
imfd4de8031cc6e5,19573,,1,532,1
ima02335a4722a6c,14328,,1,892,7
im4d69159b4c03b6,8389,,0,754,5
imca64cd6859bf5e,6026,,0,708,4
im22bb5771e6dd77,13031,,1,1249,10
imba0dc37894ffdb,12344,,0,667,3
im0a3f1bea0e37f9,2834,,0,673,3
ime73bbf51d4693b,19862,,1,1024,9
im42964ea9699c53,13319,,1,641,2
ima395ab33a1094f,21397,,1,271,0
im234216eb07a2c0,16874,,1,599,2
im77c878753f1db8,4038,,0,270,0
ima245bb76a2671e,101,,0,914,7
im35bd96d51f80dd,9641,,0,1267,11
imcaa712ade116fd,17240,,1,2549,15
im15c634b7b0cae9,8649,,0,1878,13
imc4b7858ef95491,15702,,1,808,6
im0d14c8d450aa04,24464,,1,1284,11
imfc480569613263,9370,,0,893,7
im1a5c8ad7c1b185,10075,,0,964,8
im8e3d7d44c021c6,19875,,1,1181,10
im0689647618f91b,16392,,1,713,4
im0235990c1ba47b,8118,,0,984,8
im281e05440c0bc5,11240,,0,437,1
im14751fcfec66c3,16019,,1,1197,10
im219c9812f6cb5b,1130,,0,979,8
im154ecec2c698bf,15818,,1,386,0
imff8ca4ac65e3b9,5023,,0,666,3
im48b26840a0d7df,13106,,1,738,5
imcb4ed6663abb5b,12262,,0,526,1
im7fb330ac2fd4d8,11326,,0,662,3
im244e948c270b16,13218,,1,445,1
imd05444c0d2a3a8,6216,,0,866,7
imb6d8abc508b80f,18277,,1,1870,13
im37200aa9063d5d,1811,,0,1849,13
imc5bb9cb25e37ad,2130,,0,912,7
imfd5a7a96c34d12,22969,,1,984,8
imed5742e8530617,23502,,1,2290,14
im5c32668758c319,11494,,0,633,2
im5aa59db6234241,2419,,0,857,7
im6976c9780ec32e,18523,,1,656,3
imec31a9c13473d4,11505,,0,344,0
imcea342c8c54139,14044,,1,843,6
im71ed2c95fc6c65,18366,,1,1003,8
im5914c887115dac,22994,,1,791,6
im23135142258fae,3209,,0,519,1
im6a4cd102ab93d3,11537,,0,677,3
im50b1e7794535d9,8561,,0,707,4
im8fb3e833f8b68a,24101,,1,1033,9
imf8e69abb15052f,9626,,0,683,3
imc3885958b586a3,9011,,0,832,6
im74d9c771a0c341,2297,,0,1044,9
imcb97af24804e98,6708,,0,919,7
imb510645fd4833b,3858,,0,1348,11
im2287aa388d0543,7263,,0,537,1
imebd37325b8e90b,22653,,1,1028,9
im06f82062406383,1676,,0,1303,11
ima29ef1016c9541,22807,,1,293,0
imfe71733b9084f1,1744,,0,1107,9
imaa5f44e7e630fa,14751,,1,2673,15
imb69409227f11ed,15399,,1,738,5
im06d7efc401402b,6516,,0,835,6
imbb5a4c40e54f17,19498,,1,964,8
im970d18e82f8a5c,9716,,0,1398,11
im293e30184acb2f,4433,,0,802,6
im867326ff16cd37,3523,,0,754,5
im983540cd894db1,9846,,0,2369,15
im3ea6d74abd855c,3694,,0,644,2
im4fea009b447d62,14664,,1,675,3
imc78dd8331a1f89,3894,,0,490,1
im050ee7d2b0caee,9557,,0,837,6
im6f0dd16920a994,22902,,1,680,3
im04974fb1701448,3024,,0,2151,14
im2234fbc95d7a0e,12745,,1,801,6
im421ab5944c0bd5,2024,,0,671,3
im2e51691ce87df9,7487,,0,976,8
imaa6bf06873d563,14825,,1,800,6
im5e79f8324fc8a0,17670,,1,885,7
im9c254cec29204a,16761,,1,2567,15
imd2501de9d3b242,6471,,0,713,4
imf99305d4c87582,615,,0,2981,15
imbf950299b9c469,23496,,1,920,7
im1481d9eb7ebb39,19405,,1,902,7
im04a428fafa82a8,24917,,1,372,0
im5ff52d5812ff24,24351,,1,1164,10
ima860a0b0a89d3f,6514,,0,974,8
ima0577a9c21edd0,12675,,1,777,5
imdaafc4482c3d22,21760,,1,2089,14
imf91572c30255fd,2399,,0,1151,10
im7a78fe83ab0bae,8977,,0,2074,14
imdd663a86173d95,4956,,0,730,4
ime4fbb0e07984a2,12271,,0,2583,15
im5d04adf09c3017,14124,,1,1017,8
im00af8b0ac593dc,973,,0,980,8
im5baefa137378e2,21725,,1,910,7
ima1b2a237bcec80,10141,,0,1095,9
im0d99ee083390fa,2991,,0,2331,15
im70c33bc62742df,7317,,0,1752,13
im7e673d3bfbed06,9975,,0,1890,13
imca7bee223c3970,23156,,1,1981,14
im5cd3be24f589db,22862,,1,651,3
im32f23dda2edbf4,24725,,1,1007,8
ima0f7c1c25e2285,9308,,0,453,1
im0d3ba106afc53b,205,,0,1045,9
imfaa276252eec65,9889,,0,1202,10
ima0896c5dcae382,7347,,0,1126,10
im985b23df0cb078,21177,,1,1188,10
im3b18a2cbcb39cf,1603,,0,642,2
im614cf693270ebd,6146,,0,304,0
im5942d46c65a89e,5960,,0,2493,15
ima58b594ecdce77,9965,,0,767,5
im3d7e52a12e4fef,13295,,1,479,1
im97228f7c4ebde1,17533,,1,1168,10
ime23225a93e218a,8327,,0,2666,15
im2d3b63aaaba947,13463,,1,1041,9
im9802ff178b8903,22852,,1,731,4
imcbe19f00632ed9,7489,,0,324,0
im3bd5cf07e37219,12438,,0,1056,9
ime8378c34c517af,11160,,0,882,7
im185b761c4aa460,19253,,1,800,6
im2768eb91724158,8492,,0,586,2
im882d2248b79197,922,,0,2899,15
imdf8fe6fd85a743,12172,,0,1363,11
im7815fc64e48406,7271,,0,920,7
im1fe97b36b844a0,7305,,0,2478,15
ima88bb8e4ebe45a,6282,,0,1317,11
im99cd1ce6c56258,15579,,1,679,3
im32b44bc5b77ada,9610,,0,831,6
imcbfa949772a3b1,18894,,1,353,0
imce8621eed6c281,11815,,0,1125,10
im443cc16a2afe0b,11563,,0,307,0
im72264388e93b29,18205,,1,1974,14
im20bd53b76382da,11708,,0,2743,15
im278dbb1d0febd7,18585,,1,524,1
im0231ff67ecaa01,3928,,0,993,8
im83bfe4c37b4f6d,10640,,0,2071,14
im4de5dc91fb9b11,9240,,0,973,8
im1a2570a7d5ed13,4412,,0,2109,14
im8996bcaf64d6c9,14105,,1,1244,10
im0161ae3244171b,15519,,1,1930,14
im231037edfa43b4,20274,,1,813,6
imce72385f07d902,24458,,1,701,4
im9b9f0afd7422b9,24349,,1,1596,12
im9c95ff3f121460,18588,,1,1144,10
im954d667d1a75da,8793,,0,1667,13
imf737deeb9314b5,17713,,1,902,7
imf843563ec19a25,5343,,0,1060,9
imc32914a29b27f2,1990,,0,959,8
im0bc2d707cf9c6a,23137,,1,1562,12
imd8a4b664ce5342,2180,,0,1388,11
im60550a8dc41413,9613,,0,928,7
imb5ea2a7d26d6bc,23691,,1,1349,11
im7c84c280376e1c,6468,,0,706,4
im02fb3157c69183,16068,,1,991,8
im81a6a65f1404ee,4171,,0,779,5
imcef9afb8cef910,4726,,0,2399,15
im7c808f383546d5,9830,,0,2166,14
im5e74f98fb02c4a,4599,,0,226,0
im27a704b7dff324,15978,,1,1536,12
im3430b532e42e56,11285,,0,921,7
ime75a86205493ee,20026,,1,215,0
im42e1114dee05e6,21984,,1,854,6
imc638ec0b463c13,15143,,1,599,2
im12b6cab80da2c5,13368,,1,1289,11
ima884817095b747,1859,,0,363,0
imf748df832fc6ad,23278,,1,1991,14
imc72ff3b9e53b25,9074,,0,223,0
im098b680be39afd,8349,,0,1415,11
im4ff507d3f9286a,23332,,1,1585,12
im9b6e78e4d887ca,7331,,0,666,3
imefb465804f0b75,7763,,0,2039,14
im28e32f1360dddb,8707,,0,2560,15
ime659f3fa16742b,3609,,0,2558,15
imd1731bf4af6d33,17315,,1,402,1
ima7b5c6c498d267,20084,,1,1923,14
imc56ab7b4b52cf4,19871,,1,258,0
im7e0909f591684b,2330,,0,1403,11
im5101c9973638c9,2745,,0,1637,13
im1737e647008cfb,20692,,1,1553,12
im91f6bcf58ff65f,1764,,0,853,6
imdd79c8463f9b10,462,,0,316,0
im4e2c42abf7e280,21789,,1,1018,8
im51306ae646e3b4,2426,,0,840,6
im8d3c42853dde2d,24943,,1,306,0
imb7b991bb9aace7,18373,,1,1319,11
imae0831257a3820,10935,,0,1160,10
im25e0b83adcbe40,14562,,1,1144,10
imfec61455a1cd55,9393,,0,671,3
imd4e9654d96cd5d,24471,,1,801,6
im4628094259daa5,16913,,1,710,4
im51bfc95b781f9c,7096,,0,1569,12
imb96a57a193d79f,8040,,0,1006,8
im6a608bbf0633d3,23611,,1,1105,9
im7d91c839af069e,17181,,1,1203,10
ime6cf1c0c506b40,12836,,1,1085,9
imfc8a4badde2809,154,,0,949,8
imb1f90bd08e668c,8342,,0,645,2
ima588e32d3b8e11,7202,,0,2095,14
im5f90cd284b69b9,1514,,0,2573,15
im53d105e05455b2,7691,,0,1661,13
im48bd202d5a8497,7913,,0,1347,11
im333e77cb14c4c1,1149,,0,1108,9
imb061c5d0aeb18c,18493,,1,1010,8
im504fea088f1f0f,19440,,1,1832,13
im8d73d599cf48cd,18020,,1,1034,9
im24988f4517c752,13591,,1,1066,9
im5a0bd548228841,24852,,1,2605,15
imef53704f2162da,9434,,0,1045,9
im475267a0af3a5c,7452,,0,671,3
im77c1afc60dbd29,18167,,1,723,4
im76c70d80ecb316,21611,,1,1931,14
im1d5869ebcda07d,2170,,0,470,1
imdbbb8e4e541848,330,,0,791,6
im15fb099aeb7968,15592,,1,1241,10
imf0d802d05c5beb,19917,,1,1713,13
im50ca3d354e4f19,20239,,1,826,6
imdaabf5682f343c,3329,,0,1823,13
imb8577cf659f536,15271,,1,1912,13
im35096134cec3ce,17485,,1,507,1
im2afb438d6a9ec7,19558,,1,303,0
imf948ba0a4ad227,8124,,0,419,1
im840edc43f676c2,21709,,1,635,2
ime24b7049265d9b,5990,,0,275,0
im2d70c8ab3a12c0,23600,,1,1904,13
im22d41c5f04e723,15462,,1,1196,10
im9de9279d3974fc,9917,,0,1538,12
ima0dce934e28325,4988,,0,1222,10
ime3aa64938647bc,21559,,1,1642,13
imae5e38ccaa50b8,22420,,1,646,3
im20ddbe2286d1d4,24275,,1,1429,12
im92679adfcb9ffe,619,,0,985,8
imaddd8dd690d572,8273,,0,1196,10
imd273c1c2755b4e,22728,,1,1132,10
im6794a9e2228de2,593,,0,2281,14
imdb8c5dfbdefb42,8507,,0,813,6
im06e84ddb58b7ee,7907,,0,1083,9
ime104d84979b215,2352,,0,603,2
im122227f477d26e,15139,,1,965,8
imcc9b6cd923498e,2069,,0,782,5
im384db2564a9443,11716,,0,1933,14
imbb28a8425017bb,10676,,0,1671,13
im42fc7c091d9027,23684,,1,1025,9
imc74c1409bb727f,12777,,1,1513,12
ime2af4060eb6a6f,23069,,1,1573,12
im8f187f9ed342fb,4695,,0,680,3
ime5fb5a17bf4214,9570,,0,2060,14
imd26c1ca5c5ed82,3889,,0,1739,13
imc9d617127e53f8,838,,0,142,0
im36d0719d677043,2220,,0,670,3
im086c466503d817,10595,,0,1673,13
im477d6adbe79d58,7087,,0,397,1
im8bff8678b0fd33,1623,,0,933,7
im2eaf3c54733b5b,12838,,1,912,7
im2dd6e49d88e8d2,12441,,0,858,7
im67327d261e7be6,212,,0,397,1
imc482f0a0edf606,7235,,0,2044,14
imd494bf8c588227,18716,,1,2748,15
im28588ff61419b9,17677,,1,340,0
imfcfa7781536873,2070,,0,805,6
im4b5feb6c3a8058,24980,,1,805,6
im326d55bf3e8693,11163,,0,649,3
im89d5582e94b9d0,5365,,0,666,3
imd61265dda1d147,16015,,1,1057,9
im8f3eaf328299b3,23050,,1,945,8
ime0e96d412abfab,14502,,1,726,4
im58365f70dd1430,3471,,0,786,5
im69fb136154046d,11559,,0,1389,11
im2baf1a853cb1f7,23234,,1,725,4
im402fdc107b2f62,1364,,0,2535,15
im98973319d8b978,23068,,1,1548,12
im96173a44fbae3b,2209,,0,600,2
imc63ce04d683b1b,15869,,1,1302,11
imc131c05fba9128,20171,,1,408,1
im2c268138a00975,16471,,1,683,3
im14ca528e0ba672,1044,,0,811,6
im88a8d3c44ed0f6,12199,,0,859,7
imc6438352dfc72a,6837,,0,1778,13
im7939c4e0717fbb,10428,,0,849,6
im72d415183c1868,17727,,1,241,0
im9da0a37b7a941d,20210,,1,1111,9
im509c2e6722888e,5252,,0,828,6
im29a7212727806b,21373,,1,548,1
im85f15acf838c2d,6719,,0,1508,12
imd4fba467bff4af,15697,,1,1825,13
im29e9a1ee397987,20362,,1,238,0
im2a12e719e56031,3851,,0,673,3
imf3d52d7e808661,21933,,1,2579,15
imd49e7a1032191a,1889,,0,1256,11
imee807a1d2278f3,17625,,1,670,3
im4277aa6f07e790,7968,,0,766,5
im9acf3f110f830e,9401,,0,1413,11
im8ee510c319cf85,5641,,0,1544,12
im5d995e1ccbc310,11453,,0,853,6
imda40113b6058ae,19535,,1,1006,8
imb6f46a1bd1b76f,16586,,1,768,5
imc18580f3ddbc09,3905,,0,1676,13
imc6bfb93e58733d,12760,,1,1120,9
im4e64191f9413a2,9723,,0,1602,12
imc5fde4ae5eeaa9,23618,,1,1644,13
imdd85b7616d4178,13480,,1,1962,14
imfa41c325d4dcd0,13180,,1,813,6
im226a5f112feeee,14217,,1,496,1
im59bcf3eeb65a3c,10765,,0,1294,11
im2f3a47e8fad47e,12467,,0,2449,15
im950f47e335d106,524,,0,704,4
im13d7ac9d0237ff,595,,0,1565,12
im8bc20cea498a45,12944,,1,1076,9
imd777f35edb8e62,4764,,0,627,2
imc107b01b26300a,2709,,0,657,3
im1d249e10f2fbd8,18271,,1,836,6
im9156e5c0d5e3b4,16071,,1,746,5
im4da168c9ba2e2e,20982,,1,963,8
im1389bfcdb82c4a,16364,,1,2199,14
im9614ff31e45267,2119,,0,1920,13
imdba51be3381caf,5207,,0,2837,15
im03e7a9fbb79b0c,23286,,1,965,8
imb5ec9e20e5ce46,19018,,1,1329,11
imebe1ce7a026b6c,20047,,1,775,5
imf32567fb8345b2,22550,,1,2442,15
imfa6fd932e7aea7,4996,,0,930,7
im8e4b21baf24659,2449,,0,1004,8
im4d1689eb6d61b1,4653,,0,1502,12
im5e12cfe0be4f47,13705,,1,866,7
im0037d7d13d8937,9752,,0,992,8
im43012ecd04a09c,6328,,0,614,2
imb6033f4f73e568,5887,,0,1070,9
imdfdf28dcf503f8,8660,,0,249,0
im069e7c6562fb1e,68,,0,434,1
im166c9a9adb0694,17323,,1,761,5
imc92357ab2f4453,11060,,0,722,4
im84b4cf4f1886c6,20395,,1,1233,10
im8128f4730e2969,1693,,0,780,5
ime05e435e410fd6,3061,,0,1122,9
imec5fbb43a96f13,22759,,1,169,0
imb44ba89f95810f,23949,,1,1795,13
imb59f46b285b826,1239,,0,771,5
imf2d4c7332727d7,8715,,0,970,8
im69f9494f880336,14538,,1,804,6
imef1b1627935943,10252,,0,1625,12
im13e7f7fe0bee72,13321,,1,1032,9
im98162357d5c26d,24426,,1,737,5
imf532b6f0882bdf,24814,,1,1282,11
imf6517dd7678bbe,4161,,0,1198,10
imd080ac0a93134c,18922,,1,1955,14
im8eca7b4c4b209c,22039,,1,1478,12
imd99a10e474e347,10550,,0,721,4
imf2bf5a0d62c71c,17349,,1,1477,12
imf6c5f146e28e80,23211,,1,747,5
imfcf977d9cd8e9e,19733,,1,1248,10
im84964e04b75fe3,23320,,1,727,4
im66a38c157ab915,21278,,1,1023,9
imf4570779bf1766,7334,,0,924,7
im0d47e5e04c6f03,5324,,0,641,2
imc5d99e4d479612,5173,,0,979,8
im08578225e8deb5,9673,,0,1124,10
im402b9bfa96c47b,18910,,1,629,2
im3dbb6f946b7b66,18550,,1,656,3
im22482f059b59ba,6646,,0,625,2
im949d0f866aea34,8826,,0,1412,11
im39a3494d767091,7429,,0,743,5
im07e2946d1f8666,15507,,1,741,5
im58aef3aa9535ed,14172,,1,2344,15
im83a5d081e674da,8258,,0,800,6
im95a63d8e3332e3,788,,0,2780,15
imf6e0fa3f48c6e0,4419,,0,361,0
imd965340f4c4e94,12021,,0,1355,11
imb572e40df98e72,15396,,1,2100,14
im4b35077edea714,24954,,1,2022,14
im7fd0de92977a10,6573,,0,1100,9
imf9ba17022b2e47,18347,,1,632,2
im4b349bc62e8ca0,19013,,1,1886,13
imef96673abc1e74,5652,,0,1231,10
ima153bf0eb6d2c7,18444,,1,888,7
imcf84b4cb7b4c4d,14704,,1,2366,15
im6aa4cb3d6e3553,15794,,1,520,1
im7d284238340fa2,14747,,1,841,6
im633dd676053129,9946,,0,832,6
imb7b59bf460debe,10473,,0,2236,14
im661c283377b255,16960,,1,1082,9
im8f017114aea3ee,22469,,1,1566,12
im15d5f73d2821dc,4148,,0,1805,13
im799fb9ba83ddb5,22899,,1,1648,13
ima1c2eddde091af,17366,,1,1522,12
im8409c6cce3e937,24803,,1,1387,11
im9558e6129e9e47,11869,,0,1293,11
im0dd511eb8a2bf3,18673,,1,1948,14
im835665b81b70a6,3989,,0,686,3
im5fdc66ca360249,4659,,0,683,3
im27c71bdc3aca00,8234,,0,737,5
im364ae61001d024,4524,,0,1966,14
im7b90d434218367,3554,,0,1005,8
im5a76b284c81013,23363,,1,1240,10
im33f3bb1739efe5,16267,,1,809,6
im0655fd7cb2d708,7598,,0,2850,15
ima32944a13b2ed8,24207,,1,1997,14
im50a9faaf80cd2a,13860,,1,499,1
ima9779a6c1d52f2,16178,,1,527,1
im5af39e09cc506e,4030,,0,765,5
im5d5a54955eb1ca,15664,,1,1090,9
imce80cdbf86d104,23713,,1,2346,15
imcd36f0f8c8d871,14561,,1,1588,12
ime2b4b961614e6e,4183,,0,689,4
im2644ac2db08d73,15847,,1,776,5
im44771741432902,24546,,1,212,0
imacdd0244b821c7,3430,,0,638,2
im06f5d1b8d579b8,19765,,1,759,5
im43130f730a9298,15382,,1,670,3
im5f5dc769764782,11917,,0,1183,10
imfb7f30b36bde69,2676,,0,1338,11
im66f7e190cced1c,16213,,1,1493,12
im1ef16b30df2260,9475,,0,727,4
ime56c8e5305f1be,17291,,1,1578,12
im71fce4cadf55f7,17500,,1,665,3
im6d7b35b3d88f07,7222,,0,2380,15
im09ea382e403826,2571,,0,508,1
im1b780d4b7b9470,12449,,0,828,6
ima7d4ed178b7f20,21883,,1,1222,10
im3befa3ec8fd7f7,20537,,1,1311,11
im3b30df55b29855,9057,,0,2480,15
ima904d0fd6f63f8,8514,,0,1813,13
imec965179346184,22366,,1,692,4
imc8f593570790e3,17700,,1,1301,11
imd995a70e864862,13577,,1,1827,13
imc9125abe32e513,17226,,1,604,2
ime5feb92a4e9397,1695,,0,687,4
im204c31d236ab6d,23227,,1,745,5
im1e097ec06cc258,22182,,1,758,5
imc2427157a1c4e7,430,,0,1766,13
im258e777e55fbae,6670,,0,750,5
imc7084a8a21c3db,6325,,0,1245,10
im2bd60b5cb7c89a,16082,,1,2189,14
imd0a0b7f64da093,1362,,0,984,8
im8c94151d44692f,22277,,1,1376,11
im60967f499ae1a1,21608,,1,1787,13
im7e8aff2d8139a1,17891,,1,834,6
imcd0778cfda5865,9095,,0,729,4
im2db46bc369312b,8863,,0,2902,15
imbe5eb10468984e,3727,,0,1453,12
imab3bfc74ac09bd,12637,,1,992,8
im45d15685ff6f4b,24939,,1,224,0
im832aea88dd9f97,15348,,1,1061,9
imf8921eafc41c91,8049,,0,1110,9
im2161b7c1a98a8d,22691,,1,603,2
im9b73a7ef1b9f20,11735,,0,2566,15
ima5f9f2d2458b15,22450,,1,1707,13
imd14a27bd6f6a8c,818,,0,1397,11
im8ba6fefb2d26a0,9749,,0,2067,14
imdc2167dcb762f2,21534,,1,816,6
im9412c1293078fe,5766,,0,908,7
im274c436262111d,21395,,1,663,3
imbf0f1864044fd5,24240,,1,2030,14
im4b467549dfcd16,4293,,0,998,8
imcdb02231fa7b26,10327,,0,783,5
im1a04f625235d93,23110,,1,1354,11
im2e8b4e87e2dd5c,19690,,1,645,2
im114d4e5b61af14,21859,,1,1631,12
imbe60d8dbd657b5,1070,,0,1172,10
imf80983a16a74a2,5000,,0,746,5
im68d513901c6b94,21476,,1,777,5
im14a2cea0c5ef5c,19952,,1,1407,11
im222c40675a72d3,17602,,1,1976,14
ime5571bea3efd74,1660,,0,1297,11
im0639c834f3b673,19189,,1,931,7
ima1b62a468db47f,10943,,0,1506,12
im35bfacf88c09af,6999,,0,859,7
im0ee85a11a65a0d,17710,,1,2242,14
imb3ae88d0a480a8,497,,0,1426,12
imb2928244a7c952,23915,,1,759,5
im2f33c933b7cdcd,13578,,1,1022,9
im433c57e0c84269,811,,0,788,5
im32038006a67ec9,16459,,1,1367,11
im6ce96ee21ccd9d,20257,,1,936,7
im8a066c4665b9c0,6786,,0,297,0
imf97e6c55ef6f0a,3015,,0,1708,13
im685d89c76e2646,18452,,1,1187,10
im126c8aff2a2465,23330,,1,884,7
ima960e7a94305a6,16691,,1,596,2
ima3734ee4e12974,3857,,0,902,7
imaf80035e940205,7084,,0,896,7
ime966b314b5d69a,23857,,1,2850,15
im88624c643af19c,12359,,0,648,3
im0db9d81299d68f,6038,,0,2760,15
im2f943f56edf40d,23813,,1,1394,11
im28542d30b93ba3,17714,,1,2434,15
im3b27999446dffb,20221,,1,1590,12
im41d22ef27bb92b,3532,,0,1256,10
im88206d2551ed9d,8503,,0,716,4
im38d45f0f5c155a,6448,,0,2341,15
imbdd6728c8bb133,839,,0,1159,10
ime1b075750036ca,10648,,0,1062,9
imfdb6108f065aad,10182,,0,1336,11
im9486120f2ddd41,21317,,1,281,0
im6196926686fd63,14474,,1,1368,11
im6a4abc2e0e5e4a,17809,,1,708,4
imd04b66eaa5391b,15263,,1,1136,10
imac62a769bc4852,20032,,1,1281,11
im85a1b9e2078452,15077,,1,274,0
im816118b37c5484,23986,,1,1088,9
imd696d3dbcaef49,7090,,0,1596,12
imc16aef7fcfe733,23457,,1,2904,15
im510b115a0feca4,2064,,0,2672,15
imffc0d757437e74,12238,,0,1577,12
im96e3353cb65835,14032,,1,1164,10
im781433eee3470c,2993,,0,1447,12
im2f04ad34d9fe60,20408,,1,1220,10
ime09964cf7f146c,11562,,0,1464,12
im04fab379b69eed,1581,,0,2119,14
imbb8411391e4f9d,14942,,1,766,5
im3dbf3032ebf539,12941,,1,806,6
im64237c875b9ecb,18374,,1,647,3
im62eaad36eeb80a,23060,,1,1070,9
ima1e5f8abefd53f,6519,,0,1623,12
im14a812f8eebb0b,16550,,1,2862,15
im94c0212e2ced4b,18181,,1,1202,10
im5651e22ec4a7a9,18656,,1,629,2
im7a598c9424ca61,316,,0,750,5
imaef68572445b7b,6449,,0,863,7
im1fc5622608893a,18962,,1,643,2
imb04812a35a42c1,11315,,0,808,6
im0d3cc431d39c61,6380,,0,1780,13
im76fdb607b99f63,4304,,0,1064,9
imc61bcadf53b500,5485,,0,1606,12
imfec651db980d36,16619,,1,1605,12
im5e35df0a89c27e,890,,0,1368,11
imbc4b5197fd66b9,8467,,0,1469,12
imd93eab457d6675,21051,,1,723,4
imb07cbd7d8764cf,7002,,0,2337,15
im30ab2dd02cf5cb,3365,,0,2394,15
im623f3471950aae,7951,,0,713,4
imb597acafff817e,2205,,0,1595,12
im8522da34c0afbc,19557,,1,1239,10
imc7218bebb6e2eb,6612,,0,881,7
im08a86b4b8222ec,23380,,1,1435,12
imc4dfbc4aa3762b,7661,,0,2258,14
im2f0ee62ae15d75,12711,,1,416,1
imc7327f7e09d585,19712,,1,388,1
imaab04a8002b0eb,17374,,1,1824,13
im5486e34f7b0403,23430,,1,1029,9
imf9a24e59213776,6361,,0,1016,8
im60c74a5320973b,21366,,1,1663,13
im1f6f139d085c64,20920,,1,761,5
im3e357c05e1506a,19571,,1,338,0
im10a2805edd3b77,19864,,1,665,3
im003099658281d6,12806,,1,880,7
im878f33de4a5aac,12647,,1,1186,10
ime1e17b6fb920fc,5704,,0,601,2
im4c225a2b90cde9,10555,,0,913,7
im4376e9ee03b8ba,1911,,0,2426,15
im0a4703032f01d6,13188,,1,915,7
imee2d3dab6b52e7,10916,,0,870,7
im16d604cc1e4872,10338,,0,704,4
im2b22a5491ba94a,4985,,0,452,1
im4f58df4823c92f,20215,,1,1934,14
im068e9d27acabe4,3184,,0,1102,9
im154c84d688728b,18459,,1,2577,15
im706a2dc10f6336,8385,,0,640,2
ime8b8dab6a2b7ed,15942,,1,705,4
im8be2f76a87caec,13419,,1,473,1
im8640803453d2ee,20854,,1,1002,8
im603cd0655bdda1,1183,,0,1993,14
im9ca69feaffcff9,19213,,1,718,4
imec620ce8843bbe,1395,,0,2217,14
im3e009cede49c87,9309,,0,335,0
im22e811722a1f50,24180,,1,909,7
im5cb96f2db868d6,3331,,0,887,7
imbcb426c729cc88,20359,,1,1617,12
imf3fe100738137f,19561,,1,328,0
im8a4f0e06801f3f,12146,,0,1910,13
im2e89736c49fff2,11698,,0,2010,14
im414415faf8e5ac,12533,,1,690,4
imf7e777de6a2fd2,4218,,0,725,4
imda49668ed75ed0,15820,,1,1184,10
im62f287f34054b5,8274,,0,800,6
im5adba049839d31,21663,,1,709,4
im85689b0746b78b,14155,,1,950,8
imdb9e131b7455c7,16328,,1,532,1
im67bf10723e7e51,18668,,1,1495,12
im00e8cef3b6ff2f,21985,,1,687,4
imd87b4249c76fac,4691,,0,899,7
im748a5514529cbc,11260,,0,549,1
imfc277d5a5fdf63,5512,,0,756,5
im8817d5c3d25978,16,,0,464,1
im5c021c54ee3bc0,5391,,0,955,8
im7566cbaae91aae,11017,,0,1565,12
im0307e4544efbcd,12320,,0,1060,9
imaa8b2dee7ba207,7051,,0,768,5
im43724ea71d95d8,18273,,1,723,4
ima27f1a7b7b92ca,8311,,0,654,3
imedc7c9dc411e86,24535,,1,2511,15
imd8469f6ef45166,2401,,0,1157,10
imd62193b8daa1dd,11777,,0,1673,13
imbac3983785ba01,6753,,0,856,7
imc51f453bd9bd64,6107,,0,901,7
imcdb03323c3b90e,8408,,0,686,4
imb17442ce070c0d,11639,,0,910,7
imb3f9a62136b90b,24538,,1,250,0
im8fc9502005d163,6045,,0,1961,14
imab233e171b0098,10706,,0,729,4
im7ec31d040007cf,2096,,0,788,5
im51dd81f5e336db,22216,,1,1761,13
imf6abedc7a7dcb7,19998,,1,657,3
ime9b544e9e0b6d5,997,,0,945,8
imfacb5d5c0e9769,24268,,1,592,2
ima13360cdba82a6,23084,,1,651,3
imab5856ad8be0d2,3641,,0,1507,12
im931d6c4b217faa,5809,,0,742,5
im7906b4c1b6c319,13279,,1,1507,12
im9fb2e9d23700f6,14221,,1,637,2
im58f0ab7e7b6290,19229,,1,826,6
im2b545aad6cad4c,17171,,1,711,4
im773584541b872b,12747,,1,658,3
im2eaf11883de688,17290,,1,1828,13
ima791d40ff5cd14,22545,,1,988,8
im9a668f02593438,14654,,1,236,0
im98ce954780c0f3,23925,,1,302,0
im59458860196eff,2828,,0,2638,15
im8ffc075643e697,7245,,0,708,4
im34ba39f7347ba2,23438,,1,670,3
im0aa23fb1e33844,6525,,0,646,2
im365b19ba216264,7182,,0,2654,15
im29395ad2c36c21,20821,,1,246,0
im836f171e65604e,8907,,0,451,1
imcf4799a000c540,871,,0,666,3
ima7aba0633bf6b5,21754,,1,621,2
im16f6d15b34a904,24696,,1,1203,10
ima354628b195025,7374,,0,649,3
imfa8fac4d904cbc,1849,,0,791,6
imbe68b15b4e9953,19858,,1,1024,9
im4e5ea915a2273a,12980,,1,691,4
im952ccd91e4723e,15281,,1,645,2
imd58430b2c25010,14123,,1,733,5
imcf8b23d4d7f1e3,3801,,0,928,7
imf786c3b5525bdb,10051,,0,634,2
im4fcaa15db19d80,15905,,1,640,2
ima72040c9175d6e,13676,,1,681,3
im9170f7732f1a2d,9073,,0,591,2
imd2bcca2f34784a,10251,,0,2195,14
imc26ee29a62dd39,4582,,0,1628,12
im3f83b211ba780a,17952,,1,835,6
imd025ff5c06ee1d,24379,,1,254,0
im581f4a214bdd6d,15238,,1,1459,12
im49510377c47312,19038,,1,1236,10
im07719bf42c3f52,14291,,1,575,2
im1583e16e2e3caf,3561,,0,911,7
imc8827a5d0ece9e,2740,,0,2020,14
ima2ff527aca749a,1936,,0,679,3
im09daea4c7f6337,312,,0,2205,14
im3f3872925cbd63,10538,,0,747,5
im9bf3a04a9db563,4712,,0,840,6
imb6117a9267fc64,14967,,1,754,5
imf4e6163a46b55c,19067,,1,1113,9
imfaa6b1e3bd9488,2502,,0,1621,12
imc9652320df3358,21660,,1,1909,13
imfd91c5d054b912,1682,,0,384,0
im656f784315a4f9,13061,,1,2842,15
im6791a66e1faddb,7626,,0,716,4
im7afa0e3f5d4606,5298,,0,996,8
im0a9bab23841c5a,1578,,0,1485,12
im01b4339d693c00,9650,,0,645,2
ime058c6d40778e8,11852,,0,1120,9
imfd815100db5d9c,1570,,0,299,0
im6ef96713af51d4,11198,,0,255,0
imb8523130537b60,16671,,1,1027,9
im14b77d181ae37d,5661,,0,862,7
im2f42f9f148473c,3601,,0,1982,14
im68da45d60b386a,814,,0,2674,15
im34f91b4f241934,1268,,0,2128,14
ima2d842b86adfbb,3746,,0,777,5
im44610682c47e7d,19671,,1,1835,13
imb0d05e915735c5,5046,,0,389,1
im9f15008054c763,10782,,0,1344,11
ime36c475d8ce8fe,7850,,0,1615,12
imb668c64f37e4f6,23533,,1,2071,14
imc568b2c88b1d96,17219,,1,2354,15
imc7085c0d78de0d,23365,,1,622,2
im684e3904399c33,5483,,0,1188,10
im2a62d0cf922a1f,19179,,1,2274,14
imb558af99bd9741,12805,,1,695,4
im9e706bff110043,20513,,1,901,7
im976a52bcbcfea5,798,,0,604,2
im2b2b9b52992c23,21882,,1,889,7
im2c5465d4c1ad1a,21416,,1,256,0
im03a4a0d21e4233,2093,,0,2153,14
im107a7680b1671c,2181,,0,1596,12
im6ab98de6194363,23336,,1,701,4
im4b7a0d76f39d6d,10799,,0,727,4
im05707514a17428,1994,,0,645,2
im73b6b16bc928b9,17606,,1,1849,13
im567cc39163e8db,5351,,0,591,2
im8c81533ffc6106,14611,,1,876,7
im5557fb40963056,10159,,0,593,2
im8bc2b32223ccd0,24047,,1,2025,14
im753f069fbaae23,18986,,1,2412,15
ima604ea5d7a2e0b,22363,,1,717,4
ime5835cdc0e143e,19356,,1,669,3
im27583c35e7a795,21812,,1,1101,9
im236a6a96525088,15812,,1,694,4
im953098b90b5b49,16272,,1,435,1
ima068a799c41837,6176,,0,1030,9
im7731ef8321dd67,1230,,0,285,0
im2dc671a9fcba64,19334,,1,983,8
imd0b38689e20b9e,22867,,1,1196,10
imc1a711c1445468,2468,,0,777,5
im39083754c361c5,9619,,0,1228,10
im85c28e80ff2fa7,21995,,1,619,2
im872066ebb0abf2,24514,,1,327,0
imc1d2eec3f843bc,19975,,1,676,3
im962eb0519e4c18,24576,,1,746,5
im53c83a9caaf584,14158,,1,665,3
im0b134e0621cab5,9928,,0,677,3
im265b08beef9303,13864,,1,1247,10
imbb030b098fab12,19725,,1,1736,13
im2f72b219db1fe3,183,,0,839,6
im735abff2891929,19422,,1,2158,14
im22601a67d37f74,14241,,1,949,8
imd4f40db7c658c1,3861,,0,2110,14
imf31836f5dbd648,10110,,0,676,3
imc21124fc3a6fba,9271,,0,971,8
imbb8ec6d2227a8f,4602,,0,980,8
im33244ebfd5edbd,3322,,0,2183,14
im3871ed41fe9c0d,22546,,1,1120,9
im84a25baf597bc2,20852,,1,904,7
imae8e50b7fa912a,117,,0,739,5
ima29e49d4efa093,14539,,1,1066,9
ime3870c1544b3fe,4131,,0,1236,10
im55a0ea76275c86,12650,,1,798,6
im00b3f3c4af0a8d,4598,,0,2344,15
im21579fea46e29f,18946,,1,625,2
ima07905d095ab62,21069,,1,2407,15
imabe45cb77f9e08,13785,,1,1045,9
im93ae0f2e0bb246,8578,,0,980,8
im85edc90549ca39,19393,,1,1187,10
im49d2ae1ad83c2d,24374,,1,625,2
im703d04eac560b0,17244,,1,834,6
im55fc023659be7c,2563,,0,491,1
imf2fddff13c2c1e,11884,,0,307,0
im4c9f1e866437f8,21792,,1,811,6
im282f431c769abe,8431,,0,1102,9
im4b1a061a75e3cf,9937,,0,244,0
im20f8111b975f5a,24888,,1,547,1
im9a2e73173c917d,5327,,0,1695,13
im076c4e5dc49ebc,22030,,1,1327,11
im13ae049a41fc46,23406,,1,2083,14
im496f02746bd010,17458,,1,1649,13
imc9115040dd7d65,17018,,1,2096,14
im82c114a5c9d074,3941,,0,990,8
im818387a67dfba9,12879,,1,658,3
imb513c234ddc331,5224,,0,974,8
imff888b25e38435,1969,,0,1896,13
im811bc8f6e00289,6660,,0,1400,11
im55d9ed01ce18bc,1328,,0,1788,13
im5a3a658962ccf2,3145,,0,628,2
im91f49745738606,24685,,1,1014,8
imfac6ce7dd7fa16,22080,,1,851,6
im49e25ac3c65615,22672,,1,864,7
imf7752c5c7a05fb,4241,,0,2051,14
im225a6143651326,8471,,0,1534,12
imec5cbb1d70c2b7,21016,,1,921,7
imc9189727b158cc,1935,,0,543,1
im1d1855f0513c73,21169,,1,692,4
im7f6fc4521d644f,19576,,1,831,6
im1f116ab03b323c,22061,,1,1384,11
imcce84e96eebb47,18763,,1,1411,11
imb00c5c7f0c058b,21764,,1,1386,11
imbd2c442991140e,5757,,0,1530,12
ima07d5921d714ec,20234,,1,1008,8
imb2f7f411018512,9792,,0,1257,11
imdbb63ac58b3508,24124,,1,635,2
im75fa185160a8c9,21127,,1,2514,15
im1c1ec9866db6b1,23781,,1,1944,14
im4beefee1eab2ac,18715,,1,979,8
im4991c10b19f90b,2972,,0,539,1
im0627012bd12b75,7821,,0,991,8
imda8803cdbb31d7,9857,,0,317,0
im888a06f944a74c,12802,,1,2486,15
im13fb31a9cc07b2,13307,,1,711,4
im029524f39e6172,11859,,0,1633,12
im0df1436cfa8f57,8060,,0,792,6
im4a359b05088edc,17726,,1,692,4
im0d57a5ed8b98a6,16699,,1,1124,10
im880c6247a08839,12740,,1,2582,15
im3a300d06adedc5,19951,,1,958,8
im98ee07e3fe22b9,9923,,0,1486,12
imcc754749877f52,20812,,1,1549,12
im2332905cc78522,12269,,0,715,4
imf5339074872763,1310,,0,806,6
imcf9b5c3ebdadb5,11231,,0,1033,9
im8e27b6af338d20,22235,,1,476,1
im489846da593e5c,7453,,0,832,6
imd5811ba41cb724,21614,,1,2542,15
imb55c65ed8c61fc,18407,,1,2292,14
im7feeda11ff3f45,2997,,0,2464,15
ime681632e358190,22200,,1,359,0
im03aa0c712f8a4a,19113,,1,302,0
imf50ed3023a16e9,261,,0,781,5
im2927b4d6308309,11854,,0,2274,14
im3a2e5cdd62dfb2,4604,,0,913,7
im02810714803853,532,,0,854,6
im573aa8f43132db,1862,,0,726,4
imd5de1dfd35f472,22386,,1,252,0
im172433152bd735,9959,,0,643,2
imd03c883ec98d49,12276,,0,1694,13
im9d31b0bb024eb3,13285,,1,870,7
ima3d49bd8c738b0,24279,,1,749,5
im7a66acbc96b630,5601,,0,1160,10
im8b416a62083a21,4110,,0,922,7
im9d135a558acb23,23688,,1,811,6
im2351ef2422ddb0,21009,,1,515,1
imcc9b1e6fb49b5b,7337,,0,966,8
im80e86cf7a86e2a,22602,,1,459,1
ima46d30237999f8,7769,,0,2418,15
im739a9571031777,15639,,1,1009,8
im216751b0f4a821,6739,,0,1567,12
imefe4f74a972428,597,,0,824,6
im91b90fde865476,19789,,1,555,1
im588513b8a46870,13933,,1,2913,15
imbe90d8a892a307,4894,,0,816,6
im208c7f247d849d,20399,,1,1141,10
imb5293be2b03597,23006,,1,1819,13
imd731854aa74cd8,15448,,1,1014,8
ima94f40ccd32949,13768,,1,1006,8
ima656764d631300,9433,,0,259,0
im0318e7d7e0ffc1,20739,,1,1503,12
imf1410d14ccbd2f,19879,,1,1348,11
imc958747c0a8d2b,13055,,1,1900,13
imfa6ae8b87d5037,6943,,0,621,2
imb0e25c1282d79b,24066,,1,922,7
im5842d6c64ebfd2,288,,0,1016,8
imc0afe1c8dbcd31,21312,,1,319,0
im4bcccaa2b87055,9655,,0,704,4
im3720c37c23b602,5197,,0,858,7
imd4d5ca233c307a,565,,0,741,5
imb669aca2b6abb0,2500,,0,582,2
imf06eb594a67f76,9969,,0,1174,10
imd023b945d37c94,5625,,0,951,8
im11a06450b1f141,16480,,1,310,0
im64277bae32834f,23167,,1,1024,9
imc996301cc3bd77,6418,,0,751,5
im20a52c7ce16455,2279,,0,1955,14
im2a221f7c5d2f0a,8036,,0,1414,11
imc16ab58a0ad6c3,14025,,1,997,8
imc3e1662c61b1b5,6734,,0,1556,12
ime6a572e8b07471,6561,,0,784,5
im585501a53c154b,17672,,1,1227,10
ima3aa36f85fa3ad,13378,,1,856,7
imc09e5029089640,4004,,0,632,2
im7aaf8396d963cf,3793,,0,769,5
imde0dd7cf0bcbd8,6679,,0,625,2
imaaef5c321d058e,10084,,0,796,6
imaeaa43a661e2dd,19902,,1,1994,14
im78d7cb1225b27e,3592,,0,580,2
im5281cedfc83868,10050,,0,681,3
imfde85c5c10aab6,18952,,1,692,4
imcbc9820994347b,18280,,1,987,8
imdaeaf2e8541ab7,6698,,0,1707,13
imfbf3272634e327,20123,,1,800,6
imc0a368107b433f,13532,,1,1507,12
im8022c94abd9c25,24055,,1,1131,10
im23843792949f7e,19891,,1,665,3
imcafc6629831900,10998,,0,515,1
im142b9bfadc6fda,23437,,1,1800,13
ima92fb11cfe7de4,18233,,1,1147,10
im31fe98106f37f6,8064,,0,2671,15
imd90e62d742c57d,19919,,1,1126,10
im03b01a1130f1ec,21352,,1,927,7
im34113942bbb09a,19657,,1,936,7
im17af86c405ec4f,10229,,0,1109,9
imaa7a61473702a5,23073,,1,1018,8
imd4139c6414e005,13942,,1,1213,10
im872251f75bdb14,16400,,1,269,0
im73f1f84d8f5df1,22495,,1,1047,9
im9fb8c2443b481b,7726,,0,1359,11
im964bb2efa8f124,2565,,0,943,8
im10c35a5bc57e8a,17525,,1,796,6
im4f09f0697c6030,24046,,1,969,8
im8736b2bafd9498,7109,,0,782,5
imaef263e9b7477e,20610,,1,413,1
imcdac7619b3abd6,4541,,0,2007,14
imc58b426e567559,24242,,1,657,3
im60f96bfa68b014,19224,,1,683,3
im7fc6f94dbe42cf,20995,,1,732,5
im398be1fe550a82,8384,,0,1554,12
im1ed2e0f87d7c92,58,,0,701,4
im1bfd0dfc58f578,21824,,1,2231,14
im2031e612c3bc20,13144,,1,609,2
im8f55c35b3f3a4e,11797,,0,1929,14
imd8e867a30c9d0d,5447,,0,1435,12
im68c1ed217b1825,4305,,0,972,8
im4392635ba19097,15509,,1,1445,12
imb9d6a1cacbec88,20311,,1,845,6
im985a04b2356bce,18520,,1,752,5
imc9d88854059c03,16747,,1,917,7
im147ebec470663c,5833,,0,428,1
imcf3b03d240fa05,20222,,1,750,5
im37efa157ddee40,2026,,0,828,6
ime5783684593f2c,11408,,0,1741,13
im29fa9033c25438,12748,,1,685,3
im98291c3408f463,10726,,0,2830,15
im1920bfa0bf540e,17638,,1,985,8
imd2298cf4ced523,19170,,1,753,5
im6cd3b02c065337,24339,,1,2270,14
im7af07b568fe411,17681,,1,797,6
im26ad225a0d661b,22756,,1,1219,10
ima0d9fa37f008aa,14429,,1,642,2
im7abae4597536a0,24673,,1,294,0
im14ab19c9dd9fab,9774,,0,1001,8
ima745428eb49b8b,18534,,1,1025,9
imd8f352ef4885c3,17940,,1,1117,9
imb8c81328cb816c,18404,,1,1300,11
im65aae9a1cb8982,19889,,1,967,8
im672520fe4ef953,15744,,1,734,5
im0b3afc2871bf25,23019,,1,1010,8
im453ab9826b664b,20747,,1,932,7
ime7b33e3ec4fb65,8422,,0,815,6
imb2b645aecae4b5,21979,,1,1617,12
im2f5080f34c4899,7685,,0,796,6
im936326ca4567e5,7866,,0,453,1
imb2ed0f4b693f01,15788,,1,2413,15
im0f91175b08065d,7656,,0,1509,12
im127284a4849dc4,5752,,0,968,8
imf481c3083d1948,3476,,0,677,3
imd0cfd203bb6d59,16209,,1,1045,9
im036131978339e1,6726,,0,718,4
imf5425d1344d851,20377,,1,2378,15
im15cc9e490cce2d,22627,,1,1370,11
im6f4e3dd0b6796c,24622,,1,738,5
im12517d95bdda19,7846,,0,1481,12
im5e42f414a12318,13173,,1,1528,12
im2acef433b485bf,1927,,0,2568,15
im80820973df7089,7468,,0,1205,10
imaf1e290b0281d5,611,,0,1183,10
im8aac22c2e06d29,7635,,0,862,7
ima53e7d990f3d0b,140,,0,815,6
im5149f2db4c5771,15619,,1,681,3
imac45053e99561d,20924,,1,1875,13
ima8eaed9477917d,5792,,0,1171,10
im92f9a7cf2d8d67,3600,,0,639,2
im65184fe9d5fa7d,12184,,0,1094,9
ime98165f8b07cc2,22203,,1,649,3
imc67886431887ca,627,,0,1082,9
im65eccab465cbf2,19042,,1,1178,10
ima94a66ef8ae0bc,17838,,1,2351,15
im53ed05972e27f8,14591,,1,1100,9
im02d0c9de4c337e,17933,,1,1009,8
im3ac36eba6ce3da,7457,,0,2781,15
im98231f0a527920,17833,,1,791,6
ime2fafaf2161165,17964,,1,323,0
imf7ea892d009280,1456,,0,565,2
im4f45a2c6c4df0c,17302,,1,1702,13
im09b91cd2da1aec,18886,,1,1521,12
im4addecb53f388c,13749,,1,255,0
im8a0b12950e5fd5,18562,,1,677,3
imbd19b89787379b,1271,,0,553,1
im71df7c9b3f959a,17592,,1,526,1
im740f3562c405aa,15932,,1,580,2
im979d4fca842b58,2151,,0,880,7
im3b5def8db4ac64,24045,,1,2039,14
imde32d6de9278c6,4632,,0,857,7
imc03c49ed1870f7,1930,,0,690,4
imb1dc88dfb8a441,8550,,0,283,0
im70c2d3aee133e8,8884,,0,1129,10
im3990a52dfbe337,13708,,1,913,7
imf7c6f73d1693de,11012,,0,1442,12
im208bf5a944d80d,20709,,1,1118,9
im101d9b5feabb7f,3366,,0,807,6
im92fac70f085260,3708,,0,723,4
im3979dcf8b25948,23782,,1,1389,11
im91144df2a5b78e,1572,,0,2850,15
im4ab526b6469b6b,3389,,0,470,1
im78464eb9d45d82,10259,,0,872,7
imb922998f0ae687,869,,0,1631,12
imae8613cd5e3474,19079,,1,2835,15
im1a2030cd127bb0,20136,,1,1026,9
im31f7558103ef64,18162,,1,704,4
im529e0fff5ad312,21432,,1,2694,15
imefc0a176a48aba,15543,,1,675,3
imb32dad8ca82e05,22542,,1,1541,12
im778ad42aa5342e,22068,,1,367,0
im558929b1973d02,599,,0,499,1
imcaefd4dbebc4ab,8161,,0,1851,13
ima18f7e8c1fc573,10807,,0,888,7
ime6e5cae3fe39dc,452,,0,1117,9
imab1dd06859d007,21260,,1,1210,10
im93fcbca570af35,24058,,1,2328,15
im806042189ae66d,2718,,0,1557,12
ima146e98203c56a,24060,,1,753,5
imaf3bd748618337,11038,,0,756,5
im929602482953ce,24491,,1,714,4
ima76b6240e9a949,1696,,0,1019,8
im17fb6d3f82684f,10009,,0,286,0
im2b724a1821fa58,19541,,1,1547,12
ima260094b4bd8c5,10568,,0,1066,9
imbb6d89227bdb29,11988,,0,650,3
imb195ddf1199656,11474,,0,2670,15
im447680c5441423,22440,,1,2802,15
im8c8defc0681ea2,24877,,1,477,1
im2a7332537f2ad3,11418,,0,834,6
imf943b8c4a98d35,10423,,0,1603,12
im92ff3c086f7b9d,20904,,1,1041,9
imf5a6679535e52a,2121,,0,254,0
imb086c58fe410c9,12706,,1,1513,12
imcf2aeb068f5738,8936,,0,1307,11
im1ec8d8646926d6,5511,,0,1445,12
im64d731919afa77,24644,,1,1318,11
im3d79ee9e7d9332,775,,0,1087,9
im264cfa02d7ec98,6174,,0,1378,11
im64a0cc25265a75,11247,,0,655,3
ime02ea08984b128,15857,,1,1172,10
im293b878a6b6e26,8875,,0,877,7
im7dca23db3426d2,14329,,1,1144,10
im29f22c53e0be14,17514,,1,1373,11
imfdcc33ca4bd4a6,10937,,0,756,5
imae0538621d63b2,20700,,1,376,0
im56b49970bd6e2c,9380,,0,1654,13
im77d13c9376811b,9649,,0,446,1
im4e98f56e93a5a7,15069,,1,1308,11
im79f27803756d4d,4682,,0,865,7
imf5ca97d629ccfa,23923,,1,2329,15
im7bbddd347533c1,2331,,0,816,6
imb098a58c6e8bef,7291,,0,1129,10
imf26473837a6bd9,6595,,0,956,8
imc901fb717003bc,8654,,0,858,7
im64a1df2063de16,16243,,1,677,3
im1956c8837bdac0,13429,,1,654,3
imb08fd3a5c73dc7,21038,,1,349,0
imc330f0e74bc380,17840,,1,1591,12
im9b780b98d78cbd,12015,,0,887,7
imef4c1e08f1dee4,12908,,1,2213,14
imb7d2a9a2fba8f5,14036,,1,801,6
im0c02c4f4507c04,2581,,0,711,4
im43d166439985ba,23808,,1,218,0
im5459698d5f4e23,24765,,1,1969,14
im60b450fbc7c118,7460,,0,479,1
imdbfe26544d42e0,20379,,1,2071,14
ima8a669b9ae22ea,3412,,0,612,2
im06f08b3864915e,20942,,1,1267,11
imb339d8d1c9f127,17147,,1,769,5
im2edcd355dcf6ae,1113,,0,681,3
imf6cffdfadf8176,120,,0,1757,13
ima3079f1999d860,3932,,0,350,0
im822d5bafe29601,7755,,0,635,2
imd4a127689c317e,9313,,0,1167,10
ima9fcd25ec49cfc,19331,,1,739,5
imc804147c17e96a,62,,0,862,7
im4c5ab79b668200,20554,,1,1068,9
im0ddeedbc2c469c,6098,,0,1045,9
imabb665e129f787,10320,,0,2675,15
ima260deb910012c,18109,,1,1396,11
im655566af96d6c4,4940,,0,1100,9
ima3482ef7802c46,17433,,1,2112,14
imc0fa444405d637,23272,,1,940,8
ima88ad8e880c1d9,18013,,1,255,0
im9d9a6413a0d1d4,7106,,0,945,8
im1380173a422b22,11807,,0,480,1
im7de4aff0fd43c0,10959,,0,668,3
im70604d6e959394,3031,,0,1366,11
im2b98f40f8f4bb2,4436,,0,1608,12
ime13eeef0dea8dd,12421,,0,656,3
im60cf077c3a4439,14100,,1,582,2
im30479ce444155d,22074,,1,1100,9
im6d1c506e8787a9,12461,,0,682,3
ima168f87054b0dd,11645,,0,1301,11
ima9db7e91d1c3e9,23860,,1,1888,13
im7b40bf07c18cbe,15211,,1,677,3
im0e224489c70399,4629,,0,1055,9
im3a8cfc8bac7f90,15471,,1,830,6
im7f07ae29d3005a,15513,,1,516,1
im84a7e559c09ae3,14759,,1,2934,15
im2874fbb8825886,2592,,0,1835,13
im7a3fd9388b273b,369,,0,572,2
im71f06625ccee28,3465,,0,505,1
imae908178734336,5671,,0,1932,14
im6b2d979190bacf,7272,,0,633,2
im24601c5312fc74,17802,,1,1017,8
im3a02f4b7c5eea0,4683,,0,1521,12
im99ceb1774a7192,914,,0,843,6
im5ae5a54d449999,1262,,0,303,0
ima8d86b729409f9,10244,,0,660,3
im81fddcd98644cb,10280,,0,2823,15
imaa6c4cefcdcf19,15212,,1,1270,11
im423d8ef974caed,14218,,1,1038,9
imd4b601e122834a,3196,,0,832,6
im1a18883a69940f,13805,,1,637,2
im5d9da7e7e096bc,1120,,0,1254,10
imd471bc7dcc79d9,12928,,1,786,5
imce65f4404445b9,21081,,1,759,5
im325be74db67ebb,13204,,1,681,3
ime43926b2b2fefb,9389,,0,669,3
im46ef28c5969a85,21702,,1,2254,14
imb60525d87daf88,8804,,0,668,3
im24bb3168227ca0,16211,,1,901,7
imbd50ef74adfa92,21401,,1,365,0
imd81d24ff970480,19713,,1,1389,11
im6df5ae5acd9779,859,,0,1285,11
ime2c6aabd940e6e,5975,,0,727,4
imea01d230b0b224,1683,,0,1045,9
im02c32941056e53,24989,,1,674,3
ime73bea4be261fb,2977,,0,826,6
im6f10fbe1037022,16269,,1,557,1
im690287c7e65c8d,12664,,1,1088,9
imc984c39a971210,1978,,0,760,5
imad7299ce8c2492,1165,,0,1109,9
im6f6d163265fabd,12936,,1,788,5
im8e3e03d1c90c4e,1466,,0,2081,14
im57a751b0ea47ad,8398,,0,1402,11
im9b7b3355821558,21921,,1,2833,15
im0241e037530d94,23814,,1,1400,11
im967eba4c3f6b30,874,,0,763,5
imd136bbea9d151e,6950,,0,251,0
imbfe885238a9a8e,14268,,1,323,0
im20c81105b4289c,3972,,0,2110,14
im584f386821c99b,8351,,0,725,4
im8a2983bf2a6cfd,18207,,1,992,8
imd78fec76c9d65a,5613,,0,787,5
im807f83af474a0d,13930,,1,1574,12
imeacc18fd0c1155,15730,,1,805,6
im6357cf43467a2c,1716,,0,1645,13
ime4ab4e9b4386ca,16291,,1,731,4
imb2b24ab718256a,23861,,1,535,1
imde30c17222a613,22752,,1,1037,9
imc39718356e7cd0,17499,,1,763,5
im70ada8d6cf886a,6013,,0,614,2
im592708716bcf28,7772,,0,762,5
imcafb19490f884e,12031,,0,1198,10
im1190453dd58e33,484,,0,1012,8
im69b9af0d16430c,17338,,1,480,1
imff57a5a0fbe37c,16906,,1,1315,11
imc24f41232e6548,6014,,0,1760,13
im796ad3938cf4c7,13163,,1,446,1
imb18e4690deaa49,12035,,0,925,7
im812c47d095c8b6,1749,,0,854,6
imf605f7d63b46ea,9962,,0,1273,11
im0ebde0b3148016,22589,,1,2183,14
im47577d9b4d8512,3966,,0,254,0
imf0d98e38a98a11,4367,,0,240,0
imc3572d036d64f8,19097,,1,509,1
im0fc3996b6cae4e,11372,,0,908,7
im2bc2294c737c64,2482,,0,2993,15
im5dda4c61d00654,15960,,1,2831,15
im1055cc7350f1af,11015,,0,2914,15
imd6b0e0fc028799,8569,,0,723,4
im9245c5d42da10a,21262,,1,1888,13
imbec1ba3503b304,14881,,1,748,5
im7188f2643d7327,13739,,1,2507,15
im3474e39c7f62a1,5185,,0,1163,10
im92abe7002cb963,14122,,1,1364,11
im529824943c8a68,1214,,0,2447,15
im170c7f052858d6,9804,,0,755,5
im7361f67d63b230,9957,,0,1069,9
im27cee01c7a3581,19114,,1,1718,13
im41140b7d319b90,15039,,1,400,1
im6b8c95b4e4251e,22204,,1,1726,13
imfd22e26ee7ae95,2345,,0,943,8
imc29100b96349a3,11844,,0,2195,14
im86282fb28ef67c,7914,,0,894,7
im8e740db0dd1ac0,19595,,1,721,4
imd861b1a23a7b36,11766,,0,673,3
imca40873b0390ec,8315,,0,2194,14
imf702910d1cff56,19370,,1,1800,13
im325772525a6710,5459,,0,975,8
im16a0087e1ab6b7,12736,,1,941,8
im867f01607a316d,13326,,1,2489,15
im90763795477491,13713,,1,902,7
im79cd800497dfa2,15051,,1,993,8
imc82555ed575e9c,19447,,1,702,4
im504414b23a43f4,17853,,1,504,1
im816c2adecfd7da,15810,,1,1213,10
imf65ed8c17fac94,2921,,0,606,2
im70757b6b4aa5c0,7171,,0,1729,13
im4a63fe568314a9,9767,,0,739,5
imc89908e9a597c2,7296,,0,1271,11
im9563702572489a,12399,,0,793,6
im379e6b0f3d9542,24467,,1,1473,12
im625f2e046569fd,14549,,1,1700,13
im0148f48387da0c,18200,,1,2021,14
imd442b2a29dc808,8509,,0,755,5
imd815a45cd9739c,15410,,1,1873,13
im5346cf029830cc,2359,,0,646,2
im852b1c5571146c,6067,,0,2330,15
imafddadb9bd6c51,23574,,1,691,4
im78a60f4b2fc430,8762,,0,1122,9
im26e77a9cc587d7,18721,,1,1616,12
imd200068f50c991,12524,,1,613,2
im4c81ef0e9e92fa,683,,0,796,6
imce7f6ea2481385,8775,,0,591,2
im75502ee9f2861a,4741,,0,1217,10
imb0c6e34af50709,22391,,1,764,5
imf4bca18c816845,5869,,0,1145,10
imd70da9ced2b7c2,5885,,0,2247,14
imeb97daa022f7b5,18191,,1,1389,11
im238446916dc3f9,20093,,1,1580,12
imd0e3fe05db3a48,453,,0,626,2
imad99b78c50f396,14598,,1,1610,12
ima72cfc51983c8d,5122,,0,649,3
im190fef0b700de7,11180,,0,853,6
im423c78d569f44f,20866,,1,710,4
imc70098d80df9e7,7977,,0,1852,13
imc1ef538defdee5,3288,,0,1181,10
imaf5a7fa67b1f34,13287,,1,1192,10
im15a7807d04822d,9981,,0,822,6
im6f989d5884457b,4094,,0,944,8
im4bb5aab3d736b7,21341,,1,1328,11
im340f089de98629,8982,,0,1920,13
imb1ea73ce178769,7632,,0,1547,12
im78f5c1c68552f5,7225,,0,503,1
im75a7b9cfa5d072,12991,,1,515,1
im2326acc9ccac06,399,,0,413,1
im2a287c5ac5f482,930,,0,1716,13
imb3be4925e9dfe0,5233,,0,737,5
im396ed4f97da535,11542,,0,777,5
im60336f90163153,21668,,1,938,8
im9a04eea6959a62,7542,,0,1000,8
im0712a5d825d34d,19939,,1,1007,8
im6f338b4b9b0730,22943,,1,816,6
im1fe053f28bb020,14346,,1,2993,15
im73940d1f137024,7476,,0,841,6
imdc21bb053a7199,20104,,1,1197,10
im12b7d12793ccd2,22442,,1,1065,9
imc06e7fde55dbe3,1929,,0,2766,15
imc58dd64c53f28e,16836,,1,794,6
imff77dba4a23581,5948,,0,2423,15
imdb88581170c5c6,1647,,0,1012,8
im372e7d7ecd7b8e,7779,,0,378,0
ima2f4bfdce25d84,1413,,0,1624,12
imf964e0fafbfb51,14292,,1,1489,12
im9a259d568d93a4,21166,,1,2162,14
imfd5d362b77d8b1,17011,,1,637,2
ime62abcd337d64e,9188,,0,704,4
imbed72ebd293c1a,17251,,1,1007,8
im0e1f8a2eadc0da,7753,,0,383,0
im556fb1f50d5798,12418,,0,1325,11
im5647af58969971,674,,0,2585,15
im8ada64179fadfb,1409,,0,773,5
im94caaed543f064,16405,,1,874,7
im171fc33e10f102,21296,,1,1075,9
imf771248e130b9e,758,,0,1492,12
imdc042f7b1d086b,794,,0,853,6
imac77c3f0518f06,5849,,0,2618,15
im1a3d4d24aa1dd2,10594,,0,268,0
im276d4cff16bc28,8229,,0,1177,10
im347fa6101bdf11,2789,,0,727,4
im7beb184b0049ad,14199,,1,980,8
imc9ce5b8afc8e18,13236,,1,2945,15
im38a8dca871d0ea,16916,,1,958,8
imeecf0c398c7526,22167,,1,1348,11
im79ebdeceb63ce9,21235,,1,1926,14
im84fc53bdc186f9,12460,,0,1720,13
im971de483ed02aa,678,,0,675,3
im92711969586501,10656,,0,823,6
im467778a28bd134,6388,,0,1510,12
im6a3bc76c14effc,10233,,0,357,0
im9741112e5c9637,24864,,1,658,3
im9bcdd881428068,10572,,0,502,1
imdb3d138a462b6c,21766,,1,680,3
im20e9e552cacbfe,8517,,0,786,5
im6010f75b24e335,3238,,0,908,7
im0aecd408d5e76e,111,,0,2421,15
im7f998c7b19f202,21654,,1,529,1
ime48c4d2710fc62,16443,,1,2458,15
imf36a6aa5756636,20954,,1,462,1
im974f0d2b2c680f,24192,,1,644,2
im104488417410ee,412,,0,1616,12
im95b710b12b703d,3042,,0,752,5
imb36b3590e30fab,13764,,1,1932,14
im63b6436acc3f8b,24817,,1,1135,10
im84b29602913f61,15814,,1,702,4
im5ab665151459a9,1486,,0,647,3
imb4d9ce438e8eb0,1893,,0,638,2
imaf99fe1656e992,23047,,1,1741,13
imb2596b0e68b63c,24746,,1,1422,11
im877366a01be0e2,13097,,1,1138,10
im6ac4601a78d659,742,,0,1125,10
imd595cd323fa0e1,10861,,0,1028,9
im221cd9d220521f,6083,,0,1450,12
ime65b6a132729c2,7257,,0,734,5
imd40f8abee0e366,22641,,1,1131,10
imd4b132a62d89e3,9785,,0,1472,12
im71bccb9191138b,10541,,0,2035,14
im7c45ebaf5d87c6,17134,,1,1763,13
im47ee63053c529c,12069,,0,2145,14
im23897a430c7344,15743,,1,2647,15
im429e33220609ae,22538,,1,1139,10
im4751c9f2da29df,12091,,0,2132,14
ima9e3e9636dd510,1227,,0,1023,9
imff71bcc7ce2796,12009,,0,1052,9
im1160ecae065caf,18719,,1,762,5
imef0a1423ee326c,225,,0,698,4
imee3206f822ea77,22766,,1,1010,8
imf90c07382f6d51,7039,,0,1027,9
imdd5430cf73e912,6110,,0,1479,12
im958ff5caa951d8,15737,,1,1118,9
imf1183311b4af33,18461,,1,1861,13
imb3c1a610ce993b,6820,,0,830,6
im60bda87c327da2,15083,,1,688,4
im14d8586d4ded60,12556,,1,1248,10
im7626e5cd20ff48,3922,,0,645,2
im8630e8fdf87f5c,24936,,1,364,0
imc9adc79e2e6979,16645,,1,921,7
im268c7f3c4f3ae5,13820,,1,307,0
im9c565bf50e2056,14069,,1,798,6
imb61c6eaed053e8,19755,,1,850,6
im6625fa60275e6e,500,,0,2467,15
ime6ae70879aae8e,15817,,1,751,5
ime52cccae105df9,12716,,1,1056,9
im517574cd2bbc73,6769,,0,1049,9
imabc342a8c1653a,9622,,0,412,1
imb7a5f53363c453,15666,,1,2234,14
im361f1aa2569a32,8410,,0,892,7
imd856040cc863a0,5845,,0,1645,13
im67d5de100c0109,15163,,1,1345,11
im5821ad4c12e588,4876,,0,1382,11
ime200714540a8bd,13044,,1,820,6
im5ea322725a5a66,8191,,0,337,0
im47e4215d321039,6990,,0,850,6
im4a6ac692e072eb,125,,0,748,5
imebcf31be24ba5f,21553,,1,2475,15
im18ed507adf9a79,16710,,1,266,0
im72afd675982d8a,23784,,1,1198,10
imf18c53c198fd38,807,,0,1086,9
im49b8a6a70fc54c,40,,0,682,3
im75d003cea7c2a0,22990,,1,970,8
imd5bd9c6d55fea6,4559,,0,937,7
im2e5832edc777d6,15774,,1,389,1
imba1100f390fbc3,16078,,1,1017,8
imada8506e02b738,9325,,0,484,1
imc4b30db49252d5,18038,,1,1211,10
imbe0852715af874,247,,0,1784,13
imb450856522076e,20899,,1,181,0
imb225d0d301ba6d,12483,,0,544,1
im0f4dade87f9404,88,,0,1539,12
im8b2ca599aa392b,16310,,1,1257,11
im21426c8dcabf43,21598,,1,1853,13
im6753447ceec846,22018,,1,188,0
im49dd080657bbde,22323,,1,778,5
im00bdf899b7216b,2065,,0,778,5
imc0be5d07d99edf,268,,0,272,0
imbce135b1644dc4,7141,,0,757,5
im0a343ef2aa69cd,13289,,1,727,4
im16faf7384b0db2,12552,,1,2038,14
imdd6a5518ad0ae8,4073,,0,597,2
im02610e86c25605,3195,,0,1362,11
im42c86c2e1beb7a,23423,,1,2470,15
ime1e414e897d0de,20868,,1,1089,9
ima7bf647bc9d226,5169,,0,640,2
im8168c9d2efb0c5,21571,,1,1950,14
im69e3bd160e559f,20791,,1,998,8
im5c642098c75d0e,20607,,1,1078,9
im43a1f5364ef49a,20713,,1,581,2
imf8ac26149667a8,10553,,0,572,2
im77e1cf2992ac94,8523,,0,2785,15
imea336fdbe474a6,10862,,0,733,5
im033253745c9d67,20641,,1,2164,14
imdc1baa7b98b285,14325,,1,893,7
imf76f691fdb6924,2853,,0,2335,15
im98138d959ac2e8,1071,,0,1494,12
im07bf7a0a64d8f1,11973,,0,2942,15
im82977455e27cca,3945,,0,734,5
ima123e486310671,15022,,1,102,0
im0f001ef55228ae,5082,,0,930,7
ima4824739b95831,22882,,1,1204,10
im87d91143b3c251,22525,,1,383,0
im90217505b906b5,5824,,0,1866,13
ima30f449bc37c25,22940,,1,729,4
im41898219db25a2,23679,,1,1936,14
im1f1cda9387420c,14146,,1,246,0
imbdd25b9a466116,14856,,1,996,8
im03a06bbd331a1a,16506,,1,2326,14
im75dc0c1955d44d,24049,,1,1147,10
imf361c1715a8365,23905,,1,1238,10
im7aeadc0192d4f4,3442,,0,1042,9
im0657410e5f2f31,4109,,0,544,1
im12e1aed01cd96c,1094,,0,754,5
im81e2815228e600,12583,,1,757,5
imf7c9ba638689ec,9780,,0,626,2
imdd82671f392a77,5926,,0,850,6
im3f11ee06159256,21318,,1,795,6
im89c6ef2612d980,1957,,0,873,7
im5764edb619fc45,16036,,1,1083,9
imf4523ab8e98b2d,17508,,1,268,0
im9c1ac07bb6a991,15117,,1,702,4
im83ee69b75438bb,15070,,1,238,0
imafe05b9fbdeca1,17099,,1,1315,11
im4d87d6821130cd,16714,,1,225,0
im71dc01bc23c9c0,13819,,1,462,1
im0413187c339700,24893,,1,370,0
im86c0a45cced576,15643,,1,1116,9
im4128df969eeaa4,3584,,0,1131,10
im05976431e9bb74,2673,,0,842,6
imd4cea365f8dfca,13960,,1,722,4
ime00439d5d65b43,9577,,0,687,4
im4e17a31c130e37,15796,,1,1296,11
imffd75cc1743598,18892,,1,296,0
im3ffbb601c31d43,11502,,0,2061,14
ima194da9e6cf646,20256,,1,588,2
imc61b9116dc717d,5657,,0,800,6
im7e0a0a9d2d8904,3060,,0,715,4
im9556849b24b2c5,15699,,1,660,3
im16c46c879ea72e,18270,,1,820,6
imf15204b7c7b0d5,11860,,0,655,3
imeda0c594817f18,11360,,0,1734,13
ime27e611dbab446,21402,,1,796,6
im1b24258bc8f434,4196,,0,558,1
imcc35f4ef1de97b,12674,,1,759,5
imc08e3637735d65,12012,,0,415,1
im3b87bcf881115f,3579,,0,449,1
im56e51ba468ca47,2156,,0,2628,15
imd1fff5606ae6a0,3711,,0,1548,12
im4d70f317a1d563,24109,,1,739,5
im069f848167375d,15315,,1,537,1
im9ba30f56860e17,8795,,0,846,6
imc1308a550c1feb,10085,,0,662,3
im7ec89a53852df7,3165,,0,2120,14
imdfdd498c20c189,23345,,1,643,2
im6cb5b5416f2078,17007,,1,1331,11
imcc880b9fdc5411,15696,,1,746,5
im64ee1441875e17,3361,,0,425,1
imd212eaa6d7ed35,22919,,1,1502,12
im07838a1374b39c,10657,,0,1257,11
im33e6270973926b,17331,,1,639,2
imab34afccd8574e,16814,,1,1878,13
im17a9b53b200890,23950,,1,740,5
imb448f28dba711a,14699,,1,1517,12
im9744db4d83bc4a,21767,,1,679,3
im71ed7e1f5d8341,11230,,0,684,3
im484367d4159861,9904,,0,1832,13
im75c44de417b03b,22734,,1,890,7
im152ce70f0fa991,6246,,0,1731,13
im5750769f8ef1ee,10197,,0,629,2
im5c8ab5cb1b585a,23697,,1,578,2
ime46f30a5fc963a,2586,,0,2309,14
im7ae3c2ff63a0ce,18385,,1,1143,10
im340fa9d08a4288,22298,,1,1277,11
ima6e8a5a953e2ec,8174,,0,1983,14
imc5e8a77bd84ba8,10718,,0,1433,12
im9bf1a14cd540d9,11838,,0,533,1
imef8a22b6e0054c,21230,,1,1008,8
ima77bda19bb30c5,22961,,1,719,4
imce5f33d33e8d05,2023,,0,705,4
im25db41253c9569,15995,,1,707,4
im50e9d1b6dc6196,10503,,0,820,6
im3f8e6f51ceddf0,8767,,0,2049,14
im461161b61af59b,21386,,1,1127,10
im940e780eaf3ad4,14892,,1,716,4
imb4c6af39872d55,3456,,0,319,0
im443552bec69f61,8899,,0,806,6
im48a5d5158a8040,15733,,1,2097,14
imd3b2c9a48c7f62,11761,,0,1041,9
im060553306e1831,12923,,1,276,0
imac338d8f256cee,13021,,1,720,4
imfe8ce3efc3e199,5563,,0,785,5
imd2db572ac1b272,2925,,0,1627,12
im95c7e08e54127f,4842,,0,1515,12
im5b931b20eb9ef9,11287,,0,710,4
im1d88c6f0d14f16,21119,,1,995,8
ima24d192c632cbf,10298,,0,1385,11
ima6dc1a0b1f9cc7,6913,,0,807,6
im317af1cae63f01,9190,,0,828,6
im8b5991e7822141,23532,,1,1134,10
ima5d68ed1f2c7f6,9470,,0,2234,14
im99e5a6e8329a10,16853,,1,1442,12
im09a90f876597e3,20493,,1,1254,10
imd77dc1743227e8,20968,,1,1194,10
im35261e6635a988,2389,,0,1317,11
im9dbc3d7b47957b,6205,,0,696,4
im3dcf20da5228f4,23723,,1,1735,13
imc9883d207b6f32,24087,,1,1025,9
imf6c7e57827b09f,24270,,1,828,6
im17dc7774d4ca07,19764,,1,1367,11
im7b6fc0984ab9a8,20404,,1,1166,10
im611157cf788761,11573,,0,669,3
im4945f79460670f,7929,,0,1473,12
im83d8b5d293f190,12954,,1,1331,11
im82b8b986dab8c7,24346,,1,836,6
im69a31636c21792,23154,,1,753,5
im5d3a88f25cd4ae,10092,,0,2326,14
im6587fbf86a941b,18092,,1,317,0
im9af09ad49d4bf0,12116,,0,562,2
imfae6cf69394693,2287,,0,667,3
im08331d6d8a5033,20500,,1,707,4
ima48fa103f509ae,24520,,1,1301,11
imb806f49c495572,1815,,0,469,1
im6d7efd1d6f92be,20925,,1,382,0
im9f8d530716cb82,13448,,1,2353,15
imd861b839dbdde4,24524,,1,315,0
im1e1adf9306d143,11739,,0,649,3
im81155ad1ac63ad,115,,0,1928,14
im4a8c175ef594a4,23405,,1,2465,15
im53686081d847de,22716,,1,817,6
imf50852c5caa066,10262,,0,1121,9
im85aa951e7b8bdf,10263,,0,1127,10
im2a73731cd5007f,544,,0,2239,14
im52a9a30224b42b,2193,,0,2872,15
im3f4a7e04b87409,9702,,0,2230,14
im572ed0cf7475b2,20293,,1,665,3
imd765a5f6ef95f4,1142,,0,983,8
ima046e899dcb8cc,4652,,0,694,4
imb338767b4f3d56,786,,0,591,2
imaeaa110d8adfa5,10700,,0,660,3
imee184ddd6ac860,13439,,1,2242,14
ima0784228605071,20581,,1,752,5
ime1537ee4ef675a,24727,,1,306,0
im1cbe9297f16f39,8829,,0,1048,9
imdb29d9c6468ed2,15188,,1,2060,14
im7f6af530d6ff4e,2792,,0,536,1
imdcbab769e2deff,3099,,0,2061,14
im852d72aad56414,10898,,0,2308,14
ima9b923b1da109c,7960,,0,656,3
imcdf91cd30cc1c5,22803,,1,1281,11
im6e0f04d547eb45,24647,,1,1106,9
ima611150be60524,3943,,0,762,5
im27897fa997b171,12638,,1,1001,8
imb241ace4d6cb70,12724,,1,2364,15
imaff0c036636bd0,6762,,0,1120,9
imb3ddac38432c78,17074,,1,850,6
im911319d431c0f1,12205,,0,1807,13
im54b5063e7f2aaa,7046,,0,667,3
im07509aaece792c,12495,,0,755,5
imadd2a59e3c4acb,15183,,1,317,0
im7f9d453067dc59,1508,,0,1682,13
im316a5534fd281a,16220,,1,2929,15
im766b643e66bac2,24902,,1,1394,11
im25c6463a7b4e86,10397,,0,2891,15
imd9b02d52bbf4aa,3016,,0,513,1
im8dd357227b2260,22102,,1,1791,13
imaaeac54cf1d66b,20450,,1,422,1
im0313983c7b7e14,6196,,0,855,7
im16040566b212f0,5739,,0,643,2
im5ca7f1fc5ff32c,13282,,1,530,1
im61debbb686572c,5001,,0,2477,15
im597a908f7ae828,12975,,1,2821,15
im595d29b7e0e62f,23987,,1,2472,15
ima5a86eac4d277c,24302,,1,710,4
imb52a6d020570b3,10021,,0,258,0
im3c2e40e12cf4a7,22107,,1,631,2
im41e5ae90a9dc69,21071,,1,2442,15
imf3453b2d0092c5,24403,,1,1090,9
im8a3be081b5b5e2,6594,,0,1626,12
im860418cd3e7f26,24898,,1,1067,9
ima0687a6fd89a2d,17398,,1,1686,13
im51e2c3a709bc55,1231,,0,401,1
im05bdaaf8fc0d89,10596,,0,922,7
ima8b0cb43b20c35,16046,,1,599,2
im3c33a46cf45cc5,3862,,0,1262,11
im24023022e9b7b5,863,,0,1773,13
imd30be5e9c12615,16762,,1,665,3
im2fee4a100ae073,14566,,1,1161,10
imfa5e7360c29a40,1962,,0,859,7
im5ec1867d9c5294,14739,,1,1913,13
im9edc7a58595ce9,3520,,0,901,7
im374e455f08fcb8,39,,0,632,2
imb750c7fe74d083,15364,,1,2018,14
im7a139e6fd66d04,11273,,0,1344,11
imf49ab21c11b0aa,7126,,0,339,0
im0ce120a66cc0ab,5865,,0,740,5
im8274372e9ee0a4,5821,,0,618,2
ime055759e58b1fc,14224,,1,915,7
im0431e4e005c415,14322,,1,718,4
im809b6552a0b761,16589,,1,2649,15
imc99bd0c7d3d26e,9506,,0,652,3
im6225c2b14fea9e,14347,,1,680,3
im3b89f28afb7cd8,3681,,0,1053,9
imba6a91f731de2c,4341,,0,726,4
imfbcfb5bbaa5284,20831,,1,494,1
im93808ecd1533a6,10407,,0,660,3
im8c7081f133a3e5,17731,,1,463,1
im7243cc215b2782,21848,,1,824,6
imd8f75b00b2c51c,7539,,0,948,8
im802f5e6db87b54,2479,,0,765,5
im2f049a34ca1bdf,10419,,0,1004,8
im6fc9a5b7dfefab,1072,,0,713,4
im4360167b1f507f,2959,,0,1835,13
imd1e2065b67d199,710,,0,906,7
im8458b56f23b975,7768,,0,2171,14
imecd41b8214f621,8433,,0,635,2
im5d7d32bde67b01,11021,,0,751,5
im4729573f26778a,17028,,1,1596,12
im55c6e682f6baae,4245,,0,945,8
imd616666693ffc8,23342,,1,672,3
im9015b47ff983be,24318,,1,431,1
imbf1bfc24dbb3e6,17690,,1,380,0
imbc2f9540fc25e7,11102,,0,787,5
imf9bb865e8831e0,3379,,0,980,8
im857c92c978a0fa,13114,,1,846,6
imc9392170d0890e,16797,,1,553,1
imc278462ec2c080,5587,,0,2742,15
im6aa8860ebba14d,18434,,1,331,0
imf1843d69fc6607,11676,,0,753,5
imb0450da06db7ee,24795,,1,968,8
im87d82ae5eb01a4,18601,,1,433,1
imdf349ea5901099,20775,,1,1614,12
im6ac3ead723a943,18561,,1,1192,10
im9b9bdca883e356,14656,,1,781,5
im45916eeea481f2,10077,,0,106,0
im6b44764b71bb54,11885,,0,561,1
im78436df3e5a67c,20584,,1,634,2
im0c8fb69d05ca92,13840,,1,477,1
im915a0644163002,13932,,1,2193,14
imdf87d982c2ceaf,17532,,1,631,2
im5dd9d6918e4059,6667,,0,2414,15
imc06fb475c43bbb,6656,,0,1209,10
im4a8203daa09f40,4536,,0,1982,14
im3920fb78803e56,1225,,0,1395,11
ima247d3eb3f3a63,2582,,0,545,1
im18b9a8f44162c9,10754,,0,280,0
im37ea5f4d10329f,20102,,1,831,6
im9c0e57a6f73550,3045,,0,571,2
ima05e426d44242d,13716,,1,1042,9
im40ffb28d1a7b75,23146,,1,890,7
imb05c58596cc3da,24786,,1,583,2
imf87bf076e59c85,6795,,0,692,4
im26a8cae1a70148,7995,,0,2092,14
im3b104ffe3ae120,13193,,1,477,1
imc59aa9d894e6b9,3228,,0,1174,10
ime8326873263a2e,4243,,0,620,2
imc70ee48286ee29,12327,,0,766,5
im85e58b37619272,16201,,1,861,7
im3fd8587f397903,3439,,0,707,4
im6949fae918e084,14588,,1,796,6
im982fde848448d2,986,,0,704,4
imda2ef81547b068,20441,,1,2454,15
imb9566cc48161d4,12485,,0,2109,14
imea822985a87640,6927,,0,718,4
im60b30691aedd51,22889,,1,1243,10
im01ff7fb7e7250e,3984,,0,655,3
im76c7f3c857de80,20922,,1,714,4
imfea4a86e9e1749,538,,0,755,5
imc9d5fabaf51f7b,16060,,1,799,6
im5f42ebca20446d,22404,,1,2034,14
imc6c56283661fa6,9765,,0,1204,10
imee6597db29b375,2882,,0,2310,14
im3168534cb4ee54,5863,,0,1828,13
im41e23e34d6e8db,8565,,0,1550,12
imaa46f410b489bb,13692,,1,709,4
im66b8d3e594e574,10375,,0,1084,9
im80091336c462fc,13851,,1,2014,14
ime44d6e03d25cd4,159,,0,816,6
im1ee1af5930bd5a,5373,,0,919,7
imab24411f3ada92,2780,,0,1938,14
ima1d719cf8e65e8,991,,0,517,1
imd147578d25646f,14617,,1,742,5
imbba98d0c4288a2,3856,,0,2503,15
im25f91e5c4adc05,6166,,0,2011,14
im73d91cdf0c44dc,15599,,1,613,2
imbf136599343b5c,24823,,1,2263,14
im4be7c9e753caad,10150,,0,602,2
imbb072047c01eeb,15062,,1,175,0
imf337a010e0e1e2,16579,,1,986,8
im29f34c3bf2bafe,2654,,0,1625,12
im0a35633b2933a4,12607,,1,820,6
imb145e5e2a1f12a,14186,,1,1181,10
im0f3e1830345b0b,1934,,0,1157,10
imfb40f60e5acdc2,3486,,0,399,1
imd426f0505188eb,24845,,1,635,2
im8beddc86aaf99a,17689,,1,973,8
im87b92dfcc1423a,8205,,0,749,5
im56b5e7801081c1,19967,,1,725,4
im02f6efe052739e,19266,,1,536,1
im567f416610b164,4137,,0,1880,13
ima3a388b08594a7,23058,,1,2853,15
imff6697279b63fb,1786,,0,2217,14
im60a4bbef1663a0,286,,0,828,6
im94b49f9b3e59c3,23740,,1,810,6
im675c884f1d8d36,13369,,1,732,5
im7a044c655999bd,11286,,0,1268,11
im56282bca3c5f34,18039,,1,410,1
im55bb016b21e0bc,13102,,1,1086,9
im9c7ce574fe6a8f,1124,,0,1394,11
imc9a32bd868f49e,7316,,0,1384,11
imf447b6849662b3,8166,,0,932,7
im3adec155535277,16940,,1,2427,15
im64cbb77b50fc22,3991,,0,616,2
ima60aa48fdf5ca2,5370,,0,852,6
im5f4350aacdd376,14296,,1,696,4
im2a675873fcd900,10045,,0,1039,9
imf1dc408643df8e,18343,,1,871,7
im090488e3ed947f,23505,,1,523,1
im1f70cb6763a33a,3369,,0,1427,12
imeb7a166e8f3772,2112,,0,726,4
imf05a4cac7bf55d,24032,,1,2329,15
im8e266a541d22c0,18992,,1,1078,9
im6185fabad285ef,24619,,1,2159,14
im38c1d1af01e425,9262,,0,322,0
im2f5aaaccc3cd7b,11473,,0,1174,10
im48a44e01d63dfe,13903,,1,1314,11
ime0820c8e5f8562,7620,,0,1071,9
im27820f6afe525f,17232,,1,2080,14
im9e95d1b1711d07,4400,,0,1126,10
imc52095ecbea7ba,22297,,1,650,3
im17b5692c63d7c3,2881,,0,652,3
ime6bd38bd5a4e2f,20208,,1,1159,10
ima750fa495143a1,23223,,1,726,4
im4e495f3ad32799,20662,,1,773,5
im62b5e681b01c58,21961,,1,2992,15
im08ae6f9caeecfb,8952,,0,1140,10
im098a48795f9601,12558,,1,1770,13
imd1d40145533af9,23553,,1,1549,12
im154ef5bd883d41,20174,,1,1177,10
im5948edc1b6d276,21406,,1,341,0
im70dd07a6720126,18527,,1,684,3
im74b50b8a2ed409,12914,,1,530,1
im6cc10147d9a882,1816,,0,2057,14
im6abd30913b1081,24729,,1,2139,14
ima1afcde0071a9f,6557,,0,633,2
imc83f361caea73d,7604,,0,277,0
ime5ce50a265e16f,7832,,0,2489,15
im9e43325e9cb0f8,2269,,0,603,2
im63784490a20c73,22123,,1,2292,14
im004ec785f53242,21940,,1,434,1
im333c447c44c5c4,24310,,1,219,0
im7d52fe28d6d4b5,9127,,0,539,1
imf59afb1268f643,18873,,1,1230,10
im438340ce319b90,22278,,1,2135,14
imf0198d52471c61,13251,,1,871,7
imc9b08d817da76c,14653,,1,966,8
im2d44eff3bb0b25,19735,,1,563,2
imbce2087e230bfb,2458,,0,1022,9
im17156c4d5180cf,21126,,1,1866,13
im83649e66a2d754,16582,,1,785,5
im346ab0bc478197,13945,,1,1197,10
im6e2cf8bdef1fc7,14195,,1,1390,11
im73442007f4e618,6962,,0,486,1
im4d581615e1ba36,24677,,1,1062,9
imbf463e9b06edde,2833,,0,1325,11
imd7198140a33c76,14196,,1,1833,13
imbc715efffceec5,1480,,0,1035,9
imfa58edb598edb5,16817,,1,1035,9
im4fccc3cb78fd23,660,,0,664,3
imc34acd0c480d3b,10265,,0,549,1
imefca6cc3b202da,21344,,1,400,1
ime4488c330c0542,9541,,0,623,2
im801fcfbe61c5c0,7814,,0,799,6
im66bf643a8e809e,17231,,1,549,1
imf1e1f6af8045d5,18377,,1,262,0
ima85b5a75af25b3,3865,,0,665,3
im902650c75fdcbf,22642,,1,1118,9
im8ec3bf8670468f,11606,,0,2702,15
ima387b272196423,12721,,1,545,1
imdf03d310e378df,24296,,1,1172,10
ime2993372edeb96,23316,,1,501,1
imc8b592a91b0554,15518,,1,1297,11
im1d03f22214361a,13673,,1,120,0
im692415da802453,6728,,0,659,3
im932044c1e66bc9,2561,,0,2578,15
im3f659146d1cdde,17921,,1,835,6
im2ec2b7dcebc64a,1738,,0,656,3
im6ada99c2844a87,12442,,0,661,3
im4a87683ef8e347,16917,,1,886,7
im8181c5cf8952eb,15707,,1,744,5
imf14f85817e0291,22799,,1,728,4
im090c44436c1337,11210,,0,800,6
im23c16ef719617b,1826,,0,733,5
imba4982954049bc,11664,,0,792,6
im53071e907f36cc,11984,,0,213,0
im7261fa818e5871,7056,,0,1341,11
im27f525e001e92f,15635,,1,554,1
imf621232d9f3d0a,12236,,0,1038,9
im320bd519cee7a9,6339,,0,732,4
ime85de23cff2323,13129,,1,437,1
im04e306527026e8,1019,,0,2862,15
imeb84f69e1bf550,380,,0,199,0
im5d17a95485b9ef,22046,,1,2044,14
imb50a8465a7efc5,3320,,0,758,5
imc5500cbdf9bd11,24198,,1,874,7
imfb50316e651c99,21815,,1,863,7
im9546f7ca2f95ac,20052,,1,684,3
im7ef3f84ce9940c,9335,,0,2264,14
imb7352e3a38cf55,21307,,1,2970,15
imc05d711f6fa250,17153,,1,738,5
imd48f5164bbee26,17387,,1,667,3
im878c6c3d95b146,18239,,1,685,3
imb8b38546d82886,727,,0,515,1
ima27479f9b88ca4,2794,,0,803,6
imd7a6d79a33ada7,19668,,1,654,3
im8502237f186cc1,19443,,1,981,8
im8986c0ca0b237c,8183,,0,637,2
im629b31c16679d7,17480,,1,673,3
im1edde43afbe9d3,10698,,0,849,6
imd87a1d436bdb8c,7199,,0,604,2
im50d7172b5c57ea,10386,,0,225,0
imc8958ce6b73415,11985,,0,127,0
im0ca8c2a915b68a,14971,,1,715,4
im8a8aaa5f1b8c0e,7590,,0,799,6
imd77cb3e0019f81,8563,,0,889,7
im4723085719b1d7,14338,,1,976,8
imfdfd013314c7ff,9642,,0,1995,14
ima7efccc6c684b8,1571,,0,1253,10
im7d081c290058ac,19245,,1,636,2
im3eaf963e2c6004,17474,,1,1269,11
im41dab66905cb97,8897,,0,1081,9
im99779a1b49f3a1,8091,,0,836,6
imbd34987ccb5a4f,2127,,0,1796,13
im5009b1ec00bca0,24428,,1,656,3
imab9e96a5ab5d60,12832,,1,1119,9
im1780133757a48b,9898,,0,372,0
im7a9167364519e2,14320,,1,2167,14
im003ae0d2e7cb1e,7155,,0,692,4
im85bb8cac45f8a8,14649,,1,646,2
ime81271ceedefd0,22226,,1,1209,10
im9d08b8924aea77,22431,,1,2326,14
ima2153d9d470cdc,22328,,1,614,2
im6b49f23e6c09bd,23970,,1,1104,9
im3097a93a358d5b,10270,,0,880,7
imc29bcbeb41bd65,9535,,0,878,7
im3f77ffc7450081,13507,,1,1807,13
im9de38f60b858c0,12913,,1,613,2
im62046b534dd68a,13909,,1,438,1
ime49eabc4a27b63,23235,,1,2647,15
im5d0c2aa6bd6931,5795,,0,1645,13
im92174c74ae2d6a,21364,,1,1909,13
imdafc1b8fabe216,16687,,1,1569,12
im777a077f707daa,22228,,1,680,3
im8c047f46ae0a17,23080,,1,668,3
im3e52d6f4c0a9c0,6280,,0,1512,12
imaada58614c6bb5,15337,,1,1272,11
im20d96d09e1c0ea,13533,,1,870,7
im6ff30af14db6dd,2980,,0,2639,15
im89443f879421d9,21222,,1,919,7
ima5152f4c881b54,22997,,1,537,1
im00ad2ab292fd98,11670,,0,262,0
im48ae2d253115fd,5575,,0,403,1
imae79876fc9dd13,15095,,1,1463,12
imfc26c082f469b1,20723,,1,337,0
imd93ef7013746e4,15168,,1,2892,15
imffa72e64a5761d,14262,,1,270,0
imd1879cbb27739c,14413,,1,1225,10
imd3bc01bb9c2cb9,15017,,1,2244,14
im498a0a03bf1f93,21827,,1,2057,14
imc1bd20671bfb08,7124,,0,730,4
imbde46bd40ba86c,6419,,0,738,5
im371b5d824621a7,14986,,1,1608,12
imb4885a1c50da80,1293,,0,1942,14
im507aee93a5ca9e,12190,,0,651,3
imce4ac0c9450a11,4963,,0,708,4
imcdc614f434457c,11786,,0,779,5
imd3ea997a16f31b,16212,,1,889,7
im86e48cd53c0640,6082,,0,653,3
imb88f6fc84d261d,12677,,1,728,4
imc5485e0f333604,4323,,0,720,4
im1c106ea5a53986,23988,,1,846,6
im4ae609190c4143,1383,,0,1331,11
ime4ab96aece2775,9465,,0,1530,12
imea5ff3e1a45390,19442,,1,967,8
imb0264a43b5a83a,12527,,1,2209,14
im9432a7cd9f0802,7459,,0,899,7
im797cd15b196570,10506,,0,512,1
ima4473218e7238a,9678,,0,1754,13
imf14180b4622169,9196,,0,729,4
im85c294e6c4de83,889,,0,807,6
im4c3f4e7dfbf9b7,10217,,0,1295,11
imd4d2baad113bf9,13240,,1,2437,15
imf3797f7c5e6d97,4509,,0,924,7
imfad8f18d193231,14762,,1,805,6
imf3b0642c2960a0,12330,,0,1571,12
im49420726c07e02,82,,0,1930,14
ime32ed7ad3c9f6e,18182,,1,1060,9
im3e8078aa3dd161,20608,,1,310,0
imd5f1f6d2f7b145,5425,,0,1161,10
im539aefae7145d9,23464,,1,636,2
imf645853b3671a7,7820,,0,1670,13
im0722935396de92,15016,,1,292,0
im43dac4421f45fb,10020,,0,1042,9
imde94e8554fb76a,20189,,1,818,6
im49285ac14424de,15946,,1,2857,15
im8a802c85ccf1c6,11166,,0,701,4
imd830f7b8b1be15,7128,,0,402,1
ima2583ada8edcc7,20588,,1,284,0
im08ca3f2064159a,6804,,0,903,7
imddc9acf3b50412,17697,,1,836,6
imd0c81d2aa7483c,13267,,1,637,2
ime36da630f8264e,5735,,0,913,7
im5da986b1f63047,12738,,1,660,3
im45d0a84d93fa02,12466,,0,791,6
im2ce37c7603fcc6,2497,,0,854,6
imd56c234cba9335,24721,,1,1296,11
im980c0501032a01,14531,,1,1192,10
im012c754339d9b7,22828,,1,882,7
imefe430c26540cf,5500,,0,1374,11
im74e48094ab5c44,2133,,0,704,4
im43419aa3ad6c29,14639,,1,853,6
im02596aa727f5f7,12244,,0,690,4
im65f5f613c523c4,18920,,1,2399,15
im6629e1db6c84d0,24211,,1,434,1
im5f110b6c6b1f1d,8808,,0,1892,13
im2947f0f804e687,17390,,1,943,8
im32c3cb173f242f,1326,,0,1655,13
imbf8d4399de62a5,9234,,0,670,3
imb5c53906f2b1e9,9117,,0,1912,13
imadcd0545677e5f,22608,,1,807,6
im9198b496d93aea,8807,,0,399,1
ima514725257d4a0,12323,,0,673,3
im8587032785def5,12360,,0,974,8
im6a87df5f5bc145,16788,,1,1004,8
im73f5c7971429b1,22592,,1,647,3
im2db71a8b78ca6f,20354,,1,1002,8
im1f3663d918195a,14138,,1,1043,9
imbc7e00d65ca7b3,23344,,1,723,4
im5c7f10b71329c8,24544,,1,1156,10
im808610ecab86e4,22680,,1,1162,10
im35e85454b8a23e,20116,,1,871,7
imbd8d5d13811cdd,10599,,0,643,2
im868a5db5b1376d,3378,,0,634,2
im5875af8db26f65,7949,,0,669,3
im672c37b32c7269,16472,,1,2820,15
imddb03b00cfa9e0,9525,,0,627,2
ima35efc4e869905,4239,,0,1068,9
imb197e4e7ac40de,24407,,1,212,0
im13575f33cb2dbb,12804,,1,1030,9
imbe729c9b9a5463,9263,,0,1980,14
im788cb1c03863b2,5603,,0,880,7
im81a5585f69964d,22360,,1,813,6
imf05b42e13f0ae1,18690,,1,1815,13
imd0fca52ff73575,21998,,1,2205,14
im9f3da8381cf68e,2138,,0,913,7
im546b9a872786fb,7514,,0,3000,15
im11846a3cedd593,3343,,0,652,3
imb8afdd5f0da052,10632,,0,401,1
im15fadd64fbe739,20477,,1,650,3
imeb24f054d95779,14848,,1,1050,9
im3aa9ab90756940,10884,,0,678,3
im4dea48ac971afb,12730,,1,1103,9
imda96c17d24a99e,2595,,0,2187,14
im29330299270e87,19763,,1,704,4
im0d4c57d3368536,6827,,0,1809,13
ime5883df9b2451b,19480,,1,905,7
im82642d8beffd4f,6789,,0,1295,11
im5457eea72a4db4,1961,,0,1130,10
imbf71f5074aaad8,11746,,0,779,5
imb2b5e594d8f69c,536,,0,1005,8
im7360458d92272e,17476,,1,739,5
im55549fe4b997c1,1482,,0,1022,9
im66ee0d62384146,19150,,1,680,3
imbd747f9b3fec98,3189,,0,780,5
im729aace7273ed1,2795,,0,1559,12
imc24831b78fc667,10589,,0,1122,9
im01b0dca9b9e613,24326,,1,1026,9
im82e03f8d9b7c4e,12301,,0,1399,11
imdbaebc856adfc0,16894,,1,1968,14
im4b5051e1272d3b,5357,,0,328,0
im369f3b6c205d26,9207,,0,927,7
im5e3df9ad6fa0ca,7282,,0,619,2
im0a98bdecd7c316,10806,,0,1341,11
imb75516763c0976,6549,,0,727,4
imb1ca1d3893c5e0,1587,,0,743,5
im838550b1b42435,13272,,1,300,0
im8e4a62a54689f2,7349,,0,778,5
im76157949fb7736,20130,,1,651,3
im9d565cc064104a,12316,,0,634,2
im0909af93718b92,19531,,1,227,0
im94ee3e5e446e67,9224,,0,970,8
im8264a2ed60959a,7480,,0,2064,14
im50e1606aec17d3,4548,,0,860,7
imbde254f6412c75,12926,,1,376,0
imbf86a667ea9c05,20237,,1,935,7
im558e686d98c739,17718,,1,1069,9
ime8c790d9d4d853,6823,,0,574,2
im4a5ef1bb2daac0,22936,,1,869,7
im282d5af1a7a666,13759,,1,1942,14
im547f7c7ec98236,7853,,0,708,4
im78c52e03609e11,23998,,1,328,0
im9abfdb6765bf99,2106,,0,1467,12
imc15fe4bf4f37a2,24958,,1,2678,15
imb24a6c45f016ff,171,,0,1065,9
im779c1de8baa82b,24672,,1,620,2
ime2d656a0ac372e,19028,,1,670,3
imf80e46255634a0,16756,,1,811,6
im65b28dd6f7f3df,22764,,1,1078,9
im1bae9d60ed788d,5584,,0,664,3
im90f41ecb0ee4ae,2313,,0,639,2
im4690618110cf30,24925,,1,784,5
ime2a5557366650e,24957,,1,2541,15
im577128d0ffe1e4,8779,,0,1177,10
im855470fa9ec0bc,5582,,0,430,1
im7ede93665965d1,21535,,1,2672,15
ime6a6a60d6aa38f,11348,,0,332,0
im808426c6913adf,18604,,1,981,8
im613e205e7a30c8,9283,,0,1176,10
imb433ef6012cecb,1295,,0,1214,10
imd8d2db617d79d0,11165,,0,908,7
im8190da72baeaf9,17038,,1,1298,11
im259de1967adb88,19161,,1,1498,12
im1219c30bc0dd89,2076,,0,2037,14
im4988b2e4204699,19682,,1,1271,11
im75fc0bf7f407ea,6801,,0,1001,8
im2786cefba16efc,1921,,0,646,2
im13e50b04f12472,21297,,1,353,0
imd37d273f1fcd5b,11059,,0,401,1
im9326b24d8090c7,19409,,1,1379,11
im2f621c8d56c12f,11675,,0,785,5
ima781b241210688,10988,,0,640,2
im97e8118e25f14d,10179,,0,916,7
im7a9673280c7a22,19286,,1,1150,10
im80b3f11b401909,20807,,1,1368,11
im63b8cc671fed1a,4327,,0,837,6
imc9e808a38ee821,15067,,1,2744,15
ime6dfdbf4118c5a,20192,,1,651,3
imde88c899970e0e,13707,,1,181,0
im30055b52ecc028,15779,,1,271,0
im35d00c5f6e06fc,23892,,1,722,4
im0b54ba4004c924,8261,,0,945,8
im52d937a392df84,24059,,1,805,6
im2ffeab9f1b69f8,5480,,0,2342,15
im7f643a53649e7f,18311,,1,1703,13
im4b20e27f024a6d,475,,0,801,6
ime786aeabdcd1c7,15094,,1,1704,13
im21f6613cf1b9c5,16241,,1,1575,12
im033c4fc186bb62,2588,,0,620,2
im47b1f397f082f7,7795,,0,2924,15
imf696d91ca6ad51,1694,,0,1592,12
im6174196988e071,22924,,1,2233,14
im923aa06fb75769,17006,,1,2956,15
im32b3bd3c0c3f6a,19312,,1,1118,9
im1ec4f8fa093426,1757,,0,659,3
im72d8767a17cbde,20432,,1,1568,12
im057c44aa94a5ad,22686,,1,746,5
im9108eb7ab2e5e3,17798,,1,1485,12
ime9e2449d0da4d5,6333,,0,251,0
imb79056d2cdf789,22346,,1,685,3
im85a8e1a143e000,15714,,1,471,1
im6fcd3642d06f4d,8423,,0,1915,13
ima61df16992ef10,19908,,1,738,5
imdce1e6f63219a5,20460,,1,545,1
im109b90ec93e375,7236,,0,1105,9
im319f1697d90960,9047,,0,407,1
im22f9e3f5b9f378,4643,,0,1337,11
im33558073eb80bf,4484,,0,1368,11
im6f093af8e113b1,17746,,1,992,8
imf5e26362af67d0,9703,,0,649,3
im6963669c69d313,19988,,1,2499,15
im1a3234923e8d93,16694,,1,707,4
im75c8af7be2e13d,3353,,0,875,7
imb3fb4f3243e6bb,23513,,1,1525,12
im73faf134579017,24314,,1,684,3
imfbc10792c0af5c,24142,,1,1218,10
im4b629ae96c838f,24300,,1,639,2
imf4d94771ef4b5a,19876,,1,517,1
im9171c7258324a6,15384,,1,880,7
ima66b6830b61689,22133,,1,500,1
imc36a1e2f68da2d,9708,,0,735,5
imfda43f932da233,89,,0,1849,13
ime18450ea822cfd,103,,0,1270,11
im1e0610206ecaba,8483,,0,1053,9
im39e6b4e8f01326,14387,,1,1870,13
imc99c7be6235152,6617,,0,883,7
imab241a4c5ee99e,1608,,0,2788,15
im8920e2b67f1b96,17058,,1,1891,13
im950d22f0d8e975,20181,,1,948,8
im8145f951171f3f,12775,,1,1806,13
im1f5ceb5be1e1db,16842,,1,2980,15
ime65fd1258842d1,19429,,1,821,6
imdff55a8dfb5672,16190,,1,777,5
im8ed600f83f624c,7082,,0,1922,14
imea9ef3553a4c16,22387,,1,1138,10
im73a8169e52dd17,14667,,1,1052,9
im083cc92fc6fda7,3965,,0,681,3
im898c8b499c4775,2441,,0,1100,9
im4ef12ba3332826,4369,,0,738,5
imf89240d813b964,21839,,1,851,6
im5b5d512b8f8a9e,16024,,1,810,6
im85a8acbdb4b1be,11678,,0,1908,13
im43f5f05db0e377,3006,,0,1219,10
im6b367ecbae34d3,23289,,1,903,7
im88cbdfd301e958,10029,,0,787,5
imf2c70c7c7e3147,13726,,1,1096,9
imbdd59a1b240996,7970,,0,925,7
im0101faf9b461f7,24595,,1,652,3
ima882895d0a74b5,16064,,1,2172,14
imed65e7ecf0031f,10457,,0,1980,14
imae7edfc8c486e3,16475,,1,678,3
im79a4ce59238eb5,7509,,0,568,2
im441740b42d5e55,246,,0,2321,14
im72a727996b5d97,14730,,1,1386,11
im7c85d19d0d8bf7,5654,,0,2671,15
im8e60ebf5c599ba,8571,,0,1560,12
im01d8439d31d99f,957,,0,613,2
imb4a8c7c8ad8ad7,12398,,0,678,3
im132550782c68c9,1440,,0,1049,9
ima65b74edfe9a1c,21923,,1,1274,11
im87bd4af3d0cd81,1551,,0,731,4
im0f13e93a28c3a2,9204,,0,1241,10
im4c9841c30dde5c,11571,,0,1582,12
im8b641092d9a424,21646,,1,661,3
im44ee059673c041,23535,,1,1048,9
ima3ca293dd0a491,14975,,1,2540,15
im18feb1cd6cb2fa,23837,,1,1100,9
im9de42121a45200,10123,,0,1006,8
im0b0579e1948fdc,2206,,0,624,2
im2dede3b30401b5,17983,,1,678,3
im3d5ad881fa0818,14813,,1,785,5
im0b4e9ae552d55e,1853,,0,816,6
imbb96bbd2285efe,13122,,1,1166,10
im327005619b56d2,1079,,0,956,8
im3bac6a2d34c048,17121,,1,844,6
im0c52587ac6244b,14197,,1,1158,10
im4de0ec5e6d6fbe,2520,,0,1150,10
im1d175e5659773a,12161,,0,1181,10
ima5401f2f4671a4,17248,,1,492,1
im09135c06b061e1,18649,,1,663,3
im5de2a2bd61b281,4082,,0,558,1
imb5d9413af8a0b9,21290,,1,1369,11
imf0fdebb3856543,11139,,0,2007,14
imbc6cfd33197d83,11723,,0,677,3
im06e21759338033,17274,,1,2290,14
im03d9b7278cda68,16536,,1,619,2
im834853d7f9dc4c,1385,,0,1331,11
im2995fdb3007bc4,13846,,1,274,0
im2de6037ae4ec4f,6746,,0,1023,9
im792f6545c6a50e,2747,,0,1961,14
im59341e372898a7,17016,,1,710,4
im0aae14caad7058,5673,,0,642,2
im17240dc681fd74,3254,,0,1431,12
im0ebac17ee50e09,23148,,1,1165,10
im32d7653fd61a59,11999,,0,338,0
im223b96ab8581c3,21064,,1,2136,14
imfa42ba45455b76,15567,,1,975,8
imce3551b4b8b8de,7403,,0,1400,11
im3eb84d23964285,10628,,0,1465,12
im89e45edaa3787e,9052,,0,759,5
im694ad633e71f79,2032,,0,897,7
imfb903e02a3b499,13910,,1,797,6
imb615edf4023995,6580,,0,727,4
imad6860d20540a9,8629,,0,729,4
imd29683a4f51d65,8421,,0,672,3
ime55e17301f1096,10803,,0,1927,14
imcfa663b79f0964,24964,,1,1242,10
im1133695f31a122,22054,,1,278,0
ima24ba49dfa175e,19553,,1,824,6
im672d3e2715d5b3,11043,,0,1830,13
im469cce4dbf3cf3,21684,,1,652,3
im6cb5ff7c5497a3,15038,,1,817,6
ime17017f2ddb11f,24501,,1,465,1
im8bf145288f7c4c,13974,,1,1198,10
im59d8c78cb8d5c2,19210,,1,1115,9
imbc52c26236a706,18692,,1,1783,13
im2a8181bd8576da,992,,0,916,7
imb22bcecfd8c331,13362,,1,977,8
im6b9f02b5e35598,5074,,0,1357,11
im7bccdc66a184d6,7680,,0,755,5
im323277e9f8b2ef,13094,,1,1322,11
imb0668069856a83,808,,0,699,4
im1e5717b8088f53,4232,,0,2561,15
im24e8968d655ca9,19052,,1,795,6
im928f2b828996e4,10034,,0,804,6
imb1a3da178b38fe,3269,,0,1183,10
im69bc4c57ebbd72,24295,,1,497,1
imb2094048f165d1,647,,0,869,7
im29bf2b70b21c1a,3373,,0,1322,11
im52a4a23346becb,21192,,1,2204,14
imbff649dc581db5,11532,,0,1037,9
im48e2f3bae85ac3,14018,,1,2025,14
imc570a4bd82c4e1,4448,,0,386,0
im5704b36def8d5f,17133,,1,987,8
im28de6593eef6e6,8357,,0,2004,14
im2701b1dca36ed3,7984,,0,2957,15
im94408d34a32d89,9061,,0,1118,9
imdc0390daea97c0,6628,,0,1089,9
im51b35fa81aedb5,20548,,1,702,4
im753c72dee37bd7,10905,,0,1442,12
im36ec25d9829ec7,9993,,0,1223,10
imb9cfeb548ab21d,10888,,0,747,5
im7041637dea17b7,21464,,1,1273,11
ima7c285bbb4eabc,2101,,0,638,2
im1f6885f2904ef8,752,,0,1850,13
imc727d466897bfb,12940,,1,547,1
imf71ac96d3b555f,24128,,1,1635,13
im60b4a95573e104,18774,,1,341,0
imbf3a3e2b640c40,12154,,0,875,7
ime632e0b65d87f5,14548,,1,2936,15
imfce5e5d376ae89,1701,,0,779,5
imdc8afe39e2d4ac,73,,0,650,3
im424fc988454226,16881,,1,713,4
imd534da65e7c5d2,20158,,1,390,1
im2f5f9e0072a564,5594,,0,1614,12
im1062197b3f43e6,24084,,1,1882,13
ime11680387614d3,23529,,1,2399,15
im74751acd1a5162,13691,,1,1884,13
im213c55c47925c2,22090,,1,363,0
ima1984e561186ec,13154,,1,1564,12
im93a34a1b3aafd8,22825,,1,1486,12
im2f9ef23756c352,3839,,0,1730,13
im309d6198159598,24282,,1,759,5
im88cbdf3a2f07c3,23826,,1,830,6
imbbb910ffc4a465,16187,,1,1258,11
imc2e503749f0e26,21678,,1,173,0
im7adf4228775f68,24418,,1,1764,13
imcdebfef5f56321,16744,,1,1920,13
ima305a5c4c0430d,20841,,1,2434,15
im068077ee93ee7e,3348,,0,1059,9
imeb53f16230943b,11890,,0,658,3
imbac106f3d01ffc,4089,,0,1355,11
imc1caad395df325,16534,,1,994,8
ima2e4c7a9ebe742,16966,,1,2323,14
im7d10fb7453d3f2,23105,,1,1004,8
im35c3fd9ee4d92a,13964,,1,2429,15
imc8959a6003be80,16377,,1,1352,11
imd9a1670939d97b,1229,,0,734,5
im117721fbb966d4,11696,,0,1318,11
imc547047b0d15da,22477,,1,1315,11
imdacf71b977fd60,2791,,0,1172,10
ime4ad65a087579e,24019,,1,452,1
im4d5be7afb63291,16426,,1,1081,9
im6cae3f6af58052,22198,,1,2399,15
im118eabce54ece0,20132,,1,851,6
imdb3649c5166d64,12469,,0,281,0
imca6a349b719344,16390,,1,845,6
imf597b32ab1183a,2939,,0,480,1
im3da379f3190cbd,18660,,1,914,7
imec70e67053a34f,12564,,1,700,4
imd6bba118c5ae0b,14700,,1,619,2
im1f124893c382bb,22143,,1,585,2
ime28186363711f3,3949,,0,848,6
im29848f3271aefa,20668,,1,887,7
im09a7ec4e70e7a0,20923,,1,840,6
im0ce8c88e04f671,1274,,0,1918,13
im2766920236d929,5606,,0,2331,15
im95de00d74615f0,7857,,0,1064,9
im7b618038366207,18072,,1,354,0
im16e7a90370df18,24509,,1,2499,15
im070231108c7d99,17281,,1,2066,14
imf55623db5682dd,5758,,0,2504,15
im09506d2402e233,10774,,0,808,6
im6a2ead6531e55e,4453,,0,1249,10
im8518af5debac2e,12620,,1,639,2
im73ee2a54f2d85f,8894,,0,1218,10
im28417a32d8cbfa,21887,,1,1033,9
im080213d9263b8f,870,,0,1382,11
imaabbdc7e408496,15558,,1,269,0
imf0aea62744cb8e,15467,,1,649,3
imfb79cffc3677f1,21867,,1,999,8
imb831a6af527ff0,5120,,0,344,0
im88d8a55a58f65a,7045,,0,674,3
im78662189c44fdb,6265,,0,759,5
im4a19c517b948bf,12075,,0,226,0
im7222a467af014c,7686,,0,854,6
im12d8f9b66ab0e6,11711,,0,1142,10
im8164a290a8517b,8131,,0,691,4
imfb09579f2e6c75,18483,,1,1737,13
imd308913ae07396,1563,,0,372,0
im103a24352192e3,23374,,1,2188,14
im798501cdd7ce29,4577,,0,664,3
im6905e579eb456f,22555,,1,1834,13
im74c48664cddb76,20040,,1,1229,10
im84cc6cec0ffae5,9422,,0,951,8
im689b44e825ed80,13983,,1,722,4
im35b466657afff6,14498,,1,1343,11
ima6ade50f35a1e0,20786,,1,721,4
ime6c2a3bbd992cf,23476,,1,1053,9
imbc5749e7dbe675,7100,,0,914,7
im0140daa559d9ba,7063,,0,843,6
im24a55b2fdb90e4,17306,,1,780,5
im830c6e1f023c9f,6548,,0,788,5
im9959ff041114aa,15047,,1,638,2
im0977a987bf4b3b,6579,,0,639,2
im5cf6b394f89435,13537,,1,630,2
im66c46e6e8cb957,13305,,1,1451,12
imd8ad28b633da08,22588,,1,2605,15
im3892a2f510087d,16848,,1,286,0
im6a00ff63c0db7a,2838,,0,1402,11
im5cc8226dea5314,18638,,1,1192,10
ime3b4096f19d5ba,20380,,1,560,1
im74043528757757,5905,,0,2579,15
im6cb6edb4bf93d8,11928,,0,887,7
imcaed2999a1436f,24360,,1,853,6
im95aa164cb882e5,955,,0,198,0
im7735ca2a44090b,12628,,1,2336,15
im201a8eedde45aa,21440,,1,1399,11
im7cf0d28c1eeebe,10724,,0,751,5
im58694751081e36,9504,,0,857,7
im2d7a5deab0ae1a,20198,,1,185,0
im7f8df843294e15,10018,,0,2133,14
imfdf77563383811,1656,,0,301,0
im9d5cbb920abc54,15610,,1,949,8
im3d0899b96b533e,9441,,0,856,7
imcca303ad8f6065,14259,,1,643,2
im22ec2bb7527aba,12484,,0,1999,14
imc8dfb7db5fb49f,3418,,0,1269,11
imb5e456be66ab78,12833,,1,489,1
im0b88a01feedb98,22493,,1,849,6
ime025493d4abe2b,13149,,1,983,8
imb47c1c998dbbfe,15287,,1,646,3
imf920133dded611,22580,,1,1832,13
im3d8efea962fa6d,11495,,0,1407,11
im544792bf673eca,24690,,1,447,1
im465c733d9c8b23,12387,,0,701,4
im59df5a3ce8ff5f,16767,,1,2919,15
im9af11966cf2d7f,2183,,0,1532,12
im637b538c1305a6,13844,,1,1447,12
imc3fba7a6d98eb4,13302,,1,1079,9
im884ea6ddb22187,15435,,1,1981,14
ima935198993577e,15998,,1,1722,13
ima8480f04dfa034,24991,,1,934,7
im8aea6077a439dd,23961,,1,402,1
im3377b38cfdbed8,21750,,1,646,2
ime7fd5b6386df8d,3677,,0,752,5
imd0d24c994f559f,13567,,1,975,8
ima5d120931c056a,1016,,0,896,7
im342b6ba8a709c4,4864,,0,613,2
imcbb7815d512732,12691,,1,935,7
im19bc0d63c5caf9,19084,,1,1742,13
imf1a73291339449,11635,,0,2268,14
imb9a98eeca16845,519,,0,952,8
imce8715f8658939,22736,,1,614,2
im398635896f663d,151,,0,752,5
imea4a5fc26a666c,24638,,1,358,0
im15ac73e7dccdf6,342,,0,1205,10
im43047353de382a,8846,,0,948,8
im9c3350b4afaf5d,1223,,0,508,1
im7e222739542657,16411,,1,1176,10
im7d9794aea6cdf3,22148,,1,273,0
imbdfc7e5fc1e403,4810,,0,1886,13
ime0661495c7b77c,5099,,0,1578,12
im2c39bcb597adc3,5088,,0,1715,13
imf2037c8e84597d,6571,,0,1133,10
imc601fa7d1018c8,22722,,1,768,5
im5392d67b7c1133,5602,,0,1209,10
im663ab8a0c4a7fe,3065,,0,667,3
im6a9077fd537a26,12264,,0,771,5
im67e2015abce13e,133,,0,662,3
im0a78cd6b93c896,5222,,0,257,0
im67f7cb3b28f9e2,16169,,1,951,8
im058d2761c46cf7,3948,,0,965,8
imacb65b6f34168c,23305,,1,695,4
imdd33f649cdd8eb,23420,,1,772,5
im92803f846ee766,21747,,1,792,6
imd58005a476ee9c,15909,,1,1456,12
im6560ea107cd58b,1316,,0,763,5
im5da0ef707bfbb4,23369,,1,2674,15
im0c128541b2d00f,19459,,1,1169,10
imc6e0d7ec64e76b,15024,,1,999,8
imece7b8d0b38f2e,18075,,1,884,7
imf7c0a04cb2d7b1,309,,0,720,4
imdc23e142a7f64e,12512,,1,815,6
im62bf06cb9822b3,3135,,0,1417,11
ima97531791a298f,18238,,1,661,3
im04544769f06ffb,8768,,0,702,4
imed0581f0cfc2b2,9821,,0,733,5
imfa04764a7475fd,20501,,1,1465,12
im29737cd03c706d,24330,,1,456,1
im41738fcc5edb67,21679,,1,664,3
im1b508b82dd47f6,6716,,0,629,2
im2ef11c84f94d1d,21107,,1,1927,14
im5047a6ba14ae8c,17242,,1,2291,14
im3704e10451ce49,14912,,1,1004,8
ima71f30dbb1100f,5860,,0,496,1
imb786cdded6e93b,13757,,1,624,2
im2e30f4a0c0b60a,23817,,1,750,5
im1f723202870548,7928,,0,1142,10
im88a00fe88d257f,11289,,0,1086,9
im6ac6cd142b0b80,14437,,1,2550,15
imdd7c3354c2991f,20622,,1,609,2
im6c362c0d5e01a4,5175,,0,1680,13
imda5e6c2056cade,1847,,0,406,1
im73418f8a460e42,2816,,0,293,0
im395fb25af8fce4,16545,,1,2497,15
im052849fc0aecec,8923,,0,730,4
im9c9f7403ada0ee,17285,,1,800,6
imfe86628a2c1e0a,4342,,0,512,1
im6bb2ab749e1afa,18564,,1,2443,15
im887dab1447e5e6,442,,0,1051,9
im56514383b89676,6243,,0,2079,14
imc750e0d00cf745,13501,,1,1492,12
imbc886bef3e39e8,23094,,1,1574,12
ima49566cb4ec104,14574,,1,707,4
imf4bf6324e4d9f5,23508,,1,834,6
im823dfb65c2b5c8,24521,,1,880,7
imd0ef698c36e493,404,,0,541,1
imca39236deb291f,9672,,0,1337,11
imc1a7197be10e6a,19322,,1,285,0
im483bf55814d66f,20742,,1,1304,11
im0b722d760fd031,15614,,1,1136,10
ime6a40a35d98f9b,8651,,0,714,4
im44c5f7d1f09f3c,23676,,1,1806,13
ima4186d9cb9d539,18746,,1,624,2
imb610f41531072a,9301,,0,580,2
im75827612c5429f,1447,,0,1188,10
im5b7befeed553f2,20620,,1,638,2
im3cc00760b5c5c8,1481,,0,2303,14
imf93334f6c969ea,1770,,0,896,7
im180b88763f9720,7399,,0,624,2
imc95f3edb4a8d17,20784,,1,768,5
imbe7c9407230e3c,15160,,1,268,0
im0b40029358854c,9663,,0,662,3
im4c52ba16ded14f,21884,,1,889,7
im13cec190a11f95,11803,,0,1386,11
imc3233b81cce74a,14351,,1,386,0
im00883dbb6cda72,17657,,1,961,8
im7c688a1c14d7d5,9711,,0,661,3
ima016e3544ea323,7722,,0,601,2
im230651fd1bb4b9,11757,,0,1144,10
imeef6e232a15848,22953,,1,858,7
imb9fc339abfb00a,3120,,0,819,6
im3a42faa0244c33,1090,,0,2419,15
im82a36e5fb64e74,3202,,0,1081,9
imfbb06b82a21657,11551,,0,1870,13
im44113f45bb13f1,12870,,1,625,2
im8c6809ad4799a4,11196,,0,2079,14
imfadab63178d1f1,18700,,1,1260,11
im9169b376814f0b,2143,,0,2089,14
ime2d1c46a193757,21349,,1,915,7
ime634cac43ca8c5,22031,,1,1699,13
im79e0c70f82d018,23203,,1,1465,12
im1d3642896c2299,17563,,1,1597,12
im620cb78b4b3c1c,4522,,0,2221,14
imfd1f47d2f012ab,12284,,0,787,5
imbeb2ac2bce99f9,20212,,1,999,8
im3d9991c8a997c1,402,,0,665,3
im128060b5ea0ef8,2570,,0,977,8
imda6d09efd75810,21135,,1,2467,15
im87e4ca9cd12c4e,19786,,1,941,8
im2b3c8ba8747bc2,1632,,0,430,1
im9c9b570c8d3611,23053,,1,747,5
im3d023faa984e4b,14796,,1,660,3
im1f5a0b7f890116,23138,,1,443,1
imeb81be961e8f4e,16944,,1,503,1
im937b18c915bdf7,18694,,1,1427,12
imd9ea53ad411355,15802,,1,407,1
im2a24751e637433,13547,,1,657,3
im91d4b26a905771,11828,,0,800,6
im0424b8329b5685,3445,,0,892,7
im5b0904f3e3b9dd,22425,,1,1458,12
imdc5ba3b561f8fe,2845,,0,1955,14
imc934f621d72cf9,23052,,1,500,1
imc2dd9daf76ab46,13656,,1,1270,11
imf1f155a845ee66,4880,,0,1376,11
im0f3d61248b7ea3,19446,,1,1015,8
im7c1cc58b3b5d67,12170,,0,325,0
im7a8d5e4f3dd5cb,16553,,1,1460,12
imdfec4dfce15d01,21046,,1,568,2
ime5d2dd0abacf2d,22195,,1,1033,9
im059f4f740f078c,11514,,0,618,2
im914e15dff78e68,24611,,1,1015,8
imdf009c17d07cf4,22690,,1,2275,14
imb4261f4a1b3af2,22843,,1,364,0
imac52b45a79e0b5,13337,,1,1679,13
imad05bcaadad301,2061,,0,822,6
im641e9ae6f5b0f5,12886,,1,776,5
im25f72a18b6e5ce,14085,,1,843,6
im535c146aba8beb,5490,,0,1011,8
im0445add6e2583d,15397,,1,2543,15
im949b32e9f9f611,4000,,0,2151,14
im50cbb5c2fd7406,12835,,1,965,8
im61329cfdc81eeb,13798,,1,1317,11
imf714a717eeeeb6,19259,,1,1108,9
im6d7d16aefdd0fe,7008,,0,979,8
im6eadec83376ca3,18934,,1,967,8
imfbb9a71accd301,18944,,1,1823,13
ime79853eda6db52,14914,,1,1675,13
imf2a67d304c5422,10394,,0,959,8
im29a9372842f73e,12471,,0,573,2
im4eaa4a25509d1e,3614,,0,2425,15
im02e161a1200a07,170,,0,742,5
imff7a9c614c7e1d,9025,,0,2747,15
im9633fc4261c0f7,6307,,0,625,2
im992acdd0ce529b,14783,,1,1517,12
imbfefd756d06c23,14607,,1,873,7
im1ea70889737de1,22647,,1,887,7
im65419a08a74f35,1132,,0,715,4
im7bd09d71bbb8a6,4451,,0,842,6
im10964681f694a6,6459,,0,1770,13
im5faa7844bba31b,19091,,1,532,1
im9ab16121c73ec5,16651,,1,532,1
ima7ebcb3e004ca5,2125,,0,646,3
im26e1791a6fb73b,15571,,1,729,4
im5ad113cdf9b027,7255,,0,2122,14
im993698f0bfc372,22583,,1,770,5
im416b11170145a0,6550,,0,1172,10
imb1e8260bf8f875,8886,,0,2553,15
im843eb1054f6b70,21207,,1,739,5
im1b0647546b5bb9,717,,0,1248,10
imddd8b379a74070,15458,,1,646,3
imb77f9d1675fc62,14602,,1,817,6
imb7d90e5e8c32f1,4306,,0,1238,10
im00846a4250ebf8,6581,,0,463,1
im3227a551c5c06e,20433,,1,1685,13
im066f4001488723,16184,,1,723,4
imdf52dbec007930,16314,,1,1249,10
imc6cf311c66006f,12618,,1,951,8
im117c2c8bd7d297,19936,,1,810,6
im65a1d79bdee150,9819,,0,1704,13
im1c9be3ab94dbeb,4732,,0,1051,9
imf38110d0e22a5c,9681,,0,696,4
im147687f95bc99b,6344,,0,1325,11
im13314926d237ac,7390,,0,1313,11
im53324f3ed525e2,2210,,0,1635,13
im6e1c8462499754,23304,,1,773,5
im6251d91dcaa6a3,2767,,0,691,4
imf1f708b38ac9bc,14481,,1,836,6
im8c948c4169496c,18780,,1,837,6
imbab6c6d0cf554c,17979,,1,1743,13
im0060b89317736e,4133,,0,986,8
im869ac4cd596b5d,13626,,1,702,4
im751933efd39a2d,12596,,1,2370,15
imbb801e60887507,6524,,0,1029,9
im9a274bae587157,9851,,0,680,3
im78491e8a751142,11924,,0,853,6
im09aa9f3e9c80cf,3912,,0,1411,11
im3762188d94f5cf,17003,,1,705,4
im0cfe3f1bcc732a,15193,,1,359,0
imdc60760134ccfd,8809,,0,1777,13
im4dfa8c64e9a726,10825,,0,375,0
im7ac1ae0319cd27,6298,,0,634,2
im1458428cf1b5c9,17460,,1,557,1
im8cc363eec6e931,22963,,1,641,2
imc16af3c12536a9,20506,,1,1021,9
imef77ecc00f5e5a,18935,,1,821,6
im50e406bb4b94f9,22273,,1,697,4
ime1bc3b05a62d09,20951,,1,831,6
im3ea79e28be15c2,21554,,1,1019,8
ima8fa348a757908,24610,,1,1476,12
im9bca5e20308d18,13755,,1,383,0
im489e43ac1e6b9a,18481,,1,783,5
im5142fa8ca9a174,10725,,0,1070,9
im440327d333331d,13906,,1,829,6
im6e58c6b18a288d,4531,,0,809,6
im0469272b4f2966,23157,,1,1368,11
imb0e302cb51ab41,19070,,1,1371,11
imd55b81fd06ab07,482,,0,1647,13
im2789da26611972,16268,,1,219,0
imc8077552141ae1,6490,,0,1471,12
im2e80754bc623c5,16050,,1,673,3
imacf2007fea5e98,17754,,1,1598,12
im731aa76b697d92,24416,,1,994,8
im1e1a04b1766406,22584,,1,1250,10
im8e1addfd17dcb6,9763,,0,682,3
im06b76f7bd2fdf3,3409,,0,792,6
im3f480b2b9d17ef,20572,,1,2948,15
im9c62e5a0aaefc9,6685,,0,642,2
im811e59e8221082,5467,,0,1075,9
im9673c838ddb89e,20781,,1,1089,9
imfd92f4c3e47593,4053,,0,2247,14
im5c26455a1792cc,16663,,1,768,5
imc1967cb771caee,21644,,1,2764,15
im93af449caf7d3f,18581,,1,695,4
imde4d48a2e2846c,7355,,0,796,6
im0bea63ea66f707,2234,,0,696,4
imd211f4ac7a321c,7738,,0,903,7
imf7e735455774f7,8076,,0,876,7
im1cad21653eae34,6700,,0,1387,11
im1fdc52167d6b03,5953,,0,1282,11
imc1c1259b83a5dd,8228,,0,1450,12
im28daa95b3a4fa8,13120,,1,1806,13
im02fdf44b9807e7,13719,,1,786,5
im26ae0b62b0de11,23364,,1,719,4
im4df857bf9a93a8,16319,,1,981,8
im0fa234c88d67d1,3809,,0,293,0
imcb6db6e02527fb,5998,,0,700,4
im62d4811d578739,3176,,0,1431,12
imb151c92326d33e,20273,,1,1218,10
im98f449a5ed343f,5202,,0,532,1
imff0f470ad27683,24381,,1,463,1
imfe29baba8cb607,13950,,1,1408,11
imd4c63e80feb0a2,8215,,0,1376,11
im46debaa433e2d2,6812,,0,620,2
im2c81cd3bf28bbd,16126,,1,1034,9
im039755743acbf8,7865,,0,635,2
im392f0f9b5778d2,19060,,1,631,2
imbe95625b80fb66,12545,,1,1905,13
imf0153bf6c213c5,6234,,0,1606,12
im9d31364258a2ac,24545,,1,2411,15
ime7320782215328,15913,,1,2029,14
imef1a2d3997919e,20676,,1,969,8
im380dc96b8b0efd,11853,,0,609,2
im82ed4f61f95893,18717,,1,2591,15
im9a8b0cd298627b,24590,,1,887,7
im8b68bda67b5e79,15104,,1,803,6
imbb3f9c280598be,5614,,0,919,7
im4b214488517c81,129,,0,1629,12
imb39e2135aa3d89,3270,,0,601,2
im26237eb22bf4c4,21757,,1,633,2
ime32e2ee20ca0bb,8257,,0,673,3
im81868f7296c77d,12036,,0,798,6
im7a64bd7a234eca,14395,,1,815,6
im16cb9b0761624f,15924,,1,1428,12
im2271e94e199d1d,22305,,1,1906,13
im2112f2981d35f5,15502,,1,1490,12
im622dc1ebc29c45,6997,,0,2191,14
imc2a38ec31cb5a8,4282,,0,994,8
im64f1a945b84f0f,10026,,0,1827,13
im309f36787bc392,4935,,0,1841,13
imb4d1440871a0c9,16341,,1,1447,12
ime5cf1d3e57ac82,21174,,1,862,7
im2da43adccada64,17482,,1,1593,12
im8a123a404fed7e,21113,,1,2035,14
imc750b3e97c25cd,24068,,1,272,0
im041ea52c7940ab,5846,,0,929,7
ime1f32873ab39b2,19171,,1,644,2
im93fb7019828671,24670,,1,554,1
im13d229049d53b2,15821,,1,330,0
imf4f4985b33ea04,20235,,1,2075,14
im69d8240e948492,22272,,1,2359,15
im935ffa30118df3,11305,,0,748,5
imc199450fd7f517,16882,,1,265,0
im59b57accd361b8,20474,,1,432,1
im4f7a3da0c18015,21642,,1,2688,15
im6d28f4ce1beae5,9800,,0,1627,12
im1b45ca423af223,12300,,0,1479,12
im8cab9e72166c77,13898,,1,1166,10
im766e3efdf5c913,2608,,0,1825,13
im4f77022c9ea9ef,20828,,1,603,2
imd295427ac9ed0e,16017,,1,2315,14
im7605d5cffc961a,19421,,1,1227,10
im7b9f76443a1abb,7433,,0,890,7
imf4da25dcecf6f0,23495,,1,743,5
im821651286ed8e2,21587,,1,771,5
im100a0855e7bfda,1060,,0,545,1
im7d3ac7e76dff82,23323,,1,256,0
im83bbe4408a8fdd,18392,,1,353,0
imc7412a3172783d,11022,,0,2003,14
im7fada10d939d70,11300,,0,1968,14
imec3e575e6a71ef,3761,,0,670,3
ima94f6540cd505c,22612,,1,628,2
im5f3a785c7f8f1d,4701,,0,840,6
imb46a19dd598c55,481,,0,1675,13
im6534061dff1638,6290,,0,775,5
im3933239a4d4d6c,4720,,0,1298,11
im540ce75681ffa7,16807,,1,283,0
im825cea1b3e4649,13871,,1,1331,11
im162ead7920dfb7,16928,,1,1076,9
im7b7f2c34a08d7b,8813,,0,1036,9
imcd22d37337f75b,7837,,0,1326,11
im95c3d24c26ae4e,6513,,0,718,4
im8c81eb93e49a40,10044,,0,1014,8
im2633a08adcad3d,2258,,0,1030,9
im0a3540b26d32b8,21561,,1,624,2
im39024360dc7d1d,510,,0,417,1
im2337526207be75,23307,,1,782,5
imb9efcfe8dbb292,24415,,1,1699,13
im16e373b320ce81,9989,,0,1318,11
im495967aea9b58b,19327,,1,700,4
imd4ee845d30745a,11430,,0,901,7
imd1255d853166fa,17426,,1,1178,10
im9da8339c6cb906,21595,,1,684,3
im07ab61e335975c,4234,,0,685,3
im0a4666763c4b38,19183,,1,2662,15
im986dca5604831e,17139,,1,326,0
im61a03b6021bde8,14855,,1,650,3
imba87dae9c8da03,17280,,1,2888,15
im5a21403a8f1edc,10497,,0,716,4
imcacf91271d8e16,2545,,0,1268,11
im2a1e498d3e6ae3,10971,,0,1321,11
imef272642d90eb3,24695,,1,1559,12
im619308a6e26883,10873,,0,754,5
im4c5ec24ce103ca,15237,,1,2706,15
im2962bc4be2ff6b,18797,,1,500,1
im84a16d6a448eb9,16075,,1,1020,9
im6441f4740d9af7,11465,,0,665,3
im4fa7a6d1329462,16429,,1,2889,15
imd5deabddf63de0,23072,,1,760,5
im879e509140ec29,8588,,0,700,4
im4d23a5011e0d88,16674,,1,662,3
im03d04ca4729c39,7715,,0,989,8
im5962d0147263be,2964,,0,2821,15
im570cbf467e5b5b,18826,,1,524,1
im1c27e4d075de0d,11798,,0,411,1
im2a108db52e2a11,7784,,0,1055,9
imd75952d9b4ae0b,1171,,0,1385,11
im9af92214dc7548,17631,,1,1097,9
imade5bda65e0d21,14834,,1,608,2
im23ed1234f64b9f,22110,,1,1448,12
imae637786d5183e,20384,,1,2354,15
imcc41d19d3141a1,13522,,1,1225,10
im6dc69f03382bd2,18628,,1,2183,14
ima8580748aa10ff,19922,,1,702,4
imea83dc44c987ca,1715,,0,736,5
im77cdf659138b23,20811,,1,1306,11
imb5d4da61f5591f,21269,,1,2131,14
im1b78825af64d5e,23540,,1,1560,12
imdcd9d395832924,9423,,0,912,7
imc3f87744d44e79,5733,,0,1174,10
im343f577f0f0eac,20681,,1,1716,13
im6fabf851a7ddb2,15045,,1,610,2
im79c4a26b26b6b0,23018,,1,966,8
im11cf0912ffc26e,23263,,1,838,6
imb91c413a347001,8083,,0,634,2
im77f981737c7b1b,9886,,0,853,6
im7b883b6ddf9a94,24975,,1,2021,14
imb9f1d82c45cd0d,18923,,1,865,7
im79c5e573dc9f85,11779,,0,952,8
imc9e95891fd9d10,23431,,1,866,7
imb9659c2d5a2413,13587,,1,747,5
im2205c4b08f47a3,12356,,0,841,6
imad52d92789bbc9,3384,,0,461,1
im348b2497cf76af,13800,,1,811,6
imdc59491c29370a,21142,,1,1929,14
im5c8df63a400b80,1356,,0,430,1
imffc9c9ede15173,2915,,0,2068,14
im02a97ef9b2a71f,21844,,1,1359,11
im6691b949589acd,4473,,0,2183,14
im9537e540348521,16191,,1,712,4
imbb8b84ca877689,21209,,1,1036,9
im9a8011b4ef607f,18269,,1,818,6
imd2534ab33db756,7384,,0,1729,13
im5c5b33a9e60847,20619,,1,1130,10
im78d60ec9b911c8,1131,,0,2357,15
im37364d052acaa2,2960,,0,235,0
imcb5a790a01b085,23931,,1,841,6
im352216fbd75723,13421,,1,657,3
ima95e916928efa0,8833,,0,2214,14
imb892a6b7ec38b5,24542,,1,357,0
im03dfd800bb43da,15826,,1,792,6
im1638c4629e4c2e,22312,,1,1147,10
imf925dbf4f637e0,7248,,0,754,5
im8bc6fc9ca4a193,18764,,1,948,8
imfaddd5cdda54fc,2604,,0,1842,13
im63b99b0e850620,21762,,1,250,0
im5a455577e7ec43,15633,,1,1619,12
im97d6876228ba85,2725,,0,1474,12
im401ec1dad89b99,11261,,0,2898,15
im9d13c568bf0fe5,12088,,0,2523,15
imb0a6c919e964e5,10392,,0,2450,15
im8c144ce072a8b2,1615,,0,629,2
imc39f7d9f0e55de,6249,,0,830,6
im677c50d9c5fed5,14998,,1,934,7
im0fa3fb138d2cca,6255,,0,427,1
im4e7b049cb31bea,11008,,0,996,8
im947879b12611f1,1319,,0,679,3
im91e8ad6369dfe5,18243,,1,1036,9
im245d5a0b8dac5f,8843,,0,796,6
im61ebed5835b3fd,13249,,1,2121,14
im8c33545aa0ae55,10635,,0,679,3
im9c75c78875de60,4581,,0,825,6
im4d2005e13580de,19802,,1,688,4
im9b7b0de51136c0,10471,,0,2413,15
imcd6f1cb9b73c82,8455,,0,491,1
im3efebd06f05d36,15343,,1,629,2
im4c130925f487c1,17850,,1,1207,10
imc9fede8bfd6604,16711,,1,799,6
im1b7a95a785e548,4143,,0,1445,12
imebbc1388378a2f,9888,,0,1826,13
imc2ba770c0b529e,16261,,1,735,5
imdca1699fa2d495,3710,,0,1504,12
im37d02fecbd3d03,22227,,1,1085,9
im968ac8688e463d,12611,,1,687,4
im7c570c2036df1e,22060,,1,843,6
im9ba0849ac7330e,3778,,0,1065,9
im6f403c8e501f3e,1503,,0,751,5
im50e6c68aa678fc,8717,,0,971,8
im6f4e73681d4d5e,18450,,1,1465,12
im0344814b9e9905,7402,,0,1943,14
im98f3f9272d0673,10399,,0,1144,10
im55e3e2eb70c3f5,10293,,0,1127,10
im134bcce26693a5,16202,,1,445,1
im4598262f8dcecf,3110,,0,1300,11
im0c999386fefe7a,24313,,1,462,1
im80b75d1c827cb9,11922,,0,417,1
im6f718650225b9d,2549,,0,1479,12
imf2c8286bf5ef7c,16844,,1,1919,13
imba9ceab40193da,24103,,1,799,6
im792046c7310a13,16396,,1,257,0
im13fd3acf2ff915,12851,,1,731,4
im00b27448d11b7c,4067,,0,1400,11
imb05d8a31623e21,18401,,1,361,0
im44e348ec5e6508,5105,,0,1319,11
im2de670de188416,22847,,1,840,6
im7d4e4c411590e9,16088,,1,2444,15
imcec1cf19bd464a,15336,,1,682,3
ime377881e97af04,20530,,1,396,1
imafe5b62942c2d9,13867,,1,1675,13
im0b57515a352404,2922,,0,584,2
im1b6f0e3fdd292a,13611,,1,347,0
im324163dcdc498a,13548,,1,1558,12
ime1ddf5fd2e194f,7217,,0,309,0
im731dc92eadb3a9,9054,,0,517,1
imac5c24c5de7566,18622,,1,773,5
imf951ec03803c93,15419,,1,994,8
im64d808b102b8e8,4370,,0,895,7
im480d65690e072b,11543,,0,1053,9
im1682d6c6d2c0b4,23301,,1,494,1
im0a1b05863b8569,4820,,0,740,5
im76f3b29ccd8ca9,15198,,1,1440,12
imcbb934b823954b,11552,,0,1845,13
imc3b49631ee34ed,15007,,1,1453,12
im4476978ef834d8,4987,,0,358,0
im87c5654b8db709,6375,,0,580,2
imb54ed48ffa5c70,340,,0,724,4
imb69adb03bc92a1,6532,,0,466,1
imfff971d135bc5e,6981,,0,1066,9
imcbe92e8e84aa4b,9696,,0,693,4
im86c76ae2355902,5250,,0,936,7
im6e2f0a76151ce7,5431,,0,932,7
im5dcaddf72dc73c,20797,,1,1476,12
im3df7126e2b5a8e,21575,,1,1544,12
im2d96f4534414cb,14423,,1,2448,15
im5e3d7579e33100,8352,,0,660,3
im51a20993132670,11449,,0,1285,11
imd5e79de6f6424a,15616,,1,653,3
im2142b30f1bb625,22028,,1,1383,11
im8979768ff6c12d,23407,,1,2109,14
im1e8eb14a1ecf0d,22136,,1,268,0
im42018f0d793a02,2303,,0,714,4
im0e14f4867c081a,14595,,1,849,6
im9c48e013350fd0,22810,,1,578,2
im2b103eb88100fc,16378,,1,2565,15
im7799d1a38fef50,9732,,0,646,2
imedcabf53d451e0,13318,,1,2550,15
imd741f5928ea798,16198,,1,825,6
imf7db8438d9956e,18272,,1,837,6
im6712feca5283cf,8019,,0,841,6
im3bb6828eea9879,15450,,1,336,0
imfe42a0cd2a45eb,17221,,1,1258,11
ima1be071df1cc3b,19453,,1,1428,12
im85e06aa46a81e9,23023,,1,703,4
imcdc5be4b6cf105,2682,,0,2036,14
im59c7bbf89fb2dc,24335,,1,1218,10
imdb6e8dd7605376,24127,,1,1143,10
im1a45254d607302,17796,,1,905,7
im35ae62584b7c5e,11383,,0,725,4
im040883872ac932,15483,,1,254,0
im830fde9c9f7ce3,8750,,0,1228,10
imcca8fba87da8e4,17556,,1,392,1
im2f852eefe44021,11407,,0,830,6
imb19c18ca2f2456,9918,,0,806,6
im9edbb603f9a73a,20166,,1,2551,15
imadf351fb563a1c,13164,,1,1283,11
im5ed97950d5d629,12368,,0,705,4
im59a95fc22038cd,7650,,0,1928,14
imb93906dee8827c,16980,,1,1020,9
im2266f8a16538f4,11795,,0,1393,11
im8bc98e51ef0a04,13478,,1,977,8
im8301ddcbb3a0c7,22643,,1,2144,14
im74f99a0fe6ea06,13765,,1,1496,12
im8a9f175aed5b4b,6697,,0,1191,10
im58533d07567dcc,21999,,1,2947,15
imfd008eefdbe6be,18423,,1,642,2
im60150ec7b23d1b,18361,,1,726,4
im40b0a1a8899d7d,17159,,1,1317,11
im3108865cb40f1b,14140,,1,2490,15
im3ef8b2f3524d48,12602,,1,927,7
im5f6dfd7597d8eb,8430,,0,1367,11
im07f1e8963e7cae,18853,,1,1617,12
im8dc34405180317,15470,,1,1138,10
ime492d9b47a8ab7,23239,,1,736,5
im5d2a282123a8c6,15224,,1,1593,12
im6f0815f2803186,11900,,0,1437,12
imbf16dbbf368d8f,14201,,1,702,4
im5b368db0ba8f28,6224,,0,924,7
im24e083a4f863a7,9026,,0,211,0
im9d7d3f81a6ef9d,14994,,1,1884,13
im0107d183375354,2731,,0,635,2
im8a1e94f69927f7,13081,,1,759,5
im589b2c75ec3fdb,12858,,1,375,0
imb4e2620e93412a,2760,,0,710,4
imc78707488f3283,21010,,1,1096,9
imc86df9bd80502e,22877,,1,939,8
im1b633224c1dd16,1491,,0,982,8
im6532af5f507622,22827,,1,2622,15
im9809591f1e7945,14479,,1,1726,13
im8747966d2ff5fa,10437,,0,312,0
imdee9e3bb50f60a,16997,,1,676,3
im7a4006a98e041a,3834,,0,1006,8
ime08c5c79f7dc46,22744,,1,2017,14
imb612f0c5235bd5,4134,,0,737,5
im352436c78107fe,423,,0,751,5
im7035eb290ed46c,9251,,0,747,5
imd0f081054eba0a,15129,,1,2065,14
im38acb3de986971,2034,,0,1993,14
im13e71e5b079636,5852,,0,642,2
im109dc29969d582,8057,,0,2419,15
im74baa412835085,12649,,1,708,4
im0193035337ca54,19784,,1,1731,13
im735db08c4896ce,14253,,1,482,1
im1349c3368c8a9b,9721,,0,2723,15
ime052df3b3b2b31,1496,,0,838,6
im49a4301e288fc3,17584,,1,336,0
ime135ed7c5a1154,10892,,0,1002,8
im745ec66dbd5bdf,18837,,1,1094,9
im5c65a76f76bb8b,11547,,0,642,2
imf56c7d99ba2606,3199,,0,1931,14
im582b4d813d5772,7902,,0,1068,9
im967028a6775e0a,13559,,1,171,0
im54c07169dad9af,19006,,1,1192,10
im892a91ed501f01,19716,,1,1536,12
ime084135380d2f6,16542,,1,837,6
im6ebb82f71737b4,8633,,0,704,4
im3038cea0259e18,16468,,1,662,3
im48499f3a608961,10362,,0,715,4
im68430b9a52a3d2,11648,,0,737,5
imd2171a261e97b3,3273,,0,814,6
im70f09a97d73d74,17188,,1,1904,13
im44ef7f4a2c48fa,1375,,0,1331,11
im64a0a1f62f0c60,19205,,1,934,7
imb52898fb80fdcd,19761,,1,624,2
imcdd31bfb23fdc5,1787,,0,2423,15
im1dc1c85a3c5085,23651,,1,1392,11
im9522ad202664ee,13939,,1,688,4
im94ec39f3ea2e10,14126,,1,709,4
im296faa1295969e,19721,,1,750,5
im62a14c4938f83e,12218,,0,692,4
im34af7487af47ec,15058,,1,1492,12
im5e17098b5efab3,7339,,0,1383,11
im55385743aea462,18876,,1,282,0
imeef1e97f641586,3339,,0,1987,14
imb0d023079bf92a,2932,,0,955,8
imb9f27c90a47f8a,18512,,1,798,6
imeb705de4238521,7843,,0,748,5
im1f7bff75bd6b20,18950,,1,1671,13
im7b738ba69ce99f,16336,,1,1034,9
imf0c9996adcf539,5076,,0,1573,12
im3e7aa2a7a053e2,8552,,0,230,0
im286206e58ecb8c,19427,,1,706,4
im2e5c3ec5e86323,15200,,1,574,2
imc3cf33df334e50,18384,,1,1230,10
ime9ffed01e3b032,338,,0,394,1
im87983f991f21b7,2596,,0,587,2
imd76f175b333190,24534,,1,2015,14
im429245aa795d1f,1593,,0,1541,12
imb55899a3e70232,23164,,1,2532,15
im171541a45c2f83,8787,,0,701,4
im1f39b4265bf8f0,3669,,0,1124,10
ima127750ca94a99,10711,,0,558,1
imee51d342ad20d6,2811,,0,634,2
imc0a122e55d2583,11338,,0,367,0
im4b472582fd3452,24686,,1,2036,14
imee15c26044a18b,18552,,1,424,1
im827c93d114a760,5830,,0,644,2
imaa6822d2eca730,22996,,1,1335,11
im77395f6f65ee7f,19898,,1,699,4
im5e66d5feffd6c2,12167,,0,760,5
im1a8b5fe5ceef10,4957,,0,2117,14
im89764ba50b1801,16875,,1,224,0
im8f3cb58f366be7,1672,,0,926,7
imfd31c015824faf,23645,,1,2659,15
im9b2824bf6dc795,20448,,1,1614,12
imb9cf2c4677add0,8589,,0,731,4
imcc656010f26e53,21232,,1,1558,12
imccee5fb9a57399,5634,,0,801,6
imf057167882220f,24001,,1,1103,9
imb6bd9021245159,7654,,0,1256,10
imd53209298b6361,3349,,0,826,6
im3c3ca97f3ceebd,9936,,0,386,0
im0241f12687fd24,1648,,0,750,5
imfec9fce87003aa,2821,,0,2461,15
imcded082297b2b1,4968,,0,775,5
imd45832ea039afa,7258,,0,580,2
imab2058951127a1,8380,,0,1230,10
im2ecb287026e67c,3617,,0,2338,15
im8a12a12ab134f6,19011,,1,2091,14
imf4a556bda86dc1,7094,,0,1316,11
im2eeae80c551732,15718,,1,1158,10
im1ec0b415f0e899,18675,,1,585,2
im3da8d29be1364d,2512,,0,799,6
im39aa8157454c68,9042,,0,885,7
im24a0c118ef34ed,7621,,0,940,8
im05c634b7f0a3a6,14839,,1,607,2
ime0a59c7a09993e,14797,,1,690,4
im68e8d52f074614,21014,,1,1374,11
im8b0a7de3c2366e,10847,,0,461,1
imdccfad4570bef8,341,,0,997,8
im44903fd4f81445,1061,,0,519,1
imed58dc9ee74ed1,12372,,0,1004,8
imbb598062caf2c0,1254,,0,682,3
im347da6253cddae,9692,,0,1509,12
im698e19cd8fc031,13427,,1,463,1
im4781ac9dbfff98,8442,,0,779,5
imdc1f938b84cbf1,17102,,1,820,6
im9ac0d04c5d015a,14954,,1,418,1
imb8aa2fb4aee9cf,17452,,1,1885,13
im7ebf02df72abbe,6870,,0,1266,11
im71cfb0d9badb15,24272,,1,773,5
im67d49fac3630b2,4442,,0,414,1
im00871044505bd2,17948,,1,1203,10
im8857eb67a196d1,19039,,1,1083,9
imcddb26a8a8f4c4,15776,,1,1167,10
imb331f607e9c774,21681,,1,693,4
ime218fdb958aec5,2480,,0,716,4
im4088149b61bebd,23328,,1,819,6
im952ced6175d27d,16128,,1,838,6
im4de7ef6f87d477,4550,,0,759,5
im766c755129ff78,23426,,1,503,1
imf1d9f66b44f20e,22338,,1,713,4
im0449f7773c4d62,15184,,1,1576,12
im582051ce213b3d,3764,,0,622,2
im790ffed51df4a5,8159,,0,575,2
im7c77430d818f48,21354,,1,379,0
im45c03aebfd7cd1,20539,,1,1622,12
im38b0e99411737e,24966,,1,785,5
im4068901a0c4a71,7492,,0,1332,11
im57599b827d4498,9697,,0,1602,12
imba270b896b4e10,23257,,1,1465,12
im92747b34ae0505,21234,,1,1000,8
im2d9bc31ba9b1f3,3919,,0,1371,11
im18cef600131f49,20659,,1,1054,9
im75359af52e2614,20754,,1,2016,14
im7889ace2f7022b,19211,,1,916,7
im5b534098813a49,24050,,1,1363,11
im44d34c7a13bf20,24949,,1,1867,13
im3bae46fcc7ccc9,15709,,1,1226,10
im3f6c7a35ab20a7,5884,,0,662,3
im48824eb9c3035f,7927,,0,2707,15
im665687f5dbd6e7,24669,,1,654,3
im0f5c2e048e4370,4907,,0,1108,9
im306f25840579c5,7281,,0,1249,10
ima47d0ca9fce263,22407,,1,1765,13
im19ce354a34b30b,17393,,1,679,3
im7b44808fbcb666,19973,,1,732,5
im95fea7f2e30033,23284,,1,659,3
im933680d65239e9,2688,,0,1322,11
ime6c11717b40d2f,18681,,1,649,3
im46e00ea69ea4bd,5567,,0,1334,11
imae7598b74178e0,816,,0,1113,9
imd196f801dd8792,23638,,1,461,1
ime81a0a1cd23f7b,5218,,0,1225,10
im549c05ec7be2c8,20211,,1,1006,8
imbea0ae42a02285,16903,,1,1066,9
im3762d1fd008de3,21577,,1,1369,11
im38a40de1d0e544,20824,,1,488,1
im99da3e5620fb77,12380,,0,892,7
ima1318dbc854e07,1168,,0,745,5
im11547cbbc26b3a,19994,,1,2081,14
imebc4c25ca4f5c0,6136,,0,893,7
im371774ed6d09c9,15490,,1,1851,13
im0d65f7deef33d7,17364,,1,1280,11
im0c5ef2c8342b39,3488,,0,367,0
ima3725ed8dca913,5653,,0,862,7
imad8af2091f61ae,22051,,1,1075,9
im9b8718c1a9e38a,11912,,0,1170,10
ime1900e089de9e3,5070,,0,1730,13
im9f81db43221bf0,24578,,1,506,1
imcfb84615c8e113,21091,,1,1922,14
im95975b12ba6e4e,14643,,1,1495,12
im0c6aef02961f8f,21089,,1,1819,13
im6f8f8c81603885,21286,,1,1033,9
im56079c6cd03a54,2053,,0,1310,11
ime06f9ace12d473,2906,,0,501,1
im4da507a7e27677,21396,,1,733,5
ima3913365b87eb2,20624,,1,861,7
imde7204bebbf8c8,5254,,0,1585,12
im3ef8d0b2bf1788,7024,,0,844,6
im8f665e658ca0e0,5896,,0,1977,14
im93dceb190e3991,16886,,1,1031,9
imd3fae0f8c1b179,20367,,1,1060,9
im8413dcf744c321,9199,,0,1481,12
imc5c451d435363e,17883,,1,1851,13
im13ac945db05e08,999,,0,1476,12
imef1ec1f6f0af10,2720,,0,1200,10
imd2c0e722f5bf0f,7285,,0,646,3
im185949d9ae0e6c,23940,,1,700,4
im99650a0dde81cb,6190,,0,885,7
imd89e47616440c2,22544,,1,863,7
im792ba4a5781f3e,23747,,1,926,7
imad97442bbc1c80,14812,,1,1657,13
imff78c54f557efa,3934,,0,633,2
imce9cc522b0e06d,2681,,0,749,5
im8c365ed23da611,20534,,1,762,5
im1d13d893a74144,11969,,0,1069,9
imf0cac9a44b6aa2,1226,,0,1203,10
im067b01447adf7d,19473,,1,1258,11
ima49ccbd440b93c,3113,,0,705,4
im91deec796e799e,11509,,0,1088,9
im3c7a34d789036a,6673,,0,1184,10
ima4cfa00e8588f2,10118,,0,1042,9
im219ee261e965e4,2216,,0,1068,9
im7a5ddbc1f867da,9896,,0,1252,10
im826c4e23ec7605,14348,,1,2048,14
imfab559af3566ef,12185,,0,1876,13
im008e8d2953f5ec,7924,,0,1694,13
imd1152b09bf0f14,8771,,0,1543,12
im3490dd40c8f47f,21811,,1,1643,13
im15ff47d811256b,10800,,0,480,1
im6ae5cb5d2fb1f2,2798,,0,797,6
imcdee793ffdf90a,7771,,0,1123,10
im40fe5db452abf2,2473,,0,973,8
im49a8745213e83b,23022,,1,981,8
im591c8448722251,22344,,1,933,7
imfa53a9e157ed3a,5221,,0,512,1
imd122d895ba7e1d,4113,,0,813,6
im8820c1ec640637,16160,,1,691,4
imc08db5cb8db2dd,1050,,0,705,4
im6939f46ab4026e,4657,,0,547,1
im108affc63e3787,11952,,0,907,7
im4f9428ac6caa7c,3590,,0,876,7
im42baaa3e7a9eba,11724,,0,627,2
imc9196d0d5a2bc6,14209,,1,1054,9
im9b48c12c462975,3563,,0,1073,9
im7e337c76eb4c87,14128,,1,636,2
imd13400fe9d5aae,10851,,0,209,0
imb0e1ea9200bef5,14637,,1,1957,14
ima6eafcbe3d28b1,5319,,0,2897,15
im1dc5c6a3c34930,7174,,0,547,1
imc371a035ab74c1,15484,,1,1403,11
imf7284e5d3e8fb5,17915,,1,892,7
imbf35e4021a1edc,15828,,1,2098,14
im4cbda0cea9d38b,14551,,1,1973,14
im3f670b1cf48193,22390,,1,814,6
imed1bfce8ddbe84,18321,,1,1037,9
im709427ec1784fa,22426,,1,680,3
im81ff108bbe611a,4934,,0,864,7
im3da4ed10df6cf9,6413,,0,402,1
imbbcf8aee66f012,19798,,1,2150,14
ime4ef1d2d02828f,2849,,0,1692,13
im00bad092bc8ec5,8189,,0,645,2
imbbc36b22c6ed62,543,,0,2765,15
im0c2bf3caa0140b,21866,,1,1660,13
im1585e8bde2eb11,16662,,1,1694,13
im934b459c8ae688,9618,,0,918,7
im5b47c83e91bf9e,21473,,1,924,7
imc68d0a0265e471,10297,,0,1053,9
im48672c3fdf05d4,4123,,0,790,5
im811e456b311942,19290,,1,852,6
im77875858a6f352,2869,,0,984,8
im75702c6cd832be,13026,,1,2965,15
imdc071bbc663de3,4250,,0,1134,10
im509ea98d552fbc,1209,,0,726,4
im2693ccd539ffc8,19367,,1,1815,13
imcf8b49adf41315,3551,,0,1406,11
imc0a19de33cbc99,11475,,0,2462,15
ima221cbffd83e13,13441,,1,2363,15
im1005648459fa1e,4209,,0,1061,9
im78c6d54ec6c8e2,6257,,0,2258,14
im60aa1ba0869499,3585,,0,543,1
ime264ce1ea856a6,20733,,1,940,8
imb876e66799d97a,10622,,0,1845,13
imabc355b2ef9246,3823,,0,1416,11
im26681dc8ab124f,10288,,0,1296,11
im92c99bb51cf119,3529,,0,1046,9
im6a59b12e7dbf83,23390,,1,542,1
im566bfad13db28f,21659,,1,591,2
im2a5664cc201e7c,4055,,0,690,4
im53982a863ad4a9,17175,,1,962,8
im1a6bd646ffec3d,17406,,1,1053,9
im59ec0dbac31c15,21035,,1,1397,11
imb0af0b68a3caf1,18320,,1,965,8
imc5b11f06f4040a,11138,,0,803,6
im3fa51c46b63aa7,9008,,0,518,1
im81188324b8844c,21335,,1,667,3
im10ed73129777bf,8262,,0,1421,11
im482c1135a65f0a,22507,,1,593,2
im319593e460a067,1051,,0,991,8
imbc16da3446dd33,6182,,0,371,0
im179402ced7a8d3,20853,,1,2746,15
im430866b67cb579,7062,,0,838,6
imd148d0b27f8467,12680,,1,1614,12
im499d4a287a6b3b,14376,,1,908,7
im6164fff7cf6c23,6096,,0,1712,13
im28c73487fea37a,23760,,1,1362,11
imf98b13d7006623,14720,,1,892,7
im97037ffd909c3e,8496,,0,1114,9
im0bc2e7d15a90dd,16802,,1,177,0
im7dbbdb67f869b7,20443,,1,925,7
im6dd06277e9d7ee,12978,,1,770,5
imf0dcc88d807028,12927,,1,1914,13
im63a0e6a7af431b,6931,,0,1643,13
imafad696c401357,19307,,1,1687,13
im7fa97bd3695291,3760,,0,871,7
im5dbcfd15c26c08,875,,0,1737,13
im13a170215247fa,8734,,0,2249,14
imdca9cce9e78961,8059,,0,1013,8
im8e45644fa74870,22733,,1,728,4
imc87ae3299fd186,19090,,1,623,2
imc5d2d93b6907d4,21568,,1,1014,8
imd2f8cee25f648b,17824,,1,510,1
im39548efda617a0,11673,,0,665,3
imd3347dbbdbf5b0,19523,,1,2582,15
imbde3b83f54ba8c,18172,,1,849,6
im7addb50cbc2093,20453,,1,975,8
imb7ad468fc9eb62,24760,,1,2317,14
ima861bbd710643f,7149,,0,1111,9
imfc524036549a33,14293,,1,799,6
im66bd40e40e3a58,18579,,1,1967,14
im4bb46b01de5a40,6320,,0,1052,9
imd3323a0ca5299f,9414,,0,701,4
im75afc24a5193aa,22403,,1,656,3
im5a81021df2a4f2,22890,,1,406,1
im59ed52f4796a8f,23503,,1,2033,14
im8d2f32fe553b53,1997,,0,436,1
im323d6ab3d55cdf,20689,,1,1775,13
im4a705832551d9a,18435,,1,911,7
imd71ec64fc79fb0,16808,,1,1032,9
im3c433c5129221a,14575,,1,825,6
imc8e23f945d09dd,8792,,0,2464,15
im1d4f12b3cab0e1,10823,,0,1132,10
ima9c8d8d90319c2,22964,,1,1733,13
im75a510cbfd0d17,22769,,1,1449,12
im697f2d40b995e0,18479,,1,1332,11
imbdc44974f3f44b,11448,,0,1533,12
imfc8365e8b9ed10,14718,,1,1046,9
ima6d19e86aa3652,6960,,0,575,2
im558befa8fc5652,778,,0,900,7
im9385793176c452,24890,,1,274,0
imda51ff2f46d2e4,7228,,0,1394,11
im6ec1d48191522c,17895,,1,1250,10
im600bb0685d8043,16199,,1,1372,11
imc99dbf40a98ef9,10107,,0,455,1
im391ee11786b58d,12077,,0,858,7
im8514a0eec3a415,11846,,0,905,7
im6a2aefc0bd97cd,9111,,0,1270,11
imbbcf81b4dc1c5c,6883,,0,730,4
imc841be0f3039f2,12560,,1,1939,14
im22adfccd417168,23136,,1,821,6
imaad55dbfd538b4,22593,,1,663,3
im60bbf5d21d7505,22454,,1,497,1
imfdb6acb2ef477a,23120,,1,287,0
im9977cba393861f,23615,,1,748,5
imc4c222d486c7c5,19015,,1,1721,13
im7d069da4af2d6c,17437,,1,2140,14
im2927968000f140,16026,,1,690,4
imd60b3cda95f51d,19160,,1,952,8
imf4f2f6f46c7bf8,14592,,1,1714,13
im777e5d8b58c0e5,14053,,1,283,0
imbd9172917a47ad,12206,,0,1034,9
im046fb9f4906ee4,11962,,0,631,2
imd15ddfeadaa4b3,22517,,1,1616,12
imf4a10cfe3ba1cc,18543,,1,1132,10
im13d7f9ed566f1c,13128,,1,1050,9
ima5e58e193e4c3f,12275,,0,453,1
ima243dc993097ef,6127,,0,1501,12
im250eecff125f4d,14010,,1,158,0
im16b85537c91210,18984,,1,1134,10
imc1fb0b0d33bd5c,14318,,1,724,4
im4ac9604067cc04,19635,,1,601,2
imbdca0d8469cba3,13034,,1,1400,11
imedabdc817776bf,10860,,0,1467,12
im87c94bcda5a2f9,1973,,0,394,1
im78eb0abf2c0c8c,1290,,0,744,5
im3a8500ff2500dd,23900,,1,1699,13
imec8b2ea1e07bbe,14141,,1,662,3
im315410f8f6525c,6203,,0,824,6
imd87bbdd7b8afb6,4105,,0,701,4
im144fc35c50ed55,4540,,0,1213,10
im59da3b9ca11d88,2976,,0,785,5
imb77d7f107bf830,13477,,1,440,1
imc3b7ab91760b08,24246,,1,634,2
imf6ebab5de80c68,15565,,1,899,7
im5497681e2037c5,14495,,1,1306,11
im51cf38b04b81d3,13604,,1,944,8
ima857d81723fe05,15604,,1,1755,13
im8c38aac71e3be8,5090,,0,434,1
im7550ef6ee2c471,21924,,1,1054,9
im0a74f1a04dd1ef,13637,,1,979,8
im1ac9a0852fd225,12138,,0,1554,12
im4df486217afd05,2750,,0,663,3
im2acfe10c4c5a8c,16766,,1,2103,14
imef71c87a74d891,12325,,0,682,3
ima205296a7e9a36,10775,,0,1356,11
im12f90f2af61ecd,14923,,1,649,3
im473eabcf4e5091,4036,,0,652,3
im6431afdb732d87,24244,,1,454,1
ima8477fa490313c,4658,,0,1090,9
im9365bc8723df9e,21746,,1,883,7
im46b976acd24471,20761,,1,1814,13
imeeb3229b56a173,4607,,0,2423,15
imae3f5debe04f36,8312,,0,594,2
imbb2abc899efbab,5580,,0,861,7
im55e3af114486a8,11354,,0,1071,9
imfb7f75a7b88958,19949,,1,1347,11
imfff2f31bb9e1b9,1528,,0,2124,14
im04d4ccea146a6f,24164,,1,698,4
im35875c1140b7a0,16855,,1,2171,14
im3b27179e331abe,24231,,1,700,4
im72347e3b719b30,9992,,0,1536,12
im8a3bc9a59be4ac,12699,,1,1657,13
im65c77f78dc138d,4729,,0,1969,14
imddc3d960bc3b97,4227,,0,958,8
im0b8856febc6ff9,2196,,0,1216,10
im0900c3ffb28a99,4117,,0,1708,13
im2a195d7b10020c,22960,,1,1931,14
imdc597e01443689,10272,,0,598,2
im4c8d20148ec1ea,6585,,0,934,7
imade200a162c85c,19089,,1,1875,13
im40633fb9d49d05,163,,0,1478,12
im04a2437b06bc4d,10030,,0,318,0
ima65cb5612d482a,4329,,0,806,6
im44d41ec9494698,10093,,0,862,7
im952e3ab6171b9c,9632,,0,749,5
im77ed0b322009f2,19620,,1,2701,15
im99b79ca37a14c6,7458,,0,1893,13
imb9d7b62f688ba7,9225,,0,713,4
im2a7670cffa7261,4034,,0,1423,11
im69b58915856d4b,10063,,0,1274,11
imcd55b566ff0fbb,10191,,0,1091,9
im73ded5c6a3074f,434,,0,751,5
im3f04290f686360,20066,,1,250,0
ima9e1545f177278,22032,,1,687,4
im8edb95a229ed5b,18705,,1,2267,14
im80142837996d2c,9130,,0,1500,12
ime5aad4c0122da7,10893,,0,320,0
im45c6d2f9a3b5fa,23920,,1,782,5
im4468c56a2e3fed,12475,,0,856,7
imbd9520aa7def39,7353,,0,1885,13
im52aaa15d439059,2714,,0,973,8
imb996f95af622cc,14472,,1,659,3
imfe4df72c1ae0ac,22521,,1,699,4
imfc4c26540c19a5,7070,,0,924,7
im20eba07feab355,445,,0,719,4
imb160fc6c8b2beb,14326,,1,1710,13
im23b3c86afde160,4314,,0,1194,10
im759ad31cff42f5,37,,0,1542,12
im996135912937c2,24460,,1,928,7
imb1722bc35ae481,345,,0,2307,14
im16b891f4cef0a5,20329,,1,516,1
imead202d35c9564,24027,,1,1011,8
imd4b6524e03ca72,9945,,0,1608,12
im197b97cfb05933,1677,,0,1050,9
im0e130f89894add,7834,,0,610,2
im19ad87b2e27537,6310,,0,381,0
im1d44cef4b61b40,7083,,0,1278,11
im9e659f28ea5e5f,16104,,1,651,3
imdf89dfeae9ee48,20680,,1,1490,12
im9d6b511e768960,4078,,0,1130,10
imc9bbd2c0bbd087,11871,,0,2795,15
imf334f9199b9c82,15520,,1,276,0
im7838e04668752a,11177,,0,977,8
im9ac3d6109fa2d7,8416,,0,772,5
imf2ea689f572aa8,6725,,0,280,0
im6ec9f3bb2308a2,16012,,1,1959,14
im3a84fd70ba42f5,8706,,0,784,5
ime7d812fff993f9,18773,,1,588,2
imef94604053d770,6305,,0,1162,10
ima7fa1005909433,22187,,1,431,1
im4ba28764496462,23624,,1,377,0
ima0a3117f8bace0,17565,,1,812,6
im4b35c3bb5c72e6,8708,,0,949,8
imf21e2e561eb7ba,17841,,1,1977,14
im695bfc1aafe440,2267,,0,2077,14
im23baf5d93deca2,8639,,0,1365,11
ime5d8fa150c03c7,8276,,0,2534,15
imb4eaaeb2438480,19277,,1,1004,8
imf6f73d44ee42e6,3618,,0,295,0
im4ef0a661961cdb,18874,,1,1230,10
ima90426c32c40c8,23885,,1,1299,11
im8e0446307e5f55,9731,,0,930,7
im44f7df96ce8279,22414,,1,854,6
imf81403b0632111,24629,,1,600,2
im80402794af977d,14940,,1,1233,10
imb05750dc9c0949,1873,,0,1551,12
im1e9e725917613b,13590,,1,528,1
imf0a0b406673b21,12549,,1,870,7
im96983dc75f1df2,22241,,1,2555,15
im823badd90b00e9,9913,,0,904,7
im8c5d9a54012eef,4731,,0,470,1
im874d9b13870755,3826,,0,1536,12
im5450b5e5123ed8,16555,,1,2435,15
imadddd26990eb44,7830,,0,2472,15
im162b7e76eda97d,17218,,1,880,7
im634b2a747391e8,1109,,0,2414,15
im4da29c357d46d2,7706,,0,1022,9
im1670af8632966a,16682,,1,2967,15
im7ce40efffdc838,18396,,1,680,3
imd8b4274c1e3a63,9607,,0,1076,9
im9769c0fed0afe5,19627,,1,761,5
im52f74576f4df96,14722,,1,2186,14
imf6f39bdcd47dd8,23522,,1,982,8
im33a8dd8e736aeb,21625,,1,353,0
im988c4fd3d6f635,11591,,0,820,6
imb038b5e5a5bfac,16871,,1,841,6
imf7fcf54b56ce25,13370,,1,988,8
imd5950ff57733a9,13694,,1,395,1
im3c29ffec10b7fb,3780,,0,725,4
imd3e75716e13bb8,2139,,0,710,4
imd0f850c1ec1d48,12755,,1,1565,12
im46d3d387f12ac6,21661,,1,677,3
im72ae083ba9e628,23414,,1,369,0
im7bab8f1893596f,7630,,0,904,7
im2aa8d25abc06e3,9381,,0,1400,11
im71060c8a720f55,19681,,1,2013,14
imacc47bfda0e76f,6010,,0,823,6
im69538d854b1d5b,22527,,1,806,6
imc3e9b45af8ca16,4519,,0,922,7
im557c36be73f506,20717,,1,697,4
im10d9ebf9542337,4678,,0,1151,10
imfec670ab449f80,14156,,1,661,3
im46d3ee52375262,9015,,0,920,7
ime1102a4416e896,10188,,0,1046,9
im700d3885736455,14806,,1,901,7
im9bf75ce69f4a9f,7466,,0,2228,14
im87393c14fd6d82,5773,,0,556,1
ima2d13d913fbd41,6387,,0,871,7
im8f2ceb21ec7879,348,,0,965,8
im73875221c3e790,23548,,1,1004,8
im698fedcec1be1a,22334,,1,686,3
im3affcc488e0b80,24894,,1,225,0
imc50927dd57a125,16316,,1,1320,11
imecdcf56d0d5f80,7788,,0,1099,9
im49758455d26669,10960,,0,882,7
imd80ec88d129cec,16672,,1,773,5
imc8e3fee54b78c7,20466,,1,617,2
im359c62e042475f,24951,,1,883,7
im4fc46a3778dbd1,13595,,1,1372,11
im3c57d98c858cd6,10074,,0,685,3
ime7155e6c13c913,19289,,1,725,4
imf42a70f38a42de,7720,,0,1358,11
im3b74a27744facf,22795,,1,235,0
im391ad45d554811,23821,,1,571,2
imdc73d613327f35,18725,,1,1682,13
im725f7e151d4ae2,24293,,1,681,3
im438706e01d9188,10065,,0,2828,15
im883bd61d7819f8,17399,,1,1127,10
im53dbb8f26f97f0,2087,,0,577,2
imd8be8520e9dd4e,16430,,1,1014,8
im2eb0fabf8b71b2,15112,,1,1294,11
im610e0b13c7c97c,9709,,0,814,6
im033cd377fb920f,3139,,0,1176,10
im95a896a2bd03cb,6622,,0,701,4
im67cdb639405f8a,1353,,0,1995,14
imd8b5140705c4ac,24470,,1,758,5
imb60e82220562f7,4315,,0,900,7
im61674f7e2070b2,9764,,0,743,5
im726134f394a131,1136,,0,783,5
im8db4b999df74ad,12915,,1,1742,13
imf8a392dbd8c796,23922,,1,906,7
im4bc76a7d1c6996,21093,,1,480,1
imf75e79e6238118,20286,,1,1644,13
im3c51c7684c0a95,3624,,0,545,1
imc9d9b38555d408,18360,,1,769,5
im0ac9bbf9c04f8e,7971,,0,841,6
imd832e0117b16e5,5991,,0,910,7
im0414b1008064ee,23078,,1,636,2
im2b215cbd47be20,16528,,1,1165,10
ima31a8ad271e4e9,20609,,1,2715,15
im2685f777b1793c,189,,0,318,0
im9b4d0532a8c4d1,8356,,0,1025,9
imef354841d16ef0,350,,0,662,3
im6696761fe3e26c,9725,,0,711,4
im54b94e14643768,22083,,1,1013,8
imf4a500ec1484e6,13471,,1,814,6
ime530643e068b6f,8237,,0,1667,13
imf099810099ce95,1561,,0,2578,15
im998849002e37d8,3507,,0,659,3
im16b6ee58ee9cae,24116,,1,1082,9
imfedc42dee06a63,17658,,1,1156,10
im0e166ea0816852,9635,,0,1642,13
im68b2f0eb3a4ef8,6520,,0,337,0
imd84e1f203f6abe,7903,,0,1781,13
imcb4f99c5314f1b,16735,,1,690,4
im88bdd594069fb9,14980,,1,1076,9
im8521fad08ea90b,15581,,1,1424,11
im29dd684ae316fb,7299,,0,1439,12
im5b620ab907069e,23171,,1,1760,13
im1691b2e471f08d,8984,,0,1377,11
im84ad666094beb6,15177,,1,723,4
imc2f0ccd78eb5c7,10745,,0,2448,15
im78b59252964577,22427,,1,697,4
imfa992d5a3f2cc2,15195,,1,1055,9
im35b3e00507a6c7,18711,,1,2466,15
imee135a8951e3d9,3575,,0,1363,11
imf92ba12b185aae,9168,,0,1485,12
im281de4f79ff879,21952,,1,912,7
im436ac3fc33d8f5,4567,,0,713,4
im23b41b65100594,6881,,0,2252,14
im58272811f943a4,20114,,1,731,4
im735c149d1dece8,13394,,1,968,8
imfa1f9aac2aee49,17309,,1,2987,15
ima69e0bd14ec642,20394,,1,456,1
imc7c0b268fbe473,11646,,0,810,6
im0e1b3933afece5,16896,,1,829,6
im012a5984b605c7,4654,,0,848,6
im494478ad775053,5780,,0,281,0
im85596fc6da9696,17887,,1,708,4
im31fea86eeda9e5,9796,,0,1218,10
im28a7ad413b4fb4,23992,,1,594,2
imef5314430f8d65,21697,,1,1018,8
im5c76682b78d8d9,16481,,1,1135,10
imb3d67fa298a311,9255,,0,658,3
im3778d87fcc3c08,23549,,1,835,6
imed2dcb68b79b1d,11750,,0,601,2
im1805a234d6ee80,7987,,0,636,2
im889261dc3efba0,9378,,0,733,5
im415ec254b307b3,16259,,1,363,0
ima675b30692d036,4008,,0,2235,14
im9ea495b3b0144b,1867,,0,636,2
im605726fc8a1478,24368,,1,1929,14
im9a96e899e3dde5,12860,,1,782,5
ime431ff988366fc,14204,,1,1515,12
im7c86dd7e771b14,13593,,1,831,6
im573f75cb93bf60,1502,,0,694,4
im14890b23bce28b,19805,,1,382,0
ima661ffacc7be6f,2644,,0,889,7
imdbbd6f2399d676,20427,,1,2517,15
imbacc16ae73a015,3810,,0,222,0
imfa86447cad8521,21735,,1,1163,10
im9c4c045670b0ff,307,,0,1084,9
imedf9a888283bda,14618,,1,1319,11
imee4be9ee6aa174,22284,,1,407,1
im8392dd0c35c7c3,13456,,1,1526,12
imee93b10decb836,4262,,0,1118,9
ima7167765a2a8c0,23062,,1,707,4
im0e985236a8c51a,16719,,1,1171,10
im50318e94760604,7490,,0,994,8
imcb0edeca423bba,22266,,1,707,4
ima175a44c53ac70,22958,,1,1541,12
im4a72b3def61271,6649,,0,570,2
ime2f90b9e388555,3399,,0,848,6
im0bcad56e1036fb,9971,,0,1331,11
im728aaaf90bba81,152,,0,864,7
im9feaf184deeb05,8890,,0,1231,10
im4b60281562426a,19580,,1,1037,9
imbe3fad6ccc4e8c,1366,,0,953,8
imc626fd8deef62a,10346,,0,1466,12
im270ae3ffe3d717,17129,,1,855,7
imd63bd85e6fec7a,4618,,0,1953,14
imf9f753aa44a202,20983,,1,771,5
im95d92b8053de35,6022,,0,1230,10
im2cc638adeb6522,3628,,0,1587,12
im2567aea34f273f,13335,,1,1327,11
imc260eab4a22bb3,6869,,0,979,8
imc2c44d76139291,12038,,0,1927,14
im1df04b9b6f18a7,19492,,1,982,8
im75d6da9d33ca22,13450,,1,1762,13
imdbe0381481c8ce,10989,,0,682,3
im87e3a6db11c6af,17704,,1,2787,15
im5c3f492dc0fa75,12984,,1,1857,13
im50c81022ae4b06,23192,,1,1596,12
ime7d91ec01f5178,20649,,1,1756,13
im0f20c630b20ad7,14707,,1,562,1
im1c30da02793850,23544,,1,795,6
ima4c858ec61ca28,7502,,0,1032,9
im590c4269934ce5,21624,,1,636,2
im523fb83f2a9200,8113,,0,731,4
im8f7b5f00fd63ca,7655,,0,226,0
imac1436cbc8e8fa,2211,,0,432,1
imb45339fac6ca3a,1151,,0,1366,11
imde9e5b9fcd29bd,2021,,0,1008,8
im3e987437a98185,2018,,0,1035,9
ime01919f4aefc2d,16154,,1,1936,14
im6b15d80ba7b941,18001,,1,1390,11
ima3b0d38c8ef393,22125,,1,974,8
im88b0e4f703a7d1,9417,,0,2117,14
im091b8656ff38af,16394,,1,415,1
imdaededda7f91a0,16837,,1,1245,10
im0bfa32ff18d1af,17418,,1,637,2
im87277acd37ba7b,3508,,0,1163,10
imcd0d49cbb52cde,10738,,0,646,3
imd9f2283be6ad4e,12725,,1,1286,11
im8e9e438f1adc15,20575,,1,826,6
ima596f032890a5a,16176,,1,585,2
im00fc3e6d9043bf,11499,,0,1912,13
im98341d377469ab,5272,,0,712,4
im6e4a3274cc410a,9545,,0,701,4
im9156055bd27af1,13849,,1,1723,13
imaf66ff4cefa193,4713,,0,1594,12
imf1da56b8263796,19403,,1,1888,13
im0afffe08313c4a,18123,,1,665,3
im8528bfb6c1be1b,11057,,0,962,8
im5a8065df053dc1,21284,,1,2735,15
im7aee02407a9baf,24550,,1,1562,12
imcb2c05031908a6,18607,,1,633,2
im2b8dd9f8809c46,9685,,0,1613,12
ime5a9ec8fe49430,7189,,0,1511,12
imcfb49582d45d26,13493,,1,602,2
im0e83b17bf0054f,23545,,1,725,4
imb27358ded4ce4d,16185,,1,961,8
im10ed6834f9720d,1724,,0,965,8
imb24408d6a592a5,14200,,1,1849,13
imdc4065510a1ace,21033,,1,722,4
im3029c824664cd5,8332,,0,323,0
im9184e6da22a975,21912,,1,829,6
im0f6b7e0e7d35bd,59,,0,247,0
im51bbba18ff9a67,14785,,1,257,0
im277458d9f2e2d7,21173,,1,686,3
im420d48e2ed339d,18973,,1,979,8
im6e2643e7725425,20512,,1,1370,11
imcbf7c612b635dc,18108,,1,1791,13
ime3e0a9ab2a24fa,7244,,0,633,2
im9d37f255de8f3e,578,,0,695,4
im4724fb8015570d,24924,,1,751,5
im6b403e061cb322,11113,,0,1080,9
im3a7f7d378114bc,6647,,0,365,0
im2940a2b40a7301,17356,,1,835,6
imce75cc636ee02b,24702,,1,1946,14
im93a2f22b371923,7461,,0,548,1
imb42a50baedcd6f,3028,,0,555,1
im67849cdc911b89,12258,,0,1345,11
im3086fb0f857660,6713,,0,1162,10
imeff8763fd543ac,22706,,1,693,4
ime2b5871de574d6,18095,,1,1065,9
im060b093d5fcce9,9602,,0,256,0
imde8c3f291def08,13657,,1,1447,12
imd98aee17482c22,5025,,0,610,2
im4e25372c423d57,9842,,0,1032,9
ima9c350621ab4ad,13299,,1,435,1
im40540d58cc17dd,16437,,1,1613,12
im33c703720ea674,7721,,0,993,8
im8054b2928efaa6,4013,,0,698,4
im45494a4ba71b60,23538,,1,2932,15
imf751d08ccb8dc8,21592,,1,579,2
im59d169aa17c62a,9839,,0,957,8
imcadf57b02c16cf,11227,,0,1756,13
imc0169fa03b7a3c,14334,,1,638,2
im6a7299a64bb94d,12759,,1,881,7
imf3e8dcc131d000,1204,,0,1208,10
imb607ae032fe911,4818,,0,1164,10
imd4be2c92911e04,6062,,0,1017,8
im3f7ce919c0d57c,14312,,1,1693,13
im1c18a4ecf0f178,21658,,1,1539,12
im5efac5b28b9f69,13865,,1,699,4
imbc500e1ac545a5,8752,,0,763,5
imcad7a85a9faa9e,22621,,1,1133,10
im414c35216c6f01,3147,,0,2692,15
im50f91774208681,5264,,0,2598,15
im349d068307209b,9306,,0,1263,11
im7e57febab6726b,18188,,1,337,0
im0f2f36aaea1d52,21682,,1,2053,14
im7521ca56598f8f,12137,,0,1134,10
im8c40a0d4cb811b,6533,,0,948,8
im05efd6dc3dd872,7591,,0,1370,11
im5d80ce509bdde4,14250,,1,782,5
im5c45c9055ee9d0,22811,,1,416,1
im74014b593b2bff,20082,,1,357,0
imf7f1500e1439b9,3921,,0,1020,9
ime6a503920c7b60,18502,,1,1189,10
im39dbc8e6c7f8aa,15169,,1,754,5
imcff252156801a7,13065,,1,2428,15
im36ea4d48ab6049,8731,,0,1164,10
im344830689031da,13943,,1,824,6
im257b57e45ea84f,18593,,1,1253,10
im8431866cc0f78e,2763,,0,2674,15
im6f668c4b775d8c,6222,,0,1807,13
im4be4ab7fe21f09,853,,0,832,6
im54d2432e5ab79c,17859,,1,1299,11
im802dadb7e0b649,23840,,1,2673,15
imb360310fa0acc7,18816,,1,1796,13
im7944bdc19fc512,5989,,0,987,8
im3988ccc20fdd2b,14483,,1,619,2
im869008fc950cc3,19830,,1,1988,14
im8967789b5d3e3e,6131,,0,2420,15
ime84a8df442ff84,7823,,0,242,0
im97683d70774ac5,5822,,0,831,6
im994529309e0532,18702,,1,249,0
im8c22b3e9a30fc8,5535,,0,566,2
im56611cd1f492d9,12987,,1,509,1
im1533dd6637dcb5,3790,,0,815,6
im980da4232da9fc,18969,,1,778,5
im8a2bb2225cd8d0,24065,,1,1809,13
imd5dbe5640cfd92,6043,,0,2900,15
ime953439964f564,817,,0,377,0
im8c48f5c0491956,11627,,0,757,5
im352c7074724d54,23779,,1,1603,12
imfdd268baa50e82,15683,,1,738,5
im6dc74f76ead646,10972,,0,719,4
im87156f9bdb3b5e,21403,,1,462,1
ima51929d086c5b4,20031,,1,272,0
im0237efbc05b80f,17830,,1,711,4
im2736cc3f2c9cb6,1782,,0,263,0
im59929919b79392,1750,,0,677,3
im408cb5455b7cf4,8095,,0,640,2
im95ca6dbb68a47f,23221,,1,1018,8
im2a99f9cbe2ddc7,23559,,1,744,5
ima872a5ee0c38a2,11990,,0,234,0
im3193d023c46d4e,4122,,0,914,7
im866a992d255c1b,14377,,1,673,3
imdceed17e62f232,6534,,0,1020,9
im9aef9c8789c5dd,13017,,1,1438,12
imaf420f202062d4,20527,,1,842,6
imc6a39fb2c7a36b,5740,,0,698,4
im8b085f8ebe5d6b,16192,,1,1355,11
im02857005b913db,12937,,1,874,7
imd586cdec2019fb,22704,,1,1557,12
im3907136d3b41d2,13001,,1,1372,11
im429d5689781798,4325,,0,445,1
im286924e2f25958,3167,,0,949,8
im99cc3d926c0bb1,24710,,1,818,6
imcf6e990fda9074,8920,,0,547,1
im0e80dafa61b662,14015,,1,719,4
im15cf861cc57b21,1725,,0,727,4
im92d55fd7dcb1bd,24665,,1,1134,10
imc6354cbf71364a,24400,,1,1530,12
imd410557e75a56c,20535,,1,495,1
im25a3a6facedf09,17832,,1,1408,11
imd8d1888da5dfc5,19918,,1,1593,12
im3fc5d6877a6b64,19474,,1,567,2
im88120abee0519d,13579,,1,755,5
im597bd78c3b55a6,19684,,1,674,3
imac701ffde80904,17172,,1,782,5
imd64ad709178948,11083,,0,396,1
im1f5503fd041c7c,3073,,0,2297,14
ime76adadc2ea8c9,7696,,0,676,3
im22a9955c37e35a,7979,,0,1037,9
im0f909b9c48ce4f,10145,,0,1214,10
im35593e25dbc9af,13598,,1,783,5
im1c7ddcda9a7e50,2276,,0,1240,10
im2038b695ed5d33,10672,,0,482,1
ime22760ecb712f0,11417,,0,1118,9
im08c1d3bb7c589f,4092,,0,731,4
im468d556030f5cf,18316,,1,2241,14
im93b3b357b4f58a,12432,,0,656,3
im7b36b5c7e8e9fd,3424,,0,966,8
im4777c621958546,13073,,1,2691,15
im449b33c94b0c49,13581,,1,648,3
imbbd3635cffd16e,7885,,0,1010,8
im656a42c49f19d6,4447,,0,1778,13
im0e76dbf2dc2070,17583,,1,240,0
imab0eb2a2242887,8733,,0,1084,9
ima5c754e80f44ad,10119,,0,669,3
imca2a14e78cd9e6,243,,0,541,1
im941bff634c4a68,16990,,1,1704,13
ima4fae0a908ab65,13695,,1,630,2
imc70b714b3e3096,20751,,1,1104,9
imc0d796a7e3f542,24818,,1,1670,13
im638294c923d789,12268,,0,803,6
im413f82102c1d7c,17345,,1,701,4
imc25d31fb41547b,8361,,0,770,5
im91844eed1f7534,7289,,0,939,8
ima57857db2b00c7,24566,,1,784,5
im30485414ce7bb4,1417,,0,681,3
imf00944f3084d87,14777,,1,1514,12
im2e665e99e66e49,1971,,0,1119,9
imdc76da0230148b,20411,,1,2572,15
im88c8cb9cf4b981,19604,,1,647,3
im25c3ee51ea1063,19795,,1,2291,14
im6f5d192d83fa5c,13834,,1,1958,14
im88f57b98903be2,23339,,1,309,0
im428f128f510f29,14563,,1,1300,11
im00acf1e6eb093b,24841,,1,1818,13
ime9bac3c7827f0e,12222,,0,469,1
im4461819f4adafc,2543,,0,2270,14
imecff22bd405f03,2962,,0,784,5
im7fb8d785822403,7421,,0,837,6
imf11f4aaac34eec,12446,,0,741,5
im845addb5b42fb0,8102,,0,637,2
im0620c17380d01a,11445,,0,2721,15
im52e62ea12ad1a1,3903,,0,1816,13
im4ade92e27500ae,6297,,0,1039,9
im6e3e81d6e04732,127,,0,655,3
im4915259d542657,790,,0,1117,9
im9fdf83b7bd94db,18788,,1,840,6
imf9c32e2471ba4c,12052,,0,2493,15
im59a2b3c926a358,22385,,1,453,1
im0108287a33309e,20085,,1,387,0
im2bb44ee7d40b28,2907,,0,1177,10
im1a38e88111499d,6942,,0,2602,15
im64a1235a0455ed,3268,,0,313,0
imb2275ca777c034,19822,,1,2054,14
im4b8f822be0964c,23845,,1,2412,15
imdd78a8b380e822,20187,,1,684,3
im0059dc8881d562,11172,,0,2286,14
im629e55672d5631,24018,,1,1330,11
ima180e0b650985b,9143,,0,1163,10
imf00573682e2286,17359,,1,1045,9
imb74668cac4e83a,14837,,1,596,2
im5a3edd4c73a935,19729,,1,2969,15
im2ab88166fdf3a5,9823,,0,783,5
im9383d9e67f6d08,19945,,1,645,2
imdc8e0586220abf,1767,,0,668,3
im83975c9965320c,14682,,1,345,0
imc9a76ce62a1e1c,22590,,1,628,2
im04f41d95837316,3877,,0,728,4
im059c89001e7179,3863,,0,975,8
im590999a817a89b,16208,,1,571,2
ime9ec348633eb7f,12516,,1,194,0
imf084abaa12363f,7501,,0,781,5
im63df8f2fc77554,20457,,1,2601,15
imd86d4b85f1e9f4,22178,,1,708,4
im50eac8e05c3611,20306,,1,1223,10
imdc5f6de3ec6ec5,1610,,0,1313,11
imdf49a756cca3d0,7610,,0,1283,11
imdd770424470b53,8957,,0,674,3
im83416e2832f4d1,7209,,0,993,8
imdb20478fa12dac,10234,,0,953,8
imf8e44f49a77340,10753,,0,362,0
im8ac892207a5425,8027,,0,856,7
im8a27a518168908,12312,,0,2341,15
ima2398a977c83b7,2857,,0,1371,11
imf5753801989ba7,591,,0,2650,15
im8cbb528f7c7be2,22065,,1,1225,10
im09c3f77869e60f,18619,,1,685,3
im4491fac012563b,10242,,0,1026,9
im70a78558e453d5,19799,,1,672,3
im60f6ce51734e04,9012,,0,933,7
im1572b1e8d7b7db,12662,,1,854,6
im1abe17e89a807b,24594,,1,1433,12
im0cd1884c108c63,10606,,0,721,4
im9a38289cfb8a8c,3029,,0,2427,15
im02729c605b2e88,8008,,0,1799,13
imc0bf901ed744fd,11009,,0,595,2
im9adfe93f89e9bd,14355,,1,1875,13
im9395637ffd19fe,20392,,1,928,7
imabeb2d575bf0ac,2934,,0,2040,14
im5a771998a63036,11292,,0,669,3
im12faca00e8c776,13234,,1,1259,11
im3e18ac065c4eb1,19208,,1,665,3
im69a00a952d3c06,15655,,1,1531,12
im4129e227354418,4437,,0,699,4
im45791ce240a2b3,24210,,1,1126,10
im36535f8c612287,14530,,1,2267,14
im1afd6c0e33d905,24680,,1,706,4
im1fa95e0d2a3457,16266,,1,1660,13
imea72fe989467fa,12608,,1,1111,9
imf4777217dc3882,1255,,0,985,8
ime0e0617e04d677,7057,,0,1542,12
im4995195b2a53b4,16559,,1,646,2
im3dfb5ce7eb8d22,4145,,0,821,6
im9762f2d513024a,9861,,0,1117,9
im9f9f896febdfa3,20078,,1,316,0
im9201bba0a698f1,13177,,1,642,2
im0bec79ebf6b1ea,21851,,1,1743,13
im6a982f23890ebc,15830,,1,2057,14
im699ea11c7acc14,20074,,1,331,0
im3d9d71d9d04fad,15208,,1,786,5
im6b2ec43966e49c,7966,,0,1641,13
im4b758c75b2e0fe,8967,,0,781,5
im152e7b5a64bb27,3114,,0,775,5
im2ac8e0bd00cd2c,2082,,0,660,3
ima9d78d51549d21,4494,,0,2373,15
imab2615090836d6,19680,,1,590,2
im11c6e5941b57af,3247,,0,859,7
im2875f5b4c829ae,23194,,1,1402,11
im5940ab81e3d4db,7818,,0,1430,12
imdcd6a4fd8766a6,643,,0,1147,10
im78261f6fbb82f7,7380,,0,658,3
im4e07c1007ad094,11570,,0,1273,11
imae6d265f11d757,7188,,0,1672,13
imd73b681501fd01,939,,0,947,8
im5b654b359120c3,14406,,1,594,2
im6ad1c1f6e45942,14005,,1,608,2
im4a06b107e8f3b3,4798,,0,547,1
imfb53ac1079d5f0,10642,,0,2855,15
im2d056bef4f674b,14148,,1,1371,11
imbded6ef6b13c51,21915,,1,1678,13
imc0ee013bb69883,5969,,0,1990,14
im08838d4a6aba1f,15841,,1,634,2
im3d80274089a50a,21228,,1,1624,12
imbd6f650aaf9cf8,1513,,0,1050,9
imc7d4bd1e01ce2e,24146,,1,400,1
imdbdb82d91f526e,3539,,0,713,4
im30a75c0508cfdd,20223,,1,1771,13
im952827a623ee5e,2854,,0,1900,13
im352ab4ce2cc9b2,11805,,0,2399,15
im741e373e686287,13033,,1,589,2
im7f2619c49855ec,23299,,1,397,1
imb460717de7cdc6,16432,,1,949,8
im957346c1cacbc1,4506,,0,1957,14
im18379cd2b8db51,22401,,1,1763,13
imd31d12b4ecb8a4,6188,,0,330,0
imc13684dcf43988,1498,,0,991,8
im4d68a605c257c8,6145,,0,1744,13
im2182d8df49c96d,14447,,1,1251,10
imba8f895ad29e95,1475,,0,544,1
im399f531f848e46,4752,,0,1518,12
im7acf06fed31c3f,19401,,1,1362,11
im1cebffc0cb5a03,14113,,1,1273,11
imc7e2471d3304d9,12201,,0,2560,15
im42bf92402be294,6912,,0,235,0
im04ffe0fc2538bf,144,,0,911,7
imaa3f3a6242cd15,20332,,1,797,6
im5b91f6eaf3374e,22805,,1,699,4
ima4cd7a450e9766,3458,,0,1732,13
im307676338393cc,10211,,0,652,3
im3dc60df81497cb,13986,,1,908,7
imb4732122048732,16271,,1,1231,10
ime9df5d8976844f,1814,,0,320,0
im84aa9576b3c6ff,22535,,1,1235,10
imbda90c9e6da35b,14911,,1,407,1
im21cd267609591c,18525,,1,773,5
ima57227bf954395,18670,,1,691,4
im8c49d637777f9b,21152,,1,380,0
imfc81d7383056e5,23973,,1,762,5
ima5143bcf9c901e,3808,,0,1779,13
im8b3ca316480b29,8212,,0,478,1
im27d5ec973a3b0e,6440,,0,1732,13
imabc0044400edc0,16518,,1,822,6
im9e618c81dca0d9,14655,,1,1999,14
imdecdf1ec283989,17103,,1,2298,14
im6d0d345613e3e0,3613,,0,2777,15
im3a1b55dd13480e,3360,,0,1040,9
imb46a24f7ad4723,10378,,0,868,7
im62d2692ed0d7cb,3352,,0,491,1
im06c0949764590c,7963,,0,1989,14
im5a6377533a6b7a,17961,,1,510,1
im58b1f8d63c0955,2738,,0,932,7
im6762888f1e67be,18627,,1,1202,10
im3c619db7d0acfa,5389,,0,703,4
im7d12b0cfef535b,5760,,0,801,6
im5d1f3b5fa73233,3665,,0,2239,14
imb1e011b474b0b2,8524,,0,732,5
imd9c79d8eb97f80,22261,,1,940,8
imeba519fbe10bf8,1397,,0,1011,8
ima9acae61515be4,24439,,1,2759,15
im48e56d5decd0fd,15167,,1,797,6
im659ac4a455ff58,23296,,1,752,5
im7595b2ea917934,16417,,1,704,4
imfdd0fb512008ad,13404,,1,684,3
imd343c432048899,11486,,0,714,4
imf32e6230cac53f,17896,,1,948,8
imbe60bcb2fc7607,16961,,1,241,0
im751a49575002ed,24135,,1,588,2
im5aff3fb1f64447,17088,,1,1305,11
imd5aec8d9ffd4a4,10651,,0,763,5
im0a05d937fa6584,16799,,1,2768,15
im4e5a7d4877f4ed,11047,,0,1312,11
im9ce3e296774a58,1922,,0,731,4
imabd85bccd6403b,12211,,0,916,7
im4864837067c3cf,21422,,1,521,1
im0de856d1843348,10670,,0,2087,14
im6043c845ff66b9,10930,,0,2890,15
im11f406fd4dd9e7,3119,,0,815,6
im25d3c6a90680b0,7781,,0,2890,15
im656355fe5a23cc,12294,,0,526,1
im46af655c50004b,22004,,1,1921,13
imae2349edabffae,9933,,0,2815,15
imff3c6a00e82121,7807,,0,1017,8
im8abebc4e0b21b6,10330,,0,658,3
im9549e76fbb026d,12970,,1,910,7
im77d60926c014f8,3026,,0,2429,15
imb18c2041f3e21c,19301,,1,1141,10
imfe99cfe531f004,5297,,0,483,1
im72da9f35311aa1,7956,,0,1348,11
imd186234b7d0cb4,18148,,1,439,1
im94caa9cbb440a2,5995,,0,356,0
im5ee14b7c9c035d,13011,,1,986,8
im28043763cfa1a2,1584,,0,1824,13
im2deac7d7cb3f8e,21606,,1,1048,9
im1c10daefe3ce95,15319,,1,670,3
im7f52388e21206a,20884,,1,2004,14
imf9a85796450f53,19658,,1,2517,15
im0d556db37ba067,20974,,1,757,5
imfdde44ae036c72,21505,,1,877,7
imb42afeb39cb295,22085,,1,569,2
imb240a4e1b42a83,16207,,1,707,4
imf5b80b4d9e0be3,7985,,0,1005,8
im189672fe783f5f,24607,,1,1336,11
im2df7602ee00941,13167,,1,2445,15
imeec537a00eb6c3,15775,,1,1342,11
ima2a38db4066539,18533,,1,702,4
im72cd349d1fd56b,13258,,1,450,1
im21bc39cd04a580,8336,,0,2330,15
im210369b7e47d2c,16859,,1,512,1
imb98dedc93c543d,1314,,0,1239,10
imb7d64a36d04129,24023,,1,859,7
imdbf7ac34488058,8759,,0,803,6
im81674eb461e2a5,19484,,1,2020,14
im856d6c64562cee,7627,,0,1110,9
im20495ec4ce24bb,13347,,1,1492,12
im6ab7c31fe1591e,1636,,0,697,4
imff10fd1c663d94,5874,,0,2193,14
im9358daafbd035a,11399,,0,2325,14
im5ee2bdcb130b52,12144,,0,1524,12
im0d1cbd3d69eb99,1422,,0,277,0
im52d79f5f876ba1,19821,,1,1479,12
imc90d54a725ca12,20903,,1,1008,8
im473a2e19338c15,15190,,1,1402,11
imf68d9bb0240977,12400,,0,1031,9
im7f0ea98de9b8de,4547,,0,625,2
im89544077c79ea0,12223,,0,656,3
im1cdf918b67f406,9273,,0,653,3
im617147be2c5a3e,5658,,0,739,5
im10e846dbee0250,359,,0,960,8
imdaddf88c82319d,23032,,1,453,1
im140a68ad0d1761,24591,,1,1917,13
im6afa64994f413c,11612,,0,1036,9
imc2ee940d6164f3,14992,,1,667,3
im3a45f5142badcd,8991,,0,2004,14
im2bc6884d92054a,17598,,1,858,7
im9b738e41bd3122,8790,,0,696,4
imc6764170979962,11069,,0,276,0
im54faf557a1da1c,23881,,1,2194,14
imc47ae1a1e00b3e,18556,,1,784,5
im0ca71683467789,18412,,1,783,5
im97942f38cf18d4,11531,,0,970,8
imf7b3eebcc06f87,4675,,0,1023,9
im4d74b2a1abd421,17626,,1,618,2
im970765c968c219,21547,,1,375,0
im4a8fbfd993a751,18772,,1,438,1
im3b347c3614c2c0,9236,,0,1635,13
im55263664547d7a,12033,,0,963,8
ime85f7a8aae24f9,23247,,1,535,1
im8b953bd05eb4a4,18790,,1,2069,14
imcdf0042b03b540,7962,,0,661,3
im1a479e274609fe,23228,,1,915,7
im20220756227629,3940,,0,1569,12
im99fa2242b2be6b,1762,,0,790,6
im6f7597fd5978a6,19641,,1,1152,10
imdc6200207d0a7f,24973,,1,808,6
imeda6fad594035b,18664,,1,649,3
imc4982e38d86229,2092,,0,705,4
im31626a00dcb9d2,7269,,0,832,6
imb9f8bda31009ba,17344,,1,1004,8
im020e60df43b702,18030,,1,1012,8
imbc7e5a3ce6d162,504,,0,1941,14
im5be2d5340906a2,22613,,1,732,5
ima6891ec5cd2fe6,9191,,0,702,4
imdb547ac8743105,2492,,0,932,7
imffb37bcf0620b7,24479,,1,697,4
imf9274c8b4d4d33,16260,,1,1898,13
im58ddc4542b1bd9,22188,,1,412,1
im70163cd09f0bb2,8878,,0,1816,13
im27aaf1b4c22e4c,5037,,0,784,5
imf409d5f0f08fe4,8580,,0,2093,14
imc2530d1f088a6f,20728,,1,539,1
im8281cdf9a2206c,1804,,0,960,8
im3cc1f6dab94a80,20049,,1,1133,10
im75560f30eb899d,22109,,1,1429,12
im0a27333050f0fb,9112,,0,925,7
im7684671b1b0269,12452,,0,1262,11
imca817ba4e20203,1345,,0,1092,9
imcb247bfe0f764d,19489,,1,1468,12
imd319608331e6ee,10344,,0,544,1
im6d419fb85eaca3,16646,,1,640,2
im23bdf1514d7aaf,2988,,0,830,6
im0624614ae129bb,16179,,1,2644,15
im7d0cbd8562a6d8,51,,0,1155,10
im8805b59c8628b7,4849,,0,1089,9
im156b2c41681699,5308,,0,688,4
imf309e785ccd0eb,22644,,1,242,0
im1d2541a18c40f1,13223,,1,947,8
im8f5d2d50643917,7798,,0,500,1
im73a9333ea49d92,12259,,0,2162,14
im216010993191bb,22345,,1,660,3
imba87441b9dafa3,20502,,1,616,2
im1c45b64fee54f7,12357,,0,1274,11
im65702821eac1d1,17472,,1,649,3
im59a453d5174588,22738,,1,2962,15
im191c4e0216150b,22415,,1,1849,13
im9226f1a5696bb9,13153,,1,2442,15
ime16068b8c76a42,24773,,1,2333,15
im09552aba03fdac,23184,,1,464,1
ima81ea15677d04a,23233,,1,1145,10
imaa24557bc8bc20,12720,,1,402,1
im28284a6b068522,21632,,1,2053,14
im0dd2e44a8aaa84,6862,,0,384,0
imd7cb8207ad64c0,1404,,0,1094,9
im62ef4c0a7937be,23287,,1,416,1
im9f2bab68be84fd,20481,,1,1475,12
im2456eb9dde151c,10325,,0,672,3
imbfd7e45780f78c,21778,,1,1413,11
im1806402edf5155,10941,,0,1857,13
imc436bdb8d8b2e3,14817,,1,736,5
im4373300b360ece,17042,,1,642,2
imce2c129c5e02bf,8432,,0,715,4
im19245f2f1fbb47,2214,,0,359,0
im9acbf5f9441b4a,3799,,0,746,5
im5697e87edd2d4c,19325,,1,667,3
im90b9b97ea5aeab,20465,,1,411,1
imbfa605bd90fb08,6074,,0,964,8
im14ed47db0f54c8,11564,,0,1440,12
imc5bdd640985ba5,5061,,0,416,1
im6f876437254255,22650,,1,733,5
im2e6d75e7abdff5,1180,,0,205,0
im6e10e20c8feb73,14902,,1,868,7
ima0883ccd5d30e0,14764,,1,1203,10
im1253ca86e050f1,16623,,1,1475,12
ima70f5615a42e09,14750,,1,1105,9
im80ba7551ca4dfe,11826,,0,1196,10
imfe963d8106ede7,3221,,0,1324,11
im0f79637367e352,17184,,1,850,6
im91e2e267a0a6c8,12992,,1,1503,12
im63c3b137f79898,14041,,1,1164,10
im83083cd0195137,19817,,1,320,0
im12255e5a1b5497,11733,,0,731,4
imbe7587050491fd,1868,,0,1250,10
imecac3867d4b21e,3095,,0,821,6
im5c4684c806c1c5,16380,,1,940,8
imdc93875fdfedcb,696,,0,1059,9
imdb8f91305e4dcc,5667,,0,648,3
im01c5dfefc2fcb3,16322,,1,718,4
im22f57474ca149f,14993,,1,1628,12
im22159d6927e69b,13141,,1,672,3
imea6779c1706412,24235,,1,270,0
imd366cdc5fde4a6,12823,,1,918,7
ima99b662c3bee9e,22329,,1,364,0
imdc2390f224f093,22798,,1,1650,13
im66b18fda23cba6,5697,,0,1147,10
im702b714e0822fc,21146,,1,655,3
im2173f2e29033e8,16523,,1,811,6
im0b2d9cab5f628e,7895,,0,717,4
im963577a6cfddde,18149,,1,535,1
imd64a281fd7fae3,367,,0,1503,12
im1f09d1623e320f,22970,,1,371,0
imd6cba737127ae6,18372,,1,629,2
imbe22808fd99705,10342,,0,714,4
im251dca1636b324,13975,,1,1223,10
imc2d1f63e9661c2,16556,,1,1589,12
imc74cf97432b554,9521,,0,692,4
ima3dec1d300ad10,20921,,1,1708,13
im8e37274a2dca4f,24536,,1,2267,14
imd53c85d6d00a9c,22946,,1,1368,11
ime575d8e75c4aa5,22957,,1,2943,15
im28538ad7a0f5a6,4714,,0,799,6
ime814f3520e2653,14644,,1,1028,9
ima0c3a38b0e72a8,22864,,1,766,5
imbccb6d86779cce,7136,,0,2017,14
im7d3453109d83b1,2413,,0,1222,10
im03ef977d90ce85,20894,,1,851,6
ime78bfe3cf4b172,5410,,0,462,1
im2395c625f7c730,3969,,0,2653,15
im4a9deea755a758,15341,,1,794,6
im0fee800b11677e,12812,,1,2020,14
imb8a533a3db38f3,19834,,1,1626,12
im98228629154c82,9154,,0,878,7
imdc1f2a290e3952,12774,,1,296,0
im6f3fdb04aaa0af,3513,,0,479,1
im20550f3c541159,21481,,1,1300,11
imd0e72b1a6ef60a,17030,,1,403,1
im2b5a2ad70c0e34,3351,,0,1784,13
imfee6ba9ceebce7,1063,,0,648,3
imf70d772a310a24,24736,,1,619,2
ima9e39d5ab37aec,24435,,1,960,8
im345d5cab8cf66d,23429,,1,1359,11
im9a93918d49f496,19826,,1,436,1
imf1d1fe2cd3c292,15264,,1,2413,15
im4148eedbb5181e,20094,,1,805,6
im7a7525c4bedeba,23971,,1,1507,12
im5fe7a2486d28bb,9631,,0,557,1
im419f6e51cbb5bc,637,,0,772,5
imbef871c57b7f74,21515,,1,299,0
im46071015f8b746,7671,,0,803,6
im8c4caa3986dbf7,9286,,0,867,7
imf04e5f801025b8,3999,,0,673,3
im9c63543bc97dc4,10939,,0,737,5
imc4cca75d77056d,8623,,0,849,6
im4580486ec604b0,17378,,1,700,4
im35cee6d786e5c3,19314,,1,938,7
imbc719b6ff5c5c3,22388,,1,742,5
imd18300f075f46f,495,,0,1071,9
imb595a3b6a814de,20800,,1,461,1
im287e909fd530f9,3616,,0,617,2
imd44eee25426d79,23531,,1,1020,9
ima7a4c485431cef,6244,,0,781,5
im235c143711b82c,12590,,1,717,4
imac8e6bed4eb20d,2191,,0,1569,12
im4b806566ac160f,11030,,0,821,6
im01361ddeb1b734,3557,,0,675,3
ima796f2006ca203,13109,,1,725,4
imc7ac03ac74b9af,2372,,0,666,3
im03e31d89d3fc58,474,,0,1472,12
im795ed4881d81cf,7826,,0,574,2
imd66c5e79398416,5040,,0,1766,13
im9eb7627c87b8be,15266,,1,1549,12
im324a0c7611fd8a,23441,,1,1065,9
imce484115fba089,5720,,0,1021,9
imf40cb2c6368020,24820,,1,1683,13
im2d20cf400b92fd,19379,,1,2821,15
ime899ff20ea71ae,13841,,1,581,2
im2b67b899cb01fd,4662,,0,1300,11
im6c06265b44c65d,15994,,1,1610,12
im6d06e0fb0811b7,18488,,1,2192,14
ima29a50bebea36f,12743,,1,463,1
im45cdf65e4dcb05,13571,,1,1919,13
im661d31b360e21e,8673,,0,1248,10
im77d50608321e67,17893,,1,842,6
imeebefb98a74114,5113,,0,657,3
im3ea665f36e7b52,23843,,1,629,2
imd80c2a8bdeadfd,19389,,1,1931,14
imf7ad2b92e79155,2661,,0,1006,8
im0968a2fc609bf6,16516,,1,201,0
im379dd3354506fc,14678,,1,741,5
imf5deb88d7eb0c2,13009,,1,1471,12
im6d0e11af445bb5,11801,,0,726,4
imd8fc8cffcb812a,21896,,1,865,7
imaf81098baa28b9,7366,,0,865,7
imefaf3022143833,4184,,0,762,5
imae02ae34a28a63,1022,,0,1032,9
im14ef819a5a561a,20561,,1,1654,13
imdae35202bcca7d,22034,,1,1541,12
im6f8ad64ca2a6a9,12521,,1,1021,9
imdecfb403379023,13446,,1,1034,9
imceada74cbf666a,11379,,0,1686,13
im87b7fc85dfa77f,24879,,1,388,0
im050797b0d545fc,5352,,0,2280,14
im8e3706149c142c,319,,0,792,6
imcebc4f5a6de14a,7448,,0,2978,15
imcac81a074c3cd4,3543,,0,983,8
imb3aea2772f66b4,22757,,1,692,4
imc3d99a17490d6b,7166,,0,764,5
ime1f7c6dddea392,22381,,1,1461,12
im254e522098bec9,19274,,1,281,0
im470cd0c9a83698,24486,,1,1356,11
im41d5b898c378db,13868,,1,1855,13
imcbf7bab808d832,7436,,0,812,6
im089c01bd92aaa5,11152,,0,1344,11
im66c2fdcdb9dcde,10292,,0,886,7
im14e3b199421c1d,12041,,0,1182,10
im58582822450795,24369,,1,1942,14
im59595edfc1cd8f,24708,,1,825,6
ima15f6153c186e2,23875,,1,352,0
im6812958e96422f,22245,,1,733,5
im7f9d13e8155240,2513,,0,1470,12
im3089b6971d9e1c,935,,0,1001,8
ime943dead1f1f5b,249,,0,1277,11
imd5867787b5c6e8,6369,,0,1629,12
im1c80fb9888b7e0,21423,,1,568,2
imf17ff09bb11dfc,6896,,0,787,5
im4833e7c972d811,22193,,1,2820,15
im881d3c9503e6ca,20326,,1,2246,14
im8da677cc0de49c,5882,,0,1424,11
im2e0fe54b4bab6e,17047,,1,1623,12
im0a489de5b205ce,23790,,1,2737,15
imea08956a1ecef2,12062,,0,1270,11
im11a731c8ac2ba6,9013,,0,1088,9
im557015eaad0406,14309,,1,1174,10
imb8abf39bb04e97,19923,,1,758,5
im5ef60c9efa2a4c,12478,,0,911,7
im150abfd41e1ce4,4529,,0,986,8
im9576bde1826450,20400,,1,862,7
imd92c33635af366,13125,,1,1077,9
im525ff87726345a,23492,,1,730,4
im8876f4571f6c29,15220,,1,770,5
im82512a8f65cfe9,2975,,0,601,2
imd378929d7b32f9,15935,,1,2473,15
imef3646df62614d,414,,0,1062,9
im054050eccd446b,3274,,0,573,2
im32713434e05e7b,7981,,0,803,6
imdeb170e88dee11,15517,,1,897,7
imfe753f531a8b3d,19907,,1,1097,9
im86f8ea6fe16cdc,5765,,0,942,8
im3eb7641b4be20c,145,,0,675,3
imba49147d43c9b1,9055,,0,891,7
im3badeaa27cc9d1,11650,,0,2093,14
imac0e1a71694ec1,16362,,1,784,5
imc5acb37330abca,24836,,1,837,6
im4cb2a02d8af30c,20764,,1,2193,14
im08ccb857c4f062,8005,,0,997,8
im4c73b65746cc4a,18602,,1,732,5
im25b8d7f7cb703c,5781,,0,665,3
im28012cdebdda41,14188,,1,1935,14
im63b49625690451,8917,,0,562,2
imb6d2c712da83c3,5183,,0,582,2
im2b6476d4f979f2,9453,,0,1031,9
im6326fe815857a3,21479,,1,1068,9
im9ce6bfaf34a254,13506,,1,2267,14
imf9a9f67ca138b0,18236,,1,981,8
im6c5d043dfff93d,14319,,1,1354,11
imcf8f7a85d6caac,10412,,0,1426,12
im37fe301c4ee852,6207,,0,2154,14
im4af985687353bb,19293,,1,2390,15
im4e092f37f42398,3763,,0,969,8
imb355398893cebc,8487,,0,1671,13
im7fda953b953382,17097,,1,277,0
im4078bb598ba945,20651,,1,1317,11
ime0f6a33644158c,11896,,0,642,2
im4b8343cc9376f7,21799,,1,1573,12
im60ab17fad7f7be,7104,,0,1202,10
im96d3e4d643cc18,21640,,1,1817,13
im564dc7a4fc0ca1,21206,,1,1134,10
im5bf9baa05fdad8,4642,,0,1331,11
im9767833e77388c,22648,,1,764,5
ima83122210110f8,13405,,1,2399,15
imb8648ba3ee5072,6104,,0,2204,14
im808b2bd3324425,16457,,1,1463,12
im77d2199a3f372b,18858,,1,863,7
im5457f439b26bc8,5477,,0,687,4
imda5313c4321dbd,22464,,1,1137,10
im9bba0ab1dfe0ae,17922,,1,1679,13
im79d6063e8edc6c,4186,,0,730,4
imcf7221ddd89ecc,20117,,1,690,4
imfeeffbcd88e6f4,23799,,1,903,7
ima489b27d867b3f,23724,,1,652,3
imf2c3eed61bd81a,1703,,0,2301,14
im626fa4977bbf38,9051,,0,724,4
imb21d603eb59b7d,17649,,1,1806,13
im91fc4763dfe827,22503,,1,646,2
imfc4c55fddb87b6,23578,,1,1179,10
im9945e146dcc5f4,24184,,1,1990,14
imfd35e92080c418,4106,,0,920,7
im3a0103d3c4ac2f,10334,,0,1684,13
im5e6463fdfb0319,23607,,1,1002,8
im1ae35ca513f2c0,12216,,0,1151,10
im821fc81a86c3b6,12237,,0,874,7
im62fff488cbba2a,10335,,0,1165,10
im2833946476443f,7493,,0,387,0
im1a2517090d0bb8,5708,,0,709,4
im5e3ae07912d90c,24821,,1,1242,10
im3576b2f42733e5,16245,,1,613,2
im1dfd949da9e264,18762,,1,2081,14
im5356e27d320cfb,2506,,0,1006,8
imbe27119375eed3,13888,,1,771,5
ima725258f19adc3,18597,,1,666,3
im35f84dde19e8c8,15522,,1,451,1
imc0530f9d9dc49b,5125,,0,1032,9
ime8ec41399c7355,20939,,1,238,0
im5c5bfc4fef6fb6,18741,,1,994,8
im23f5977f22652d,6139,,0,825,6
im7352df692669a4,14734,,1,1774,13
im43dc9e68b0092d,13274,,1,456,1
im5a7601ce9038de,6921,,0,897,7
imc7813afb16fa17,19471,,1,1363,11
im3d8ba34d28df04,11986,,0,427,1
imd070ab50ca5ff2,10403,,0,256,0
im80d161f61a698c,5336,,0,1066,9
imf7cab3f09456b4,5828,,0,1114,9
im85430800b9c995,22829,,1,1279,11
im0dc72968ab4bc9,6853,,0,646,2
imb757b6f7fb9ce0,13544,,1,737,5
im9a44a9a2537710,21195,,1,317,0
imc8a48dd02dc859,5057,,0,646,3
im3060593b31feb4,20013,,1,1780,13
imc2cde23557fb66,6047,,0,578,2
imb32e9b4aa6d667,3755,,0,303,0
im437c4160a27fa3,6707,,0,791,6
im18b81010421fbc,12668,,1,589,2
imef990dab29e578,10173,,0,545,1
ime806ece12d5e28,5060,,0,1356,11
imabc31deb6ce0cf,24297,,1,1660,13
im8d4da97997cfaa,19560,,1,274,0
im4ee5738fbf8c7f,18029,,1,910,7
imab6cf734d200fc,3160,,0,669,3
imdf34c0e5114b2c,3739,,0,1526,12
imffa3db8cf7c184,24462,,1,706,4
im87241199bc7771,2050,,0,2529,15
ime89f770d4c9c38,6050,,0,341,0
imec921d0204232b,1901,,0,633,2
im1ac6d3ad2553b5,23361,,1,273,0
im41b81b06573496,16105,,1,1846,13
imf27db7903ce4db,4223,,0,734,5
im7fc1683efd4e75,23418,,1,1386,11
im6e04847499ca8e,5328,,0,1077,9
imd9675f40302366,21429,,1,2725,15
im96518edd9f4722,4481,,0,2737,15
imfa5354344480b8,3478,,0,1135,10
im412f7692fc5c58,1720,,0,1882,13
imdb9e9d2be9a110,1852,,0,1374,11
imb3d020d1fd961e,9182,,0,458,1
imce51dfa0a6de0e,3122,,0,1326,11
imdfa4195034655f,16884,,1,604,2
im799d5ac8599242,7703,,0,1068,9
im3579efd01ed7d6,13783,,1,1770,13
im0972458d5a59bf,14847,,1,947,8
imd23c701ea05243,8689,,0,1180,10
im9b3940ea3abc73,2702,,0,1113,9
im6a74d4fe5085cf,6625,,0,394,1
imfcd25abd276a27,3181,,0,1199,10
im0d035c144b74c0,17109,,1,572,2
im2974a9d524a938,10148,,0,1412,11
im4b04849b96768e,1824,,0,1882,13
imb3130ba0a0f320,12454,,0,1212,10
im89295982109804,6523,,0,636,2
im39384982ea6e9d,23871,,1,2066,14
im9536b99b8bc96e,1188,,0,343,0
im2c37b80af73df1,23666,,1,2132,14
imb95054b38380e3,10644,,0,1160,10
imca4f6c4fb5c177,16583,,1,932,7
im92b0f48b46f1d7,9690,,0,742,5
im6748aac87ffd0e,18551,,1,838,6
im8d5cbf69eec5d8,15312,,1,867,7
ime67e1b1649783e,11802,,0,1375,11
ima09ab79f1de921,18835,,1,1012,8
im53e92f760e263d,18293,,1,1263,11
im7b5b5d09f168b9,1321,,0,2115,14
im9490aa3a7f5aff,10099,,0,1209,10
im871dfb102df807,7456,,0,2656,15
imace01c06bec002,15637,,1,615,2
im52d5b5fa7a9e20,10709,,0,1603,12
im76200015af1198,4991,,0,222,0
im73199ac2da9fbe,1626,,0,673,3
im3b32fa0031aff0,9282,,0,694,4
imce8bfb27d775f2,1248,,0,979,8
ima6220e1d201630,6988,,0,643,2
im1557d0638e593e,22129,,1,1983,14
im9de24e1bcf4538,11355,,0,1146,10
im3d4035723b8f27,20906,,1,1712,13
imf1f8e2afe5098e,11093,,0,767,5
im1ec40cdd90d293,18206,,1,643,2
imf58780bfc3a3ba,16005,,1,1316,11
imcd15a1df4b87fe,23634,,1,922,7
imbc28baf4c1a78a,12129,,0,1993,14
imcca6c314954c16,20431,,1,1990,14
imd7378defbc6f48,19072,,1,2511,15
im4aca9e67da04d5,1985,,0,332,0
imee8c0746b29549,15505,,1,1702,13
im9517389222ea31,3448,,0,877,7
im4445f932c0ba54,1380,,0,712,4
im6435b68ba898e6,21593,,1,810,6
im33305aeabd96e7,20887,,1,729,4
imf6883112c09565,6994,,0,675,3
im23d92386ac56d9,5146,,0,481,1
imc784c9a653a139,10348,,0,669,3
im421346287057aa,13115,,1,624,2
imb359c3f105d2fc,2630,,0,826,6
im8e2b9b9492c76f,16464,,1,1134,10
im0eeb57d3944843,12482,,0,742,5
imdd30fe11a6a196,19782,,1,639,2
im3653be304833bd,17059,,1,1129,10
im99e7308c506aa4,14632,,1,2734,15
im164f6a293a4ce0,10582,,0,751,5
imd29c250214b296,15793,,1,586,2
ima4e88d75d8f785,2694,,0,1705,13
imedb5a49f8580e7,19790,,1,656,3
imf84feb9934d527,24277,,1,1046,9
imb783f30c7f9cfa,13795,,1,1241,10
ima7142b6de27ece,927,,0,1050,9
im1deb436ce4b29c,9458,,0,1060,9
im7a505682214aab,12897,,1,1709,13
ime2ba26c1a9827c,306,,0,1650,13
imbaeec632a09f21,9601,,0,764,5
im059f440d7eb388,1505,,0,1659,13
imed7aaf91c81ef5,6709,,0,486,1
imbf6c646af43140,8445,,0,1554,12
imbbbbeb038c675f,14003,,1,755,5
im966a8ea0670dcd,14161,,1,596,2
im26cec439c3de07,1609,,0,1495,12
im67eb2cb3e79ba1,6066,,0,1806,13
im21da9528f3c2cc,17769,,1,698,4
im49b66fbf8c1788,11415,,0,772,5
im60433e16c52a32,18948,,1,1170,10
im50bf45cbd6c8b7,8801,,0,539,1
im4c5ec0732dbe34,9512,,0,1309,11
im1b3eab13068983,15668,,1,857,7
im10624898eb9e0c,137,,0,1272,11
im521cb85399efb0,13479,,1,1121,9
im161f30c2b99ad2,406,,0,1038,9
im79506306622033,17721,,1,1080,9
imca79bd6af8a0a6,590,,0,1779,13
im798d91decbc782,4502,,0,678,3
imd26df0e4404d69,23978,,1,1074,9
imd03b1568b41e01,16231,,1,1177,10
imae55fc37c74e18,1899,,0,498,1
imc9f5bef793af13,2307,,0,1752,13
im9562839633357f,11364,,0,760,5
im1d28dfa57620d3,122,,0,1017,8
im7791cef23d53cc,8358,,0,523,1
imdc325915ff8839,3480,,0,2259,14
im9371758886cee6,24938,,1,714,4
im2b93ec9fd0795e,21407,,1,821,6
imb55e2713d43201,1819,,0,831,6
im90d410eaa94989,581,,0,2668,15
imfe7985046755c0,9559,,0,351,0
im57fe9be3eb3893,1497,,0,753,5
im484e67f29e738f,13569,,1,1211,10
im0598e7c6edc3c8,18147,,1,779,5
im91f25fb40b6db4,13830,,1,1105,9
imaa0ae33c078cfe,4757,,0,881,7
imcd43044c77bb4e,23107,,1,331,0
im275f535231da78,3420,,0,632,2
imf8ab928a2cd226,1265,,0,696,4
im9c57deef5bee0d,9683,,0,690,4
ima6de7d848832a0,16885,,1,1904,13
imd5d15f1605edeb,13007,,1,991,8
im815b8447619a92,1525,,0,480,1
im6797c612f1224c,20780,,1,1391,11
im8eb9b18f0c126f,4322,,0,983,8
imeee268b74786e8,15955,,1,863,7
imab42de2d2d9e39,5003,,0,1060,9
im44d1fa9bfd2909,18258,,1,1103,9
imb7ef1caed65946,15061,,1,373,0
im65e01a2d12e806,4578,,0,2369,15
im07f4b7dfb94629,5609,,0,1165,10
im94cdd38853bd56,8350,,0,1678,13
ime4b9b990c6db09,16087,,1,640,2
im7101f3621fc452,971,,0,617,2
ima141865e2712d3,12977,,1,910,7
im7e1bcec08ed518,21048,,1,685,3
im589eed67a5da86,16566,,1,2273,14
ima9e4800daaa544,17867,,1,639,2
im8dfeb6e74fda36,18485,,1,564,2
im4ae4cfcab389a6,13113,,1,433,1
im0e0b7311652a11,4425,,0,1078,9
im6ac12723159c3f,566,,0,920,7
im93ccee67c60ba9,14213,,1,725,4
imd5b48eb33e3f98,783,,0,1189,10
im9aa6a19ffe07ed,3864,,0,2220,14
imb4d54cfa3ad34f,964,,0,1288,11
im09e073c72f14fc,8393,,0,647,3
im7632e0278b449c,21621,,1,1878,13
im6537815a23dcb0,9421,,0,2091,14
im610dcf7a43adaa,13603,,1,691,4
ime3fe4c3ed6f6d0,7646,,0,1115,9
imc378ecf3b41551,6821,,0,874,7
imee369ff8641472,10326,,0,824,6
im465f4381a89e26,14521,,1,2050,14
im147c6562547c64,12115,,0,2447,15
im90fe07aaefc4c2,21052,,1,636,2
im6a5360530d50f3,10249,,0,1013,8
im94305c5207046c,14340,,1,1964,14
im44c95c6370b836,12911,,1,1673,13
im8d973f06816129,22837,,1,223,0
imbfc0e91c3383e3,18945,,1,857,7
im6fbbb0f7ca4c9d,22696,,1,808,6
imb550551c6618e4,23237,,1,551,1
imc700dc5f1c4c0b,9497,,0,417,1
im34e11b23c67dd0,8412,,0,963,8
ime6b0cf0e648225,9869,,0,2732,15
im958a554740d553,6347,,0,1053,9
im43e763f19ee140,19031,,1,960,8
im159d4cb67022a2,14702,,1,459,1
im9ffead9930777c,12472,,0,1208,10
im2f048e21d4e070,8415,,0,765,5
im4c42194700ea2f,20992,,1,670,3
imf78483a09a4c68,7498,,0,366,0
im1d1eed76ca5e28,9720,,0,1539,12
im55f794472a7c31,22263,,1,999,8
im4453e10cebcd90,10294,,0,911,7
imaf56c66dc173da,23098,,1,2372,15
imfc7054991c2170,5881,,0,1571,12
im9175f161c069fa,5411,,0,623,2
ima878673bc9f1f4,15713,,1,177,0
imcb49640da7eb38,22536,,1,911,7
imba3707116b5605,18184,,1,619,2
im7591662630c7ad,4084,,0,1440,12
im3f1ac1379bb426,9031,,0,783,5
im12b5d52fdbed09,10666,,0,824,6
im5704592ef35b5b,15778,,1,1687,13
im673a5d63572f7e,20469,,1,493,1
ime6b9ebb7970207,18504,,1,1447,12
im2bb51af620ec04,22770,,1,1293,11
im7f57aab9ccd37a,21266,,1,916,7
imd1637946d959ea,23294,,1,657,3
im3f651cf6c1c917,24932,,1,824,6
ima9ea7290f8c677,13977,,1,2244,14
im18b0ea220c36cd,13367,,1,639,2
ime80642a26614ab,17490,,1,1088,9
im0d226ac123e4cf,11666,,0,1602,12
imf5817c788cc7df,1074,,0,1089,9
imea5087d2f7bc9d,24157,,1,1022,9
im575d4f96469dd9,19054,,1,687,4
im0ea4e4f5283441,15102,,1,935,7
imfdec2fb59f9432,21343,,1,580,2
im392af64583c7d8,4222,,0,823,6
ima2629e9ada74ed,24080,,1,814,6
im64c31b064cdd41,1377,,0,1127,10
im9eb4f2f3b2481f,1784,,0,543,1
im82322d3cf27c7b,7364,,0,855,7
imd31d5d11950cdd,12881,,1,2229,14
ime11aa093dc4e69,5997,,0,850,6
im57b65162900c11,19415,,1,710,4
im9fa8861d0b3259,11939,,0,2732,15
im1694f5b1353b13,1426,,0,1799,13
ima3ae3afe4502f6,11504,,0,660,3
imbbb15745040ed9,18947,,1,702,4
im6a38357f7f2306,2899,,0,654,3
im8b99c035871a68,4583,,0,1013,8
im273cb3eac51081,17247,,1,1059,9
im318ae321e82ad1,9502,,0,2630,15
imcdb4ea3797a750,48,,0,802,6
im968b1eaa3d9187,16298,,1,793,6
imdf4684768fac9e,24,,0,579,2
im3f4b9c5a7cd35e,20374,,1,2108,14
im1dff87a73bcdd2,274,,0,642,2
imbc2dc04ab5b8c0,554,,0,1433,12
im0a0ed6414eaab7,4065,,0,1943,14
im1d5c71097f0e06,11311,,0,1068,9
im37179220628eff,24719,,1,2565,15
imbc1431a8231f99,7653,,0,1751,13
im0ce2865b7179e5,8278,,0,691,4
im8e6e05efeba135,14404,,1,732,5
imfd4a8de0d24ef0,12191,,0,1424,11
imde4f68346dc1b6,2657,,0,788,5
im12067fcc4e9ee0,23085,,1,643,2
imc1586248880661,7093,,0,947,8
ime24d7da882b57f,9028,,0,1927,14
imb5db02cccff27a,12723,,1,235,0
imcce9da43e2103b,3604,,0,665,3
im02dc75550a59ac,10462,,0,2128,14
im028e89cef876d4,11232,,0,1072,9
im6d28836143138c,3018,,0,894,7
im19e4d2b62907b3,23770,,1,1578,12
im97a3f4f99eac67,17931,,1,368,0
imdaa46c903306b7,14412,,1,720,4
im427db0db064883,21956,,1,929,7
im78feaf65db9a8d,8527,,0,1552,12
imb1f56c35b03ed8,10431,,0,781,5
im61974025d7f8f4,24016,,1,796,6
im81edd55ceed8ac,19529,,1,1580,12
ima1b07532e6a8cb,8151,,0,1135,10
im1e8e93f3ab1886,391,,0,1780,13
ima4e567e4032580,19491,,1,823,6
imb81988828669c8,23787,,1,767,5
im8e32c409b3c2cf,16250,,1,1814,13
imab0e6036351258,11270,,0,2776,15
imcc39d59779651d,7810,,0,1846,13
im6ef2d1bfee4608,5599,,0,1400,11
imde203d66e0d036,23432,,1,1623,12
im45b810663a19d5,20862,,1,1528,12
imb53f72de2b5eb2,9838,,0,646,3
im6dce5073e321e6,9059,,0,1358,11
imedbdee281b9a59,16746,,1,2438,15
im2448808410bf4d,9912,,0,632,2
imca7821ae172129,20151,,1,1448,12
imad5707e77343a4,9176,,0,1512,12
im62fdac0416c025,11065,,0,898,7
im16074ae131ee76,8816,,0,548,1
im4db037861585cf,8960,,0,1003,8
im132ef854182200,2817,,0,294,0
imf09c0cc5a1e74d,6354,,0,1144,10
im7077c9ad31d877,11715,,0,727,4
imef7bb1a5f36922,2215,,0,1869,13
im451a2cac414511,12765,,1,420,1
ima761a3df89b8dc,17669,,1,649,3
im7fc402be9251df,5199,,0,1973,14
imb91f34a9313a4d,12314,,0,1492,12
im0442144e1f1d55,20505,,1,800,6
im2c93656db2f642,18906,,1,847,6
im6a2450de2ef0e8,9494,,0,233,0
im0b77acc15b052b,1437,,0,2253,14
im489974990375c6,19997,,1,1342,11
im7fa9384ccad560,12894,,1,584,2
im9d022594b58939,8440,,0,740,5
im29a41e8a3baa3f,5051,,0,998,8
im9b5927b4f57de9,5377,,0,1212,10
im3fd42090d276dd,19978,,1,638,2
ima566bd5d71b229,10770,,0,1080,9
im6e90fc91a48132,6777,,0,2047,14
im772702524ca2d9,594,,0,1533,12
imc11d2727fcdef3,23716,,1,2755,15
imf90d0141b71d50,270,,0,699,4
imc9ede77aab81f3,877,,0,2676,15
im71daf94b7291c4,11776,,0,1338,11
im3736bf8bc5282f,9977,,0,611,2
im0d70cfc9028125,23673,,1,1733,13
im3c55d20b323cf7,21490,,1,530,1
im94c6731f7f60b3,19646,,1,617,2
ime56dc1a6dbe2d0,4826,,0,630,2
im0e2e5b8f039207,10990,,0,767,5
im105aeccf968d98,3002,,0,1536,12
im1d4fb45f8e867f,5031,,0,1487,12
im63a6d163203dc7,9081,,0,1172,10
imfeb4da602ce680,21763,,1,1018,8
imb76e291283d13a,9312,,0,945,8
im5effa7e0680513,1864,,0,1921,14
im883e042c69ab87,13200,,1,440,1
im36b34d1be31faf,10170,,0,1015,8
im2b2431ff49011c,13482,,1,1417,11
im9a503a4513b99b,5495,,0,707,4
im30cd398a46440a,10109,,0,674,3
imd025b168990cc2,12719,,1,423,1
imaaad343c28d231,5670,,0,1133,10
imf069a98f3f1b67,7031,,0,941,8
imc3d9a4dd8d0753,8749,,0,2335,15
imcbe4bdd341e722,1021,,0,590,2
im266c9dcbb3dd41,14674,,1,476,1
im60ce5a35d9626e,9337,,0,1220,10
im71f1c8377b783e,23200,,1,625,2
im7c510adba92220,3315,,0,940,8
im4eaa87ed20039c,388,,0,2041,14
im173b9a2c663566,10921,,0,2546,15
im8f701bfcfef65b,12463,,0,798,6
im2b675306340f39,20062,,1,869,7
imd25ce1ed5eb046,2813,,0,669,3
im2990ed6b43686c,15373,,1,569,2
im305f6215c9214e,18219,,1,857,7
imfca8f35c206d14,8778,,0,423,1
im0f4b9e826788fe,11774,,0,630,2
ime6a001f83c2646,19000,,1,697,4
im6a5270cb8600f1,4640,,0,695,4
im25d1210d77042c,11075,,0,989,8
im19b8b7fa5def23,376,,0,589,2
im5b8796321b2b81,12487,,0,432,1
imdd4e16b0476700,3077,,0,873,7
im83606131ba9109,105,,0,1516,12
imcffef44c466cb3,8643,,0,359,0
imcadab3000abdb6,15164,,1,806,6
im936ff5853f1971,23326,,1,255,0
im9ef8669df2e337,6926,,0,2062,14
im6c70baa4d1ab08,10562,,0,635,2
ime8871186d96941,18388,,1,615,2
im140164335e2e83,5958,,0,761,5
imf9304703ddad97,13893,,1,475,1
im2c9f8c42435256,3325,,0,1475,12
im0eb4751cfe2c94,10762,,0,465,1
im2114e08d92057a,18330,,1,770,5
imfece272b7a4ba4,6373,,0,592,2
im02ab01a46661dd,24561,,1,2747,15
imedfb5a4e876350,523,,0,1360,11
im9b3ff439806d5a,3208,,0,826,6
im0d030545329062,17878,,1,615,2
imc0b6ba7ed43d96,6816,,0,2006,14
im4fdc3c4c7e8d4e,24205,,1,736,5
imf8cdf4bb2d1ae9,21326,,1,820,6
im6153db7e08a283,7815,,0,652,3
im718f5e5c8a9d66,1871,,0,787,5
im604e38dde125cd,16727,,1,1620,12
imc41f2124d0b5ad,5039,,0,2370,15
im023420e53ab679,15203,,1,1536,12
im1140c21a1a63b8,673,,0,1537,12
im8ab524dcfd95dc,12290,,0,2431,15
imb2e6cb30727a0f,18203,,1,893,7
im58398a27d2c756,19861,,1,1214,10
im20410db9dbf7ce,22172,,1,2575,15
im437abb91184af8,18033,,1,1029,9
im865d43dae32951,13330,,1,963,8
im55a94fb3206809,14792,,1,230,0
im2bb6126cb99aa1,8462,,0,887,7
im7e5b9eef4c8ca9,15187,,1,667,3
im3ed7a75d1a0e62,3359,,0,1052,9
im975f06c79809d7,22577,,1,1256,10
im18331c8fead2ee,13869,,1,1633,13
im803d1bc2c8ad9e,9174,,0,791,6
ime3963192e9c3e9,1870,,0,1754,13
im95b60b6cf8a7d0,12047,,0,1337,11
im19b0f883c6d72c,11656,,0,848,6
im326f1d5d7d7d99,12039,,0,880,7
im99d26857cc09d8,1538,,0,578,2
im230a46aba84e6b,6605,,0,894,7
ime4a1eebcb74043,24780,,1,1415,11
im69373933eced93,17051,,1,736,5
im1a402709dd997a,8676,,0,2257,14
imff92246d9c297a,5829,,0,470,1
imeb5dcb82f24078,21756,,1,700,4
im9be62bc959075b,14077,,1,1240,10
imb0163187a94511,2036,,0,557,1
im11c3c7d506fa34,22402,,1,1154,10
imf98a177d92249a,14819,,1,584,2
im3c6c24472b10d7,1504,,0,1461,12
imbd941389acdbfd,424,,0,360,0
im2a0a2a1ad5bc54,1817,,0,1249,10
im4054daa27a8c41,21484,,1,2596,15
im06c08e4f3d9d01,19464,,1,820,6
im129f26240bdebd,24236,,1,415,1
im7020a4cc5047e9,14467,,1,746,5
im3a9488328bf92d,5968,,0,1857,13
ime75d3a63161ace,13068,,1,1209,10
im99a1e3aeac52a2,17361,,1,331,0
ime79765392d603b,15756,,1,1040,9
im4e3db069c40f6e,15562,,1,235,0
imb6d0c9047a0391,18139,,1,265,0
im393d35e3464eaf,12248,,0,1635,13
im4977d42b6dd9f2,1968,,0,761,5
im587f7b36c9a4fe,22948,,1,1348,11
imc69bd32415b12d,24396,,1,874,7
im8e795daf916e98,24734,,1,241,0
imdfcd7847ef1fb3,19768,,1,704,4
im96a1e35362d7d8,19909,,1,842,6
ime7fb3c98076adc,17683,,1,921,7
im198810d05088ea,14335,,1,771,5
im4301f3f41c01bb,18803,,1,515,1
im1d8ba5e54699e7,7434,,0,775,5
im8172af5b44b878,22776,,1,2792,15
im29dd88cb997348,11202,,0,1986,14
im58a6122ee4db36,2418,,0,919,7
imc19f373b33c364,7242,,0,649,3
imfc0792373a557a,13460,,1,1610,12
imf35949e1dd81d8,17546,,1,399,1
im0a33bef8fe7e70,2374,,0,1203,10
imc766c10843e62d,20900,,1,330,0
ime541a6c0e015cb,13675,,1,436,1
im4e92e294cb412d,1457,,0,761,5
im1490c5e9fd345a,7790,,0,1523,12
im0258f4cec460dc,11837,,0,520,1
imd070550b76365b,22067,,1,1093,9
im3dae03777b3107,10895,,0,1071,9
im5ec505362120a4,2885,,0,1600,12
ima6b20584f62c43,10062,,0,896,7
imfd4371980fd3ec,18988,,1,869,7
im84872c4157ffd4,18263,,1,557,1
im0b163eaa780260,1773,,0,2655,15
im30f36a1eb2aabe,10039,,0,1085,9
im9a8f8b52583d44,19710,,1,1180,10
imc31a6bbaa86ba6,20741,,1,989,8
im045bd61aa4636a,18090,,1,1295,11
imd71f17d96898d5,19124,,1,1014,8
im9e02917c1532e8,14157,,1,569,2
im4f6f1b7766e7ff,22130,,1,569,2
im7438cddf9fd7d9,22760,,1,1560,12
im7ef315ff99f908,1797,,0,337,0
im81f828c62a11cf,16905,,1,725,4
im6eb29a1a64ba49,24453,,1,1203,10
im35c0c47a7773d9,15325,,1,395,1
im9be474a277c7e0,5993,,0,255,0
imf7b387fe121b59,21381,,1,1204,10
im8e7786dcdf58fa,14686,,1,971,8
im05c2692325f08f,21574,,1,997,8
im7604646e4e5ed6,4291,,0,1108,9
ime6c7e7f2088960,10383,,0,1028,9
im45b764d87faf21,18008,,1,707,4
im091509b746ddc7,9991,,0,1593,12
im7eb592f818f666,24768,,1,1530,12
ima831f8f1ae9ead,10131,,0,1033,9
im8982c7ab9fdbe4,20428,,1,586,2
im62cecc47acb45f,4911,,0,2387,15
im76ad6471fe37c7,6228,,0,1142,10
im0abc965a11ebb6,24037,,1,1253,10
imc77123e9713462,9469,,0,581,2
imba4e09de913f43,123,,0,451,1
im3ac9736a07d84d,4780,,0,1197,10
im58c937977f34d6,16992,,1,788,5
im18b76078a93cb5,7098,,0,1460,12
im0af61754ef5792,1324,,0,851,6
im6db175970e9a73,7678,,0,2897,15
imbf032a23eaae8b,8038,,0,1893,13
imf7c248100b7e23,10734,,0,288,0
imd715a7e5b323a2,20683,,1,424,1
imb74970d1bafb2d,8080,,0,684,3
im02a43672c17ecf,1580,,0,1080,9
imbc0a7d5ad48fd6,14331,,1,679,3
imd3dbbf5e00a956,9267,,0,1231,10
im0e2a37926f86f3,2984,,0,1906,13
im0e63d53d802b31,1895,,0,843,6
imdce720de223a92,1078,,0,1027,9
im55fa2079b029ab,23926,,1,764,5
ima49cc3b751f0ef,1085,,0,734,5
im7fb5c2ec6f2352,21467,,1,774,5
im453cc5a5f50e7e,8696,,0,745,5
im80d7266b5af7bc,5242,,0,1584,12
ima8c7bccefdd962,21376,,1,2957,15
im341e1ed5a79bb7,9932,,0,2750,15
im1450c5588870e2,23530,,1,885,7
im0ec1e9b998f07f,12887,,1,1975,14
imca7ca00670ee06,1337,,0,1310,11
im2919e93522b109,1891,,0,2794,15
im0ae7928421840a,8959,,0,697,4
im1e6766e213c07c,22097,,1,1112,9
im913fa17efc7ac8,7937,,0,340,0
im08f6445ac71a4b,4747,,0,1928,14
im469a2cf5e5bebe,13679,,1,960,8
im789a9901ad65f9,22285,,1,2825,15
imc92248746431b9,22745,,1,1981,14
im0fb02ec3809e1d,2498,,0,951,8
imf1648b000e4f46,22913,,1,774,5
im1105a3154e429a,7642,,0,914,7
ime419cf3ea54a2f,17770,,1,2929,15
imd9ea364ee459ce,10980,,0,982,8
imf5601b8fd37328,12604,,1,932,7
imcc783f208fec2e,15257,,1,2095,14
im739f9a00101ce2,8299,,0,1094,9
ima42941b528fc5b,21066,,1,715,4
im7ede3559c7d642,13730,,1,1998,14
im6b01f03e56ce19,21765,,1,1531,12
im0f354c9150f3eb,4384,,0,1189,10
im30b49940298e7b,17982,,1,596,2
imaf608839a9acb5,23895,,1,1541,12
imbec1dbd87ea2b1,16456,,1,2818,15
im19233fa8caac3a,20695,,1,702,4
im79e65ea85023ad,20036,,1,1460,12
imced7fbdcdb8452,883,,0,1094,9
im9f6a0a3567a2ab,10741,,0,1730,13
im881700943c03b5,3079,,0,895,7
im4c936d457d552e,143,,0,898,7
im4b78de721b92d2,19391,,1,1457,12
im09ed24db1daa48,24266,,1,1646,13
im9d11b845df589c,7611,,0,1960,14
ima4419555b7789b,20385,,1,800,6
im801d70f05ee524,3549,,0,877,7
im40a19bd16a5e58,15799,,1,1464,12
im307833bcd2d42f,20103,,1,644,2
imb6a2817586b7ff,6915,,0,1007,8
im307d28a3b903c7,15590,,1,663,3
imabb0df276c95ad,317,,0,1482,12
im13399c9facd07c,19460,,1,636,2
ime6968bf9be5ac7,23584,,1,2136,14
im9e8a8444c5e5bb,9452,,0,706,4
im8e146615ba361b,12067,,0,246,0
imf1283d4a38ae45,18615,,1,721,4
ime44477b9fc4fd9,17803,,1,649,3
imf072f073cb17f4,20128,,1,791,6
im592bdf40febaf7,17511,,1,239,0
im65932ea1b8f2dc,19701,,1,1080,9
imd6deafd060e25d,9816,,0,832,6
imd024e9bca53a35,10024,,0,1923,14
im66b50428f9b98b,12117,,0,1379,11
imd5190df57eded5,3837,,0,1014,8
im31903fa371fd7f,4656,,0,2245,14
imb9a5626cd12fcc,7367,,0,508,1
im5d1de6c7fddc4d,10422,,0,922,7
im6829de8bc4e4c2,2883,,0,643,2
imd109e3d0a36174,3050,,0,803,6
ima9eb10aa49d2d3,20690,,1,2593,15
imb86167f73ad90e,10183,,0,369,0
im8274daf9a65520,4511,,0,1152,10
im982b58bea5fdb0,928,,0,647,3
im67982b13e826f5,4861,,0,1579,12
imc87764b1cd5a84,2028,,0,707,4
imdebd7fa6590666,13091,,1,887,7
im85a0c27ff36cce,6618,,0,586,2
im360d466eb7dd83,18875,,1,1602,12
ime2da5eea021b2c,20883,,1,997,8
im6a830abdb7c6ce,10239,,0,1378,11
im2f190958034b45,14827,,1,1118,9
im47bc0183ad7036,5041,,0,867,7
im0a98b1786f1a15,24684,,1,686,3
imb414be8b442c03,12640,,1,618,2
ima489a77f41d970,23376,,1,702,4
imdfe3af7bc5859f,16099,,1,2082,14
ime205adf75fe8f1,3265,,0,2440,15
im8f0ef623e37b7c,389,,0,737,5
imb50ba9d08211a4,22705,,1,662,3
im55688a8ab11a02,3689,,0,708,4
imc02127706bf4cb,10125,,0,948,8
imcc10137b1abbf6,2593,,0,1497,12
imf78089acbb4014,9665,,0,1283,11
im58152341d6b2d2,13058,,1,939,8
imb823f069ea0679,24024,,1,2240,14
imc96ba533ee71a1,6475,,0,643,2
im60b6b7ffde76f9,14858,,1,743,5
im53574fd35d4954,14997,,1,1070,9
im9a87eed3034f10,21288,,1,1795,13
im316da3cc493e49,6132,,0,1244,10
ime35a38187b0e95,4071,,0,1464,12
im6409e11cc00df9,2105,,0,741,5
imf0657a0302e8b8,12519,,1,436,1
im987f474b6f4800,24840,,1,1123,10
ima5844733a93495,18389,,1,1010,8
im5ec5b7c98ee10a,7469,,0,349,0
imd02b5fd476fb66,17163,,1,636,2
ime3e67bf1dec74a,13235,,1,839,6
im513c7b12145d5f,10878,,0,752,5
imec877821ada66a,6875,,0,725,4
im30d33fa2742dfd,22773,,1,1362,11
imd82fc94c3f5b8b,6642,,0,2168,14
im2b2378292bc08e,2933,,0,2410,15
imc678327c30f244,7558,,0,658,3
imd9386ac783d600,11850,,0,1136,10
imc5c5735ea6754a,6832,,0,2182,14
im47fecb8d3afda8,22971,,1,239,0
imafadb11f4df508,16330,,1,382,0
imf1fb1f10014383,8579,,0,348,0
imf250ba4e603b76,16108,,1,1437,12
im5698d8e35ba414,12365,,0,950,8
im853122c4dc6c52,4835,,0,1332,11
ima55b4e7a306fe9,22502,,1,1009,8
im95e3cdec97ea5b,12427,,0,743,5
im215174fcb87807,22869,,1,678,3
im2814c1aee09f58,12714,,1,2869,15
im8094d25379fdd2,9529,,0,861,7
im674d0e5d7afd64,349,,0,457,1
im5c58594a1216bd,13972,,1,2256,14
im6724f7fee6597b,7152,,0,1786,13
imde8599b710ec3f,15251,,1,861,7
imc898278cdc5c6e,19812,,1,819,6
im453615e19b9495,22646,,1,575,2
im576b8a96d57dfc,12876,,1,1227,10
im5c6fbd118aa5f3,10012,,0,540,1
im2073a78c385782,24995,,1,637,2
im20907bdbe439c0,7854,,0,1795,13
imf9915d52fb738b,2888,,0,665,3
im160aeb8ae98023,9461,,0,903,7
im6d5a42787e679d,4120,,0,456,1
im4d3d368d4ebeb4,11211,,0,689,4
imcc55c68bd7329f,24383,,1,1039,9
im71ba453040b98a,11278,,0,697,4
im4895b9ac14141d,2662,,0,627,2
imac4b45e2d44cd7,24631,,1,878,7
ima155d3096d98a1,3087,,0,1191,10
imf945e9104686ce,15648,,1,628,2
im554665535ff57b,17176,,1,1821,13
im8b751197421dd9,2208,,0,748,5
ime99b634b29fc2b,14164,,1,1088,9
im234ecc92f00b7d,23066,,1,726,4
ima76d465645c463,10863,,0,1611,12
im7aec0bfbb1a3af,13457,,1,1479,12
imee1c7b01b582e4,24911,,1,442,1
imb0cc0eaff43ec1,4641,,0,1929,14
im0038e218f8f6f4,22718,,1,641,2
im92491e191d6034,1269,,0,717,4
im3183cdaed0733d,12534,,1,737,5
im50097a6ae7568d,4651,,0,569,2
im8e1cf5e0aa717f,7404,,0,1702,13
im8e19a5e08c8830,2163,,0,916,7
ima84ac6eb2861cc,16972,,1,338,0
im4cdd439f91a6f4,403,,0,903,7
imff3eac40f9879b,12939,,1,458,1
im1711d8acc36485,16854,,1,820,6
im8fbcfbc7284385,16278,,1,627,2
imecd495d5a7eaf5,16508,,1,1257,11
imdb05cbfcaaa434,8436,,0,2796,15
im75d2baea6bc87d,16010,,1,1580,12
im330d4c9db12d78,15530,,1,1212,10
im5757d0696d7a46,10106,,0,664,3
im00f48c81e8601d,17113,,1,341,0
im2ec6e77419992e,13762,,1,1103,9
im36fdd080bb1d88,2239,,0,2473,15
im3a9b2700f01d54,3027,,0,590,2
ima3a9214542e974,8072,,0,885,7
imb2c3cc3763f068,5106,,0,658,3
imdc2b815fc9b183,17388,,1,2484,15
im534843a8175250,19986,,1,1000,8
im4e4ed36c095cb2,13105,,1,485,1
imd39a006d431ea7,4808,,0,1383,11
im77646414dc57c9,5198,,0,1100,9
im04794bcfaf8934,6949,,0,716,4
im646c8764f321c9,14572,,1,1455,12
im6e1ac4172083bf,3682,,0,440,1
imb6bb6311f50308,17136,,1,701,4
im2ac09a7ad7a9fc,2224,,0,1046,9
im2493e654e4d1a7,23911,,1,844,6
imaaf90ab8d8c20b,21251,,1,2693,15
imf84742703899b0,2612,,0,869,7
imf9b6a0b2f0ea82,15511,,1,920,7
im94f5e08b03f0ce,4086,,0,1293,11
ima20a14f3e3dda5,14766,,1,699,4
imb648c5492e7520,11272,,0,1303,11
im270fa322fa0063,4348,,0,640,2
im4eba4e015e120a,20855,,1,865,7
im9507f66539165f,22405,,1,2933,15
im46af403f0370d6,8657,,0,906,7
im88b4acc82b4222,17154,,1,665,3
imbf80df660c9b91,4740,,0,1432,12
imfe89eb009cc0f9,8413,,0,1687,13
im6eca414a46c501,10695,,0,1920,13
im09218c0bdfcf45,10963,,0,2086,14
imdf0da3ba534515,11295,,0,1785,13
im689c740a99502f,13412,,1,917,7
im669f5216030e2c,17293,,1,1235,10
im0577a8df770249,3457,,0,1285,11
im90d1478b8234b6,17651,,1,853,6
ime3af9eb2fbc21c,19896,,1,1895,13
im2dcefbb1b3fd20,23375,,1,323,0
imb3c94b901bc80c,2804,,0,1170,10
im4527bf1129c239,9200,,0,2443,15
im3d1a4b2836ba01,14051,,1,921,7
im4eecbae81a07fa,8535,,0,2807,15
imffab16656492c6,17052,,1,874,7
im82a1f631157d56,12862,,1,2366,15
imf45cf578c59659,18367,,1,654,3
im240839a23afb6e,12659,,1,1631,12
im541a81a45ee2c9,3923,,0,1353,11
im5d6d8b7949a9d1,5103,,0,749,5
im42825844cc0b42,15804,,1,574,2
imfa412a8e99fe4b,4793,,0,2023,14
im4a6c353ae17bd5,3815,,0,579,2
im7d9aa37ba4a6b9,3401,,0,692,4
im4afb846d119d34,14099,,1,401,1
im3bd82f8fc6232f,23048,,1,2193,14
im68f799ce352a8f,20254,,1,363,0
im2b20ad24ae097f,19845,,1,436,1
im1701cd7c702cb9,6383,,0,1061,9
ima931adf5db0bde,17146,,1,1578,12
im78284eb304cb76,18958,,1,990,8
im6bcc234d3f8d61,12543,,1,1025,9
imd7c303a27e2b22,24518,,1,635,2
im11898267e2495a,16543,,1,1381,11
im4dbdbd44a98aee,24722,,1,751,5
im5daacf6dd3c5ad,16750,,1,651,3
im5c227e82e8a232,5385,,0,601,2
im244fd75beebb42,23469,,1,312,0
ima33349cd101147,1812,,0,2895,15
im3bdf74e5c0605d,24504,,1,693,4
im26704487d1da4d,4591,,0,1819,13
imc602ad70255cc6,19669,,1,1428,12
imed36a834a8d877,24577,,1,1075,9
im05ec41b01ef4ba,2946,,0,773,5
im56c7deaecd1808,5419,,0,1688,13
imc16fa204cabf23,14816,,1,397,1
ima22b6737de824f,12074,,0,1370,11
im64638ad6ebeb99,17254,,1,970,8
ima3b108b2cad163,2363,,0,1868,13
imbd80120ab2f294,2298,,0,355,0
imcd5ecb498f2272,17169,,1,652,3
im7137b4987534c6,22762,,1,922,7
im85b0c9bd5b463e,20865,,1,442,1
im699ef1002a7bf5,11880,,0,766,5
im9eb1de927dc14c,962,,0,573,2
im1e810fda4a64d2,1697,,0,786,5
im3670fbf3ef354b,20305,,1,886,7
im7d1d20b1b4183b,24856,,1,880,7
im633b7b7f98661c,15900,,1,1235,10
im6aab9043cef1b0,22410,,1,1198,10
im845329c14c37a9,23633,,1,1123,10
im1ccb2c8f871e57,5890,,0,991,8
imcd73719ab14d89,23658,,1,830,6
imbf5ee191100efd,7365,,0,1247,10
im96943ddfff3743,18308,,1,838,6
im9478e622f0094a,6874,,0,738,5
imcc171f05fa5d0e,19279,,1,771,5
im619b0e6e89aa8a,20725,,1,1891,13
im005db1bf4d5194,24847,,1,832,6
im81de71c55cf11a,14419,,1,958,8
imb9cc2ff2d20735,7081,,0,765,5
im3ea75e6b988d54,12493,,0,889,7
imbc5768a79cc0b2,5840,,0,547,1
im9459366e902168,12845,,1,1286,11
im2ef9b6164ca811,24507,,1,1476,12
imbd7bbde153124d,17050,,1,668,3
im31f7c704e2f5c9,20963,,1,621,2
im749df3cc9254b8,4786,,0,2227,14
imecbdcd8eee5ab8,12364,,0,379,0
imea139ec85ed981,24982,,1,1023,9
imdf723956f93af6,19420,,1,359,0
im7ef8bf2bef4151,23452,,1,1101,9
im05b729856871d9,17929,,1,1502,12
im546f593a91f433,2858,,0,950,8
im3e0fd06eb9abf2,16047,,1,426,1
imfda8f80673eda8,13582,,1,349,0
im45f66ac0d38633,6901,,0,384,0
ime45ac228b55f30,15240,,1,609,2
im38f64828e8d8ff,23151,,1,886,7
im43509c2c2bac69,14361,,1,926,7
imbc43f51fc34996,14215,,1,654,3
im13ccc92c2afdc5,3638,,0,751,5
imb1cdf0703c28c0,16806,,1,289,0
imd24fd77bb565a2,8317,,0,925,7
im714f84ea2bf46a,3555,,0,1015,8
im753d634eabf8c2,15663,,1,1168,10
imd82f508cdd71d6,1387,,0,1022,9
imbd7cab89497f2c,1304,,0,656,3
im0a3472f52a3437,12770,,1,416,1
imbd71d4df80d29c,16383,,1,824,6
im5c98eda3c6b77b,22487,,1,1067,9
im240f5e923e5530,5899,,0,1222,10
im7aef9dcceee4e7,11133,,0,925,7
ime86d0abeebc443,15751,,1,1827,13
im14e2f87cd3a88f,23133,,1,807,6
im75cd1fc040d638,3318,,0,564,2
imc8faf5efed9b90,5897,,0,1760,13
im36ab5dfe6b0e3a,18955,,1,1120,9
im895f8ad85c8b33,1628,,0,500,1
im69dd87893bfee2,18571,,1,723,4
imc98d91f9253541,7909,,0,1267,11
imaea504695af7ca,21082,,1,780,5
imccbc3ba7280ce6,17314,,1,2188,14
im88b9511b45cc4b,24602,,1,1402,11
im15da57f11fcf48,6564,,0,637,2
imbe228e4a2f694f,16818,,1,508,1
im38a8cc00f9b715,3299,,0,1086,9
im6066756dba77d3,19163,,1,229,0
im121cb84df6f4f3,21460,,1,1496,12
imf62fb80e578c62,14171,,1,849,6
im0a0664a4516000,3220,,0,978,8
im41e757c59657bd,8794,,0,620,2
imd98a555bcc9394,10869,,0,719,4
im3110b848151ce3,24636,,1,2874,15
im2669ff0a1fb238,18035,,1,797,6
im0d8d8cb206874d,19167,,1,713,4
im6ec1dfae1346e4,21055,,1,696,4
im9038aea3931d4b,18659,,1,707,4
im771295a3593ff5,20586,,1,660,3
ima7cdfc98e21840,22447,,1,965,8
im1108d388b62a44,5380,,0,1319,11
im379094c3612ffe,13821,,1,985,8
im8b2d417b14b6ce,366,,0,1320,11
im75e0730d2e3165,10669,,0,838,6
imda3e36b47b943c,14035,,1,1585,12
imeb18eb54811824,15526,,1,583,2
im6deb83b2f2b85b,1261,,0,2132,14
imce59f5913ffb20,9473,,0,2717,15
im480beebd06f3c2,470,,0,1547,12
imbc529053341c24,7507,,0,1517,12
imb75eddce630502,4275,,0,347,0
imea5fb2bdf4f868,2265,,0,1254,10
imf1b5ca5fe86853,16091,,1,569,2
im64b1837a44be4f,3289,,0,1074,9
im1e20ac173fcd83,626,,0,657,3
im5cb762510847cc,6736,,0,785,5
imd47c96ccfbb780,9264,,0,1877,13
imee85d9add918d1,7519,,0,702,4
im9cfa461ce23272,19102,,1,781,5
ime3a1b25b7671be,11121,,0,1541,12
im052acaa526704e,3720,,0,1234,10
im19635757614ec7,22901,,1,198,0
ime68f78d2c2d3cc,21074,,1,1023,9
imc702a8d2a15afb,17444,,1,1201,10
im97130c80ff03ce,3854,,0,647,3
imcf561ced04a807,20729,,1,1923,14
im93edaaa8315eb5,6924,,0,2387,15
im4c97fecd36c28c,16444,,1,879,7
im62b1fcccd9494a,18592,,1,1056,9
im4171df8ad2bf2f,7122,,0,1353,11
ime5757e60b9896f,1059,,0,1784,13
imd97445438daef3,20926,,1,953,8
im2dd577e9b3be46,3753,,0,1985,14
im5c9b10604de347,8224,,0,1096,9
imc89960e0e856a8,9734,,0,1029,9
im25e3753d006cac,12006,,0,544,1
im13a9f144fd65b8,14808,,1,994,8
im03b2907c55c42d,22452,,1,1059,9
im19f9c241304c30,2044,,0,1618,12
im6959d985b96f99,19847,,1,1471,12
im0df3d39b88d4d8,8111,,0,678,3
imf1a2efb04a2ecf,19930,,1,651,3
im427b60b16921a7,1709,,0,673,3
im2ba287ec6aa6d0,3717,,0,839,6
imfc441e170aefd8,22351,,1,1341,11
im3c32f051cb0f05,11636,,0,1031,9
im34b2fc7bf9b06a,8985,,0,670,3
ime63d8aab873a08,4132,,0,1050,9
im0829c1353502bb,7226,,0,557,1
im30d14741919261,5316,,0,1907,13
im3f6938d3e80bb1,2491,,0,912,7
im80519ac977f667,1618,,0,639,2
imd71468e53e9f68,10373,,0,1467,12
im0bf3e23c951e2c,4962,,0,1213,10
imab9d0fbb551114,6740,,0,638,2
im61ef9fdbbc4622,130,,0,1647,13
imf4ca6ad29e8bb2,14091,,1,1659,13
im096c8cf4ea0799,19989,,1,2382,15
imbb13f27c16b37d,5305,,0,406,1
ime552465adae85b,13823,,1,931,7
ime55dde4460c232,3039,,0,967,8
im519ec0ff073c87,16775,,1,1140,10
imc150361579f4c8,8947,,0,1000,8
im3acd0ca517fa9b,20489,,1,1274,11
imfbe65184f13b74,18409,,1,1206,10
im64d6134d9a1420,21495,,1,1129,10
imbcece831e2a65b,3586,,0,947,8
imb07f9aa1d00c23,18911,,1,795,6
im4257ce6ca90773,20201,,1,1637,13
im276500037c4f17,22560,,1,1902,13
imaef55141652c16,13293,,1,1707,13
im0863420d1cf942,23271,,1,771,5
im4eb754e8f32cf4,15157,,1,1236,10
imacf77557c57083,2866,,0,976,8
im6b76700a49e97d,20244,,1,760,5
imce0d971c266cde,6838,,0,663,3
im01eb5d43704ca3,10395,,0,528,1
imabec04f42949f5,609,,0,765,5
im8a041f0c0f9eac,953,,0,2179,14
imc4e7b9d5f45329,6948,,0,1699,13
im8a20d802311eef,18537,,1,854,6
im84be00f8beff0a,2597,,0,685,3
im95750c29daf82f,1878,,0,1117,9
im40a2d7b606888b,408,,0,704,4
ima05d75a854371b,23849,,1,2624,15
imca71a62aec93ff,4966,,0,2945,15
im1e2a705ddbe668,16171,,1,357,0
im6887b7e49ec449,18152,,1,598,2
im0881e1066973b0,7274,,0,870,7
imf373fb08b89ab4,19686,,1,1823,13
im281546b201cfba,19866,,1,661,3
im3cdc254ec4f802,11170,,0,817,6
ime67037baf1fa66,14074,,1,621,2
imde6ae327ebd189,15260,,1,2495,15
im805918f653d533,1031,,0,2130,14
im088c46234942d7,6215,,0,1169,10
imab323e870a3314,11911,,0,553,1
im6ad5d9c80cb47d,18881,,1,690,4
imce954589402971,9331,,0,842,6
imf2e8693279a786,7160,,0,595,2
im175f0dc075421f,960,,0,989,8
imb49671237eb673,18679,,1,1153,10
im97184f264e059e,5541,,0,2621,15
imbfb17c22fa1945,21935,,1,2050,14
im5edc7d776bcc6d,3338,,0,1403,11
imd00dcb7667f945,22035,,1,1193,10
im20ffa158cbe716,4999,,0,1330,11
imbb5da61ce73091,14977,,1,750,5
im91fc10e4760b48,7073,,0,1615,12
im4e42dddb1a0575,11863,,0,1375,11
ima5d75984211f0c,1996,,0,773,5
imbfead4a2d1adeb,4001,,0,620,2
im863b7ae412b178,6914,,0,731,4
im682b3ad964fda2,15217,,1,865,7
imfb1349a38f8e2c,14049,,1,669,3
imf815c20d0cea4f,7567,,0,944,8
imfd088471949849,9072,,0,519,1
im1d57336011c889,10904,,0,1622,12
im1ee8984b2b9378,11874,,0,858,7
im2150339ac3b19d,10071,,0,1096,9
im8cda15387243ad,24139,,1,721,4
imdbb67a936ccc0c,15123,,1,1035,9
im6905a497012261,16827,,1,354,0
im8fcbca0f080dc3,15279,,1,1535,12
imc78f05d05c2d11,24218,,1,332,0
im9393ecb2bd9880,16627,,1,2079,14
im3cdf91d0cf6693,1723,,0,1799,13
im9de5fec2852c9f,19948,,1,1896,13
im585def2c353b2f,20653,,1,2079,14
im1a81f20211da6a,6566,,0,662,3
im3c297aac0b51e4,6133,,0,613,2
im54a60d51786b06,20260,,1,785,5
im9d4b8931348c20,10953,,0,1280,11
im658f1a18f6f2d7,24990,,1,290,0
im84ddd695509901,7314,,0,650,3
im87c5f2bc5628e1,8244,,0,1515,12
imc43d9c13ec343e,5771,,0,512,1
im715056d1e00edb,23295,,1,637,2
im2dd99025e15fa9,17423,,1,2562,15
im7033516a9d49e6,8626,,0,1342,11
im596d370130beaa,24003,,1,1912,13
im0209ee24157c84,16537,,1,946,8
im96891634b7d710,6967,,0,1051,9
im2590ed684ccae5,7288,,0,1965,14
im6a5565ccdb79aa,23113,,1,770,5
im2f8537aa4faf85,15149,,1,454,1
im492d197aec423b,16918,,1,701,4
ima427468e1f033e,7195,,0,1123,10
im952bb26e2cc26e,10515,,0,863,7
im07e78d98a4196d,4610,,0,1501,12
im9ea515920cbec9,1806,,0,1334,11
im75c238dc2ef1ea,14581,,1,475,1
im9b4fcbb34ec8e0,11480,,0,1842,13
im3b8600810aa62a,6193,,0,2726,15
imd0a12b0ef4efc0,9294,,0,656,3
im464d6cc824dac0,9554,,0,1462,12
im36ac6e4f58e32d,8325,,0,1930,14
im9afc0b6829d957,17523,,1,1019,8
im030324fa0d06a2,2790,,0,949,8
im3d57546227a05f,7030,,0,1014,8
im0159f7533d61d7,7521,,0,438,1
imafabb13bbc9f22,1112,,0,656,3
im12ebf3217a6821,2948,,0,1134,10
im125c156e03189f,2397,,0,952,8
im1958dee09c7376,12921,,1,840,6
im321c6d92d7a7da,1333,,0,663,3
im014604b5445ae5,7531,,0,1240,10
imd7b6ed55f2ca3a,24835,,1,1067,9
im00009d65489a12,22037,,1,2012,14
imd6af3ea2b582c9,1307,,0,808,6
imb8e47faaeda98a,6080,,0,646,3
im47ad9f0f72dc61,8881,,0,1078,9
im239dda577224f8,7201,,0,1123,9
im444a3635d99772,3896,,0,164,0
im5b00cd662b10ed,2062,,0,1170,10
im4e6420d5404060,13885,,1,999,8
im3952685b019585,11342,,0,1721,13
im917c84ebb64359,8254,,0,1220,10
im04c4a2611a1b5e,3709,,0,393,1
im99fd96fdfd28b8,13573,,1,1432,12
im31b52b3b293427,11910,,0,1837,13
imd9933e4ed9a903,206,,0,666,3
imca757e4a689dc3,1633,,0,800,6
im2748df90e16ee0,20492,,1,1768,13
im859cae8d66ea8b,6840,,0,685,3
ime4ec9dc1f78965,4708,,0,2638,15
im939a85eb6f3b4b,23036,,1,2474,15
im543fe78b48f65a,9520,,0,951,8
im392604936c822f,6747,,0,946,8
im8a22792a1ee7bb,15370,,1,761,5
im4adba243074036,822,,0,1377,11
im30dd68dae08b24,7860,,0,856,7
imd9523bd6081e45,24950,,1,1531,12
im2009a0b5a7850b,24056,,1,1191,10
imd129faa9559004,20745,,1,1566,12
ime959591576ea81,6105,,0,709,4
im11d1f4858b8c04,17695,,1,251,0
im50728e8753a951,9964,,0,677,3
im7d815f1e2f44ed,15825,,1,615,2
im3b9164eee19d63,5309,,0,1302,11
im12227460e3df2a,19470,,1,863,7
im8cda8090a48bb8,7277,,0,784,5
im05b5fcf0b5ba83,6556,,0,1604,12
imba91e5799a1478,2603,,0,1791,13
imcf4345a81941d5,6181,,0,1018,8
ima4ecd73969ea65,10336,,0,944,8
im31c81cb779104d,18798,,1,499,1
im951fa748fb3df4,1825,,0,1484,12
im541e99f8fcb8d6,21153,,1,1938,14
imf931ef777ca310,22904,,1,501,1
im02efd6d15421f7,257,,0,2177,14
im73ed99fc70d196,21548,,1,1158,10
imf28b08432767aa,3526,,0,1799,13
imf059bb384991bf,2723,,0,2176,14
imb78d1b920efa38,10418,,0,795,6
im0c41958f09acb2,9998,,0,1158,10
im2a299409574382,766,,0,946,8
im82868a865444db,15027,,1,766,5
imbe119c2ca06f2c,23636,,1,689,4
im775c6ee8b21237,13187,,1,1085,9
im13ed2e810a0adb,24683,,1,675,3
imb689c8bef99963,19308,,1,677,3
im75d1a7da4fba04,4446,,0,2710,15
im79d79360e4445e,21696,,1,2421,15
im1d74e743ababf1,2272,,0,1644,13
imd42da546594cc1,15349,,1,1256,10
imc145f6caa107dd,13767,,1,563,2
im35b28f4e679d24,3642,,0,651,3
im6f4f98f3a74de1,16686,,1,1414,11
imd5b176de566ce3,11662,,0,727,4
im79c848e4c85b55,15503,,1,407,1
im56867657e2c434,17149,,1,759,5
im25083f09433918,3631,,0,2285,14
im847ea5f512d1e1,22276,,1,615,2
imbf164e80f74913,22079,,1,838,6
im1695e3ac44884c,10529,,0,292,0
im03c5714e98ad63,11119,,0,1030,9
ima60e878d3e8bb6,13414,,1,579,2
im37302455de3047,20344,,1,838,6
imf76bd780a7f049,14477,,1,3000,15
imcd06b28b73cf57,22575,,1,1199,10
im44b7a34fe069af,18975,,1,2366,15
imad89197547cf6f,8163,,0,817,6
im449a3093a6cf13,9314,,0,433,1
im6fcbf4beb209ff,13553,,1,718,4
im0835cc72ce808b,215,,0,1657,13
im24259571ce46bd,23253,,1,915,7
im26ac6007aaa485,24918,,1,665,3
imd0af0591fb7232,11489,,0,862,7
im4702762d8423cd,20888,,1,768,5
im9bb54cb026c6ed,20228,,1,587,2
imf38b8be6343615,22747,,1,1942,14
im35b50c8b00e293,364,,0,1730,13
im86f6ae2b2f91cf,1344,,0,1051,9
im8badd949c8b78e,18317,,1,1338,11
im35999b1e531ee2,12919,,1,1086,9
im3e56062552f56e,15677,,1,1398,11
ima3814229f80817,10460,,0,239,0
im540f12f31f8033,19912,,1,831,6
imdb0d4b165cd43b,2334,,0,892,7
im68c0426b5fd69f,1320,,0,295,0
imc5cc2087a043fd,17894,,1,1405,11
im4c3ab685e55593,7333,,0,773,5
imc7ea3bb3c08b4e,24859,,1,799,6
imae4ba8feb2b882,2088,,0,783,5
im26d9cf9549034a,20701,,1,284,0
imb562bc2e68437a,17855,,1,406,1
im9f92011f6aed6b,12354,,0,1568,12
im3ea95cb28d37d9,13735,,1,684,3
im311112e0f8b378,24029,,1,680,3
im5bb7eb8e431ee9,15390,,1,866,7
im438ea20aafacd1,10041,,0,947,8
im81c967b4c8e875,21791,,1,2186,14
im99b850cfe314c3,21807,,1,253,0
im2d51a3bb81f2a5,9195,,0,797,6
imf955e0655e68f3,5794,,0,1364,11
imdd0c03ce90fbc3,14443,,1,483,1
im1baaa7afc0bbb3,1979,,0,758,5
im56811912d49bde,16406,,1,359,0
im6ec58d4ce9a91b,9595,,0,680,3
ima50e72bdf90c98,20564,,1,813,6
im3349b064e0c5d6,9106,,0,2882,15
im0478fdb351cf26,11584,,0,818,6
im7eb0ea74cc63ad,2936,,0,1201,10
im10ae56201f15a0,6587,,0,1229,10
im6bb185291e7079,8522,,0,567,2
im8c5a2e7d1c0196,20270,,1,623,2
im1df1ae6280d356,13700,,1,306,0
im45f08752d17727,7413,,0,1055,9
im3adfe334e3c0ef,21362,,1,1016,8
ima4b366c5204730,10857,,0,758,5
imb42698060b89d5,8119,,0,218,0
imd2da69f723de3b,9895,,0,237,0
im41fa63ca82af1a,15950,,1,737,5
imcdc62caceaf3d7,8181,,0,2087,14
im900ce1dd94f418,10982,,0,639,2
im47b0b83e6b9ebb,7955,,0,1693,13
im6c4feeda22bac6,8551,,0,749,5
imc6137225137d98,12229,,0,2023,14
im88ff4457f61f8e,4944,,0,1776,13
ima1a62e6c2a4ecf,13328,,1,649,3
im2d1e5e3a31d3b6,17717,,1,951,8
im4b7dd64c9b50a5,20633,,1,420,1
im51ec22c24d43ac,12379,,0,677,3
ime04d9786fe2dcc,24583,,1,1251,10
im15d430ea62d0b6,11064,,0,727,4
imf6926a271a0f93,12315,,0,1214,10
im5d73bdbbd2a42c,6944,,0,780,5
imc957453aec5ab1,14078,,1,1043,9
imb7b901d4fddab9,8035,,0,2434,15
im4db4d6a52dd9de,9700,,0,688,4
im600eed0a5c87e3,8902,,0,2316,14
im2b567dfc37a5ef,24764,,1,1353,11
im91dc772370f2da,22875,,1,844,6
im8665eec60d7406,5300,,0,669,3
im85918ceb145b07,3051,,0,721,4
imcd398315ac8c21,5570,,0,2859,15
im5e4a6f370be482,3312,,0,731,4
im30e220c0075185,13518,,1,692,4
im367b489525cbcb,5802,,0,986,8
im9cc43aa06f88d1,15523,,1,676,3
im41b93ea91e4172,14733,,1,732,5
im3347219459b9a3,16485,,1,982,8
im4421512bafb15f,9533,,0,614,2
im83144fa255b59f,5796,,0,1191,10
imc5874ab7621f66,21346,,1,746,5
im0fee6dd7374dec,24155,,1,884,7
im5784b0fa680a2d,15554,,1,425,1
im1bb504909b80be,16131,,1,2691,15
imb464f397181f12,6849,,0,399,1
im133014376cb627,436,,0,979,8
im283e8372cfab2a,899,,0,2682,15
imeca9ca375ae34c,19741,,1,609,2
im1fd7e451ffca04,13156,,1,367,0
imb52ddfbdf8de86,5466,,0,1278,11
im30025c7fd38ef1,8418,,0,658,3
im553fed42339c92,10117,,0,699,4
imd724088d567829,1657,,0,1435,12
imaa95ea7c05bb7f,3967,,0,729,4
imf6bcbdb1dc3026,17882,,1,938,8
imf6d736358d2a21,23313,,1,2064,14
im1ac95918ce36a7,20111,,1,765,5
imb290cdd8406e10,21101,,1,933,7
im4ad846c8972b06,9640,,0,2914,15
ima9c07ea8c3e196,6554,,0,1099,9
im77e78c38b9c7bc,7140,,0,836,6
ima18e7baeb473ce,23980,,1,1153,10
im001e568f9312b4,14130,,1,740,5
im621553a943776e,1681,,0,1211,10
ime320d8f61f3bde,5345,,0,1641,13
im89e81f841cd96b,10283,,0,720,4
im5ef02be5bda3cb,18043,,1,1239,10
im385e06917e15ad,8541,,0,1038,9
im168d62722374c7,16393,,1,396,1
imca5750f953ea36,9653,,0,366,0
im50432b9b78c639,10115,,0,1843,13
im9cd805e4b9c232,15079,,1,2411,15
im9e695b589d930d,16274,,1,582,2
im014cead1aab581,10390,,0,832,6
im5d0ed6a8341470,2122,,0,1966,14
ima3b6818e9451c3,17834,,1,735,5
im7108a792edc1ac,16125,,1,834,6
im09a7faa460906e,7884,,0,1666,13
im84436c9c466ceb,2428,,0,633,2
im4e793fc9e7cb33,8127,,0,431,1
im5c75264da9591a,165,,0,2228,14
im84d16b88d93a07,13505,,1,1097,9
imfa1936c78d2e6f,14216,,1,942,8
im3adb5036f131a2,21425,,1,686,3
im6665a8c8d1d37b,9567,,0,1013,8
imb8b7de9d1b2142,15719,,1,2468,15
im6abeee7b3b83a3,3724,,0,729,4
im73e98083685628,23131,,1,613,2
im43dbf4cefe4766,1831,,0,638,2
imed997ab62e2283,3733,,0,2272,14
im3abf11229a53c1,20839,,1,1766,13
imd3f432d00d9568,24788,,1,620,2
im4f62b51c25de38,22945,,1,2373,15
im28af206c5a0301,20673,,1,414,1
im55242782a6e0ff,15918,,1,2599,15
imee2bc6552f8105,13135,,1,484,1
imae011c32024e1e,96,,0,1014,8
im22a3ff6921a417,13003,,1,1000,8
imcf94029c11e2ff,11006,,0,823,6
ime9b1cf9922d791,4402,,0,582,2
im69019150fc81b9,913,,0,2446,15
im6187d50636557e,13621,,1,852,6
imcf2eb421f150e8,19780,,1,1715,13
imb5350183bf6592,3693,,0,1548,12
imc2977252c7bfcc,24717,,1,2345,15
imad1221a01a7cad,3453,,0,610,2
im28f78f4f3224c7,23000,,1,1461,12
ima093c6d7085953,8814,,0,488,1
im9c561fa486a6c9,15893,,1,1523,12
imf5d540a552fc2f,19244,,1,710,4
ima1bb7585da151e,18431,,1,308,0
ime71fd44c446411,15512,,1,399,1
imd0520e96604b2a,8783,,0,706,4
im72f6b68982d045,5239,,0,1302,11
im100b62fbe95848,20540,,1,699,4
im1c440522c9cc4b,5973,,0,1040,9
ime76b836bb50a1b,8987,,0,1642,13
im4773d7557f7d7b,14924,,1,606,2
im34488948470619,6678,,0,1825,13
imb875bb1f75d90a,11567,,0,407,1
im4e391850f2f488,5954,,0,420,1
imffaebffbecef1a,15148,,1,1359,11
im9218074499be1e,5452,,0,990,8
im8a52767ff9c1f7,18098,,1,751,5
im70509df887e47e,13238,,1,2514,15
im15b672d4c90446,21139,,1,915,7
im70571e8bc1f540,15792,,1,681,3
im23199ae35fa541,12839,,1,1861,13
imafd871917f0eb2,16933,,1,2326,14
im84b6ac0ad916d0,1438,,0,1250,10
ima8cb3f3fb9f2e4,14409,,1,2042,14
im54fba9da47b2c3,16076,,1,1542,12
im0d39e9741c7a69,892,,0,329,0
im55a6c79756f37a,1691,,0,671,3
im97e711f1765702,8642,,0,1080,9
imcb8bb156226b76,8722,,0,286,0
imf5b17648ec48b0,3112,,0,1020,9
im25478ccf980ea1,3515,,0,698,4
imefc0efde4bc4f4,5014,,0,2081,14
imd5acd8ce01b85d,4278,,0,920,7
im6eb809ebdc6381,3747,,0,850,6
imcebb272e03ae9e,4889,,0,859,7
imb2aa15be1148a7,13470,,1,531,1
im2ad15f897f23e8,5971,,0,814,6
im225c12340b53a4,10909,,0,738,5
im5c8720a5ccb41b,3687,,0,669,3
imf6f87a17704086,11137,,0,910,7
im0a2419d41b0f55,8536,,0,951,8
im50e09bc38b972c,24801,,1,1068,9
im599f93bf4b9de8,23312,,1,891,7
im16f21a32ef805d,12703,,1,973,8
ime8f84654e32bb8,386,,0,816,6
im33b7b5ec5c2a2d,1582,,0,1403,11
im2a02c98788c203,21183,,1,581,2
im17b070c8f29f52,9594,,0,648,3
imeee2f70bad1070,20373,,1,1229,10
im587197a1c3dee6,3081,,0,818,6
imc7792b354021f1,6546,,0,654,3
imb158026811891c,2839,,0,429,1
imc9d5fa3e84d278,8498,,0,188,0
imdd11f3f265c62c,7652,,0,1851,13
imb8855f7f2c5099,9142,,0,1567,12
im8188e45a2f71eb,13654,,1,660,3
ima8b7aa65392f73,3848,,0,1151,10
imf860fecd6ccb0a,21989,,1,945,8
ima20fa3cca32257,14306,,1,1180,10
im766299e590283d,22840,,1,710,4
im67f713460667c6,13724,,1,624,2
im276c4d5eca7e70,21451,,1,1242,10
im15e15dd3cb5760,19248,,1,581,2
ime3df7d1639b3f4,11834,,0,664,3
ima3a132e354b5b2,20952,,1,1039,9
im6c6b463e14739e,13790,,1,696,4
imd52c6c5220f510,178,,0,1918,13
im0ab54606ebd9d6,11881,,0,1504,12
imeb593114517213,23150,,1,600,2
imd024ccda5241ff,694,,0,1336,11
imd935c037af2a80,8621,,0,1989,14
imb1341849bd5cf9,24402,,1,629,2
imd76fe497920f60,16027,,1,220,0
imb64c7885bfc632,15035,,1,820,6
im71f7521c6ca040,7438,,0,881,7
im7d0f89e4f4b638,6825,,0,1442,12
imd5f14d3ad983a9,8912,,0,1108,9
im375f91d5666081,5415,,0,201,0
im1b54f48534e586,7369,,0,860,7
im93e79540e8d480,12540,,1,973,8
im1021bf1e28f875,10127,,0,1045,9
im3e1cfb3e47cf3c,24930,,1,840,6
im046848df50052d,12230,,0,1248,10
imd3800488e1f27d,2585,,0,257,0
im799d5347299482,22239,,1,478,1
ima49eb6587bb656,18406,,1,1113,9
im67ce6a58f9c76a,16420,,1,434,1
imb3220c4c400d21,5886,,0,431,1
ime39a47988beefd,2735,,0,605,2
im99d46e5ca1e6d5,2274,,0,973,8
imb7feeed02eef18,5679,,0,1485,12
im681c03e68b4cf7,14926,,1,834,6
ima12795dd1c2ece,7592,,0,749,5
imcd676af01f8c77,1951,,0,818,6
ima1b70ebfb46641,13119,,1,1007,8
im536e93800f39f7,3157,,0,659,3
imb79055345b7656,12071,,0,732,5
im9c7e5c259cf68d,5079,,0,902,7
im97296f5c328438,22350,,1,712,4
im995ba5681e075d,15753,,1,693,4
im73a161f771605a,8994,,0,1382,11
im7e50e2b8b9d2b3,8889,,0,2467,15
im1b73f597689cf6,3,,0,706,4
im946c44cf67f9ea,17621,,1,1112,9
im3b86a99116f440,16356,,1,662,3
imf005ba1dacdb9a,4142,,0,958,8
im46fea82bd5b7fc,11561,,0,538,1
imc0545897417740,18658,,1,849,6
im7524ba6675f917,6505,,0,2440,15
im88aa3549e00c76,14272,,1,1439,12
imf837e529ca567e,9787,,0,1046,9
imb6f07d509cac66,18823,,1,490,1
im948266628a0a91,21435,,1,1707,13
im20b6dc028ca068,12890,,1,740,5
im4f7a46b8c4a963,9818,,0,1875,13
im3e0e9eb4b8bda6,21457,,1,354,0
im616bcd40cd5c75,24289,,1,1301,11
imc0d19e214db6f0,23440,,1,1489,12
im42ec76939daf99,20000,,1,1390,11
imdd170d5e210577,18580,,1,787,5
im8c5ab47c9c36da,22631,,1,1691,13
im96cde4e0550fa2,1880,,0,582,2
im50a82fc4dd65c1,5378,,0,674,3
im5b05ff6398a5f8,5329,,0,294,0
im3322d837dd625b,60,,0,1172,10
im32add556407690,11817,,0,1794,13
im200cbb193ba1f0,7989,,0,661,3
ima37b3fd1153122,3441,,0,1907,13
im2baa21dc3f6099,18235,,1,737,5
im64fa8e6adc0522,7419,,0,1497,12
im00551db513337a,17829,,1,979,8
imcea7db11e4f20b,8763,,0,1082,9
im0249bdc46c5180,11830,,0,2673,15
im834615c41cfa6b,15277,,1,403,1
im889972a75ae293,24092,,1,796,6
imfa1ee84e629c71,18979,,1,1026,9
im89eb24fb6465b2,14963,,1,208,0
im13530ab645f55e,5274,,0,663,3
im9c6c1a532b9747,18426,,1,729,4
ime6dc9bfdae9f65,2284,,0,811,6
imea26525158c757,19678,,1,514,1
imbd28a9cb0f764a,19199,,1,1013,8
im6fa9772d75083c,24373,,1,1570,12
ima84f44310e9b2a,23609,,1,327,0
im8473cdf56a82d1,22078,,1,657,3
im1e8e87e82862f5,8574,,0,750,5
im48219b680f6993,19585,,1,1663,13
im176cc48ad5d1df,22201,,1,946,8
im9d52c5ab14da40,8776,,0,303,0
ime035789c7baefa,21834,,1,650,3
im3ab7960dec9198,12654,,1,710,4
ime5d60b40c0ea43,1686,,0,1692,13
imd54fb0ed3a1a0e,8817,,0,1106,9
im2fe87774c3f27a,3525,,0,784,5
imb0200b0ee7604a,3118,,0,372,0
im988396cd2df16c,21932,,1,2305,14
im05e3b0b2267193,13991,,1,2456,15
im3f8bfce80c1db7,21024,,1,323,0
im34e30f1f7f83c9,12553,,1,2887,15
imca45914eb65903,9232,,0,728,4
im1b6ca2f480014e,11207,,0,614,2
imeefd6e970e2752,9455,,0,958,8
im83c6f9e34f32db,3625,,0,836,6
im93d506aae3b9d7,24616,,1,1166,10
im0135eb5bc4a462,15376,,1,1930,14
im2dad072a49469b,2316,,0,684,3
im733c8c47d31832,13207,,1,624,2
im3908b955341c45,12943,,1,1704,13
imca2377873b54f7,7308,,0,1134,10
im0ad9d0f614a2f5,1027,,0,748,5
im6dba378597867c,772,,0,1729,13
im293d15c1bd2bb1,11402,,0,1349,11
im0b30834a04482b,15938,,1,1781,13
im538249b980a435,10370,,0,740,5
im161287dc19a72b,10822,,0,337,0
im44a0a237fd8299,16924,,1,732,5
imb63bf88252a18a,22218,,1,716,4
imc3caa5b3437640,8272,,0,623,2
im22308e43f216df,11097,,0,864,7
imff51ad60ebd022,18122,,1,1347,11
im9ba221b8ffeff3,3179,,0,572,2
imaf7107f3a273cd,17757,,1,1702,13
im07518b84dcf32a,17084,,1,666,3
im24fc3e55b36a4d,1589,,0,1677,13
im0b09ff38acbdc9,19118,,1,1395,11
im8fcf991b61ca89,4813,,0,584,2
im1959e9c90bfe36,740,,0,2325,14
imf110467abd7c83,22931,,1,1021,9
im5edba1240707f3,18296,,1,2142,14
im3b4f312937af60,21877,,1,2244,14
im53c2fb807d61a1,11321,,0,1064,9
imadefddf8190cdf,16173,,1,821,6
im3c900c41a6b274,18231,,1,658,3
imd62ff32e699533,21869,,1,731,4
im5b9c7846dec8df,24806,,1,232,0
im2aa83a46a4b5bd,9388,,0,1203,10
im5108f703604772,15197,,1,1246,10
ima61cd78b74678e,23351,,1,679,3
imf6efd2c3ebf9df,13564,,1,810,6
imede0929b8531c3,5665,,0,721,4
imccbb59cf613e98,4356,,0,699,4
imbfe13a1f3397b4,22150,,1,700,4
im3a929ef3a41b6b,22202,,1,574,2
im73670742a43303,6064,,0,836,6
im531c190d8ebac5,8721,,0,2264,14
im13da56bfdab96e,20452,,1,460,1
im8edd9e81cdd416,1410,,0,854,6
imbead206464ab02,3151,,0,1041,9
im6fcb9eed562116,11175,,0,2182,14
im1b3e79e4835082,19272,,1,733,5
im495cf427e85fad,21830,,1,3000,15
im19b0895d0df46d,2472,,0,860,7
im92f85d073bd048,5155,,0,1863,13
im4667c6f3078967,23118,,1,852,6
imc2a82cb85969c9,24469,,1,804,6
im1987d0b4f1dabd,12696,,1,1229,10
im54627f3171ffca,13758,,1,2664,15
im66d888613359f8,4204,,0,707,4
ima23c478719bbb1,2128,,0,1333,11
imbdbdbbbe8b4c3c,6480,,0,852,6
imdb3badc0990901,10187,,0,749,5
imf090e602dc7de9,13984,,1,1273,11
im83aaf804d217bd,5618,,0,1960,14
im7395affa4e4307,6235,,0,2922,15
imad938b8deb921a,1270,,0,736,5
im93e050ab318a29,20250,,1,669,3
im02a0b5895a56e8,2487,,0,840,6
im54b80e0bbff10c,16424,,1,329,0
imd0cb3251403e34,13628,,1,1446,12
im326d39cbd11395,16223,,1,773,5
ima018f514daf317,2765,,0,711,4
im11698d21957957,15840,,1,1671,13
im148720bc056cd6,21855,,1,1218,10
im61c21aad7480fb,15856,,1,1079,9
im089d95e52f80e9,13981,,1,794,6
im90fbb14ed8abe6,23798,,1,1555,12
imc096a032aba149,15727,,1,974,8
im7ecf34a8b8cc91,7723,,0,653,3
im78c75e132953e6,18252,,1,1325,11
im4b7460b71df2c2,7513,,0,1158,10
imf579bb2725b1fb,1684,,0,356,0
im1a285328d684f2,4046,,0,1048,9
imd368183ab55f06,7356,,0,901,7
im550ee2909a9e90,9660,,0,518,1
im9a6561f5632301,17839,,1,723,4
im48c8834704ed82,14463,,1,1378,11
im2bdbf62fbcb890,14111,,1,1007,8
im55e13a1a429a8c,17498,,1,394,1
im71c3bb1105abfe,3275,,0,285,0
im9c569891b113eb,1646,,0,362,0
im133a16067b4c6e,2893,,0,1145,10
ime4431006b66a89,5834,,0,1315,11
im8099e8ee5be376,16878,,1,738,5
im77f9ec480d53ec,6521,,0,535,1
imdeceae11e39c01,18795,,1,573,2
im5491dd1f8e3528,16145,,1,2440,15
im02a2610d455f20,18297,,1,647,3
imf24d5c3fb87dfd,16629,,1,1316,11
im87b8cca29afb0a,23796,,1,753,5
im8a2da7f9086347,2241,,0,342,0
imdc792e3fb5c58e,3482,,0,2287,14
im576150267cc1dc,19787,,1,906,7
im9b4aff369d8dfa,8170,,0,2849,15
im89673a321c1584,18747,,1,338,0
im492eb191cbb6f9,16942,,1,1695,13
im42b007cfa25e03,1357,,0,1204,10
im918c24a0c48c1d,22199,,1,1278,11
ime7107f1aac1b22,16729,,1,945,8
im3b249c6bf313a3,5691,,0,1311,11
imf3c9efbc006aa0,15033,,1,1684,13
im9f5ffc92823f62,13053,,1,652,3
im7f1eef6e46d852,21162,,1,1495,12
im87214a6d719b43,16129,,1,2865,15
im5a3b8d902d3433,13489,,1,1071,9
im5c471aaae31de6,20083,,1,493,1
ime2d121145bec87,11266,,0,1134,10
im6c1e62b2f19fe3,4557,,0,644,2
im7211bbf2eafd34,18814,,1,842,6
imf7d8cac77afa1f,9419,,0,466,1
im586ffcdbdc16cb,1117,,0,1568,12
imce30f234d35baf,252,,0,900,7
imeb6a08e8069567,15606,,1,1181,10
ima2167088caa39e,2784,,0,733,5
im0661a5b6e9205a,19499,,1,1314,11
im20a0139d547c8b,14529,,1,993,8
imb5301bb1f08f6a,14227,,1,667,3
im01982d087a5cd7,5889,,0,868,7
im0756521bd85cdb,20958,,1,391,1
imece8c1b9779f91,4464,,0,1235,10
im7cfeb0ce19c7ed,9075,,0,310,0
im81841ff2c75f04,10854,,0,253,0
im343b121063bfc5,7986,,0,1126,10
im2c404b7b3e5875,9997,,0,672,3
imbd16d0f98d0796,21627,,1,1416,11
im7647983825f86c,11107,,0,697,4
im68eba5d5fbe5ce,6771,,0,1687,13
im78118f162961b4,17828,,1,545,1
imec8d8c2b69c27d,12322,,0,902,7
imcc4969bbd8160d,15954,,1,1490,12
imd885bccd02a448,310,,0,491,1
im043f82b5127bfe,23918,,1,639,2
imac9fcbdecbb101,5400,,0,1279,11
im975e4d33c64bb6,1294,,0,1042,9
imb6cba921b15c03,17180,,1,636,2
imd06a7332baa116,3108,,0,1165,10
im3dcd57be7bcc75,4489,,0,1528,12
ime1b034473938e6,14031,,1,1428,12
im18e4c862a31165,8955,,0,2427,15
imdc47a79bc9215f,11143,,0,1174,10
im2cd0ba245f03c6,15777,,1,1617,12
im912335bfc11bed,4474,,0,1585,12
imcf54bc490ccad2,12635,,1,1056,9
imfe334913de0488,3773,,0,397,1
im1778bed6673f8a,10068,,0,683,3
imf6c91120a6e681,15422,,1,2176,14
imf0cdbad46e05f2,17400,,1,825,6
im5b8e08b4fadb87,23660,,1,1084,9
im858b1bb4ba015f,13455,,1,1808,13
im1bf07c10843979,14330,,1,939,8
imab6864e944b3d2,13992,,1,1076,9
im19f694ae1f48b3,3546,,0,751,5
im108a6904e7134a,22006,,1,1869,13
im7b0619b997d956,8066,,0,2537,15
im4e3193011bd34f,11088,,0,1514,12
imb2d25122727e62,17158,,1,1466,12
im56aa0d14382146,21943,,1,483,1
im05bd4d7499f65e,24226,,1,402,1
im4e548a6bf8934a,10660,,0,922,7
im4e311cbafacf79,18919,,1,843,6
im8c6638c1df4d71,4114,,0,457,1
ime107330f4350e4,2693,,0,614,2
imedc52628da08dc,14745,,1,1276,11
im2eaacda99b3a70,16196,,1,600,2
im663d5504f3be51,11773,,0,1514,12
im1191def7746ee7,91,,0,694,4
im11ce4fc9d7a117,16069,,1,2104,14
imbd01b16bf2310a,1251,,0,1468,12
im037993d4352081,16979,,1,837,6
im40c5d44e9d4f06,4368,,0,2209,14
imff83c26891bf04,12734,,1,2926,15
im0628eacfb6f7b0,5455,,0,922,7
im1cb258c931a017,24766,,1,1616,12
imde95bfeb9f9e3c,11377,,0,1019,8
im73a6ab145b992f,21336,,1,1572,12
im6fa65d9d5d5bc4,19810,,1,559,1
im495ddafa1961e5,1190,,0,349,0
imdf6a4912edfb23,6503,,0,1352,11
imd806457981a14e,11332,,0,710,4
ime806ce1aadad8b,11771,,0,965,8
im9f914c20000b10,14280,,1,2414,15
im0c0e1192a2d651,6754,,0,697,4
imbf73509045fe55,5986,,0,2054,14
im993b5745001d2b,12633,,1,700,4
ima4f352a800bcca,6149,,0,1746,13
im1a32705cb9bacf,9327,,0,335,0
imdd73237bb20d7f,21008,,1,423,1
im532d1471b22783,9498,,0,629,2
imffa58093fac46c,18284,,1,1010,8
im10c721417d0a0e,5033,,0,727,4
imba038842538c55,6757,,0,684,3
im4264e947031d72,7757,,0,723,4
imd49843cf510a73,17789,,1,1138,10
ime71fe182570600,16519,,1,795,6
im091d1046d70290,6406,,0,1277,11
imcf475d1444655e,10805,,0,1006,8
im4341dc81d7d298,6456,,0,527,1
imb754c411d296d3,11470,,0,1136,10
im302c108fc83604,16453,,1,657,3
ima936e9ce800cac,12215,,0,289,0
imfe64aed8e9338b,21586,,1,1568,12
im7f2f3521cb907e,8387,,0,664,3
im37f49777103b67,15877,,1,641,2
imef195b481d5290,2253,,0,648,3
im0e360268bbc954,1644,,0,1627,12
imab7ab2da0c03df,22999,,1,1012,8
im717ef470b6ede4,14251,,1,784,5
im51e48cf040266a,10887,,0,411,1
im56a3a11c1f71b7,4649,,0,1469,12
imc1e0aede6e0931,5577,,0,724,4
im9752ba7d674b9e,17439,,1,2389,15
im0595299c137aa3,20776,,1,2387,15
im6900484b3520b2,13137,,1,376,0
ima56a551b8eb67e,24588,,1,1434,12
im6af0491b63db39,22016,,1,807,6
im68ff423e76784f,15391,,1,1335,11
im3f2def6edca1df,20777,,1,695,4
im893648073bd8c2,20660,,1,2444,15
im700e5e61bb3982,21507,,1,1079,9
imca2efa6258d4c8,3111,,0,821,6
imc5f1f5fb3dd662,15030,,1,1781,13
im13ad1e5cb45f07,14208,,1,1048,9
im43a75a96c4a3f1,16321,,1,1884,13
im75881b8dfc44b1,18821,,1,492,1
im5c6b97e542ca64,6969,,0,1278,11
im10d27666b9d5ca,3000,,0,725,4
im0130aae9edd3ee,21973,,1,1047,9
im5449614ca56551,23930,,1,1453,12
im810b98c4027dd6,21919,,1,1371,11
imc57a02148315e0,14232,,1,2204,14
im1634b210b35d26,24872,,1,802,6
ime58befa03e9cd9,9141,,0,1047,9
im0c1543b5c057f8,22938,,1,1404,11
imef7507aa336526,6506,,0,979,8
im7de3cf39206830,4060,,0,861,7
imeff873b79ad2ad,5247,,0,1978,14
imdc1baabf9d488d,18331,,1,902,7
im645da6ead90bd3,390,,0,1544,12
im568ba04c728d00,13377,,1,1652,13
imd0cf3a2d3309ec,12228,,0,769,5
im955c98affa5280,20693,,1,416,1
imebd96da7b88480,9761,,0,480,1
im5569c7e9b2c014,19662,,1,1202,10
im023995809cc436,21466,,1,543,1
imd80ae574946345,19384,,1,894,7
im26212f84e277dd,19026,,1,1481,12
im689efeb28cb27e,6099,,0,874,7
im7aa6fec1d8ebbd,1614,,0,1566,12
im508c6bec76ce51,3537,,0,2008,14
imdfba2ee4c891b0,22264,,1,817,6
im7396d4e4ef24a4,12732,,1,694,4
im01e1b005ecf9bd,14132,,1,1102,9
im8bcce46be57010,21842,,1,1507,12
im55998a972eb36e,18307,,1,1727,13
im473bf5b5ef137a,3168,,0,1116,9
im81d742222db5d7,7025,,0,2264,14
imf6144c94dfe4ec,7745,,0,2352,15
imff807bcbdf218a,1949,,0,2585,15
im70854a4a5b9063,15904,,1,666,3
im444b131e0b8300,17496,,1,966,8
im6ce01f60cdfc6d,11376,,0,703,4
im25e08aa9776728,14537,,1,771,5
im2a3034253dbb48,931,,0,651,3
im3224816823830b,9004,,0,796,6
im1e838b50ec7f9c,8250,,0,649,3
im7d4f407526837a,23176,,1,2151,14
imc4f55ac23146ed,2448,,0,879,7
im979c8d57e487ce,3914,,0,2031,14
im83eac30d4a360a,5854,,0,1192,10
im7d89c82c7e124c,13624,,1,1074,9
im8ec87bf22fe908,8071,,0,1112,9
imd1d2ffc812ef9b,20545,,1,796,6
im923561c9bb82db,985,,0,734,5
im8a0843b32504a4,3406,,0,2922,15
im5507d835d84e1a,3434,,0,1403,11
im4b567f7354b03e,23499,,1,1218,10
imf4230e0eaad8e8,19315,,1,2326,14
imd416881090d091,13641,,1,1784,13
im1b58ad21b75801,1028,,0,800,6
imae82293f57c3cb,2277,,0,713,4
im24a28b9a8d013d,15142,,1,371,0
im7d6187f9f2faa0,8637,,0,808,6
im6e0bc86f216f7b,975,,0,1096,9
im1a904204d869e8,18855,,1,670,3
imf9fd74c9bd5439,24350,,1,1498,12
imc22705213c461b,24587,,1,657,3
imaa15d85814c828,3842,,0,1970,14
im4d10f728b74c2e,912,,0,1265,11
im9e4f98277ab4e9,23354,,1,1223,10
im33bad464039d7a,1301,,0,249,0
imb725120fb34a6c,24411,,1,669,3
im9611163caa52b4,17246,,1,2267,14
im00a3bbf5e18b3a,1803,,0,731,4
im2d908543e7e9a7,14255,,1,407,1
im36cf868e8142cc,22315,,1,741,5
im151ee51a2afe7e,14370,,1,2291,14
im18d56e55b93812,20790,,1,774,5
im144fb78ef6321e,20661,,1,1320,11
imd82b582dd3276f,14147,,1,205,0
im1fe2d9914f3825,15176,,1,368,0
imcca28ac661357d,6900,,0,673,3
imfe22ca05e1e287,24679,,1,669,3
im3d62326b1718e6,8667,,0,322,0
imabe8acc0f8c190,10231,,0,863,7
im0348bdfffaacf9,3460,,0,1018,8
im25a57a1e5dee0c,17720,,1,1942,14
ima6d6235ed33f8f,24044,,1,730,4
im7476cee7605478,15126,,1,616,2
imdd07c82d7cb524,7351,,0,1327,11
imaed04752824161,8075,,0,640,2
im4efb8b00ea544b,8866,,0,730,4
imcd6ab022a523ec,15928,,1,1057,9
ime3f8761a8b143e,24354,,1,382,0
im54e990955553d3,20060,,1,816,6
imc2ff963d1723ee,1381,,0,1814,13
im8d02bbe33be912,10843,,0,1733,13
imb1e5066e8275f8,19971,,1,702,4
im1f7cb775aa592c,13076,,1,613,2
imabe45da60035cb,6798,,0,741,5
im95febe9eaaac46,5522,,0,826,6
ime0e0e766997fda,9279,,0,660,3
ime0e3ca891e9e8d,15072,,1,293,0
im4c86453968b070,12050,,0,2647,15
im4b85b297cc7330,24584,,1,1642,13
im00b850ffbec1a3,7859,,0,1005,8
imabfe7721e274cf,1359,,0,756,5
im6f60538a6c0f78,11501,,0,473,1
im7a11970204c29d,4728,,0,815,6
im9d34f5aa3fdd37,13413,,1,1866,13
imdef6d09e6147cb,8068,,0,835,6
ima9872784e2f9fd,11951,,0,1163,10
imf1165cd0d11453,512,,0,1049,9
ime2d4fd953d536f,13271,,1,654,3
im4c16cde5bad800,24377,,1,727,4
ime6a8bbd0054cd6,20881,,1,311,0
imcc2949c04ed6ae,24502,,1,557,1
im060b695b5aba54,14685,,1,856,7
im9ca315af7f2518,23007,,1,988,8
im51d4b95440b94d,20458,,1,1360,11
im6a485eb6cbc8ab,18443,,1,681,3
im7e4d2cf2843f61,11423,,0,1644,13
ima1b704bbbe5006,1398,,0,536,1
im14eec31c9236ef,2904,,0,1070,9
imf66100b6cdd976,3164,,0,638,2
im4815361ebe8a35,16388,,1,949,8
imedf314ad04660b,634,,0,1346,11
im3419518be11350,22406,,1,804,6
im8247bbcad927b2,17932,,1,2025,14
imb10c29ee01efc9,7300,,0,1046,9
imf6e6c4f325eab7,5292,,0,161,0
im5cf2ce9bd5cdae,20008,,1,1728,13
imb740d555cccaae,20402,,1,1331,11
ima9a039b42c0b26,5024,,0,1040,9
imc1ea3e7237de18,11833,,0,1061,9
im5a2ddc129f6038,5713,,0,754,5
imadca30a1b8c616,15922,,1,2323,14
imf6881c47688a6e,4965,,0,1127,10
im493564679a0fc7,13171,,1,1141,10
im172e1251066f0e,15555,,1,1298,11
imb9b4449639df24,18631,,1,1694,13
imcebc93bff0f4a9,10382,,0,571,2
im48e7c180ca9d2e,19801,,1,960,8
im931b0802eeeac8,8222,,0,810,6
im22d26c7fd1b2d7,10313,,0,827,6
im0084123a2ed137,2430,,0,1044,9
im361d01cf1d052f,5699,,0,596,2
ima5f07ea1d05e60,18926,,1,678,3
im54b29ec3c7513b,19938,,1,919,7
im9a09c6bcc6313f,16938,,1,1009,8
imcd47202ed18efa,5932,,0,393,1
im4794b82a78ee83,17529,,1,870,7
im56ba08ba5f4a85,11965,,0,858,7
im8885d63b857312,9537,,0,435,1
imbb9775b2ffec31,18963,,1,654,3
im513a22eea9c3d1,24881,,1,686,3
im90b59d84118647,5891,,0,2592,15
im15b6326e466f14,21208,,1,688,4
im4ddb7955e9bcfd,16301,,1,826,6
ima5beb5526d313b,4692,,0,585,2
im84836430a06656,14247,,1,970,8
ime36eb746f5b806,4647,,0,654,3
im46addb74111e64,604,,0,834,6
im7799ed3f7b0de3,15970,,1,435,1
imfb63a230e0e36f,12261,,0,1511,12
im4de45be5bb8772,16509,,1,896,7
imfa7e385ce03d33,1408,,0,1639,13
im0ea3fcf6c6053d,19781,,1,667,3
ima3bd55c4ab2a2e,11291,,0,685,3
im6e62b273512703,21970,,1,2921,15
im2f8ad4c8ab0836,10518,,0,1321,11
im900d752ff85449,1069,,0,796,6
im7810965b905f55,23997,,1,357,0
imd3af912c00e57a,1963,,0,950,8
imcc4b067859d98a,9651,,0,996,8
im8d62e10f9074c8,720,,0,1544,12
imbddcb2929e36ee,24348,,1,859,7
im2b6848ecf5649a,420,,0,813,6
imb8c5e96776f3f2,13631,,1,2902,15
ime2faee7cc1e7ac,16958,,1,1396,11
imc548f8a26b6165,3846,,0,1721,13
im79848e89831a66,11032,,0,1226,10
im3a745d955af546,20196,,1,604,2
im4415bba2f848d1,6527,,0,1298,11
im9efd3f4502251c,20526,,1,625,2
im0b45f083ac51af,19647,,1,848,6
imdb760b3397883e,10112,,0,672,3
im1364d937362759,4562,,0,1438,12
imcf8275f32eebca,10962,,0,708,4
im16f77482a3771b,6268,,0,736,5
im041027de93958a,20858,,1,989,8
imcb98ed14bf0f3a,7766,,0,555,1
im3465e6c84ff9b4,24744,,1,849,6
ima0e2fa2887d98d,1844,,0,929,7
im00bce350ce7090,18654,,1,646,2
im49f4d23d5eb7a9,20637,,1,948,8
im54e8fe85caa36a,21499,,1,1621,12
im3b2746b6ca704f,12996,,1,644,2
im2816c3e69650ea,21345,,1,637,2
im2b51d8a822a0e5,15098,,1,418,1
imf2ccdac84afeff,3094,,0,1906,13
im295dcb6ac298c8,4570,,0,828,6
im5e5328f8bc3450,14047,,1,1425,11
imc2bd94280322b1,15151,,1,310,0
imd65640100ae5cd,16742,,1,707,4
im92926ea5152f55,10833,,0,2719,15
im1350d2c1e20e97,11498,,0,2119,14
im16503690101720,9802,,0,671,3
imba3b538b992d89,5529,,0,1973,14
imba9728652bb502,16391,,1,268,0
ime37e3f47bffdac,23848,,1,783,5
im321c4e6ee29ce8,11781,,0,1226,10
im19bb211cda1104,17413,,1,1493,12
im614b026231c64c,7006,,0,983,8
im9ca1c01683136a,24086,,1,2644,15
ima91e26bf836a8e,12783,,1,669,3
imb42a61dc091433,11893,,0,732,5
imbe34da945069e6,23805,,1,829,6
im89371aa4b93709,9104,,0,2351,15
im682c214b79f12d,12587,,1,1468,12
imf9f704920a13dc,17304,,1,1981,14
imf3fdf44b3f69eb,3882,,0,975,8
im5d6224d903804e,12447,,0,986,8
imb8b0e1d5f2eb50,15304,,1,1062,9
imfdd7149ee20601,10347,,0,362,0
imfc41f53171c076,1382,,0,1131,10
im309e8e26189155,24372,,1,918,7
imb6ef76deb10a97,6632,,0,562,2
imc2f4ac6e852e4a,10746,,0,652,3
imf755246f22ecc8,12473,,0,1158,10
im50721d87ec4168,5488,,0,1009,8
im8723fc01ba9d11,11263,,0,671,3
im69862735e74c3a,16677,,1,951,8
imbdf41a4286c1d3,14427,,1,931,7
im63fed63fb38861,11096,,0,672,3
imbe669a0784c4fc,10176,,0,1948,14
im4d4e083a1470d9,23701,,1,1109,9
im04b484ae764373,895,,0,753,5
im858777139dd06f,15823,,1,249,0
imadc11ecc61d61d,19509,,1,1499,12
im861221af86e17f,11533,,0,999,8
im394ad772c2cbd4,23283,,1,1556,12
imde589ec9de713e,6826,,0,2374,15
im51825c62d80031,12753,,1,1803,13
imc10d6af25fc82b,755,,0,833,6
im75d5a5a9a52838,3185,,0,846,6
im3369168bc93643,12020,,0,729,4
im187aa9c269b354,7115,,0,954,8
imc976b2358a56b1,22269,,1,1019,8
im91aee8d4a0da08,4414,,0,1280,11
im8360d90e519f97,15789,,1,916,7
imd4d4ab29b3f291,15625,,1,701,4
imc2dcd9a68fc5e8,14576,,1,709,4
ime7b1ac344b1a7d,23735,,1,601,2
im5e1bb53a03a6b8,8962,,0,1252,10
imaa1c069e9e7d7e,836,,0,928,7
im702d30640d8b4e,18586,,1,1150,10
imd0dabc5ec37ce7,6046,,0,357,0
im569ccf96b7e74d,3714,,0,992,8
im38d84febc58eab,3744,,0,1378,11
im930ff5bfd7bad1,22531,,1,1121,9
imca86934bc8ae5d,6450,,0,2554,15
im046c5a071b3c9a,13750,,1,746,5
im1a8a49fbf63466,22010,,1,1152,10
im50421ab0a16026,2617,,0,664,3
imd28888d3a558e2,8882,,0,1695,13
im255a0955d328ad,19524,,1,2657,15
ima3a7aa8346fed1,21450,,1,627,2
im02b75d8750df2a,20087,,1,939,8
imc4381aa1fe817a,14610,,1,2142,14
im79124c5afc1185,17773,,1,808,6
im2b3188ad175f9e,20225,,1,1421,11
ima0cdb3ad1240ca,10932,,0,1553,12
im9ecd94d4d875a0,21946,,1,554,1
imdc2c44d6ffbdad,7336,,0,920,7
imea32b5c54905ff,13107,,1,854,7
im5a29c5468c4802,1779,,0,881,7
im51533cb17f5c1d,6887,,0,2982,15
im9c730e806a52d1,5749,,0,908,7
im41eb9b0279a70f,24035,,1,1661,13
imad6c227db6de42,23130,,1,1128,10
im07a5dc133f2c79,9102,,0,609,2
im8e6d258705d3fd,18683,,1,1730,13
imc0461c63c37d16,3090,,0,1200,10
im112dde74ecc43d,17264,,1,401,1
imdabcd56792cd76,18608,,1,812,6
im5804889882ea32,12971,,1,791,6
im96bc3ab9d780b7,23862,,1,1629,12
imc0098251756f32,22578,,1,827,6
im9992997da75471,14489,,1,1301,11
im874242d78d6b3b,15640,,1,476,1
im739c94dafd705e,7268,,0,2034,14
imee3b0b1e79fd16,13494,,1,2361,15
ima8499d938f413f,14735,,1,724,4
im2cc12dc4d752a8,19306,,1,775,5
imd7cb7134e18b92,16773,,1,393,1
im107c8a5b3fa5eb,17036,,1,948,8
imccb71bb1832bc7,22361,,1,975,8
imb00bb256fe2298,3540,,0,702,4
im950dd18a6edbad,7900,,0,1053,9
im3ad39e0a98347f,10684,,0,732,4
im57300911a29a79,20479,,1,839,6
imabeabdb3d480de,9931,,0,1209,10
imf2281fdb8a8b69,18105,,1,781,5
imb4c0d69911baa1,22258,,1,689,4
imdc257163a8435e,3741,,0,1551,12
im9ff0f795671a99,9593,,0,1083,9
im79b783006d8bf5,11036,,0,789,5
ime5d8e68c6ff8ed,23417,,1,1795,13
im938cd82fee8a94,11469,,0,516,1
imfd751abb2d86ff,13181,,1,1723,13
ime9a891281a86e2,9405,,0,1002,8
imafd2286db2b114,15574,,1,1542,12
im8d93ab6f7a3e13,8848,,0,1169,10
imf037ae811e6b08,1101,,0,515,1
im038f109b81ed17,7101,,0,1462,12
im45cf2968ae292c,4609,,0,1365,11
im0e20e354315d27,24772,,1,1775,13
im4b388adc693af1,17299,,1,1044,9
ime6477f296778c7,10954,,0,713,4
imc588447079e6cd,11186,,0,1851,13
ima0a652fbd6d23b,5009,,0,847,6
im8367de574e20f2,1176,,0,324,0
im141a3b6ce65445,1860,,0,968,8
im4c5910ebc8f244,22244,,1,643,2
im84e929781760fe,2451,,0,988,8
im1b1d3da38595f6,8061,,0,1666,13
imc406a008b66744,20124,,1,1045,9
ime25f98464fd9c2,9546,,0,1966,14
im3298afc20d807e,12273,,0,597,2
ime60fb8bd6d3d0e,23635,,1,1857,13
im00d707f3e63fac,16794,,1,632,2
im3fd50af90aaedb,262,,0,637,2
imea30c2d22dea05,3995,,0,1592,12
im86998c0962e02c,16660,,1,594,2
im3a83df6102f8d8,2098,,0,1291,11
imdb46da0eb92835,5756,,0,787,5
im30bd2475f54cbf,3470,,0,1333,11
im14d62b200594fd,16606,,1,707,4
im7a54121ee2960a,12929,,1,587,2
im57882c38ae47e5,10207,,0,1041,9
im95241327a4d06d,21816,,1,1047,9
im5c58a253b64ab9,18023,,1,1110,9
imb2d06a55952441,11512,,0,671,3
im87ce4f54ab8d4b,16607,,1,783,5
ime8863f70c41312,11875,,0,2319,14
im828e0c7b31ddd8,9536,,0,664,3
imc360ef449d0782,11258,,0,677,3
im1c73569ef7f0d3,14300,,1,789,5
imb787182cc65178,15726,,1,646,3
im5159b8bceec6d3,16351,,1,579,2
imd15ebe1b02e7bd,4316,,0,1255,10
im0689c2ab1c9303,16588,,1,720,4
imdd81a82b9b9063,4165,,0,1534,12
im12a768c469eac7,1590,,0,2327,15
im29da5306b1056c,24533,,1,2708,15
imc6c125c795f7bc,6957,,0,715,4
im4282dcdc3db7dd,5160,,0,678,3
imdd9b27b61d17cb,2240,,0,789,5
imb0b7cd4db162e8,4867,,0,1951,14
ima417fbc314fda2,1879,,0,2681,15
im1ceefd7348e7a6,23037,,1,968,8
ime053f7a820aade,16304,,1,968,8
imecf7f99b5b2873,15987,,1,856,7
im10563465198d14,13699,,1,709,4
im4aee3974244e7d,658,,0,964,8
imb465abd166e90f,21736,,1,859,7
im0c39f362295f17,14578,,1,401,1
im2cd9d073f99bae,17487,,1,711,4
imef02a5821318c0,23894,,1,595,2
im17af7a59be4d0c,828,,0,896,7
im89d71f487d0448,989,,0,2879,15
im1624f752e5fbfe,3880,,0,574,2
imbef88457b199a1,16819,,1,839,6
ime3d416d546c5e3,23168,,1,898,7
im5b21cb49a805b7,6377,,0,2481,15
im43059e1356b0c9,1210,,0,1337,11
ima29e929625a32a,1365,,0,1542,12
im2310d69ce31b64,2494,,0,1012,8
im90a842376514c2,18021,,1,1442,12
im7539fff9bf8e3e,15075,,1,698,4
im63cd0cacf4fc2e,3255,,0,763,5
im829fd3e240f0bc,4403,,0,488,1
im680a164909e049,17375,,1,678,3
imfdcf1c4bf436bc,167,,0,1721,13
imca0511ce1c5f6d,17722,,1,1785,13
imfc1039d0322de5,7388,,0,1058,9
imd6e93aa1f68530,24865,,1,640,2
im4d37035b1f0e2d,18505,,1,1739,13
im5923699e9e8898,21140,,1,810,6
imb14883acd5f849,2084,,0,1200,10
imbd3f663b16ad15,24996,,1,1091,9
im42673bd35a0e97,17395,,1,977,8
imbb6dd43060e7ed,21905,,1,875,7
im012ea1571b1d50,9217,,0,1601,12
imcbeffd4a477871,1673,,0,1249,10
im317dff3c11176c,12279,,0,760,5
im5abbeadcf20939,9079,,0,1834,13
im755330926adfec,20516,,1,1278,11
im3d520479fb8480,21550,,1,2330,15
im8445bf268ca084,7614,,0,782,5
im956fc53bcbb188,13642,,1,1872,13
im0000ffd50f73e6,9854,,0,840,6
ima1fd77e9860c0d,11010,,0,371,0
im54288ce49514af,1624,,0,342,0
im6fc5f732d1b23d,12085,,0,913,7
im7400fc651b9f0a,24169,,1,343,0
im44d51a957f51a1,6692,,0,1179,10
im61907b691af19f,24436,,1,782,5
im666f82f68e16d2,3193,,0,366,0
imc9c721673cb8a8,812,,0,2373,15
im1bdaa234d1c184,18990,,1,1319,11
im73820f28dd07b4,15862,,1,751,5
imecaf2d9d02b59b,3911,,0,1271,11
im3e6b6d337b8939,20145,,1,2531,15
im6741b9b6d3ae7d,21813,,1,1394,11
im7fec0dc8be4c90,6930,,0,2244,14
im50b7cab5df833a,2068,,0,1343,11
im8e570f1a38e20e,21650,,1,1055,9
imee1325e988f761,22359,,1,1162,10
imd262b5093a66df,13504,,1,872,7
imd9db7a6af65d0f,16609,,1,855,7
im70a4c8b40fdea6,1349,,0,811,6
ime3ba0a5f2252d0,22610,,1,658,3
imec19556bd06663,12525,,1,1637,13
im14191fc19bdf05,12934,,1,409,1
im964a3ecd4ed72f,18640,,1,1920,13
imc40e29e52ce691,24732,,1,849,6
imfdfdc281106006,416,,0,2646,15
im37fe5483d32cbc,22985,,1,704,4
im9a563849ad5af2,12863,,1,717,4
im65aa32530c8349,11046,,0,461,1
im9c210f5241f748,17616,,1,1558,12
im7852d7f973dc7f,9513,,0,751,5
im784ae491d0c148,8906,,0,2301,14
ima2b83332824c9c,3506,,0,2013,14
im1dbe2e51587f51,10736,,0,651,3
im649e2bcfccde65,12727,,1,2383,15
im49dd5b77b79736,2647,,0,1156,10
im53707abb28189b,24445,,1,929,7
im6db2bb04b5a28e,12429,,0,1497,12
im872ca4069f2c30,8887,,0,1655,13
imd7b33551273974,5811,,0,490,1
im87f089ba1b2190,11363,,0,869,7
im6f3993b8082eba,4970,,0,986,8
im79a73d6e85a6ec,945,,0,978,8
im92dd4ba6121683,19216,,1,697,4
ime14540cc78fab9,18474,,1,687,4
im0f08a9c30b2a62,12592,,1,761,5
imd2f377fdb5cd5a,16987,,1,664,3
im691ec58f732957,17268,,1,724,4
im746dd19d433a1c,11214,,0,762,5
imdb25dcc73726f4,3219,,0,731,4
im95025fe1bdffa9,13202,,1,896,7
ima555266853cbd3,1641,,0,295,0
ime653a86a98048b,17615,,1,1034,9
imf5036fb59310b4,20,,0,967,8
imda4315cbd4bfaa,17609,,1,884,7
im39386f3f22ce60,4298,,0,2118,14
im15eb52e0edc45b,16800,,1,916,7
im27b13e2937c227,9507,,0,1466,12
im2e9dfeb92e9466,139,,0,280,0
imb03c0b612617a1,16949,,1,1379,11
ima3d722ce06e95e,21880,,1,2311,14
im206cb0bf67c83e,15630,,1,1797,13
im5f22e8db450972,15398,,1,1679,13
imc7803cde05e608,3524,,0,1446,12
im93e7390718f061,574,,0,446,1
imc8df0c73b49493,12340,,0,660,3
imd241082e792b01,8933,,0,1504,12
imb4ac6ac4713b0a,8602,,0,756,5
im1f36584f54a314,11932,,0,717,4
ima94ce7711a0f65,14886,,1,596,2
imbb43686ef08782,10533,,0,700,4
im33c8efbb68570a,18266,,1,720,4
im44db4bfc1d7ad2,5902,,0,645,2
im6cf4f8991e8c17,8636,,0,738,5
imda4ef2d5b8a879,13050,,1,734,5
im63029d1d58ce0d,8377,,0,2576,15
imdd6efb4f868c3b,16385,,1,462,1
im1f608207e54ca3,13174,,1,1128,10
imbbd3452d938ec7,21442,,1,1493,12
im71b7c2f66bc90d,24093,,1,543,1
im62cae4bb5d887a,8595,,0,751,5
im66957234542a78,20898,,1,1412,11
im911b7da6a4e93d,16461,,1,1611,12
im6cef1d15acbb95,3159,,0,1304,11
im4c6b718eda5beb,14460,,1,872,7
im392fd3ce35e887,13110,,1,1051,9
imab772c3afe222b,19521,,1,2217,14
ime889e6aa527f45,5283,,0,808,6
imc6947fc0faaaf5,7210,,0,1217,10
im09ff2ebb4204d3,24409,,1,989,8
imf2fd77ff089a2d,2914,,0,624,2
im0a14fb9808e1e0,13426,,1,919,7
imfdf61aa1e922ed,10787,,0,2049,14
im92ff5876a4a11e,11094,,0,1974,14
im300862685be050,22834,,1,2080,14
ime33bfa25cd1c4e,6878,,0,289,0
im35a0ecbf771534,20088,,1,780,5
im9164175fb06b22,9198,,0,1460,12
im24c54f5323ec3a,4900,,0,924,7
im446123d14a81fa,11686,,0,2365,15
im35cd8538a8c91f,15860,,1,1022,9
im66f75274606c3a,11824,,0,1143,10
im27349f32111270,11367,,0,1103,9
im291b815aa13b97,8997,,0,1087,9
imcdaa3f2ed9fc0b,1714,,0,1405,11
im11637700775358,14729,,1,1905,13
im5f2ed8fc38270a,1280,,0,674,3
ima54ac1d1c884dd,14907,,1,1089,9
im479539dc4ec7b5,10284,,0,1177,10
ima4fdf99a3d4995,20289,,1,1052,9
imf32ad9a44d0923,7988,,0,1131,10
ime65d4fb527af73,24404,,1,1799,13
imc08cfeadb6c61c,3078,,0,322,0
imb8e16e948dcfa9,18931,,1,657,3
imb434d23292a28a,4878,,0,869,7
im6d6ca1d4fb53f5,409,,0,1102,9
im632a3d94cc2a03,6394,,0,1374,11
imc313e641f1d3d1,10686,,0,949,8
imcd004f7fdd939a,22156,,1,950,8
im449fa2d1f5aebe,19258,,1,909,7
imaa25a616cc978f,10707,,0,701,4
im605ad823bf9313,12098,,0,973,8
im1def664a4d34f2,22445,,1,1054,9
im19756df257ac01,1722,,0,1006,8
im543baa0946a687,18362,,1,887,7
imbc99c34358348f,549,,0,810,6
im14f937bc8a88a1,23181,,1,1981,14
ima061ecef817fc2,2199,,0,2403,15
im7a241e10c8d519,19980,,1,375,0
im9a2028189e9325,356,,0,819,6
imdc364401526a0c,8267,,0,1591,12
im8602dd857428a9,24053,,1,2930,15
imde49a99e293c85,16007,,1,2051,14
im99136caf4c9937,21770,,1,1952,14
im35fdd13bb5047a,12621,,1,510,1
im9acd7bdb4dcc9b,13668,,1,1240,10
im587bbb5031bbc4,4772,,0,828,6
im308855811ce63f,4040,,0,938,7
im9569a208836cca,4213,,0,1155,10
ima2da3e4bb7dd54,11100,,0,276,0
imcfa68e4aef27a4,14013,,1,844,6
im2b98c103b7cd11,16577,,1,672,3
imb60a49921a85c6,15535,,1,719,4
im66da5cc4b28258,23158,,1,1115,9
imcdafa54a28c18a,2378,,0,2062,14
im40209d2fbe1932,4276,,0,663,3
im215512726f4525,22879,,1,2409,15
im76aa45dab7ccfa,19040,,1,1191,10
imcf424d3abbb53b,3872,,0,200,0
imd95eac87774726,22210,,1,2189,14
ima8d9603529284e,9574,,0,839,6
imabf6769711b95a,11653,,0,1847,13
imf8b35cacbcaeeb,16189,,1,974,8
im923e410f4c7502,1920,,0,779,5
im77441781e9b251,15289,,1,787,5
im6468c901ee3a50,15432,,1,888,7
im67dec9f136cd9f,10177,,0,606,2
im80b8942ab40f63,8545,,0,848,6
imea9e7b55ed8c4a,23455,,1,2862,15
ima8b3b11779637e,10565,,0,724,4
im44d72a21234813,11298,,0,868,7
im21652f61e95552,11848,,0,1070,9
im6e8205981bfb71,9899,,0,1087,9
imacd3e05ab1facc,5289,,0,1485,12
imcc463c3dae6942,762,,0,2565,15
imdb9f57eb4ef801,22824,,1,1923,14
imf4ef7ff90beef9,19303,,1,966,8
imdebe076dda5956,6335,,0,1234,10
im3e6a729521459f,3012,,0,842,6
im375e52a1d70c2a,1443,,0,1174,10
imd38e338ce10b0a,17575,,1,1794,13
imf72b0494b0931b,3386,,0,1110,9
im19e3d0239877c1,8117,,0,2980,15
imdfc155f467b29e,2942,,0,1105,9
imf62f6a41eceeae,12313,,0,1168,10
im1f3f97980f2f24,20886,,1,644,2
im4f4854c3d63ec6,1213,,0,2577,15
imebbe1e943ff278,14284,,1,2582,15
im67cb6d96efd540,11580,,0,445,1
im279d400e2a1bdb,15538,,1,926,7
im39b143bad6817b,4228,,0,679,3
im9d9d3a65c792fe,14949,,1,945,8
ime6b66173959ddb,182,,0,653,3
im2b19214fba12fd,23794,,1,504,1
im0671f749db9609,426,,0,1048,9
im84e7d1bf294bd5,14398,,1,905,7
imd34e1e5bebf546,15296,,1,870,7
ime68da6c4334014,17779,,1,1719,13
im682e407e15c61d,14743,,1,605,2
im1b5a920517f6d1,13672,,1,177,0
im196c360615061f,5002,,0,1275,11
im8f2a0f9fc29d68,6434,,0,1209,10
im293fdd6b4cff26,23140,,1,291,0
ima7cec4735db69b,7077,,0,774,5
im5d7e5744ad0c5b,16270,,1,1382,11
im01a5ef84c7ba61,195,,0,461,1
im59a4773bedc902,3459,,0,2671,15
im166ffbab2bf82a,19963,,1,2164,14
imdaebf746e06e9a,13915,,1,758,5
im8e98d2dfa1208e,12529,,1,638,2
im7ad145a10a2bb9,400,,0,179,0
im0250de3cfd053b,7041,,0,605,2
im845fbf86288318,7172,,0,432,1
imf72a9b094c0e59,8016,,0,1609,12
im3a7859811e47a1,24720,,1,1972,14
imf8ea0574c94669,10968,,0,1421,11
im0bcbc6acc0d61a,20042,,1,438,1
imb92b7cdb08be06,17414,,1,815,6
imeb598dfe8e75cd,17995,,1,646,3
im9619e4746b58ec,3444,,0,1204,10
imeaf3057cc832d4,2734,,0,713,4
im5d1f50ac02afc7,6269,,0,2333,15
im17171cdd0765a0,23070,,1,618,2
im32ec7a011e30e5,12197,,0,1614,12
ime6ccf4621e0172,4544,,0,817,6
im5f789b92a933dd,19783,,1,1597,12
im53f2e06c113555,9036,,0,664,3
im8821d5a89205f1,8958,,0,915,7
ima23954702f7f7c,2757,,0,655,3
im029047e46cab0b,16738,,1,744,5
im943089bb4aaf88,5644,,0,755,5
imac2f82d0ae877e,13944,,1,667,3
imc83a9841d9f1bc,1378,,0,728,4
im330edd9f4b1e45,15785,,1,675,3
im2a4261bcc036e4,16860,,1,906,7
ima9ba15d11751cf,22336,,1,1193,10
im9321a19048e6af,23835,,1,364,0
imb8c2cf56f173ec,24516,,1,208,0
imb264d97eb2ebc9,19027,,1,585,2
imc5bf173504f8b7,1191,,0,379,0
imfac6b194c1bd11,10907,,0,723,4
im000e2816e6a371,10946,,0,707,4
im42ec0659608c5b,3650,,0,899,7
imc2931f6ca123d1,6768,,0,884,7
im8b909e5b16fc5a,3152,,0,1609,12
ime94a4e9f50804b,20642,,1,927,7
imb79366ec227e49,15868,,1,770,5
im17ea70685474d5,6637,,0,574,2
im9887f32097803d,21211,,1,625,2
im1e3e8ed4858893,4439,,0,657,3
ima4d1b008abefe9,11618,,0,839,6
im4f4734b8a4383c,8104,,0,661,3
im69d9034976fbe1,382,,0,1225,10
im0d72d0ced002f4,12040,,0,839,6
imf9b377655270a2,8316,,0,1058,9
im74283655a14cbc,3075,,0,682,3
im8b01f8b3dacd1c,8108,,0,668,3
im033907463b4229,8206,,0,851,6
im2667d939677c30,9757,,0,929,7
im7f67fdc92847bb,13568,,1,1310,11
imd920c536b6ff5f,19901,,1,2954,15
im2911814c7c77b6,4052,,0,2335,15
imbf8d7f5c982c10,4438,,0,1649,13
imbed7d07faa1f0b,18506,,1,756,5
im516f5ac897e7c4,20112,,1,1329,11
im6eb7f56d8b08e4,4267,,0,245,0
imcd23bef5173b63,2367,,0,1266,11
im9fdf54d642f914,541,,0,1631,12
im94d811d67b8fdc,6478,,0,1098,9
imce355107c6a483,3123,,0,849,6
im29896766bcdf6e,14385,,1,860,7
im6c4d15c0d61032,4924,,0,757,5
ime6232d3ee65676,2530,,0,716,4
imf500192c8963d2,467,,0,353,0
im53ed720caa0f38,23675,,1,307,0
imc4c832b080653f,21892,,1,916,7
imebb3f91340476a,210,,0,481,1
imb91aa561565425,9712,,0,728,4
im8a6886bc822603,3008,,0,1964,14
im2341cf9498ebb7,6034,,0,690,4
imb88b5ad3d6c7a7,284,,0,622,2
im7d82b0707f29d4,813,,0,1274,11
imbd8358aeb48bc2,3347,,0,1008,8
im8aebfb1bf47b5c,13516,,1,1748,13
imbdecfcd41cdfad,13935,,1,1807,13
im3fbf08847972ef,19324,,1,350,0
im36b1d242e739a2,17382,,1,396,1
im76a6f3410be0a7,14843,,1,620,2
im7b1bd05f1fb26f,22342,,1,992,8
im553207cacb4135,7774,,0,573,2
im35d1e5ed42380a,6938,,0,418,1
ime94afe04732f36,8390,,0,1118,9
im9a892e70dfb212,22146,,1,513,1
im2532ed62ce009c,1894,,0,2297,14
im5c93b20377fba9,20125,,1,581,2
im33d9bf2c6fd175,16040,,1,881,7
im1a93b24bf5ff76,2202,,0,1507,12
im6eb1145eb981f9,16467,,1,659,3
im10ef879bc0aebb,12352,,0,1079,9
im02567c881b7e92,15985,,1,662,3
im070dc37a7e050e,17814,,1,1082,9
im258f009411d54d,18695,,1,219,0
im9021345acc6ab8,18882,,1,638,2
imcf15b72d3839ac,19378,,1,739,5
im43cccf65541fd7,6221,,0,1621,12
im90951168ed0836,19241,,1,1290,11
imea91bd47e08437,17470,,1,1049,9
imb09a4e4db862f5,7234,,0,1655,13
im9626b05a98ab60,24463,,1,969,8
imf529989d6d1401,3576,,0,1453,12
imbfab205a7bf0cb,3495,,0,1913,13
imbcdc6b02e0820f,23517,,1,1658,13
im5afa230ad5071a,19177,,1,2504,15
ime75144b9983803,9304,,0,2699,15
im080f5f04aabdbc,6665,,0,1415,11
im2986511b956373,16850,,1,337,0
imf99882ae4e373e,4170,,0,923,7
imd7498ce0d8b9bf,14614,,1,629,2
imf7a02fb2ea2a0f,13131,,1,1404,11
im855c4a228edfc3,8203,,0,899,7
imc4aadfbb4ddfc9,24375,,1,799,6
im471b50eb0c036d,21768,,1,746,5
im65779b01f4db8a,7973,,0,1049,9
im1ae833363019b7,23035,,1,1914,13
imacd0a0a3e5ecd7,21972,,1,604,2
imc9b83d8b0b2c7d,23494,,1,734,5
imaa6b5f62db8942,6882,,0,726,4
im7e33f210a4bb94,6154,,0,977,8
im921b9f72772237,18836,,1,410,1
im31e3df1171fa3f,23425,,1,1830,13
im579f8698d37d57,7538,,0,705,4
im5f474aa0b59d0c,23554,,1,139,0
im5ce91cbb614cc1,13373,,1,704,4
imfb972e4f107f9c,22131,,1,526,1
im8c65e9cb4f357c,10341,,0,1015,8
im4f605656de2b7e,20714,,1,1149,10
im5db8e26adcedb2,19262,,1,645,2
im7083696db82061,14410,,1,678,3
im6469f6c4a8afc6,22785,,1,2081,14
im788ed2413bda66,16256,,1,1437,12
imae310d712acbf8,10966,,0,1254,10
im42c3cf26ab3620,18966,,1,714,4
im3747eed9cdcf0e,3432,,0,1120,9
imda719f0b770013,5270,,0,1205,10
im805457a9057034,15423,,1,2966,15
im82c4fc2584b4ee,23111,,1,1276,11
imf679d75caa1e8c,13397,,1,777,5
im34f1e2f9d28be5,14295,,1,712,4
im148cc386a1779e,22893,,1,2585,15
im9805cc57f52b83,5784,,0,553,1
imc0fab9be5a543e,22112,,1,680,3
imff688de7dedc12,21279,,1,1139,10
im54d8a9264c63c0,4002,,0,567,2
im4fd77e9b32893a,1912,,0,969,8
imf3bcdb2718f0b8,11780,,0,707,4
im001e3495774699,17224,,1,1002,8
ime043d4a6d4acc8,20086,,1,819,6
imb1cc6b8e28e89c,21132,,1,478,1
imb1c6fc5a564aa1,7751,,0,2403,15
imd1977df3bd0f0d,7007,,0,787,5
im603269854a6401,19762,,1,405,1
im11c1f27f5a1fff,18066,,1,1086,9
im4383a147ddd81c,7311,,0,1715,13
im30eb1a09220308,24355,,1,682,3
im8a7f6dc731073f,13919,,1,705,4
im01c594821bf63b,12503,,1,2544,15
ima78a8a0b07819f,6334,,0,288,0
im8d3391f0683a0e,1548,,0,587,2
im17747b53d46848,21012,,1,795,6
im391cdedf6b332d,19291,,1,369,0
im09090cb1c8f145,8619,,0,743,5
im19339495995728,10291,,0,1403,11
ime6e6be3c5ae8f7,16561,,1,2384,15
im14dae023ea8153,1046,,0,291,0
imc768737a3cce5f,8308,,0,269,0
im00c84157264fc9,16079,,1,929,7
im30de0e7462b4ac,8469,,0,678,3
im022cbe69f2a665,20643,,1,1041,9
im825e9ec25b3df9,24952,,1,1067,9
im506db4261c89ca,8474,,0,1945,14
im01bf5a58c13377,1569,,0,701,4
im1b5de6b007c5da,1666,,0,1568,12
imaecaf4b0b94cfc,15005,,1,1158,10
im235717dba2e2ff,13858,,1,1896,13
im778c7f54e33d68,17885,,1,971,8
im9fad5d8d7886ce,11052,,0,693,4
imafce58e24ff58c,16866,,1,1534,12
imed463819f222e2,9496,,0,936,7
im371bdbe25e2689,13605,,1,391,1
imf6ba8cc14903c4,12752,,1,2964,15
im9b722e25458508,11201,,0,1611,12
im2e443140ab2dcd,13136,,1,959,8
im01b81adca63e65,17148,,1,647,3
im5b09a15b079186,17101,,1,1678,13
imd71504b821f1f0,19128,,1,874,7
im82e9d899d4107d,8755,,0,1781,13
im6cc52b2820be79,12717,,1,717,4
imcb745ab35784ba,14925,,1,969,8
im66341f0b90962a,16063,,1,947,8
imcec28eaafbbb14,19493,,1,2288,14
im761af2a8b3e859,1638,,0,367,0
im2df329b37662c8,7186,,0,1478,12
im63a5f9f16009f8,21353,,1,894,7
im5d1e2d30d9f384,1379,,0,1145,10
im599edd5bac99e3,12591,,1,232,0
ima770597cd7a0e5,5278,,0,450,1
imfa044fe9459088,5281,,0,885,7
im67824d581f8273,3481,,0,895,7
im95ebaf2fbf69f4,19392,,1,715,4
im7dac6b3d25c70c,3661,,0,404,1
im28b5047ebf6a3f,9342,,0,1447,12
im4cfb3baa813450,24217,,1,771,5
im941b42ea80404b,24329,,1,318,0
im1543ce276949af,4423,,0,2314,14
ime18eb2fa7ecdab,21261,,1,2114,14
im4fab3368965d86,10387,,0,782,5
im69ec8e51bcf0d8,7800,,0,989,8
im29041e9fe24444,2507,,0,429,1
im611da6e9085a6f,8085,,0,674,3
im570b1eb3e25c90,20555,,1,1360,11
im86aa68e1bc3c5d,9014,,0,2289,14
imb8bcdca9241a58,2444,,0,839,6
im233b73e3700e72,5089,,0,701,4
im465ad3a5cdfa28,734,,0,1071,9
im2240e90d22af4f,8006,,0,2389,15
im2915e69b4fd781,21259,,1,856,7
im1cda51256cd085,9187,,0,2323,14
imfb2d0707a3327c,17228,,1,888,7
ime076a519dc0971,12207,,0,1853,13
imbdecec402edc69,3400,,0,957,8
im88d85679c01063,16856,,1,2939,15
imc3a51dae32fd59,6150,,0,678,3
im9f3308ab482f5e,22955,,1,474,1
im0009871ed533bc,9608,,0,653,3
imea4046f412c1ef,16021,,1,146,0
im9d729faa22376c,8172,,0,988,8
im300bb27564c929,24597,,1,984,8
im4f935829e7433e,11886,,0,1323,11
imd134870ddbf2a0,22246,,1,2901,15
im2853f6183c27a9,1887,,0,654,3
im850046f5b28fc6,14441,,1,2941,15
im62450b67f90b3c,15741,,1,541,1
ime7b30e7ffe2994,18767,,1,752,5
imde5fb45e2e0677,21105,,1,472,1
im77bc709285314f,12151,,0,931,7
im45138cc8ada3be,14648,,1,891,7
im9250c3e8fb591a,6009,,0,1077,9
imbdb4c69caa861e,11840,,0,1779,13
ima33123c1c35889,3043,,0,957,8
imecc7ff56194792,16206,,1,849,6
im914d0dc319a76c,20598,,1,1148,10
imee798986f35962,1510,,0,313,0
im5d5a73a3d7c68a,9296,,0,1408,11
imb76737f2501769,22265,,1,2424,15
im2af3fa24db5970,9464,,0,840,6
im1cade3e4cf3042,24264,,1,1465,12
im02bfeda83b67a4,17402,,1,2822,15
im61322db5376cc6,10614,,0,929,7
im900847905037b2,8828,,0,813,6
im88b50fef15fca5,3937,,0,724,4
imbc5e5c59a0599b,881,,0,772,5
im69de129cecb9ef,19959,,1,1495,12
ima7abe01e85deeb,16384,,1,767,5
imbf2a00d03e4960,24196,,1,245,0
im823581b674cb1e,731,,0,1053,9
imb5522441bee37c,9003,,0,1897,13
ima04638e979c10d,18322,,1,1108,9
im6a6eba4bc72234,11510,,0,959,8
im108ab11538c928,2469,,0,647,3
ime62934fbdec471,2527,,0,775,5
im8081905ea5b851,14895,,1,678,3
imd8630228be1004,14407,,1,892,7
im9bdc49704aed66,7165,,0,467,1
im3a6b7f762537c1,6634,,0,651,3
imbdd96e8aea0475,7107,,0,345,0
im68e4f4527fe201,12430,,0,471,1
im0024ade6822625,15452,,1,1049,9
im599cc1e715da48,20016,,1,2309,14
im8a86a4f700863a,18376,,1,875,7
im19dd13c64bb8b0,4405,,0,222,0
ima5f6e4393c804a,14794,,1,1175,10
im84b21ce21200ac,8156,,0,603,2
im396f27ff575608,18495,,1,912,7
imaf6a2d9e868abd,22693,,1,603,2
im3f0016ebbc25ef,573,,0,423,1
imdb0d9fc9ded28f,5293,,0,743,5
im353675cc07af11,13663,,1,1815,13
imd7a32083b81515,16795,,1,573,2
im04d6d195f19b57,4588,,0,732,4
im3c77467e03018e,22248,,1,1222,10
ime3a10eb87957ba,17471,,1,1159,10
im9b3b0f3df15839,23745,,1,1786,13
imcc71ba5e1de353,8112,,0,970,8
imdececf61ad7a4a,23589,,1,754,5
im18f2eb8a6d0476,8453,,0,1431,12
imfb66b991050cf9,1982,,0,896,7
im3aa259293c7c37,23659,,1,459,1
im8d91661f1eeb13,17761,,1,1520,12
imbfdedca406e2c2,17836,,1,974,8
imc660d29f130c3c,1256,,0,1237,10
im96a43ba1e3437c,8230,,0,658,3
im214262cbc6a4e8,20842,,1,637,2
im36802a605a4211,16263,,1,426,1
im6232eebdde1d4a,5967,,0,1205,10
im1021eaaf6e04d5,21136,,1,548,1
im648aee8cb826f3,12907,,1,715,4
im471ecdbb0beec9,10235,,0,587,2
im58b5489465e81a,20736,,1,1550,12
imac2e5706e45cf9,12107,,0,1369,11
im9a94ed046fc8a9,13627,,1,1200,10
im49acd148134f98,24567,,1,2387,15
im6c4719c538ad83,24698,,1,696,4
im99b7efef5f1cb4,832,,0,2875,15
im1068bf021e6508,4130,,0,969,8
im026c426167a161,8806,,0,1026,9
ime6443933a8c90d,14844,,1,702,4
im759df95a4da90a,10379,,0,704,4
im561b2fcdc7a433,16057,,1,873,7
imfade9a33950e09,4614,,0,720,4
ima5dd7d6ace3a3b,4378,,0,1114,9
im0f9a79a679115a,4538,,0,765,5
im887dd56568d3f7,18768,,1,819,6
im3944dacda19b40,24655,,1,895,7
im76268bd9123cc6,12498,,0,701,4
im51f99684661d26,15679,,1,783,5
im19e3d753e9e931,19147,,1,789,5
im4907b7f05c34e5,435,,0,679,3
ime5d2fdeb6494a9,1106,,0,648,3
im0507113f15e927,8971,,0,1012,8
im79733c6dbb35bd,9874,,0,1373,11
im8a84d4ed55692c,7049,,0,523,1
im7dd68e116d8e83,23996,,1,337,0
im1f06e7369902ce,20245,,1,937,7
imb4ebacecb8d793,22152,,1,1823,13
im021b05a7363fcc,22754,,1,2157,14
im721161f4ef6798,21156,,1,1966,14
im6ad7974ed0391c,8427,,0,594,2
imb9984e4aa312ce,8302,,0,1234,10
ima06f47d4569d73,20597,,1,384,0
im997f36bdb1ec65,19574,,1,960,8
im6c6f28cc399c04,6183,,0,2110,14
im8dc3288cebedc1,910,,0,1746,13
im83af0efbf59525,13690,,1,1706,13
imd92831602f6e55,15141,,1,985,8
imd7709d82765074,14866,,1,337,0
im1251c9b3889205,19583,,1,922,7
ime0b38bc4377968,6780,,0,1165,10
im99f6f6858db2d1,22457,,1,1991,14
im876f199f516524,7809,,0,614,2
im60d84e404106e5,22787,,1,1402,11
im146cfbe7d15e8f,8710,,0,692,4
im49057db4846160,14060,,1,713,4
imdf90a622ecac8d,1144,,0,1141,10
imf6c709d5e8b726,14701,,1,1434,12
ime5ad8baa0be9cc,18801,,1,924,7
im0bce6f717bf522,13592,,1,518,1
imd8af28cd084102,9573,,0,699,4
im5067209722b246,6562,,0,711,4
im31f1539c80d624,784,,0,2089,14
ima34c9b5fe23f6b,6220,,0,738,5
im31183df9dee430,17874,,1,873,7
imc824f9a4138eed,4033,,0,1133,10
im003103b0425a56,16931,,1,555,1
im7c7f46b8aa878d,4802,,0,1433,12
imf5ec43cd886d38,5394,,0,1508,12
im7667a1d68af66e,18558,,1,685,3
ima68cf514dccf3c,5565,,0,694,4
im9c06c7e0285eea,12287,,0,2440,15
im5d35e29e1292c6,6200,,0,725,4
im320aea47d70109,2060,,0,1581,12
im62444ef672ee4a,5178,,0,900,7
im6c3e290049206b,623,,0,1000,8
ime6fa04c870adca,19538,,1,1314,11
im5ed907542a68cc,4704,,0,769,5
im691b8bff9671ce,7583,,0,987,8
ima5b38808854c29,15573,,1,1789,13
im1f37531685ac20,18841,,1,2374,15
imcbfdcee341683b,4611,,0,1849,13
imeb3fd0b62aaaa4,13854,,1,869,7
im155fd1107ae38a,1562,,0,281,0
imabfc6dcd3352b4,20387,,1,2626,15
imd8ea37c6656279,14137,,1,963,8
imb9f87c82994116,15174,,1,1446,12
imb9a0bf3c02b918,19883,,1,1752,13
imee94279146bda7,19656,,1,1181,10
imbb847129995fc3,10629,,0,2131,14
im27c8e47dcd161b,19622,,1,1812,13
im19d78b6a7f8077,16815,,1,973,8
im863ccc21caf7ad,14055,,1,826,6
imd2ff3cdfdd200e,14781,,1,1270,11
ime74f9915a8c609,23230,,1,1916,13
imc096c3acddac63,18851,,1,776,5
im84691b18c50d06,12526,,1,718,4
im461d1ab5c0049d,15201,,1,1059,9
im3df4a6c53dc41d,22343,,1,2720,15
imf74a2d0c5cb430,23678,,1,199,0
imdb51bbf7ebf93b,24779,,1,892,7
im06d434d0284cce,11556,,0,899,7
im9d3429a2853bfa,19832,,1,1288,11
ime9f88e6f138390,16828,,1,1458,12
im2952e4362d182c,17053,,1,1181,10
imd5b37d69c946af,9324,,0,362,0
im99983ad7c29bcd,15488,,1,2067,14
imdc1da076a498b4,21991,,1,2853,15
imf23b3aa1b6c039,11233,,0,1554,12
im7f35b94a72f5ed,22003,,1,2001,14
im304322786da6d1,9646,,0,284,0
im48288a002ed2b2,20647,,1,724,4
imc2ff2d8737f19e,6464,,0,652,3
im0a361c1b710803,17555,,1,784,5
im6d6c2bba6ef75c,54,,0,1545,12
im8b311f933add3f,16971,,1,787,5
imc5128e83d0e64f,723,,0,654,3
im0669a9476b39dd,10432,,0,1674,13
im16e37869655207,15750,,1,716,4
im9078e54ed2e713,17170,,1,765,5
im100585d8c53b1f,8760,,0,913,7
imbe502d30be547b,12016,,0,789,5
im939384af569eda,4738,,0,1140,10
imcc15e1b33de1fd,19616,,1,1038,9
imdd8adb49f5b3de,9231,,0,2443,15
im523ba7f04749eb,16445,,1,788,5
im036a5053c7f1d5,24174,,1,1234,10
im5586c573c97366,12683,,1,1568,12
im429f221e6a7c65,10321,,0,1089,9
im99fb3a6f0957ef,6253,,0,894,7
im7223b8f677572b,3257,,0,859,7
im588cb5fa418869,6848,,0,1001,8
imf5411b62302472,629,,0,776,5
imd256e61d6b3ffc,9986,,0,883,7
imf773a6f64c27f6,14937,,1,205,0
ima054c30496e187,834,,0,624,2
im71461e55892acd,14333,,1,2390,15
im5fac6d24dd8612,1442,,0,148,0
im1b5779899da95e,2137,,0,1121,9
im0bbc978233311a,411,,0,1195,10
imc6f883c215a5e2,10033,,0,1078,9
im4aada7549ab7bf,18253,,1,719,4
im666fe75aa3344a,6195,,0,736,5
im08f6f64a63e8b8,19728,,1,955,8
im0b0d10673c8199,12883,,1,2932,15
im0638583b5d22b8,22874,,1,613,2
imcb9de4f10f8ccd,21599,,1,2342,15
im453b9e01d49a6f,184,,0,714,4
im9667408d394b24,4800,,0,687,4
im7987f77624d8c9,6529,,0,1374,11
imb8c1d0ec0c5e14,13356,,1,1473,12
im6564932f33241f,21810,,1,1149,10
imc8ef833026bc2d,22619,,1,622,2
im4d7402accb5925,764,,0,663,3
im612134e898b469,20435,,1,1417,11
imc059b105055dea,9706,,0,1513,12
im20aafb8acaa34a,322,,0,692,4
im44958386cdd3ba,16668,,1,2660,15
ima643af3b004a2d,11054,,0,486,1
im67f4f3851f0afa,18497,,1,662,3
imc59145fa02d771,13341,,1,1328,11
imfd8a4f44dcdfc2,20599,,1,226,0
im28c61cc4a7464f,5217,,0,940,8
im142c485e143c5a,17549,,1,283,0
im060f5b801b7d13,20511,,1,713,4
im4b41a451f11257,4309,,0,2098,14
im76c47efb2999c7,14835,,1,1295,11
im78151b647ce9cf,23197,,1,670,3
im1d0262c588993d,5703,,0,2618,15
im2435ebbaf16a48,13829,,1,1016,8
ime501446ab6746d,22459,,1,1043,9
im09a9ed9e9487aa,9522,,0,723,4
im1dc1e1a3ed4b44,4044,,0,667,3
imcd12f06e9fcccb,20179,,1,912,7
im91daf6dc55cb27,18193,,1,743,5
imfca6376115809d,11565,,0,2414,15
imaaaf7df4549eee,7813,,0,783,5
im363a610ac3f966,18071,,1,669,3
imf6b243e44745b6,5741,,0,659,3
im1a0a15de7b1f8d,18350,,1,1020,9
im3823f0d842db40,277,,0,489,1
im6aed5912e52349,1645,,0,975,8
im910d38b1881aa8,21176,,1,1941,14
ima1ae7e148cd6d4,22581,,1,1102,9
im733fad782af9ab,12947,,1,770,5
im4abefd2fb72e6c,15125,,1,1085,9
im4b69dac8dc7cb6,13828,,1,754,5
im66385de9afc169,21205,,1,939,8
imd3e6320a558a3a,16665,,1,924,7
im1ccef2b5bf093a,2726,,0,1803,13
im76367c8a885ff9,1461,,0,811,6
im900042b180e73b,282,,0,2680,15
im6764bac0977462,4339,,0,1756,13
im8d008faf35ccd5,124,,0,1823,13
imf1ac260a47d6db,6710,,0,638,2
im113011e1551bcc,162,,0,1087,9
im7263019d394b95,20029,,1,756,5
im599600df07143b,24391,,1,1415,11
imcf3c15eec20576,18522,,1,1035,9
imb3ee9e4a1f8914,16787,,1,599,2
im027201a6753ad7,23955,,1,974,8
imbc9d6a2e5bf7a3,11468,,0,2053,14
im7bffb3247c3c68,24273,,1,500,1
ima5c93a1c1f12d3,1000,,0,975,8
im2022a0571f8e45,8567,,0,598,2
ima802860ee94b5e,20017,,1,675,3
im1cc9aafe4761df,22101,,1,895,7
ima6482ffdf58024,19338,,1,702,4
im07060ccb9bb493,5191,,0,850,6
im19878e79c68948,2650,,0,2400,15
im7f17b4a58017b3,14754,,1,548,1
ime0ea68ff72873a,1334,,0,872,7
im8fd638f147e390,12408,,0,297,0
imd17bdd5b4c0dd2,18154,,1,795,6
ima07525d1b8dc30,9905,,0,880,7
im7f38e144b60573,9090,,0,1378,11
im149582cc7d2220,14153,,1,658,3
im8125496dd26776,17340,,1,637,2
im605b0ca26856b4,15386,,1,1543,12
im3f35b7a7ef059d,19463,,1,991,8
imd1976a1f3d8efe,3503,,0,1362,11
imb5acd0f9c37e85,21294,,1,711,4
ime325c1c22e72ae,19145,,1,796,6
im2ca8e4bc2b35e9,17578,,1,685,3
im4cf35f70448448,16039,,1,2335,15
ima91668d4b6ad5d,596,,0,1293,11
im431372ca2c2136,17788,,1,292,0
imcb4cfb003c0bc9,1843,,0,951,8
im86c1dad76e59d7,6733,,0,579,2
imd4986ef288dfeb,14890,,1,619,2
im591524fe2f5b90,7069,,0,995,8
im1fc3fc1cc5b533,9598,,0,332,0
im76d5efc5b58228,16409,,1,1086,9
imb64f3d6ea4bcb0,19677,,1,1217,10
imbb48b2b1e78bba,5588,,0,1213,10
im1100fd67131669,14093,,1,1074,9
im43d0f932237547,43,,0,1170,10
ime89203525b327c,8725,,0,667,3
im52648f00bfc726,15412,,1,1439,12
im9683967e3f4f16,17630,,1,1370,11
im3eac2d52921ba5,17489,,1,1950,14
im03cfdcd84eb0e6,13010,,1,2939,15
im3859eb49ee98cb,21456,,1,1573,12
im2c45e7b8d9a9a4,6974,,0,669,3
imf8ec3a3405b145,19631,,1,1040,9
imc76a868503d127,11892,,0,241,0
im811a893ed9dcfa,7543,,0,2659,15
ime16a57c20ac1a8,19346,,1,2781,15
imf9ffd41317056d,6860,,0,1710,13
im64ce40fbe6e9e0,2493,,0,1995,14
im608ebb9428648b,14928,,1,908,7
im004d8b2a18f165,9733,,0,664,3
im87eec2c4a4944a,13095,,1,1040,9
imb48144dc422b3d,15166,,1,861,7
ima83a21cbb7fb85,6659,,0,1018,8
im803b142dfbd247,706,,0,2697,15
im45f78439d7b329,24161,,1,1196,10
imdb177ce135719e,7802,,0,1124,10
imd7c1511341ed9a,23248,,1,2554,15
im457e8516cfe7e6,24526,,1,1116,9
ima7c90289a6fe48,24323,,1,254,0
im9228bc71636b51,9412,,0,448,1
imb6e84cced35e81,16299,,1,757,5
im96f834b69c715f,21370,,1,790,6
im48b4ac12fda7ea,11726,,0,943,8
im2a15e78a1a8b1d,18447,,1,1438,12
imbbeafd4d48ac42,17924,,1,804,6
im31adf0d8d5658e,17081,,1,328,0
im7f1d296d556014,5330,,0,1120,9
im1d99ed2845bab9,1448,,0,884,7
im5a4dc1fcd582d1,12670,,1,1532,12
im0aaff56e433c83,12891,,1,2119,14
im73fa2dd29cf6c0,20214,,1,1343,11
im74bdb9665a63f0,7028,,0,1960,14
im4b977d6c287ce5,11222,,0,1326,11
imda225123c6bc49,23002,,1,1348,11
im0e6f6752de427f,15969,,1,304,0
im11ded62f255d8a,21247,,1,1738,13
imda4e6180ef3183,9340,,0,2276,14
im49b9e859ca436e,14043,,1,745,5
im5b8cf115c23ba5,917,,0,854,6
imc7272998016fc3,21716,,1,2169,14
ime1084b057d6dff,14151,,1,1397,11
im95f484401ae892,5326,,0,1529,12
ime23951c1cc05d7,8640,,0,313,0
im3ab337173fda58,21430,,1,1541,12
imc17055212f6e31,13147,,1,563,2
imb15a13d132334f,13449,,1,1756,13
im4356395d7f49d7,16004,,1,2030,14
im67bd0c1ae1a7d3,12417,,0,864,7
im4662270ee3a837,263,,0,1065,9
imd871eb9906368d,13281,,1,685,3
imece7bd4a06e148,17025,,1,837,6
ima8bf08f88060db,17298,,1,707,4
im6291b06ec6da7e,21471,,1,1142,10
ime716ee475b3196,24340,,1,587,2
im661d55221b8a00,12162,,0,487,1
imf49612b38eac4b,9950,,0,2191,14
im24d522178cd870,3619,,0,821,6
im607033614d3331,16530,,1,1069,9
im5e2cf9ee101480,22685,,1,854,6
im784554fe14d3e5,22505,,1,1027,9
im8a4f7f805ad11b,14252,,1,1039,9
imec52d852b7dcba,18363,,1,739,5
im0300253087f127,21434,,1,1227,10
imf02223e16ce8d0,21733,,1,2290,14
imfaa5cef9a3c7ff,10747,,0,2021,14
im45abc4df8b7db9,900,,0,1405,11
im2e286dbf865c0d,11419,,0,723,4
imcb226e696e4713,17080,,1,772,5
im741a2348d23ff2,21117,,1,1594,12
im25eae81fd0e73f,5349,,0,748,5
im4c3a5256767217,23128,,1,1406,11
imbf3dfbb959fe10,7446,,0,1070,9
im9a4fbba3621132,22423,,1,2273,14
im52698bd466b626,2519,,0,1687,13
im4bbd2c90cb9f2c,4784,,0,1885,13
im5155518d309e56,11251,,0,1149,10
imefa7e2c0628471,14712,,1,1266,11
imb66c3efe2e612b,11949,,0,777,5
im479287517a3815,6669,,0,795,6
im5d52a4605fcb75,18115,,1,2657,15
imbe812b3e2a3ff7,9612,,0,1376,11
im7c04035fa9236c,15703,,1,894,7
imcd9be21d18f47b,8225,,0,1790,13
im4118f3e3b8f0b2,10531,,0,236,0
im052b6e3ef7df8f,14903,,1,1593,12
imd87124889c5c9b,6714,,0,1190,10
im4b73b535c090eb,11155,,0,2213,14
imc64994af233fb5,4870,,0,1739,13
im67f7e131471232,20611,,1,400,1
imef2759c3c4dc25,9157,,0,1781,13
im233845f97f005d,18040,,1,2065,14
imd97f4c30681b57,1832,,0,1070,9
imc6e89e4a475711,18448,,1,747,5
imc48caf4c3a284d,3847,,0,689,4
imdae723caf4c2d2,18596,,1,478,1
im98026b49140f68,13560,,1,760,5
imeb120895065423,4028,,0,1724,13
im902dbe7e5fe6a7,16150,,1,1267,11
im569f95669feee1,1577,,0,1110,9
im94ab81fb229c1f,14439,,1,377,0
imdc98df9a0f0933,1428,,0,856,7
im63f948259d119f,13306,,1,1466,12
imf35a5dfbc88bf1,11387,,0,353,0
imd044aa9bc45e84,16347,,1,532,1
im9a6428673a0c97,6302,,0,854,6
im6bb7042f7415d3,3534,,0,2002,14
ime77ddb4474659a,748,,0,1499,12
im282873f0d56a14,23383,,1,1204,10
im4c84a417e2ee59,14974,,1,1352,11
imab795a5fc98b0e,17900,,1,1574,12
imb84fc3b96b4e54,2344,,0,1528,12
im634d6496d16536,4874,,0,2247,14
ima63d814b5cf9f1,18353,,1,209,0
ime651cadb472a02,13734,,1,760,5
ime91ac2716609a2,19844,,1,482,1
im03c06801468902,2358,,0,187,0
im3d0d7f375f9de2,17540,,1,920,7
imcd8d7a91d4a4f1,10206,,0,682,3
im907518d41c02bc,6177,,0,1831,13
imc3d0744909f029,9128,,0,529,1
imd9e79e186f7926,10480,,0,778,5
imeedf82cf8d2335,4085,,0,1647,13
im5758cee84dd6ac,11215,,0,712,4
imefc6ce78b68947,4430,,0,705,4
im397b1b16459ce3,15385,,1,1285,11
imaf7b0316d7bd5c,6588,,0,1264,11
im638c55b362c0b8,6916,,0,877,7
im36edccfd9acf2f,10525,,0,238,0
im37b9d2cf0417db,7178,,0,336,0
im54bb7d37e5bdae,24802,,1,2809,15
im2556922ce19a40,21949,,1,2854,15
ima06209a7c6b5b5,23188,,1,664,3
imb8e0ceb7d2b4a5,23956,,1,2384,15
imdd88b000277215,244,,0,515,1
im06a2176383cfad,16284,,1,2017,14
im0a7aa395516158,14397,,1,488,1
im61303aa517356f,17348,,1,1167,10
im9c94f4c3a2c28d,34,,0,2152,14
im35830fc84cfb6b,18348,,1,655,3
imf55f8b3ede2a1a,11463,,0,1052,9
imaa9be185060e14,6890,,0,882,7
im0701064190c9af,17954,,1,1086,9
imcc3e81af0c9e21,16733,,1,959,8
im14b68b3f015b2f,19906,,1,1496,12
imd636c25646cbe7,20837,,1,1035,9
imcfe5b948b7c893,4776,,0,872,7
im1a7b3e5e2f2329,19149,,1,651,3
im0a7792cde3df76,10947,,0,1458,12
imf7464b2bb3499b,6317,,0,1130,10
imd3628bd0f89876,9162,,0,2386,15
im1cc49509cbc2f2,13878,,1,359,0
im711a6b9815cc57,3381,,0,754,5
im3c620331fc7220,20337,,1,952,8
ima65c783ab239e0,777,,0,1166,10
im998e10f4e3ec55,9447,,0,1769,13
im5694a3a2a3d148,2969,,0,938,7
im321fbc1f1c2eaa,20350,,1,2201,14
imf76c78ad64ac26,17914,,1,1492,12
im18deb5f59baa42,8800,,0,1146,10
im22a2e36e8942a7,16140,,1,898,7
im31a92959a36576,2937,,0,683,3
im182c31b6036cb3,10161,,0,586,2
imb1fdd4adccf843,1455,,0,968,8
ime02e79daa58ba2,2294,,0,1789,13
imf668b7fea71fe0,22335,,1,548,1
im219541fa751648,7908,,0,1649,13
ima5aae9afb642b4,16833,,1,702,4
imf23301009e698a,2762,,0,1175,10
im1db7d7c577201d,21814,,1,1318,11
im66dc5221d14b7f,19968,,1,1831,13
imafa22667193a2c,8742,,0,1545,12
im98067f40e3dc3b,17420,,1,1145,10
im8a20c42d7deb96,9863,,0,816,6
im5b6cfecc6e3540,4833,,0,729,4
im69e77d72acc8ed,8100,,0,789,5
imbf158530673723,9046,,0,977,8
imed2d1028c060bf,16035,,1,708,4
im433f90d1c70a82,23621,,1,1280,11
ima9976676653c93,12082,,0,2314,14
imf03df772d43728,4059,,0,650,3
im761cbf168b13db,22190,,1,606,2
im33d0e0da160044,10122,,0,684,3
im5f223e55187faa,20190,,1,2643,15
imdd13e1cac6b132,22649,,1,805,6
im7c14c00bfe7871,6029,,0,1224,10
im8b0c19b22e6cdc,10443,,0,2452,15
im346514982ba6bd,10630,,0,294,0
im2ebf3a7c383ad0,12576,,1,698,4
imd3c8add96cbab7,2894,,0,1311,11
im83d540cc5dc72d,16615,,1,983,8
imfa9e8f0c85085a,17676,,1,984,8
imad0f0dd5949bea,7547,,0,2711,15
im7b648c4740bb63,1718,,0,765,5
im3d9c8409cab8df,396,,0,1899,13
imd6ee4172bdf03e,17728,,1,165,0
im4c6651f46e3b91,6856,,0,613,2
ima2cd45ff12268d,19673,,1,895,7
imde6ca089adb3a5,8187,,0,1805,13
im356bc5125c73e6,10337,,0,1298,11
imb659300f5b1602,18924,,1,2217,14
imcd62f4816a9257,12203,,0,1214,10
im0d9d020b14ec84,19407,,1,673,3
imf0c8a1d0580de9,21506,,1,2160,14
im37c87f0e2d89e0,8735,,0,662,3
imf286c61118b7b4,17751,,1,1748,13
im70dd93ad27d5c1,14299,,1,785,5
im7405eec6168177,8048,,0,1089,9
im66ec63cc2e241e,7760,,0,2501,15
im3f2718ffc9e47d,8688,,0,1223,10
imaa4e6a8068aac2,23225,,1,392,1
imdd3df81b2fe575,324,,0,776,5
im1bc48e13668c72,14386,,1,1274,11
im7795eab8ca33c2,21687,,1,1347,11
imff34cd2bd0bab3,16096,,1,788,5
imf2436b42a481bc,11588,,0,1072,9
im878cdf7ea6ccfc,16745,,1,531,1
im1a7ee315f79dd4,22475,,1,1371,11
imed0e0443a57d70,2114,,0,722,4
imded45a8067f24a,8757,,0,1083,9
im697ac9979cb73b,671,,0,1989,14
imd34e332a5ff77b,2525,,0,2663,15
im5a817d7b7a26a3,6137,,0,550,1
imddca2b037fd203,5742,,0,2140,14
im7d3d74492ca10f,23031,,1,2193,14
imd142e955fcaf86,13729,,1,703,4
im2f5a95a22b600b,2410,,0,778,5
imaf126a645c3fcb,7739,,0,1509,12
im307f0363cdd24e,20361,,1,1234,10
ime9ab41b5936f2a,23983,,1,1623,12
im5aff28b9f96e30,2264,,0,1005,8
im12c282ab7d5e5a,18247,,1,1647,13
im474613c97f5f54,18078,,1,1286,11
im04bb1ad914e222,23099,,1,1816,13
imeb8edcd327c936,14507,,1,1908,13
imed1367867fc9c0,8444,,0,2005,14
imd8131612f9aa36,439,,0,624,2
im43035f16940c60,5898,,0,1363,11
imeaf4cd267e2a34,7700,,0,1138,10
im733e1761e37ce1,14315,,1,2624,15
im003b87972dafb8,24580,,1,937,7
imdb81fe6d3f948d,19479,,1,1226,10
im8560018ff08bbb,20757,,1,1832,13
imfad0c183661203,17580,,1,578,2
ime3ccdc532be632,20916,,1,1448,12
im966e2ac4531fe0,9693,,0,1139,10
im75b112c8ee5314,754,,0,843,6
im81fb0e58b69023,8873,,0,1524,12
ime6974172b1b10c,21007,,1,842,6
im181c4a033ae042,8435,,0,2394,15
ime72bd9bc2817c0,14793,,1,656,3
imc43284633ac5f3,11346,,0,678,3
im45cb6a7389a705,21917,,1,1364,11
imc52a1993f15bbe,14811,,1,354,0
imd91d91e7246018,11127,,0,746,5
im25b7add91831aa,7934,,0,552,1
im409a0396d410e9,10126,,0,2240,14
imd0b3046473d6ae,22678,,1,2759,15
imd912149335adbb,12850,,1,860,7
im877d53a22d8c80,14968,,1,1406,11
im3b3f3935eb57e3,21920,,1,583,2
im5266b41e884bb4,8468,,0,2019,14
im164fd1b965f965,3947,,0,516,1
im343ac767d09dbc,2620,,0,682,3
imb8465006611273,1637,,0,265,0
im23b78594cf4b4f,23972,,1,1508,12
imd6fe0f4142240e,9722,,0,838,6
im622d8d707db1bc,17945,,1,2828,15
im9151b1a6831a38,3868,,0,285,0
im92a4d454227754,9581,,0,684,3
im387fe50b636de6,8093,,0,486,1
ima9c7eba04fd74b,21273,,1,681,3
im62c1863e170f52,14746,,1,1093,9
imfb44e1a93295b9,2150,,0,1314,11
im9d6e7e29a8eef5,19743,,1,1476,12
im820af13cc2128f,9509,,0,658,3
ima91764d794dd73,18511,,1,1335,11
im42c354a1b5c82d,18834,,1,2111,14
im769883334a26b6,1411,,0,924,7
imd7a74330235178,5516,,0,2098,14
imc90c73a2e849be,9158,,0,1488,12
im7c9f5567313884,879,,0,2092,14
im10fa4281e37d92,11555,,0,1288,11
im185b2dfac9b12a,6071,,0,2327,15
ime4e0aeabd856fe,12371,,0,812,6
im71fe2719531fa2,15411,,1,1924,14
im0397ed0b19365e,9124,,0,2516,15
im1278794c430efb,14065,,1,865,7
im634fd33d3acc17,22639,,1,451,1
im6945076fdf5b7a,12433,,0,1867,13
im720a3761c668e4,23269,,1,1405,11
im1803bdc052ca66,16080,,1,1242,10
im356e14c5378104,21705,,1,618,2
im91f00dfde5d289,3910,,0,702,4
imf1157bb8bc2124,8852,,0,1226,10
im29adbc7e22fe10,2971,,0,501,1
im5440eac5ef2851,1103,,0,247,0
im79868a353ab7c9,10897,,0,2386,15
im0167809a9ef262,6101,,0,755,5
imdf9ca1580a1ea3,2590,,0,1159,10
im99a9cea31087ba,19718,,1,694,4
im6e8e1eb71ba57b,16951,,1,813,6
im08623bcdbd3b66,17561,,1,680,3
im6b26688d86e966,780,,0,908,7
im29b808238460df,21027,,1,1163,10
imb4e090575b7859,8476,,0,689,4
im41f02940aff9ff,11511,,0,1149,10
imfdc339b620fb72,2250,,0,635,2
imc8148b649ca3b6,2503,,0,1022,9
imf76bef3debf599,1137,,0,651,3
imf981851726664e,4307,,0,1142,10
im401c5db4b94bee,15872,,1,632,2
im0c773ba48824e0,16851,,1,784,5
im3e0b387d955ba5,6338,,0,613,2
im7d0bb5fd954676,24317,,1,432,1
im4b1bbc8f5c0c8e,16054,,1,419,1
imdc3a15cca9b9c5,23561,,1,502,1
im71693fd1da8c3b,1102,,0,654,3
im4aa7225922c64c,102,,0,1375,11
imcf70169474b3c8,18547,,1,658,3
im03c1fcca748a11,1995,,0,934,7
imd050ddca4d52bd,14956,,1,958,8
imf10fda3d3cc31f,4372,,0,887,7
imfde9a1024f3d8b,4840,,0,1141,10
imc8d0f41e4aa773,15356,,1,579,2
im14c5c5f637699e,10236,,0,661,3
ima84e06900ff85a,6337,,0,926,7
im2ba75aefadd60f,1583,,0,1106,9
im4db4c8f4881601,2094,,0,744,5
im4d0045fe284540,20353,,1,1311,11
ime4211fff1071fb,9329,,0,1595,12
im2d1005263cebd2,13038,,1,1575,12
ima71b8accb93d60,8937,,0,665,3
im3e607e601138d9,18914,,1,884,7
im48dd9424d5a47e,22326,,1,457,1
im843ee60c1bae62,12955,,1,700,4
imaac609425e285e,13725,,1,258,0
imc142745aba24e7,15482,,1,347,0
ima50fb494d4a2a9,20943,,1,377,0
imeeb3da9a6d5fbb,19352,,1,1145,10
im0517ba8c0358ab,5596,,0,1415,11
im32c956a13ebd39,20652,,1,2593,15
im4dc02639be3720,3388,,0,311,0
im9c721bda1ede01,18885,,1,882,7
ima34ddde91ab924,806,,0,1957,14
im933a800394bc94,19288,,1,942,8
im03880de772e21f,19566,,1,814,6
im5fc6742f2925e2,4899,,0,1341,11
im7a3aa1c0e8de47,19231,,1,772,5
im2cf4e80837ba30,20917,,1,905,7
ime2af65baec2bcc,18218,,1,903,7
im844a23174a45bd,8966,,0,2901,15
imd3b49040aca21e,8122,,0,799,6
imd37cc254236b96,9155,,0,669,3
ime409ff4e6a8298,16532,,1,1083,9
im517584bcd48dab,7571,,0,844,6
im003ffc2ca0ea26,10128,,0,897,7
im26e12f1aa1ee37,756,,0,1374,11
imeb53a1bbd97586,7631,,0,674,3
im918e198555895b,19609,,1,949,8
imbe5b6848edf988,179,,0,1230,10
im2823380ecc1455,21857,,1,1618,12
imab6f2ee8d1a9ac,7792,,0,774,5
imb22b40b5aa12a9,12390,,0,863,7
im1e7773c01668f4,5813,,0,970,8
imd552ae83c35e6f,169,,0,1018,8
im225caae7316f49,17986,,1,856,7
im04daf2caab3762,18085,,1,1073,9
im6d53e1f60561c3,5853,,0,830,6
imc087d61b15d8a3,2118,,0,546,1
im74fd8c60642b96,18848,,1,1362,11
im6d002bfe8cd300,10456,,0,820,6
im4d920148042307,17992,,1,1909,13
