doc_id,source_index,source_id,reference_normalized,n_chars,length_stratum
mn6afc2d7abc5552,323663,98673e,0,290,13
mncc166fcd741dba,207172,32719n,1,89,1
mn541bbb7d3cf5a8,18625,36389c,2,101,2
mn5adb8706343926,361331,15843n,1,236,11
mn18e4838711bf3e,354953,128779n,1,149,5
mn99d8ca0662c9e9,150055,72566c,2,182,8
mnaee220a8865c31,55155,54591c,2,126,4
mne8acc421371923,282800,16150c,2,142,5
mnc967b3734c79c8,79454,22352n,1,165,6
mn44619f4f016599,255265,66031n,1,149,5
mn208ac9a5c78566,189552,77782n,1,287,13
mn444bb918fe5759,390251,80812c,2,260,12
mn52303c3c483f90,116376,40015e,0,176,7
mn8a4e5e3f1cdafa,132966,63395n,1,249,12
mn949747808370e3,333572,102942c,2,147,5
mn60f734e54a6bb9,230934,127622c,2,167,7
mn44a217001ca45a,358308,45349e,0,202,9
mn22d6eb4c3e3999,230074,47318n,1,190,8
mnd1303bc6034373,320940,48217n,1,198,9
mn84029730315435,157792,122992c,2,283,13
mn266de6b69b645f,131030,127687n,1,440,15
mn64980b66783f53,326036,61140n,1,116,3
mn9e40b798a52b41,159742,50037e,0,231,11
mnad4751a0883354,299789,38367n,1,151,5
mn312964faa77b55,111930,129098c,2,77,0
mn9564c69efce1a9,221395,8639n,1,531,15
mn232241a229db4c,173226,61069n,1,139,4
mnf8fda9cb4738b6,243283,89882c,2,200,9
mn7f557bf4548ed7,41174,64602e,0,118,3
mn2c4e48bac9862b,175328,99388n,1,239,11
mn6833ae08e23ed3,2924,76978e,0,167,7
mna9d1837baac09f,341864,116e,0,254,12
mn87ba578240d9fa,48535,78058e,0,225,10
mn1a130fcc629ae2,349816,143765n,1,118,3
mnb7f98c6da06392,144016,82929c,2,92,1
mnf77b44e7d27899,161111,80683n,1,224,10
mn8409ac3019f0cc,241971,143821n,1,230,11
mnb35eac04e54d2c,147160,125685c,2,94,1
mna5d151e31a8f4b,180405,199n,1,120,3
mna9d92e2d3f7b73,249488,145905n,1,400,15
mn0e230d942ac4ae,387523,81135e,0,166,6
mn2462b89b1420a7,64072,49021n,1,371,15
mn3b95daba47f30b,211373,121837n,1,101,2
mndaaf9119be0351,304102,28036e,0,233,11
mna2ec921f6a38a5,269606,25625c,2,297,14
mna3cf2bd6daf1bf,269466,14590e,0,154,6
mn75ff5f94be6b01,270834,92691n,1,261,12
mnef837217d2498d,36568,23778c,2,133,4
mn0db6787620f91f,83406,66807n,1,127,4
mndd58800afc99d2,164602,5852n,1,202,9
mn1ba1a2a2fc3be1,27450,102413e,0,255,12
mn5677187b97bbb4,104819,72704e,0,132,4
mn3a27c3db2de76a,29986,121849c,2,292,14
mnbd29ef736e189a,171974,72102n,1,115,3
mn4ccac94df4859d,122013,31139c,2,204,9
mnd22127e75b8b44,50284,48900n,1,208,9
mn734e7b4640aa1d,146257,62480n,1,138,4
mn092c7e53b1801d,335905,19929e,0,124,3
mn2af1bcdb38d9b1,220857,112411n,1,201,9
mnab9e1ea2b47c1b,287617,108228n,1,254,12
mn51554573770549,164724,34593n,1,164,6
mn87b2e7bb80271b,189014,41438n,1,95,2
mnaf2710545d053a,188742,9463n,1,167,7
mnbe184f07431104,163911,82706e,0,126,4
mnc8f63782836607,71732,50161c,2,154,6
mnb6535f46528d5f,60416,65075e,0,116,3
mnb25d7b8e0b9ebd,185448,2506e,0,119,3
mn74f57c384d1f10,206416,61393c,2,363,15
mncdf6284a992ac2,341580,73063e,0,214,10
mn1d6ee8feb55812,247383,77785n,1,133,4
mne8329f2e932464,379403,70003c,2,153,6
mna8ff497a122492,109454,126823c,2,203,9
mne1fe0a38f1601a,144061,50559e,0,212,10
mn0f22d5623878c8,114058,79579e,0,99,2
mn3b6f5e71c3e4a5,44155,36175c,2,197,9
mn3c29e1fa1042af,96711,124861c,2,122,3
mna92e5c6f84cbbd,242766,143093n,1,291,13
mnef571857ce76a0,162495,115747c,2,312,14
mnea8e0b08a3a643,241395,134238c,2,223,10
mn3448f0464169f7,162425,105770c,2,124,3
mne09e9b9083eb50,2483,80040e,0,82,1
mn90ee7ed1bfc222,334940,40662c,2,169,7
mnfd433d734c0c84,378583,84795e,0,332,14
mn968ea5825c1f9b,113919,136791e,0,165,6
mn2ac90a065a2395,319550,81049n,1,183,8
mn6f436faa8d6867,4346,97099c,2,199,9
mn8da7be25b3b0a9,19513,19009c,2,98,2
mn64f049ee92bbd6,34036,112998e,0,271,13
mnec1f8ff99b41cd,288574,129685c,2,174,7
mnb147756c113384,40609,40752n,1,289,13
mnbb7d260a79e43a,365379,24214n,1,265,13
mn2febd078e3c2a8,9952,97963e,0,223,10
mna2f1cf33e0caca,250351,137965e,0,61,0
mn4a0ae205cfd5ec,375007,76801e,0,129,4
mnb90189920025da,164942,55692n,1,381,15
mn6dbcde2524de2d,130849,74360e,0,225,10
mn5942708eb4a485,212495,71010c,2,130,4
mne7e34e92e5a1db,292386,107777e,0,237,11
mnb62d056b95fc4b,137227,6187n,1,91,1
mn608e74626b567f,324723,67138c,2,240,11
mnfb181b3ef00c33,220748,109444n,1,77,1
mnc977c778f34b05,269622,14445e,0,224,10
mn2d91e86d22cd52,84697,136291c,2,221,10
mn6dc1477fa26b08,316034,18961c,2,227,11
mn6e54b2e280cf7e,193562,41132n,1,73,0
mncfe78718e851fd,341643,110400e,0,307,14
mn7542ec81479b0b,354073,71672n,1,152,5
mn183342ec9c6b9d,49502,17517n,1,305,14
mn7d8fd07b60d487,15012,130211e,0,96,2
mncb87798fdef3ee,146686,93973e,0,420,15
mne24dfe0a41349a,119073,45524e,0,164,6
mn6e062df141ed65,362756,8001n,1,227,11
mn7792aa9111b023,225778,52018n,1,187,8
mnfef0c1096eb835,123188,46750c,2,243,12
mn64071f1d401066,329233,85814n,1,284,13
mn46604827ad879d,306120,101544c,2,152,5
mnefd4ba05f43bd1,232351,116287n,1,600,15
mn91c33e0be6e22d,376007,140925n,1,239,11
mn6450a2870aa512,277470,123673n,1,193,8
mn04788ca1743c43,27007,136062c,2,289,13
mn606deea7d23749,21886,113114c,2,180,7
mn8463bbd3cc0584,118071,136818n,1,388,15
mn58486089ab798d,297230,10030n,1,338,15
mnc0bce289ccb277,54596,6178n,1,197,9
mn2c49a7cdd13b94,342186,35996e,0,115,3
mnf0d6dc1e706de9,52465,53199n,1,233,11
mnf094443b2bfd3d,40596,79015c,2,287,13
mn75fe99ff45c6b3,342777,45200n,1,161,6
mne2b50991643ac0,368381,1413n,1,142,5
mnd2a5c858c9ebce,1670,64194c,2,109,2
mn37f96f3bde71ea,86169,5550e,0,74,0
mn5d9fd607c217ed,134644,35148c,2,77,0
mn7833945be3fd4e,91943,42666e,0,91,1
mn4933dacfcd4579,219112,122811c,2,141,5
mne378980693d41d,93051,78231e,0,124,3
mn66cbe53f459cfe,11409,140910e,0,192,8
mna66d4669d35882,107462,41681c,2,81,1
mn4d53434ba61101,342642,126198c,2,92,1
mna381669af6a7f3,258409,104926e,0,147,5
mn1f6f13dfc5308b,391292,15928e,0,231,11
mn4b1eecc0dc6508,119012,123067c,2,204,9
mna26452f1a75572,167365,139394c,2,202,9
mn5ec9ae5259580c,335269,13323n,1,152,5
mn6408bc11bfa91e,256309,70752e,0,206,9
mn423607a5b87fe5,51637,50378c,2,253,12
mnd6293bd4a6df44,286106,85066n,1,281,13
mndf54b10dfa5a6c,9141,79716c,2,176,7
mn513b5cbb7f1f26,154355,16859e,0,137,4
mn682401296ee2b9,36959,126860c,2,82,1
mn10796a82476296,316859,38937c,2,188,8
mnd25b5f09a1439a,239585,95482c,2,169,7
mn4eb19a6fa66d78,62890,42548n,1,227,11
mn8965f876381f4c,60814,45185n,1,244,12
mna75bd3ef002f63,24650,140131n,1,153,5
mn49363b9effea42,296885,66646e,0,43,0
mnf65be1da36337a,308719,25507c,2,318,14
mnfb208ae2fedee3,50842,13115e,0,86,1
mn0678d9ad8a3bc3,248150,45233c,2,205,9
mn011b3c5c8cd06a,227373,134886e,0,189,8
mnca334e985b4706,21015,3413c,2,86,1
mna136728b3b04cf,184269,123310n,1,223,10
mnb331b47cd9a623,368482,24002n,1,223,10
mn1ef898ab24c776,164388,46786c,2,73,0
mn82d8204fa8512b,58587,131775n,1,169,7
mn27ed31869faccc,95238,4810e,0,305,14
mn8abd81825ca138,146667,24029c,2,215,10
mn3489d4dbfcd1c7,121273,87504c,2,223,10
mn20a56df00af6d5,22997,8227c,2,153,5
mnd8eec375190857,251011,26556n,1,222,10
mn379742d03d6601,287901,123892n,1,194,8
mn844830f435df5a,98038,105113c,2,320,14
mnd337492053eeac,110863,57596c,2,194,8
mnccc35bbd0910bd,301083,39028n,1,80,1
mn329ed2e6af299f,101422,30200e,0,80,1
mn04e0f187a1e28e,376224,2963c,2,218,10
mn53acaa549cef42,307248,67120e,0,409,15
mnd165942f1306e5,104222,7283e,0,220,10
mnf851cf45c5b4ae,35722,34977c,2,154,6
mnf44e3b8abb753b,56580,134089e,0,189,8
mnecd5510d216c59,188608,120514n,1,121,3
mnd4df9ace3c1839,286903,105973c,2,205,9
mnae8041c362cca4,105611,100836e,0,124,3
mn2b7bc6003eedf9,188096,85714n,1,91,1
mn5312b9a1c28443,85111,55975n,1,392,15
mneb3a54a3c26353,83185,46806n,1,119,3
mn7b3872a22f4eaa,120098,115941c,2,98,2
mn2a0f580a6fd664,176368,69386n,1,231,11
mne6a98e8af879e3,132984,101536e,0,65,0
mna46b970b7f7efb,36084,42796c,2,189,8
mn95ecfdac21e64c,203193,110424n,1,153,5
mn044b978373b55e,22924,81180e,0,236,11
mn8d79b854ca626d,256996,104732e,0,114,3
mn6a2fb809c34d86,91930,78074n,1,251,12
mn288bbf6efbbeda,238926,88562n,1,239,11
mn13e45c6da8d646,17396,82289n,1,155,6
mn8e1932fe280647,222712,127332e,0,215,10
mn1a467a69047d78,126268,130605e,0,579,15
mn6181711160fee4,101859,51977e,0,274,13
mnd8a9aa9c6f2d4c,145037,143052e,0,270,13
mndeac2917b3f8c4,389639,18938c,2,300,14
mn9edbec6cbb3037,87448,46729c,2,293,14
mn715a770c18fe51,381416,117904e,0,86,1
mn8fdc4d6e111037,123638,119651n,1,87,1
mn85493c4749175e,251993,60047n,1,212,10
mn8807a01a77ebcd,54863,12014n,1,143,5
mnbf870a242be50b,102465,17887n,1,225,10
mn42c4b71ee7c025,50938,52443e,0,238,11
mn3d4360a860596b,228296,102882c,2,230,11
mn1d8d7c8af38e3e,296327,64939n,1,149,5
mna6a589d227bdd1,33338,102127e,0,159,6
mnbabd27dce06f32,306642,114383n,1,325,14
mnc96927f95d629f,138380,48213n,1,281,13
mn2a593138540c46,283204,111793c,2,160,6
mnfb58cb935512cd,357613,101045n,1,213,10
mnfec4e30171858e,362827,61347e,0,81,1
mnfa4ffb50a6319f,364817,129900c,2,246,12
mn442e73552847d4,61527,78440c,2,137,4
mn0bbaba0d002d67,94273,131497e,0,281,13
mn99ffa2b9822b9f,203286,117508c,2,137,4
mn7d2d210409b149,21045,102958e,0,166,6
mn61400ce0f34cf6,268300,54529c,2,100,2
mnd631e8ba3f0da3,88766,62062n,1,175,7
mn1eab0d200e2477,94919,94420e,0,199,9
mnd125b861a8853c,164318,61395n,1,129,4
mn1400bdfac0d2d5,342317,93849n,1,253,12
mna6872be1c72db4,362097,41088e,0,293,14
mn0382e24e1a8dc1,183716,131523c,2,115,3
mn40e91c25dccb5d,171909,140011e,0,120,3
mn59e0192d6312b3,332286,119426n,1,175,7
mn747387b089b3f6,78774,129624c,2,170,7
mna610f5e35d17f5,335336,108252e,0,137,4
mn6959f04a517fe5,79102,105475e,0,113,3
mnf2747d41c12019,235996,68974e,0,234,11
mnfa35bfe9f736fb,154995,125175e,0,102,2
mnce59086ef9af97,70629,71175c,2,117,3
mn02239cc39570e5,379905,140283e,0,262,12
mn7dfc24b6afc079,328349,86306c,2,237,11
mn0651e52a807c5b,26530,75138e,0,176,7
mndc903c63d5c5bc,307336,52651e,0,74,0
mn142fe3e5108c4c,72433,127885c,2,276,13
mnceaff9005b955d,364332,124834e,0,230,11
mn828aff5612efa3,252865,57310c,2,102,2
mn45171f6790094e,211415,103561n,1,230,11
mnd8b809183691be,380785,104330c,2,264,13
mndb8710b61173d5,221665,50316e,0,281,13
mn4d11f326da5d22,64023,134902n,1,224,10
mn3f07c9c4cfe8b5,34732,131542n,1,138,4
mn9e2f2aee51b816,332320,2437n,1,164,6
mn191de9d11627a3,220282,105334e,0,82,1
mn94579ac028d276,173198,33821e,0,108,2
mnbe6807a0733f39,201746,110662c,2,196,9
mn96a5f4e762aea7,180015,87040n,1,231,11
mn45f9444a39ff9f,43258,74068n,1,220,10
mna8657c1a5141dc,174741,59585c,2,348,15
mn91c80f608d6442,219946,67033c,2,208,9
mn9538f3c7de02f9,82075,134429c,2,196,9
mn2588ce8eabc75b,362397,86255n,1,187,8
mn248ca78865bf5f,230470,102701e,0,59,0
mnd26bfcf2a18aaa,325747,129556e,0,153,5
mnf5d1e356e28b23,349811,109396c,2,211,10
mn0ff43eb8547942,52349,133294c,2,57,0
mn057c246148ed63,4263,111473c,2,125,3
mnaca44829426a5a,250210,69791n,1,154,6
mn0b1e32b8378817,43752,95030e,0,228,11
mn5962683045b8e4,24230,80936n,1,247,12
mn77afde82e5e44c,355637,131308n,1,164,6
mn0e71e509c6bedb,188976,113566e,0,76,0
mnb24a66fbcd2743,84154,84136e,0,185,8
mnc152a20d53f794,315600,1656c,2,162,6
mnb14bb3ae013e75,150881,99617n,1,279,13
mnef7ef1dd3b419f,78301,123054e,0,291,13
mn3532940c8f83df,54355,74234c,2,178,7
mnd8dadb66689d37,250121,65740c,2,197,9
mn87f9d86eb8a15f,184722,55306e,0,308,14
mn830c46fc3da589,130199,78017n,1,198,9
mnd0c7acae2f62d6,181836,10850e,0,596,15
mnec0a7e528c4c67,292011,64953c,2,252,12
mn2af0f2922916b5,179337,56168c,2,160,6
mn956dc6744bf9b5,325522,96446c,2,167,7
mnaeec4392ef0f7b,112175,12454n,1,152,5
mnc17c8fe3cc9adf,146132,101609n,1,175,7
mn54df99fe04e93a,137132,140968n,1,116,3
mn57e4a4d810a154,268036,22505c,2,84,1
mna539e42259e0c5,248109,14535e,0,181,8
mn90572137b5c85a,341375,134607e,0,265,13
mn24673044defda3,303860,39771n,1,296,14
mn41d44d321c1f24,90742,115149c,2,80,1
mna7222b28930fd3,6837,143830e,0,159,6
mn66c0b75b84302c,143371,10650n,1,307,14
mnf04e1d201f8401,80981,34280n,1,101,2
mnace9e570186b41,127171,80324c,2,143,5
mn6f1e570bf734b5,6396,13753c,2,246,12
mn26a31229391075,134346,129879n,1,406,15
mn3a28a2aa00ded6,301795,36206n,1,117,3
mn77e04dbb62f8c0,334451,13002e,0,57,0
mnf3a2d7be9f8541,193366,46088c,2,332,14
mn863c7d1812fceb,95513,123833n,1,128,4
mna5d48960f3a07d,315275,75196n,1,114,3
mn4cd103a141adb7,347541,104040n,1,187,8
mnfe05e4bc6ff2ff,15949,49960e,0,240,11
mna6128785ad0e61,16059,84151e,0,113,3
mn8e6bee2147ca40,45452,10992n,1,112,3
mncc4abb72bbf38e,135163,144154e,0,87,1
mn846b347d6a55e5,230575,112531c,2,212,10
mneb855159f915b0,225207,51566c,2,83,1
mn3f6ba06b23008f,76888,35658e,0,229,11
mnd43a26602a2cd8,95582,78123c,2,255,12
mn254834a7ccfb43,227882,69467c,2,113,3
mn7b028910342096,342344,64957c,2,91,1
mn03535e8e43636d,174051,133489e,0,196,9
mn6da9b3f021ea1c,271403,124956n,1,138,4
mnfba3d08a82cb52,299840,56640c,2,121,3
mn5ae6ddfbeb3c63,230210,95162c,2,233,11
mnb4b899cbf4122a,200947,23376e,0,227,11
mn34fc468d316889,314551,78904n,1,205,9
mn2aecacee55686a,100962,58114n,1,199,9
mne5c93bc8a8a67a,104744,98005c,2,170,7
mn22c674c06f6bdc,20177,94491n,1,534,15
mn0cd76b658aa608,336382,52048n,1,157,6
mna20c2d02e612b1,379537,55200c,2,76,0
mn62ec047dbccdfa,283919,61538e,0,133,4
mn4b5aec37e3b384,306672,76766e,0,242,11
mn3b97ef288c5548,381825,37461e,0,53,0
mn35c785d913574a,163571,34093n,1,76,0
mn0172ed81546680,211995,74684e,0,174,7
mne5b16eefdf910d,204186,133981n,1,157,6
mn96358a57de07c7,243734,103338n,1,173,7
mn6e3f7e25a714af,194653,19243e,0,237,11
mn5b77ceca7fc0ba,304421,94562e,0,147,5
mn116779567ca4c9,380462,42422e,0,378,15
mn30fd8f9b92d36c,282437,70409n,1,130,4
mnfbbf40e67d76c7,18458,103556e,0,101,2
mnf40ccdb3b6ee2a,377568,142546e,0,56,0
mn7cf09a071c3095,258354,27912e,0,221,10
mn0b939a6ed531d0,8536,132618n,1,102,2
mnf05323bc3dbfdf,16338,128485c,2,112,3
mn1dc6ebdd09dae2,168155,9526c,2,322,14
mn51628dd5857bae,350200,143693n,1,169,7
mn55f45b3a5963a7,211125,80031c,2,117,3
mnd87b67f950ba08,46387,48226e,0,59,0
mnd7af0b44fad6fc,287202,137163c,2,73,0
mndd7f9375ba15ac,114817,91567n,1,315,14
mn3dcf9f0a5e2c20,288845,145025e,0,117,3
mn83d244537a2c9a,288340,75462c,2,76,0
mn4c011f5b85298a,364594,4974c,2,155,6
mnd2e1b0371281b8,354051,115680n,1,221,10
mn9800e79b102136,71184,109001n,1,146,5
mn31ef3606488629,281784,84191e,0,319,14
mnf0b25d4d6bca65,99241,16432e,0,166,6
mne638d00a963ce3,225684,37421e,0,121,3
mn665c71ecae819a,71060,72884e,0,180,7
mn11758e4565d899,292242,115924n,1,164,6
mn290c466e0a0290,377352,123660n,1,168,7
mn41641df1b561ea,278824,128394e,0,188,8
mnf58a355f976a3c,199504,43461n,1,247,12
mn67bb435b6f1b8d,211938,131255n,1,187,8
mnee62f3c7cdabac,173610,14058e,0,56,0
mn111bb484e13ba4,278106,85004n,1,326,14
mna7b22f3fae612f,167014,114360e,0,222,10
mna654f653ac9d0f,243805,37843n,1,219,10
mn12a094dc4d32eb,355465,145642n,1,117,3
mn59ae008448e81b,327608,85061n,1,86,1
mn6d657614c5d728,177397,15991e,0,168,7
mn4a70b98fb394d2,115765,12453e,0,152,5
mne202ecb3e2391f,134551,78992c,2,192,8
mncc1e01ffb71b3c,244438,1293c,2,242,11
mn69a4319236350a,232354,55673c,2,113,3
mndda682d90977f4,243910,143153e,0,147,5
mn7bb8c7ac5e41b3,6302,72103n,1,99,2
mna4a521cae58f60,348486,103294n,1,204,9
mna6dcbf95ef4c65,53713,47320e,0,94,1
mn19a9b2c234a47d,187354,81391n,1,123,3
mn023c6ad34dd1ce,191295,76574e,0,215,10
mn9e069a2345a507,44861,592e,0,230,11
mn9e03165cec47eb,186924,120550c,2,221,10
mne3e0e22fbac8a4,85627,135760n,1,155,6
mn5c06bd07366e21,328799,83962e,0,126,4
mnd309f08a568939,241416,94381e,0,150,5
mn81922b96883dfd,346612,8823n,1,154,6
mn38ca57decc9625,123092,53338n,1,182,8
mn7d465fed4c9f43,168379,145462c,2,142,5
mn2a57d6143d5f15,113630,58462n,1,311,14
mn0a2b13cb819ab1,104476,124133n,1,315,14
mnf83fa8eb72cd6c,99744,97258e,0,175,7
mn593b2ae345064b,150510,28249e,0,359,15
mncb8cb161b50fde,116928,94741n,1,149,5
mn78b0abf5524f31,164816,35380c,2,140,5
mnce2c318422755f,24305,138160n,1,137,4
mnba0b42da931b2a,247925,78088c,2,272,13
mn2a6a776bf40021,311684,97482n,1,167,7
mn362f0af4fe9e25,193114,67093e,0,272,13
mna55117fa660976,176147,11789n,1,353,15
mnc2d182f35385be,329790,137917n,1,60,0
mne206e23c4ec7d9,5626,47324n,1,160,6
mn9b9024e526a737,334690,3398e,0,152,5
mnf1bb8cc5e0df2a,283164,49231n,1,208,9
mnfb71167cd60829,373128,81156c,2,239,11
mna028b07f16d114,149308,21204e,0,180,8
mnbd04ea371a1bed,298626,17628n,1,251,12
mne826abf9f8a53e,103281,39197c,2,157,6
mne06d9deadbca88,374233,14446n,1,104,2
mnc72bc5060e330d,249521,132016c,2,94,1
mnea3767d40c553b,382133,7188e,0,130,4
mne70f338a9a8bc3,259537,23448n,1,376,15
mnd0f1db6fc4f807,175117,119920n,1,243,11
mn549109a05cf5b0,133564,113323n,1,150,5
mn7e23d6902f8d59,175074,47303e,0,185,8
mn0f0f0904e8390f,184330,104982e,0,73,0
mn8d0b934f4569c8,379488,122434n,1,165,6
mnd5e18cfdb77bec,67706,58516n,1,99,2
mnfa71786582947a,326609,30313n,1,171,7
mn9678dce8a9fe92,36508,140055n,1,322,14
mn15860a113ead7e,91542,49030n,1,138,4
mn0d75d9cf51c62d,40232,138589c,2,555,15
mn21414e3948d2a0,57663,51253c,2,188,8
mna46b0bc3d63efa,46108,25312n,1,226,10
mnef9808cb048b39,201488,135476n,1,165,6
mnb6471585852251,9124,59999c,2,220,10
mn8b2515503c7116,119613,50684c,2,317,14
mn9975ed4201f361,71558,67671c,2,251,12
mnfa7852c6ccdbd8,280206,68884c,2,150,5
mn2d75b0bd2cde1f,17652,113629e,0,344,15
mn68dc7021c4a18e,80836,52891n,1,136,4
mn026725dc57c4f4,65833,29042n,1,110,2
mnbc8422d5129496,154285,2339n,1,84,1
mn455eefe9d067c5,378348,49514c,2,163,6
mn1b0c2c4e28b0f4,8962,68388e,0,149,5
mn44b9c34f583af8,105631,98496n,1,168,7
mn08dad3b11757ba,109364,82502c,2,179,7
mna6d7569e17cae3,59435,48194e,0,273,13
mne857b0618466c0,324941,80181n,1,72,0
mn043e7fb95d6282,319424,123028c,2,137,4
mn55c9cf4949ffbf,161939,78303e,0,104,2
mn9f41f750637d0f,49518,18799e,0,75,0
mnf704fcabb9ee66,341472,50041c,2,232,11
mn41c6163780edf9,232589,21479c,2,272,13
mn1614a5850446dd,15168,88266n,1,165,6
mn6fab069f63ebfc,329592,108731e,0,160,6
mn90753b2a9cdbf8,221464,87636e,0,82,1
mnfb872398d3b336,258512,144357c,2,187,8
mn81fe968e4d5312,332054,56406c,2,146,5
mnb7a7741d0edb2b,14454,144047c,2,154,6
mn58c97d665b5ba3,98735,77342c,2,241,11
mn1c28adc6da813f,344663,61461n,1,224,10
mnebb66879040c47,225998,132470e,0,102,2
mn61bcd83905f69d,306976,91528n,1,142,5
mnb4e653e43d2bc7,324088,25198c,2,264,13
mnc09bd9a3fd8914,97963,49796c,2,256,12
mnb51630e2eef9cd,321633,50863c,2,278,13
mn824851c093e075,159966,110466e,0,153,5
mnc5a48017085264,316042,64594n,1,156,6
mn2d71aaae272e10,240592,75484e,0,210,9
mnd7dda4326f8df3,40292,45639e,0,319,14
mn25e738a41839b7,382017,136847n,1,112,3
mn0a8df7ec1932e6,158155,46865c,2,173,7
mn2fed8de737811a,223825,115034c,2,118,3
mnde192eff809956,86375,5291c,2,102,2
mn39c6d2770ac1b1,329712,97779c,2,225,10
mnbb37a3a1a2a5be,182995,126390c,2,182,8
mnc205d4b4ecc13f,192934,137697e,0,280,13
mn1d0a94ad819db2,106400,27630c,2,247,12
mne25efcc7617d5c,187867,135307n,1,207,9
mn190748068a8782,163077,83047c,2,244,12
mn93dae4ef831b9b,188499,24061e,0,104,2
mnb256908a1639cc,7370,28777n,1,64,0
mn1797d235ca46b2,272195,49118n,1,55,0
mn6b516818da6c3b,60931,144769e,0,166,6
mn2f77378acbd7c0,374400,4974e,0,170,7
mnb1b87fcd0efef3,6524,107948c,2,144,5
mn19f3edf0a9cf29,231635,2152e,0,296,14
mn8f59230a14f7a9,354546,90657n,1,128,4
mn73957d7b862d9f,333137,65926n,1,164,6
mnc4a0a959ed2267,73089,121185n,1,205,9
mn23e711bf87b536,58249,145891n,1,200,9
mnbce7e42594f94a,164858,103485c,2,340,15
mnd1afa0c705c183,298955,145654n,1,230,11
mnb1d2c5f61dd19c,351086,141899c,2,134,4
mn9af2d13b57ec4c,83985,130223n,1,130,4
mn2072a0dbfac8a4,255239,38904n,1,161,6
mn02a8647f00dbb7,316978,8352e,0,277,13
mnb6556f32461426,246408,27949n,1,175,7
mn388785e15366da,254721,81923n,1,240,11
mnf074dd5e19f04b,8509,102346e,0,132,4
mne2f265e94d3773,60124,16374n,1,256,12
mn88840a9f810795,42714,33024n,1,145,5
mn263e4780f130eb,331792,82316n,1,265,13
mn73030c5118df99,161519,51544c,2,205,9
mn7b5db5fbd2b661,319516,117488n,1,129,4
mn6070bb193a4bfa,205724,81746c,2,136,4
mn6258e2a58d06f3,136949,110686e,0,50,0
mn13a712466c8259,127670,114376e,0,274,13
mn68eb048b342e7a,271892,34874n,1,168,7
mn3ee4282e36bfba,58461,97818e,0,310,14
mn98324f801f559e,317380,7258c,2,143,5
mnef6a2c6150b953,216192,65983n,1,75,0
mn0e7285e4480a5a,61915,30205e,0,180,7
mn7684437320628c,101180,2792n,1,85,1
mn5091180407770c,267078,43283n,1,233,11
mn9915971737c7c6,300770,86634n,1,98,2
mn1a230e72f14150,57580,59222n,1,361,15
mn4f34be43e89d4b,221580,81365e,0,91,1
mn764720baa9077d,47161,21558e,0,103,2
mn236a7999ea8086,311187,44270n,1,268,13
mn7b653d0f2c63d6,385,88001e,0,181,8
mn6d6a132f91dced,110912,61652c,2,182,8
mn76ed3cfb32912c,239342,144388c,2,224,10
mn93c4156e168c5a,54364,11767n,1,163,6
mn36f06d047036b5,49458,117685n,1,239,11
mnbeef9280f693ce,49189,50605n,1,169,7
mn39301fc8d6f2c7,57388,96916e,0,126,4
mn268b78f20024b0,16084,57379n,1,138,4
mn64dc578ba7fa95,275936,129561n,1,109,2
mn0ce138bc91abc7,324337,51088n,1,313,14
mn7a0123258508bd,255683,93674c,2,134,4
mnbd7d85ca88fa8e,98614,30369e,0,88,1
mn48d2e019121147,339345,9716c,2,251,12
mnbe7cee8c79c629,214918,131606n,1,149,5
mnefb8060ede3558,154131,91129n,1,317,14
mn5e5f86597f7899,384393,33671c,2,70,0
mn7c5ce09021df72,139629,37926c,2,193,8
mnc3e4bbd2a7b537,122416,81228e,0,200,9
mn00ff587ab6db09,46083,14434e,0,92,1
mn2d8a7fb9d235b0,59330,36107n,1,131,4
mn51a0970e554e92,4511,79445n,1,152,5
mnd3fcfbfce8a88c,137485,21782n,1,251,12
mnf495805c0aa8ab,119350,22497n,1,130,4
mn01a92aa5d28c8d,266540,145285e,0,251,12
mne8b3dab3f9daf5,351134,84397e,0,339,15
mnb20fdd25a7b1c7,20893,57489n,1,149,5
mndf5d54d5713aba,148469,106363n,1,175,7
mn6fc7a1dfd5929f,371500,122444c,2,253,12
mna3b4f00d3a6c98,76937,108413n,1,148,5
mn2a97e552a7bf3d,161575,75419n,1,109,2
mne5d125011292fa,227901,36002c,2,151,5
mn45db71a0eaf0ec,6087,48715e,0,304,14
mnf32b7eb819d32a,365343,64079c,2,133,4
mnd0828ae289820a,39018,11486e,0,152,5
mn4481ba7b058375,95855,34523n,1,147,5
mne798710521352a,46476,144086c,2,98,2
mn33a6b0c11e199f,112876,88044e,0,61,0
mn934465b6b085ad,271854,53456n,1,212,10
mn4e7891e31512a1,312466,117994c,2,92,1
mn6182f6714258f6,34928,22249n,1,124,3
mneda55090830d40,220651,108213n,1,194,8
mn9df26bd4cf508f,317889,99361e,0,502,15
mnb2bc7ba023fa2d,331560,67716e,0,203,9
mn357b131e167f37,58746,20525n,1,132,4
mn7bccbe2b89aa2a,32156,46039c,2,356,15
mn6360ea0ce698b0,243107,2379c,2,264,13
mnb3be64856e6dbc,7334,94402e,0,87,1
mn1ef60ce0bdc8ba,331447,102779e,0,132,4
mn2f81b05be3fc0b,187967,13372e,0,180,7
mn621a63209f496f,208784,142910c,2,192,8
mnd91c0334c24203,304427,71522n,1,96,2
mn64e3f053ab8cd0,253598,19016e,0,218,10
mncabd6c64abb9e6,211235,78807e,0,129,4
mn123bcea86f10f8,210873,11375e,0,135,4
mnd8d7cf76db05f0,35276,589n,1,122,3
mn55ff3e252c7a5c,111305,36366e,0,193,8
mn64d53799f16b74,258100,59104n,1,366,15
mnb72e96ae796d9a,91642,10332e,0,181,8
mn76904f86e37936,144868,100751c,2,147,5
mn8c1d165d199186,277885,95761n,1,284,13
mn19a253814e5359,312968,47492c,2,151,5
mn080bdb2d8a2d21,246946,82427n,1,189,8
mnc4ad95c2c520f2,148003,1749c,2,215,10
mnf70ca3642ef696,260132,130821c,2,183,8
mne6f37b13324805,381296,82262n,1,174,7
mnc8a5aa27b33c16,87257,90904n,1,93,1
mndaf0189ca93e5e,118684,31513e,0,225,10
mnc8f07b9cad6592,151417,43882c,2,224,10
mn41f1b42c9b9fde,94374,40098n,1,191,8
mnc5d9d16e9467e8,281026,43039e,0,121,3
mnb6efd3e59f1adc,203530,68822n,1,280,13
mnece040fd9f4ccb,296098,76864e,0,304,14
mnc386ea88d11358,377617,23234n,1,265,13
mn8564ea0729d78f,131606,44368c,2,376,15
mn701e9075882525,244681,32074e,0,97,2
mn70936bb47f5886,28710,21174c,2,201,9
mnf0c037cb342da5,152790,35006c,2,261,12
mnfa4df2ae0ea25c,353832,70840c,2,115,3
mn6d5c22ed85bf25,352357,96610e,0,239,11
mn9638c1a856d965,380594,99635e,0,141,5
mnc5e96192af453e,68544,65954e,0,329,14
mn235869edb27e56,295521,47576n,1,108,2
mnbec2aafd25b06d,143750,78060c,2,96,2
mn2bf7000164315d,103669,42925c,2,179,7
mn2d39f2572fdc4f,25595,38537c,2,60,0
mnec048af63bc683,353411,23302n,1,88,1
mnbbca8ac8d88cbd,231306,89953e,0,247,12
mn9e284c46eda5b5,371637,33178n,1,117,3
mn719abe72c9d541,78664,142918n,1,213,10
mn3cef8243d5bc4c,127186,11221c,2,101,2
mne1c6b598d842de,160220,58930c,2,116,3
mn18a0cd20571d52,264816,26597c,2,325,14
mnab80b1e8340e67,383553,73313n,1,144,5
mn4dbcf5a028609e,194504,146158c,2,277,13
mn1a1d4d5e1cfd9e,154472,144082e,0,160,6
mn0436e6224ba53a,278385,2256c,2,259,12
mna48b085651d978,335734,85133n,1,133,4
mn4e7ec398811180,303978,33857e,0,233,11
mn765a2417abd1ea,357368,21146e,0,225,10
mn8371a3e343ae5c,263745,74696e,0,271,13
mna2459ff03f4843,363110,68870c,2,206,9
mn2383f3b6131b5d,10542,123061n,1,92,1
mn064b3e368dd1f8,214801,75320e,0,206,9
mn0da3ec446c14ec,216606,31270n,1,68,0
mn484f0082509644,321904,131107e,0,221,10
mn3c29a3a74eb867,170269,105155n,1,129,4
mneefc29dd46348c,342605,4045e,0,159,6
mn4e245df01f373b,192259,120490n,1,158,6
mn4951e81a6e0711,115270,70580c,2,151,5
mne0109b7813f7d9,329842,94218e,0,184,8
mn77a59eff4c0cb8,116845,72859c,2,182,8
mna7d8c97ff80f96,73107,120217c,2,131,4
mn6f80f62878ae26,36491,131765e,0,243,11
mn4926796b068c43,224915,19792c,2,117,3
mn0b1af8b27be8d6,65403,85835n,1,193,8
mn6a5a36a4ada53e,249783,81131c,2,164,6
mn04600ccea0a506,372476,129558e,0,314,14
mn0db3cc4550c281,54664,121420e,0,204,9
mnea7e7fd16047b4,148197,10321c,2,276,13
mn062c45f6eb8170,378245,77259e,0,255,12
mn71c2efa3c40cd5,240374,92325e,0,191,8
mncba240d49bf05f,19664,95686e,0,186,8
mn239773df7a1699,289119,139627c,2,161,6
mndf6c722a7b7a5e,372316,91082n,1,118,3
mn1789da50b8d087,346534,125400n,1,213,10
mnc40b3e45c19027,181235,36774e,0,70,0
mn009634f06ac072,309661,30983e,0,178,7
mne4ffa188d544e2,232798,129738c,2,194,8
mnde1e759653399e,141128,33645e,0,261,12
mn9f9cbc1a31986f,70562,66647c,2,76,0
mn4cb6a36b5b7bdf,288324,140862e,0,241,11
mndcaf35411bcc89,181872,47666e,0,123,3
mn3550060ce4e73b,58241,84275n,1,212,10
mnef0be112a89dd8,23259,12049c,2,188,8
mnc4a25cf7bdf8d1,368458,52698n,1,223,10
mn88db18ede58dc9,190532,11035c,2,399,15
mn28fa1814e64a46,269583,27647n,1,268,13
mn93a8ae735d988f,391991,37056n,1,154,6
mn6a8ac325237a69,341930,131046n,1,172,7
mn4b0274864772fb,161974,139803c,2,115,3
mn0292f0eb9bd606,148431,145293c,2,337,15
mnd9b020068dc907,107221,40349n,1,148,5
mn7c194c9c23779e,223211,84052e,0,181,8
mn9784e4577e82a9,175604,122912c,2,182,8
mnfdb95d36083ba8,358405,45388n,1,214,10
mnf80c2dca80ceb6,32885,138295c,2,122,3
mn91f7c4f5effb91,77916,65857e,0,241,11
mn3b125792b4226d,263961,52680c,2,126,4
mnaa8ded8a93438f,86393,126132e,0,86,1
mna69dd8f2845ea0,69703,63371n,1,176,7
mn96fa92d70ba5d4,285585,50502c,2,180,8
mnf35b526eaf88ad,270251,11776e,0,107,2
mn38bab7e379355b,309393,131240e,0,226,10
mn529cf2ddba8fff,139949,12397n,1,134,4
mn0431f01e97aae3,13227,46904n,1,253,12
mn8078d4144d49b5,169572,15234c,2,148,5
mnf7561a0d4c7fe6,250916,98752e,0,290,13
mn94cb50abfe8a63,362614,17551c,2,190,8
mn77b421b63437cb,93356,54752n,1,145,5
mndc80c91ee08ca8,206446,65201c,2,107,2
mn768827c654b3ff,221030,137308n,1,158,6
mn16cbb6d5d7abb6,181322,29151c,2,137,4
mnf31c6b5a8a838e,78184,100407c,2,320,14
mn11795ee68d12dd,51827,111069c,2,115,3
mn4d47bc0bee1298,381394,140791n,1,168,7
mnf8b31b1dd733c8,204766,98131c,2,166,7
mnfa58246e9d96a0,96475,21319c,2,187,8
mn3471b8fbb4d182,368888,5227n,1,244,12
mn151251be1a04aa,367769,76200c,2,128,4
mnde2d9a6e62bb9d,384722,115084n,1,108,2
mn0436d39c9060f8,142418,37646c,2,349,15
mn403b0875d0fc80,222041,95928c,2,304,14
mnba0dcd17a94d3b,200613,121037c,2,125,3
mn863fd864464f46,304781,69593n,1,211,10
mn6094cddaa1097e,83963,43066c,2,390,15
mn8a2a2c279c4110,389566,124655n,1,205,9
mn241443e1abef2f,174290,94789e,0,262,12
mna9a94592487e5a,92910,68354e,0,94,1
mn65232e028d8ce0,68627,90002n,1,227,11
mncbbb1a69e599e0,367296,120899e,0,170,7
mn3e3fb0e76497ba,309693,118562c,2,70,0
mn2052b072e508d8,36004,87704e,0,70,0
mnb43795eddb44d8,40781,15683e,0,160,6
mn1e044b384f6efd,62522,27511c,2,240,11
mn35930b6ad76aca,238967,97593n,1,221,10
mn5ab4aa314a1a89,170972,15199c,2,73,0
mncc607856287bdf,14184,56018e,0,159,6
mn1660cf58b05c8d,656,122383e,0,336,14
mna9be45441768b2,71042,31386c,2,91,1
mnaf7ed14f516335,317702,58999e,0,230,11
mnc45b3af22b43fd,272828,27344c,2,352,15
mn9268a86efa136c,135860,112579c,2,334,14
mn7ec43ed4aa5a85,166883,87554e,0,247,12
mn06156aebaddb07,390159,129792c,2,114,3
mnc13702623d7e4c,100286,72024c,2,224,10
mn12b460e5578848,172710,32650n,1,215,10
mnbd2a8bd8d323a7,665,76237e,0,153,5
mna036f2e0eda776,323484,26750n,1,425,15
mn3bf6fb6ef1338f,82023,61076n,1,257,12
mn1348f9ea82ca95,79975,144673e,0,173,7
mn8b0fcf9a7a983c,198226,67193e,0,105,2
mne323f78c6caff7,370140,61493c,2,175,7
mnc24f284f68c543,189183,126534n,1,152,5
mnccec3a7ad97d69,216307,76536e,0,201,9
mn4915e6fcb39740,179727,52179c,2,207,9
mnf47e6a53d4ff4a,117316,71148n,1,131,4
mncb7d3250843307,126615,41306e,0,216,10
mn7f4a026b28e345,321639,95420n,1,178,7
mn5e7af0b0a94a6d,184860,17964e,0,59,0
mn398bf0b3f480b2,234956,18599n,1,205,9
mnf7001355f553ad,277351,17703n,1,169,7
mn741f1793acca5c,280835,73903n,1,177,7
mnb32b7555628238,225163,46383e,0,199,9
mn3349a95d4baa01,122343,33639c,2,179,7
mn12f7b6000cecbd,34312,19642e,0,62,0
mn93da8af62e89a6,194153,99952n,1,180,8
mnb276a85b10efd4,93170,129825e,0,119,3
mn03e625a19d8cae,102950,113092e,0,96,2
mn6a93ae31c46561,44361,113767c,2,106,2
mn0c46419634017c,30977,137419e,0,231,11
mn02d6e587ac3e89,62263,103549e,0,303,14
mn211aacdcd7ea6d,367610,141456n,1,123,3
mn8f64bf77b98f73,101794,30136e,0,269,13
mnf312151bebd003,388524,74388e,0,247,12
mn1d590b07ad43f3,151259,141520e,0,286,13
mnb793a26e4be7fd,337061,116690n,1,328,14
mn70dec50260f7df,371242,59997c,2,151,5
mnaa2003ddee1d4b,228542,18559e,0,158,6
mn40add4177214c6,81461,107103n,1,225,10
mn558fade87690b5,305713,134736n,1,245,12
mn283bd22dfbb845,84865,5404e,0,166,6
mnc30c757d3df4aa,80870,97429c,2,220,10
mnaefe7da1db7667,248721,107762c,2,171,7
mn242848d2883f01,103590,129657n,1,340,15
mn21997b7a7b94ab,108363,17758c,2,59,0
mn518f5a2a46c881,389624,47402e,0,201,9
mnb3af321be54453,76963,65161e,0,338,15
mn5b05d3513667d2,267516,88673n,1,188,8
mn9497b799901274,330236,74958e,0,295,14
mn880d844504c4f3,240900,132047n,1,129,4
mn359007b68a9148,181851,116029e,0,118,3
mne62c6fe2171785,108097,129638e,0,124,3
mn057191ac06aaf6,173146,88043e,0,231,11
mnff90899ae6a1a6,180058,69594e,0,117,3
mn9a9170f92fd0ad,20363,92601c,2,167,7
mn52823d69661533,208366,143462c,2,214,10
mn9de8c2ad263d6f,216905,41805c,2,282,13
mn501229bfa9ffe7,70823,72925n,1,155,6
mn5efd7914391448,390864,75819c,2,196,9
mn58aa46b00405c1,15607,43411c,2,276,13
mn5bc804ae1e927b,42956,89848c,2,174,7
mn9587bfcf6dfeaa,99978,77545c,2,175,7
mn834f69a9bb10b5,113376,118459c,2,178,7
mn61036e077e67bb,391266,102296c,2,104,2
mn2842cd53e51b43,234514,38397c,2,348,15
mn5ecff68a0cc023,178670,14211n,1,197,9
mn88aad30feff7fb,126434,81325e,0,182,8
mn91b2708ba9c9d6,92045,50505c,2,220,10
mn84383316b54b30,221678,123483c,2,250,12
mn199a084d26435c,115008,76631n,1,157,6
mne6bc706c69c672,233291,73796e,0,202,9
mncd2017fbbd4ed2,354846,25557e,0,241,11
mn119583d3f44d9e,183919,103797e,0,124,3
mn78a44178562a34,94952,39797e,0,188,8
mn1eff2c90a003f2,104838,85843n,1,333,14
mnc515605d234cd2,182873,63922e,0,241,11
mnad1e8eae50f6e4,264892,63446n,1,83,1
mn412218d56ebf05,247339,81509e,0,178,7
mn87ae344009b3a7,113239,33111n,1,149,5
mne2f918c1ca68bd,37279,90392n,1,187,8
mne1ea24cd736d72,69512,123790c,2,305,14
mnc5d52a27c8fd9e,139064,38502n,1,80,1
mnebacc84de81326,9060,6172c,2,249,12
mnd5eed2e16a34f7,21801,85938c,2,313,14
mnc6e12a80510153,376305,59458c,2,91,1
mn2938727dfbe5a8,391829,9355n,1,85,1
mn6e11071ad8c8fa,309574,43388n,1,143,5
mned653d1071c5a5,46244,116943c,2,186,8
mn938d950177596c,116657,142064c,2,216,10
mnc4ba30ce3252d1,354858,6369e,0,137,4
mn0b8c0d3f5846ac,237017,45389e,0,112,3
mna3ba1a4d0778a6,12798,40817n,1,101,2
mn01b3d1e1a08834,120374,145978c,2,134,4
mnaff009aa7bc3b9,81877,37283c,2,158,6
mn8717873af6beca,293121,10683e,0,218,10
mnab64acd103f9a0,121219,35764c,2,270,13
mn79e34844eaf070,340359,91772e,0,143,5
mnf4adbe1be7d18c,53096,118341n,1,70,0
mnc35b1b2d0a6fa9,166321,19282e,0,274,13
mn24e8fe793a664c,10905,127560c,2,120,3
mn029e1cbeec8cbb,378093,61491n,1,145,5
mn76bacb0125f7ae,151298,15058e,0,149,5
mn4e8f488b9b9ee5,347759,123966e,0,152,5
mn4bd2213c866b93,34880,49966e,0,128,4
mnc7c1936fd06b40,296717,21439c,2,293,14
mn5dc74234e66570,27349,58623c,2,274,13
mn4d1cb6a77ef619,98288,144727c,2,229,11
mn678152711e5373,267191,68938c,2,133,4
mndba61fd312c19f,62494,93993e,0,227,11
mnd5c22a68f18ec0,131516,96266c,2,106,2
mn0626e748be720c,170465,118685e,0,218,10
mnbbd5e890c80954,243519,133693n,1,94,1
mn1f0dd6f0937a45,88723,69708e,0,319,14
mnab6a820e03e9d7,166687,23711n,1,181,8
mne53800e06ded2c,122325,21572n,1,131,4
mnc459544c5321cc,196583,89341c,2,293,14
mn6cd4bd397d072f,140866,47270c,2,341,15
mna4f75423d13444,256987,18188e,0,177,7
mn3da08cefdfe17e,202175,37117c,2,95,1
mnb108235c76a0d7,370515,35211e,0,300,14
mnb55ce6dee5df47,72565,28892c,2,89,1
mnc127772de20e6c,166202,10372n,1,131,4
mn26f0af13a254ad,42916,34247c,2,132,4
mnfb75f9eb2b7813,375771,114948e,0,257,12
mneb6db8c996ffcd,241208,60202e,0,261,12
mna199f78f436a68,320455,34845c,2,353,15
mn330feeb8853629,248106,99934c,2,45,0
mn0e80bde3f6d67d,334307,78238c,2,126,4
mn37a1cc15622841,192301,87457c,2,295,14
mnf44c98f168de58,307282,32536n,1,240,11
mn70779750143cd6,160474,125622e,0,165,6
mn0b9c1f120a7a39,12697,70694c,2,153,5
mn0b1d2f0fd37892,389132,82788n,1,252,12
mn816fd0af36ce1d,133064,134181c,2,166,6
mn3100c26a1df525,152828,142743n,1,138,4
mn4d9c111ca33cd6,174641,80371e,0,129,4
mn3942fd9b86e9b5,21158,49474c,2,141,5
mn485ff6994446a2,12193,15768e,0,294,14
mn76014adc315b79,183731,69159c,2,215,10
mn8d6b0d8c1d2bdf,200088,78754c,2,269,13
mn3ecd8ba7a7c5ec,21934,99147c,2,175,7
mne4878eb74ba8f8,143279,54563c,2,299,14
mna5fd8d30a10951,318723,15954n,1,450,15
mna70c6d1a247532,22491,89999e,0,328,14
mn80199cd6cc4422,285695,59576n,1,235,11
mn6e7486ce2e4bea,253948,121087c,2,128,4
mnbb2735d9b33eef,179105,47238n,1,97,2
mnf438ee370b06fd,214858,61284c,2,104,2
mnb6b58aee560df2,124352,10313c,2,198,9
mn4473fd54ed46ca,83290,83064e,0,162,6
mnd0a54dee37ca23,26396,9831e,0,175,7
mnb0cd1ac4b796c7,18542,13084n,1,316,14
mn5eacc31bbd0c38,27833,99524c,2,64,0
mne6431ec8a349ce,57483,142110c,2,279,13
mnac9b26d0eabf77,356619,67370e,0,174,7
mn02896634d6e375,126037,20944n,1,205,9
mn053135be386114,55356,62119n,1,426,15
mn9830903870097f,138703,62032c,2,84,1
mnd4b0a818026742,90046,19692c,2,147,5
mn149052af0f6399,46801,85359c,2,134,4
mn54a726a4c9094d,158452,70210n,1,169,7
mn9537dd926462bb,16839,142676c,2,197,9
mn5efd90ef76550d,30284,115072e,0,106,2
mn0f274a535214ef,72621,127854e,0,101,2
mn4ab24200bbec2c,304079,101270c,2,119,3
mn52b6ba427dd18f,387076,118131n,1,188,8
mn6257784dd3c40d,356166,34148e,0,139,4
mn47e1695155cc5a,273828,111755n,1,236,11
mnd2e5e03f43af35,130798,72036c,2,160,6
mn87d04918f223e3,269684,27785c,2,141,5
mn1ac346db302645,329363,52457e,0,207,9
mn9cd69d69fde263,92915,13858n,1,72,0
mnd85f4a1e9f9c18,129485,128268c,2,138,4
mn57e241d51432cd,86298,142268n,1,132,4
mn5172458a9b3a1b,306063,126854e,0,97,2
mn0ea9139f17b7c9,47960,81355n,1,158,6
mn8a96621f93b00a,65329,145895e,0,228,11
mnd8efc86b7f92a9,203782,142813n,1,275,13
mnfd478a0f1c11bd,350967,64241c,2,149,5
mn435baf4e89a2a0,57543,54555n,1,238,11
mn78ef92d2696bfe,56086,117610n,1,337,15
mn228b9699277386,103190,105352n,1,114,3
mnace9e933b6aaa8,188744,73699n,1,177,7
mnd039183a7db6b5,353535,17505c,2,316,14
mn820dc0889b3a28,134337,130847e,0,171,7
mn0705e9cb992e15,120232,103881n,1,156,6
mn88fd64867a8e3f,250872,50315n,1,383,15
mn7eb8c42a51bb9f,240289,737c,2,196,9
mn502f5267d1e257,78478,11414c,2,128,4
mnc406fceecf89a5,147,10575c,2,99,2
mn56e6dabb5e710f,27624,125555c,2,153,5
mn5e9d6e8ee4bc22,122478,5056n,1,315,14
mn71e22e852369bd,354551,54734e,0,209,9
mn1161045abd0de6,97336,94215n,1,153,5
mn6be3abb5f1bf8a,32959,11389n,1,238,11
mn8b6efeabbc7bb2,262324,59973n,1,190,8
mn0a6b2abf7cdac0,153,41522n,1,366,15
mn007c7361be1ebb,286756,47954n,1,65,0
mne281c04786735d,364522,47503n,1,264,13
mnb8a8a2b9d82ecd,25349,115965n,1,223,10
mn3b7e07277d7400,237039,109987n,1,177,7
mndd90d108f84eaf,122003,48104c,2,148,5
mn4a5fed87b37b40,231799,109197e,0,295,14
mn0afabe8913ecd3,251969,126806n,1,260,12
mn625705756753e6,21639,12396c,2,253,12
mnd2110145c6990c,223301,131441e,0,216,10
mn8db54debbedb7f,366859,43967c,2,199,9
mn3da36d20b0ebce,327030,31983c,2,114,3
mn8077dfb27401c3,257800,103788n,1,167,7
mn01f275ed66f0af,177558,118991c,2,183,8
mn148e91df16af62,274059,100367n,1,297,14
mnef3e7fc5db3fa6,75018,123806c,2,269,13
mna5421e48434d4a,60458,55266c,2,144,5
mn21155fb0736675,289403,128103n,1,179,7
mnd64ff7692293ac,106777,54661n,1,126,4
mn3b63d05cbdeee7,333136,82138n,1,88,1
mn6ac2abd8128a54,283582,80865e,0,178,7
mn68a7ee8dd1af35,247246,82544e,0,195,9
mn3d5ddd412ca9dd,10786,25455c,2,395,15
mn4c01f850cf486f,191542,52210c,2,225,10
mn757e5f6b3fb21c,86149,59375e,0,232,11
mn59f0efc0b60ebb,15961,30253e,0,271,13
mn3d4cd97208ccae,376707,144543c,2,287,13
mna554eeab0885a9,161913,15139n,1,105,2
mn7242f28758241d,123395,105218n,1,132,4
mn38911486522438,35605,21500e,0,124,3
mn946b3be00ff002,288421,62790c,2,157,6
mnb97624d6a6076f,139604,64389c,2,129,4
mn03d4dbd55e338b,167290,60406n,1,174,7
mn89bd41427b7451,38791,71912c,2,211,10
mnb30e793b19ebf2,169667,65989e,0,109,2
mn34f706dfa818ea,315385,75683n,1,211,10
mnef8d535c816a3f,198966,74299e,0,101,2
mn9abaa019951789,63374,21826c,2,123,3
mn3464f3fb6dc762,259111,89005e,0,144,5
mne637c34e518473,167260,133578c,2,228,11
mn6714563c674092,331360,114410n,1,155,6
mnb987f83663f577,132549,51848n,1,151,5
mn8e7dcc833c45bf,333912,15984e,0,89,1
mnb73ca0ab53484e,210848,142821n,1,159,6
mn975fd75505a0e4,152864,119144n,1,372,15
mn06e0f38178f4ac,218302,56944c,2,119,3
mnfc3aabf464bf02,249977,88306c,2,212,10
mnb3ed5b6b5ab2cf,228573,34147e,0,204,9
mn16c3797b9f00ac,372005,67053n,1,63,0
mnade20a8e8f36d2,160205,84903e,0,196,9
mn86b00fcaa466f2,341948,20613n,1,179,7
mn8ad8249695ae76,151762,50767n,1,260,12
mn1afdcb3ee5b92d,45951,46166e,0,54,0
mn8bf1293ab5ffdc,95027,133429n,1,151,5
mn81d00be9f31ada,320842,48517c,2,238,11
mna1e22c0b27fa2c,325147,36400c,2,99,2
mnc73ec367b19961,214077,72451c,2,219,10
mn5cfeb50cff83ee,326320,83864c,2,92,1
mn4ef54b1968a6d6,95019,116263c,2,157,6
mn1601cdd6cb372e,101519,120425n,1,183,8
mna0b65f77227029,242594,14093n,1,73,0
mncb41b7e4903a3a,145478,29675n,1,123,3
mnc6f89f60b4092b,201741,20808c,2,180,8
mnddce0ee0a398e6,141462,91283e,0,104,2
mnd4558eb6b778ac,298166,5073c,2,154,6
mn67ad9408589cc9,153775,105077c,2,117,3
mn7fc4c241d68d46,292861,32952n,1,172,7
mn2973b3d873679d,77778,132216c,2,105,2
mnc836c0e02af8c8,18666,120364n,1,229,11
mne37a91ae60b324,374577,66447e,0,145,5
mn808add0ad61d30,272368,46092e,0,105,2
mn9fce2d0bee8c9f,30804,83073c,2,131,4
mn8aed995bd3e4aa,122782,195e,0,100,2
mn4da6fd36aa8c1b,148927,143678e,0,369,15
mn2ef281b32cb53e,238078,111046c,2,61,0
mn6ebf8201a72427,1269,3567e,0,280,13
mnc47f7d3c7e65ef,181353,90181c,2,194,8
mn3a8d95a3807e2c,312018,75822n,1,127,4
mn4f8335fe4125ec,227529,13615n,1,208,9
mnd8c15b11bf4b30,71825,65300e,0,204,9
mn8993503ec965f1,368636,139886e,0,237,11
mnc1b63df56b81f4,268063,66547n,1,133,4
mn99bf2f0df3b600,216043,17980e,0,129,4
mn4569a5e12f9a04,87984,26422e,0,109,2
mne534456ffd2394,324538,32438n,1,93,1
mn2ab3b2d4216f81,192408,73166c,2,202,9
mn5e8f2ca4a8a1ec,108140,72529n,1,153,5
mn7f6a7703aedcfa,253528,117181e,0,107,2
mna33c0540844c38,8961,50812c,2,57,0
mn51454c128cadd0,23598,77334e,0,288,13
mne8de4420926634,182758,33687e,0,118,3
mn509a6a2415b3d7,30754,87491c,2,392,15
mn1b8d2fc2c31f7e,342826,5151e,0,137,4
mn0d15f7a3afc5bf,303383,19007c,2,105,2
mnd6554944862d73,252799,62748n,1,142,5
mn99eac16937ac9c,9139,74436e,0,273,13
mnb1ccb4e5c47685,209186,37205e,0,146,5
mn01917e524fbb6f,225515,143775c,2,101,2
mn39d359981256fa,324513,115253n,1,322,14
mn567e7afbd8cc29,224778,108818n,1,454,15
mn41d7bea4def51f,153421,40643n,1,228,11
mn3ba8fffab181ce,133802,43555c,2,159,6
mn4a3935a7c4d548,270688,116543n,1,255,12
mn865de43c434f52,336729,54777c,2,229,11
mnb58bfc95624bf1,120693,133750c,2,139,4
mn9a22a2227985c3,297883,63512e,0,107,2
mn1b0c17a34a92e8,323153,104104e,0,209,9
mnccb7d0b325d946,115102,41965e,0,270,13
mnc057c121516e9b,29310,72842c,2,277,13
mn985af8c9091727,257816,75915n,1,152,5
mn82c7d2f77a628d,343382,80514c,2,240,11
mn4c385349eea192,146670,110293c,2,160,6
mn8fb3edbc222719,389535,141902e,0,204,9
mn69fa111672f56c,386034,79329n,1,82,1
mnf04a06d7593883,269978,72643e,0,106,2
mnfbf61e1a806a39,82799,106992e,0,249,12
mn1938e95d2f04b8,290497,37018n,1,255,12
mn2e6b9087e84e34,182550,124386c,2,231,11
mn58e7d131d9da2f,70906,15566c,2,299,14
mn51e92a38cac609,358887,6532n,1,190,8
mnee28a60129f4b2,347452,39262c,2,155,6
mn4079ab0a02de20,368434,107404c,2,225,10
mn1b43cdd8910059,98250,29816c,2,93,1
mne6e8b7bdad3bb4,229204,60102n,1,418,15
mn4c320bd6147f7c,238823,68005e,0,114,3
mn19b44b015e96ef,65544,96321e,0,403,15
mn1df9b54f057e67,366542,74177e,0,256,12
mna1048a75fb9eb6,253882,8173n,1,131,4
mn73998abb08851a,276676,25904e,0,207,9
mn05bad08e9c166b,104778,116467e,0,179,7
mnefb07f82d24f51,130390,23409e,0,209,9
mnc1ee672de7715a,35137,104225n,1,240,11
mnd6381f78650120,221655,385n,1,83,1
mn10b56bfda920ce,351774,136281c,2,74,0
mn7a6d12beb27834,86910,93964c,2,94,1
mn8deec555675228,202655,144258e,0,164,6
mn4d2b598113b1d1,194152,6402n,1,385,15
mna98868716a403e,237242,106556c,2,216,10
mnd45bbd7ba8df09,6356,75474e,0,104,2
mne1b86cae146bd4,30914,112567c,2,167,7
mn2e58b0625df4f7,112370,130162c,2,108,2
mn72fd000246b262,145838,8776n,1,233,11
mn17556c056d4a8b,55726,109383c,2,168,7
mn9eddda474bfac8,197774,67685e,0,178,7
mndb0fbc5f0e45bf,143224,33198e,0,318,14
mnd4d80e9c0d3a6b,70564,8899n,1,270,13
mn5bf7b66a89338d,127525,131044n,1,263,12
mnc6ec497e787c68,202422,3457e,0,132,4
mn70a1ba8f5642d2,111123,129366n,1,204,9
mn44fa2d4ed7ab57,149306,65688e,0,196,9
mn67144e1f89e3fe,375997,120979e,0,272,13
mnd0676dc49a676d,284163,64278c,2,151,5
mn02518029e58601,300569,51825n,1,172,7
mn33b3d699a10c33,268909,24754c,2,308,14
mn364e8082759a01,214144,133398n,1,155,6
mnadf65c64c029da,168079,5879e,0,83,1
mn67538252268614,156262,1485c,2,146,5
mn28e81863699129,275501,9909n,1,215,10
mne5d068951bea87,18046,38515n,1,267,13
mn5099c1f7b76973,199204,117826e,0,145,5
mnba53857014a56d,296803,127665e,0,317,14
mn68a783f2e7f04b,364655,38161c,2,210,9
mn9d6d2f0058418c,150111,49977c,2,100,2
mn9d701cc1214940,143400,102305e,0,209,9
mnce085913d6a233,57807,112904e,0,269,13
mn7d6677b1233474,262163,112088c,2,163,6
mnc6943e995bd7eb,385580,41163n,1,171,7
mn9bcf39530b27e7,191466,72805n,1,175,7
mn9baece42f5e61a,114776,113102n,1,486,15
mn9ee204295c7123,291044,145952n,1,250,12
mn4f7aa4747d8810,372865,123283c,2,265,13
mn240203c17f598e,327008,96762c,2,393,15
mn5b0f90d7b955c9,158521,59125e,0,297,14
mn0e77134d963178,46267,119225n,1,171,7
mnfb32bdeb8a6067,122726,139784c,2,104,2
mnf2c50f99733c3b,57672,126994e,0,149,5
mn163c2afacc9e8d,71999,35643n,1,184,8
mnc8e0a09c153958,161818,138463e,0,131,4
mn79127bcc9fdd16,199258,21451c,2,228,11
mnecadc01646be39,127467,46436e,0,301,14
mn504879fd2354c9,155643,118506c,2,85,1
mn63738666d6403d,231877,48847n,1,250,12
mn6d2211523a24dd,143297,140655e,0,384,15
mn9e4b2224c91c06,350649,96135e,0,123,3
mn5d562e84b59664,102842,66881c,2,116,3
mnbc400097bbe3bc,319174,52894c,2,128,4
mnd4c23b8c4b08d3,63141,69391c,2,127,4
mneb1f5825b881a9,250348,145770e,0,487,15
mn7cf6ecde87dc7d,256608,105454c,2,267,13
mna2aa33bf341da2,257767,113395e,0,68,0
mn121903d02466fe,278594,138265n,1,106,2
mnf1dc5391b0ee72,177538,113351e,0,197,9
mn3465a05529b572,59967,86930e,0,386,15
mn13599d104a7917,24349,25940e,0,120,3
mn7c15c3083af300,229379,78580n,1,91,1
mneddab4f4b68c64,272759,69183e,0,282,13
mn9cef431727c492,19419,50844c,2,153,5
mn8d61455210b753,149144,24340c,2,134,4
mn2c7396b8b7d838,165928,74812n,1,181,8
mn014623cb32308b,10028,841n,1,101,2
mn5022ba135e695e,146289,58247n,1,228,11
mn89ad6f8f32bd88,380051,58902n,1,322,14
mn444a9340822480,154681,47568e,0,380,15
mn853d2eea2e8f4a,324884,57760n,1,334,14
mn12343bf7300387,139698,53104e,0,134,4
mn54f360486ebca0,275196,59628c,2,295,14
mn7eaee7e85dab1f,346318,42089c,2,52,0
mna55f4a90e00641,60903,24150c,2,397,15
mn1ee41664902ef8,287599,34851e,0,256,12
mnd6bd1546b030e7,48666,115602n,1,175,7
mn312c356438182d,337797,44265n,1,228,11
mn97cd362735889b,259139,113790e,0,231,11
mn09832151218467,142105,37761n,1,115,3
mn570135ef6bf903,166623,76926c,2,399,15
mn4d01ba151f9538,88752,144355n,1,163,6
mndba014d93cb7fe,362259,98e,0,236,11
mn05d930a33bd794,260281,123578e,0,235,11
mnfa1666b7b35476,233911,115193c,2,214,10
mn70df0c32a7987a,296577,80477c,2,81,1
mnd015cd05ccfb18,389793,19716n,1,127,4
mn92451893a46d2c,177242,57467n,1,194,8
mn057a9c7895c617,317447,35454c,2,99,2
mn9ba4b5ab11b7f7,140348,93950c,2,74,0
mnaecb753392a481,284581,83772e,0,215,10
mnf823fdde6dd13c,30149,34842e,0,274,13
mn4337993e3c5a5c,96371,100308c,2,220,10
mncbb431bbd3e339,122400,128752e,0,516,15
mnadfc6b68735143,222742,38325n,1,112,3
mn3ff7625b596ba4,197056,85055e,0,296,14
mn66596c3034380e,42006,54620e,0,117,3
mn31538f50a68e2f,359989,77097e,0,142,5
mna932f8ff27da0c,368901,113005n,1,385,15
mn8d5e77b65af93e,338032,7967e,0,270,13
mnb144d268a17102,97994,128834c,2,254,12
mn69d312fdce6520,196778,74190e,0,179,7
mndc71b3e958dea1,229332,79648n,1,172,7
mn59b2797c7d30f1,117296,134001c,2,81,1
mn35ed15a82c1966,95095,118486c,2,54,0
mn989ce6ca7039db,341219,105036c,2,197,9
mna601d2fe070bd4,238620,115661e,0,311,14
mna5658fee18ba6a,343561,70634e,0,115,3
mnd690c611c5222e,113037,57030c,2,165,6
mn2d18aa90d5910f,160181,68669c,2,214,10
mndcba73d85453e0,370123,15114c,2,133,4
mn0f31b28906568b,202111,19304c,2,100,2
mneadbd2dce35a21,79358,122894c,2,62,0
mn96f67c82ac384d,59096,110726c,2,282,13
mn7b1efdb47bae52,290653,75157n,1,89,1
mn0692c18151b67b,384149,15297e,0,212,10
mnfb27ae4a93f20f,303555,26277n,1,219,10
mn954964c77446e6,313408,97894e,0,175,7
mn73adfb57417f24,56558,138154e,0,117,3
mn8d924b730f584a,114554,1678e,0,359,15
mne1c7b0d3a50554,173989,96802e,0,56,0
mnabb12f0a1e761a,255888,36707c,2,270,13
mn46cd37c155ee29,173258,32174e,0,159,6
mn03ff3259b2b930,97438,3193c,2,92,1
mnc6e4c1a8ed285d,331094,21205c,2,284,13
mnfa1743f6e71c6e,204640,35467c,2,645,15
mne85f913c248140,29378,132959n,1,163,6
mn408669209b5a42,309171,10788e,0,116,3
mn7ad21e57512697,137179,37046n,1,304,14
mn0826c0d27fd69c,314687,136430e,0,501,15
mn6cabde4c42c015,242834,33262n,1,240,11
mn8e51ba8b00c8b3,114701,33136c,2,80,1
mn9729001329d950,168229,56961n,1,201,9
mn187ef6b181f7eb,93882,116580c,2,205,9
mn9dd40a47e87ac6,2158,32333e,0,125,3
mnb20dac3aa41011,233838,91190n,1,336,14
mne24b7320e1800b,372082,78294c,2,139,5
mne56c269de93c4a,231448,86624n,1,225,10
mn940a7924928416,184713,95946c,2,354,15
mn464fee643a5547,8208,60265c,2,240,11
mne9ec15bd6c6fa3,62925,47047e,0,162,6
mn604788fc061ac3,10456,47387n,1,292,14
mn24828d0507a74b,138139,64519e,0,228,11
mnc4b3d0aa799cca,18892,20963c,2,180,8
mn6661d4fa1437a9,212902,132478c,2,313,14
mn7fbcaefa2a54f5,137018,91378c,2,168,7
mne974a3d502ad5d,220319,14630n,1,130,4
mn41d2d9c80e90d1,125589,114935e,0,207,9
mn54270927d78f9f,345177,97706n,1,272,13
mn3be1bab56fb292,294559,44233c,2,422,15
mn15e354ff6f8199,271537,83337c,2,91,1
mn1840f81f9ba6de,292505,6028n,1,223,10
mn8eb59f816266bb,301070,103124e,0,122,3
mne1eef3aa88a516,8122,19372c,2,279,13
mn5ee1e17516a5b0,50195,82673n,1,273,13
mn40a4ec6124f62c,208379,132342c,2,286,13
mnba0736bd74ecf3,69212,143954n,1,105,2
mn7a42662e98636f,68179,129030e,0,316,14
mn0ec43445224293,177149,36368n,1,178,7
mn3d77ab8fe90ab4,375584,63738n,1,103,2
mn5c085a6da78ad3,64168,102874e,0,204,9
mnf9b72a55b897bd,22400,44043e,0,108,2
mn6dedf089338e56,293903,61674e,0,89,1
mn286d0c9173fa92,213404,105106n,1,233,11
mnafc88ab03629a2,378859,9463e,0,188,8
mn376b2235ec795b,365710,45350c,2,58,0
mn574d9e0f9a9460,330307,95781e,0,174,7
mn164522dfa443d2,134488,76015c,2,77,0
mn5bb44c2b6e550e,354396,90660n,1,80,1
mn334e38825a7799,363601,51453n,1,218,10
mnac4afdfd9a30d6,388698,24973n,1,232,11
mn5b3eb10aee5f9d,349585,112254c,2,138,4
mne78c8aa03dd0af,372844,125182n,1,304,14
mne32fcf2405576e,66898,116567e,0,273,13
mnd1a01f22f47562,236572,5981e,0,220,10
mn08bb4865eb3f2c,368584,2482e,0,144,5
mne247ffd1c09a4a,24253,134219c,2,189,8
mn0da1bfe64b11b0,135219,78341c,2,205,9
mn03cb4cbadbf5a9,107874,24965n,1,275,13
mnebccc49412134d,127201,125615e,0,182,8
mn5d9a1dcf9d7461,236646,55432n,1,206,9
mn7a038482e0f144,98784,141740e,0,430,15
mn33c68dbc833890,237075,144189e,0,253,12
mne13925fe5999ad,185638,32057n,1,152,5
mncfede451d890db,84506,135215c,2,98,2
mn38ea04c8ad3bf7,169912,101322e,0,238,11
mne16d152e441c51,8851,130459e,0,248,12
mn6c99283fd07e2c,218667,15590e,0,129,4
mne61381cfce4ae9,59081,66215n,1,89,1
mn89ae7988e6f931,331343,40547n,1,174,7
mn6b53d54b1c3d75,115684,140720c,2,149,5
mn19d76953b18eea,62646,142883c,2,172,7
mn5a85f98b17bae5,279305,90401c,2,241,11
mn69f3cf7404df6c,233701,2716e,0,171,7
mnc415e6f592b68e,197436,79459c,2,129,4
mn6c05606d050c0c,186324,40770n,1,258,12
mna2087b8c5b2ca6,90082,41199e,0,209,9
mn2ad4a0afa693ee,203682,80309n,1,184,8
mn605263ae7ecc3e,316571,83425n,1,149,5
mnc5108698ae95a0,214756,2864e,0,360,15
mn8dc9f7822c70d9,272673,20076e,0,214,10
mnf1513a887e6956,187274,107848e,0,84,1
mn9ceb0e2b95861d,306126,22219e,0,93,1
mnaee0aebcf0957a,153103,106768n,1,232,11
mnde08b576bad12f,71214,103687n,1,196,9
mn981cc6fbb947ed,290164,98976n,1,118,3
mn40bd7a993fab3f,294139,116688c,2,279,13
mnd5f269141cbdb1,316478,112022e,0,126,4
mn6378830c9c6fa7,53644,144486c,2,180,7
mn7e6f31586fd63b,230496,101396e,0,175,7
mn490db04a405c81,352591,91908n,1,201,9
mn75d39d3d92735c,161566,137469n,1,269,13
mnc0665d90833951,283141,77565e,0,195,9
mn69a3311fd7dee0,199776,108904c,2,256,12
mnbb1d3acff7d31e,241055,6618e,0,189,8
mn3fa8b38d0fd566,261423,96158n,1,213,10
mn7fcfd399543fb4,158698,96736c,2,310,14
mn326cb5c292c2a6,70682,109312n,1,227,11
mn0e43c45840f54c,11479,82695e,0,117,3
mn9159c2a658f8f4,66183,141230e,0,288,13
mn4e30c371c3c59f,284891,12901e,0,87,1
mnf45985226ea25e,24741,84524e,0,89,1
mn6e59b44f52bed1,360657,128308e,0,276,13
mnf2ce1c90e05e26,296144,35110c,2,200,9
mn9cb08d4a4eaae8,109433,24193e,0,81,1
mn18b7ef7ac6b5a1,64410,83201n,1,137,4
mn9a112573b216a0,95447,12307c,2,174,7
mna767384ed02ffc,43257,126277c,2,120,3
mncbb25fb78efa50,333266,42598n,1,310,14
mnc3cf4f4bb45ea0,304748,51116n,1,266,13
mn361ef26835411a,20173,5213c,2,184,8
mnb214be23b542a6,233671,60952c,2,203,9
mn61121c4420e7c4,387943,112751c,2,165,6
mndd4f955c9d3c23,74523,133165c,2,189,8
mn99267fa4b1628b,92399,53147n,1,126,4
mn906b1b0850dc4c,336715,41340e,0,76,0
mn1a3e51f35abf34,177101,2829e,0,408,15
mn2e9010d6d1f442,321573,83472n,1,213,10
mnf51f9ca11b3ab4,166605,109421c,2,475,15
mn8016c10db70bca,231782,105779n,1,90,1
mn031977333a5978,6338,9685e,0,98,2
mn2fc7712ff058cf,281692,47555n,1,143,5
mn6d1b0571fdede6,283971,86187n,1,152,5
mn5e5e54919d6fca,219304,143915n,1,336,14
mn018b27fa8722f2,47569,64625e,0,214,10
mn3cbbc0b5880392,305270,31183e,0,262,12
mnd6c8cc140a1e4c,184789,137737c,2,48,0
mnc81607fe22cbd6,57598,18302c,2,297,14
mnb088db64a9f775,138997,111377c,2,134,4
mncd7c2df968b679,53732,92435c,2,260,12
mnb3864fb0739907,290707,11662e,0,228,11
mn92d7ac5b197484,14692,89689c,2,159,6
mncad17e14b9c4fa,267591,132243e,0,215,10
mn1394eadef46d4b,22883,31833c,2,152,5
mne0609435e7622d,269428,144818n,1,198,9
mn95ba2fde2221ed,168262,103324c,2,83,1
mn469a8f0bbcbcf6,56501,11290c,2,172,7
mn536957b91d2b5b,16923,86299n,1,111,2
mn449225d0cbce29,154979,127415c,2,113,3
mnbece1a2594f16b,187144,108088e,0,148,5
mn1a9346280b61d0,179973,21444e,0,71,0
mn21dd800dc2ac31,134237,127197c,2,264,13
mn2c39044e7f73b2,118624,90744c,2,318,14
mn7a4ffe501cff82,12643,73144n,1,152,5
mn07f0b1d3c5bf65,90536,47172e,0,66,0
mn8ede80ee04fb9c,228260,132031e,0,257,12
mn603849371654b4,139897,59068c,2,112,3
mn0a1dec1df47f2f,41112,70560n,1,97,2
mnf0b38109bfb1af,276811,53529c,2,213,10
mn7f63ad7fb87e52,63177,126460n,1,188,8
mn5ba9b7ab271a13,302723,144836n,1,233,11
mn952be1cb6ebbd5,140605,124297c,2,130,4
mn6337cc267cc951,384326,41521n,1,185,8
mnbf063d3498287f,254522,135586e,0,276,13
mn9b86ce08893854,219478,135547e,0,67,0
mn24629a0c3447d2,132538,61129n,1,194,8
mnfcb369e5a1456b,143732,2409c,2,302,14
mnbf0b48d5cfa6de,94824,92867e,0,104,2
mn05ddfcc8454f75,349988,20898n,1,99,2
mnc9d1caf541e6a2,137056,81075n,1,159,6
mne38c4d8952dd42,224122,78587c,2,122,3
mn91e99307d0de81,110023,125335e,0,357,15
mn8c6be722d0514f,259080,43367e,0,241,11
mncdc9de24393b18,95610,8633c,2,58,0
mnb1e78663b156ea,272675,144047n,1,155,6
mn7026d61c91d09f,116082,32026e,0,224,10
mnda4dce440d3d56,392144,144910n,1,268,13
mnea98f75365e8d3,338114,139805n,1,117,3
mnea808305e706af,38739,44710e,0,367,15
mnbe495361d60ddb,83739,99748c,2,234,11
mn1586505ce7e94b,164766,5462c,2,59,0
mn9c38df887a9bea,163017,110629c,2,194,8
mncb7227c2ff645b,264369,85019e,0,150,5
mn8191c0de408dee,132391,136725c,2,324,14
mndd41402ace2a4d,89430,6397c,2,264,13
mn90e758181204c7,186136,88991c,2,173,7
mn946bc1be2a29a7,152302,25082n,1,287,13
mna1f0995afcefa3,293961,77387n,1,288,13
mn73b3fce71564dc,77920,46720e,0,65,0
mnea5fed0fc21eea,19174,140262e,0,317,14
mn727cbf98dd0c5c,110915,58969c,2,139,4
mnd150bfd1b56780,284851,1008n,1,177,7
mn1736c0f3592d13,354180,91142c,2,281,13
mnef032935c19205,23935,66577n,1,175,7
mn088f8d0c4eadbc,365853,103688c,2,260,12
mn24b0091756cb14,335416,110607c,2,141,5
mn8fba432c15ad3f,314509,108661c,2,284,13
mn4142e15a463082,331063,56074n,1,241,11
mn15b14c17f4b8f2,109512,2587e,0,292,14
mn4c4478362a4103,292919,82447n,1,229,11
mn453c3571c63913,13805,84322e,0,379,15
mnef5a7462c8d9df,201256,90395n,1,128,4
mn1157f80b6f4779,213135,67072n,1,127,4
mn72a20e1db128d7,211336,62430n,1,294,14
mne78451ac77370b,229742,86530n,1,354,15
mn81b59fa3c82121,221904,94462e,0,128,4
mn0f9ade6439c890,328368,89267n,1,202,9
mnb159162e61906c,194979,43657e,0,100,2
mn37a234ae39912a,242661,85965e,0,502,15
mn3cbc2bd97a6f43,382390,116218n,1,259,12
mn01be3d78055dd6,187009,50814e,0,381,15
mn417455e35d3387,154129,55029e,0,176,7
mn763a279305c9a7,182869,144117c,2,127,4
mn0be24c95fd23a4,144810,75095n,1,209,9
mn14e64cf2990b4c,289569,48306c,2,137,4
mnaf51e2ebfcd4cf,67273,126749e,0,333,14
mnd0664b5a2898b2,80962,81130n,1,120,3
mn68310bbfc5eb34,236786,21197c,2,448,15
mn69d3059c22f936,350224,102772c,2,351,15
mn1bcbe7a1ff003e,258841,122293c,2,357,15
mndb3d2a6c7d0462,258329,30923n,1,88,1
mnc238eabeec0b22,346969,118618c,2,62,0
mn158268469cae73,287551,822e,0,303,14
mn85cd0a256afcd6,250554,66071e,0,175,7
mn576fc243e89cbd,383015,106321c,2,135,4
mn662c4b5461d4a3,127313,34717e,0,61,0
mnf0fe75ce45fee1,234386,71348e,0,109,2
mn791dbd241cea38,364237,111654c,2,319,14
mn7e467b0a3a8fa6,109397,5475c,2,166,6
mnfb19f681a0d58b,165858,87323n,1,281,13
mn1819d0b698aa12,196869,72572e,0,156,6
mn21a91988737639,327737,69186n,1,264,13
mnce805d77c43ad8,331677,121194n,1,254,12
mnb8b5deb72be3df,40662,95583c,2,56,0
mn566984bfd31c0c,46316,6282n,1,276,13
mn8823b0a7b22e61,162353,34149n,1,90,1
mnce0092de66d4a6,256207,18003n,1,125,3
mn0085f53dd5a916,271195,139153n,1,377,15
mn447b3dffebeb6b,228960,123774c,2,141,5
mn32e35044e34749,280864,106669c,2,54,0
mn30dea27714e02c,286662,144247n,1,245,12
mnb0b42f50ad9a33,343939,88038n,1,210,10
mn314b767945800e,96530,3375n,1,136,4
mn8a9d6ea399e83f,181190,14876e,0,748,15
mne5d1c644e2f056,191429,25169n,1,112,3
mn1758a4fcd8a2b3,25328,25337c,2,102,2
mn9cd6a23f110b8e,230702,84252e,0,295,14
mn530980ae7d47ee,212839,110168e,0,68,0
mnf71ac2941403fe,321580,42013n,1,217,10
mn1f908ba24517ec,100856,10124c,2,193,8
mn0b7e08b0f5e145,90550,124975n,1,197,9
mnc93dcac4a25e67,364938,116479c,2,219,10
mn71b2bdd18aa33b,999,66982c,2,417,15
mn0ba38f93038419,166020,16383c,2,171,7
mnb2d808992882f7,315809,41574e,0,248,12
mnbe033cf21ec8e8,391799,7446c,2,258,12
mnd1da179f8b8fae,17648,115435c,2,55,0
mn993af29a466faf,391339,114018c,2,180,8
mn7e01974907c38f,261068,95797n,1,151,5
mn2f536464ae66a0,236438,9576e,0,115,3
mn73b4264c11dfc1,219599,119256e,0,89,1
mnac66fa56b2858b,2073,62004e,0,81,1
mnd24aff458b0b0b,250650,104235e,0,336,14
mneed21d68e0b80a,81873,51101e,0,214,10
mnf817e675188a59,388268,16579e,0,170,7
mn9a9d2fa2e203e8,60179,39463n,1,449,15
mne4c2b7df458583,108333,61503n,1,209,9
mnb23d847315082a,377882,36278c,2,326,14
mn9653729da0e533,347926,2007n,1,199,9
mn71dbafd08c9012,262514,69996n,1,209,9
mnd606defa925de5,101917,125167n,1,118,3
mnbb66f56474306d,102138,61097c,2,296,14
mn8156bce74e393f,147379,104849n,1,244,12
mn5cd56a4dca7ddd,61533,103597n,1,253,12
mnf9af5d4bcfc2a0,73846,50279e,0,162,6
mn06ce46656d6dfe,364424,44938n,1,230,11
mn828ccf09cb57e2,134915,140778e,0,303,14
mn743d47bdb01e28,84631,107034e,0,139,4
mnec2b7cb2974a7f,281200,41241n,1,166,6
mna7452a62afa1db,334491,100829n,1,276,13
mnde52604578d224,182192,86728e,0,261,12
mn65ce3090c5460d,62888,69299c,2,266,13
mnc0a4665a993d0c,358398,52081c,2,421,15
mn369867d610a977,42381,67001c,2,174,7
mnabee22fdbd73a4,207762,10543e,0,64,0
mn020d242f1f63cd,284740,129250e,0,247,12
mn33a4e99dfa51db,99541,42573e,0,133,4
mn3c3c47ac6b4771,92387,21075n,1,170,7
mndeb5e79504fcf0,6680,122172c,2,243,12
mnfa6c8c6bb83caf,255466,93876n,1,197,9
mnc92201d1027d43,80126,112864n,1,130,4
mn8722e47eac3838,363373,129424e,0,272,13
mn19cf27e9d7a9a7,133827,139383e,0,77,0
mn57a2b5992963b1,227447,42768e,0,187,8
mn181fe69cbfd0bb,377790,128210c,2,256,12
mn604bd9777dc58c,79570,66665n,1,283,13
mn0f5d9fb7bc31fd,113857,117309n,1,295,14
mncf6ef7871d5226,60348,112741c,2,161,6
mn1d4b8e2f58e98a,304691,1549c,2,376,15
mn465acfa1af3b15,305681,134564n,1,199,9
mn33982a3223b180,229003,8064c,2,128,4
mn69e2602bfb008d,213935,48808e,0,97,2
mn05812cdfaa59b6,326438,83659c,2,285,13
mn60302da5b6ddfe,58149,44406c,2,140,5
mn1bab84ecedb3d1,74672,97094n,1,142,5
mn47bba90961eb82,285927,98848c,2,281,13
mnf20bc722c99d36,306425,45199n,1,255,12
mn5e66d3432453bc,81859,87136e,0,43,0
mnf318b321c97aa0,378359,74431e,0,286,13
mn5ee49824e4f9a5,254696,84593n,1,183,8
mndb3d18be63a401,139005,91992e,0,176,7
mn8720bb67d54367,85761,88194e,0,49,0
mn48f4e7959db3b8,322212,17926n,1,352,15
mn6dac142a8b0365,200849,68305n,1,203,9
mnc44e6531ede953,293769,71758e,0,156,6
mnaa66c52d5e0714,163528,36222e,0,255,12
mncd551295b47513,75145,83163n,1,156,6
mnce7fb93ed0c61d,104626,30088n,1,144,5
mn48dbd4759ff1dc,334096,132024e,0,230,11
mnb72dc5ec980874,390555,52148e,0,174,7
mn2ac23644e28fbb,300622,82333n,1,252,12
mn0533560b0e1b73,92090,77081c,2,294,14
mn098937e9d09c78,306342,105690n,1,204,9
mn4b071259e92d56,108557,131570c,2,54,0
mn2eea540038acdf,199654,35326e,0,136,4
mn5afe287177da53,106078,112146c,2,368,15
mne9391561715e98,99064,51123c,2,215,10
mnea167fe1ff144e,268648,18101c,2,95,2
mn632cd0e0afbc93,53032,106541n,1,91,1
mne40e66729cabcf,26496,144087e,0,273,13
mn02bd50105bc1a4,262877,16000n,1,177,7
mn714bfef67cd58d,254297,2814c,2,143,5
mn8227a166449495,113927,133012c,2,252,12
mn4cbf2fd64bd52d,324011,81917c,2,71,0
mn2ef4d20688e4db,357897,57507c,2,269,13
mn5f80ccbbb8aac5,353726,117645n,1,88,1
mna44eb3fb656d68,283260,113273e,0,118,3
mnfb2e264f44a196,213061,11902c,2,228,11
mn1fc125b1fd6d73,96847,74619c,2,108,2
mn4383b0d2bd7cee,227608,128748c,2,207,9
mn3af7f3c363a985,125849,124421e,0,74,0
mn451bd20830969d,96451,111652c,2,117,3
mn2bae7700b502e8,33909,81238e,0,285,13
mn3b2ec10aa55f40,215138,28085n,1,134,4
mndf071e6f7fdaeb,362587,52700n,1,181,8
mn2b7ffc4cef502f,197670,138761n,1,123,3
mnb8b8022fabf108,95702,29197n,1,148,5
mn730f27bcec9d2e,227230,106372n,1,160,6
mn07b0d2de1b2120,55435,55573e,0,417,15
mn3a6e8b8dfc8318,56117,78933c,2,166,6
mn01c4ef7f10f35f,214431,56180c,2,129,4
mn9517e427e62858,377358,119087n,1,91,1
mn2698c8ac6b67bc,101354,131452e,0,179,7
mn30a0b46353a6c1,212153,861e,0,323,14
mnc25053efab9741,23723,123890e,0,229,11
mnbb53776a505e03,17898,36865c,2,175,7
mn1ad2de6c77a021,134188,137509e,0,42,0
mn16fc66e6dff1ef,279206,143973n,1,86,1
mn75bcfc899b2b82,106714,32441e,0,188,8
mncd57513d5df5b7,279535,135704n,1,85,1
mn6824d357ecb32f,258579,136066n,1,266,13
mn329aadca4e8c7c,334973,15486e,0,160,6
mn6ac29c14b31e27,352678,97480n,1,215,10
mnce3bfe355d1a8f,334746,77077n,1,155,6
mn9011cd0ee1cc4d,351190,2677c,2,187,8
mn2dc3a62cc238ab,303070,74640c,2,119,3
mn2d4e93d9d59ca1,266684,30077e,0,160,6
mn33778c7baec5cb,72904,76768c,2,210,9
mn92bdbc826fb23a,179769,50615c,2,324,14
mn15c75d3979418e,74785,52394e,0,144,5
mne19a5bc1cec914,221199,70701n,1,113,3
mn8a25b51a4e61eb,186618,61141n,1,196,9
mn9e3eca246acfef,372991,31498n,1,112,3
mn0768316011ff38,353274,51602n,1,282,13
mn90073520222e9a,300873,21787n,1,354,15
mn49701f173b2df9,209440,136604c,2,255,12
mnc454e319158cc2,30450,14435e,0,97,2
mnbcab773dbb49a7,360735,88758c,2,197,9
mn067f102c463467,228175,26745e,0,216,10
mn65ac2cd98ea6f6,385075,77788c,2,119,3
mn3a6993122221dc,5988,114681n,1,135,4
mncdcb89a44e75e4,123615,22303c,2,423,15
mn1409482432a43d,91562,122321c,2,147,5
mn831ec105ec9aa2,35444,130180n,1,209,9
mn2fe2ab730e733c,159550,56492c,2,208,9
mn3cebc550fac4ee,26940,6980c,2,212,10
mn5af11439c39962,142096,58367n,1,134,4
mn8adba2a2b4a0a1,163682,48456n,1,284,13
mncb7bad55d7d521,38091,44893n,1,81,1
mnf65a8fd3a45831,65479,84332n,1,334,14
mndca19e81acbfd2,241521,81067c,2,337,15
mn992e078f01a7a1,201845,18246e,0,168,7
mne075cf03fd4589,195162,13420n,1,153,5
mncdffcdbcebec8e,108253,68147e,0,104,2
mn9c4555918ebea0,136030,131858e,0,97,2
mn5771f60c9ec510,7204,21645c,2,57,0
mn2dddab86dd800f,344275,117461e,0,302,14
mn33fbd9ed7c7486,236508,63923n,1,126,4
mn884df8e0be3324,307362,53440n,1,223,10
mn56a06ca169ed75,87692,69600e,0,152,5
mnd37559fde190b2,181814,125539c,2,173,7
mn075eb61373fab7,212932,101772c,2,334,14
mn4c0f649f98f8ca,145593,69362c,2,45,0
mn2589900f4ba3e8,389277,27691e,0,143,5
mn92c4d4a012952b,59816,143467e,0,94,1
mnf95a434636151a,179160,90907n,1,107,2
mn302982b1009ebd,251186,54723e,0,59,0
mnd189aeb417fb6b,6545,13976c,2,122,3
mnaeb044a5b12d44,153465,10643c,2,302,14
mn177f377cad6492,287821,135511e,0,151,5
mn489e9850948e97,143947,83840c,2,242,11
mn722dfde43d1184,375020,46432e,0,213,10
mn25276c80a5f832,150738,88323c,2,70,0
mndd47e01b7d5579,256274,29848c,2,246,12
mnee4f46ca4885d0,300976,61456e,0,184,8
mnf8e730f64bab0c,349086,124022c,2,198,9
mn0d83843273247d,276835,132308c,2,432,15
mna5108cc9e68341,97343,67398n,1,127,4
mn624ef613c7f532,215795,62504c,2,103,2
mnc5e3afe500823c,335234,18584e,0,76,0
mncd8d553643a516,135084,113261n,1,172,7
mned237a03079eed,372888,124198c,2,108,2
mn455d82915344b0,388509,32688n,1,274,13
mn02c0803d8a8c55,97418,9144e,0,165,6
mndfa363c7274280,276317,55129n,1,96,2
mn5c5f869d0553a6,202266,102840n,1,158,6
mn0efc6f7472b89c,378736,121479c,2,222,10
mn95d176f3bdf7b2,153648,10400e,0,99,2
mn5088ccca9acfe9,12748,27021n,1,158,6
mn0e16c8184f7054,302441,98330n,1,134,4
mn1984d953ab5608,204067,51417e,0,257,12
mnb0fb37a3e6cb03,23267,92887c,2,135,4
mne561c84abd4b4b,238887,108143e,0,152,5
mn7a8633ca0e24fa,317353,95377e,0,47,0
mn401b0d1609c831,309988,106759c,2,148,5
mn82b2cdbc7392c1,335489,64497e,0,156,6
mn4632f4c2e632c9,115563,118386n,1,251,12
mnf6d26b89709d86,243745,40882n,1,302,14
mn5c72749198fb18,165655,124607c,2,96,2
mn58b529fa6e1d2b,120291,55193c,2,281,13
mn765c09875c9db8,198244,62268c,2,107,2
mndbfb60387956ea,110594,31875c,2,183,8
mnbd19a1df8a94b1,375196,139323c,2,224,10
mnbef0b791b5a9c7,137015,98647c,2,396,15
mnec26e92539e478,185262,93893n,1,138,4
mn5f358f6a87f9f2,61900,41519e,0,307,14
mnc9fedadfd050f5,223611,40420e,0,177,7
mnc67e9d3b907f24,47409,132334c,2,235,11
mn70862fa4765cc0,37434,41242n,1,135,4
mn3d40529521f66e,216119,118861e,0,296,14
mn7f4529e4dcd3d8,369063,72342c,2,201,9
mnddd6cf3d367628,75313,118964e,0,279,13
mn04ac5ade12803e,4013,76915c,2,262,12
mna7d7ae434c33aa,280763,130147n,1,162,6
mn6c998715a74962,261160,83174c,2,75,0
mnd57f218177d621,375506,31364e,0,86,1
mn4839c9468eee29,75556,84090n,1,186,8
mne5dc7eb124cd52,289374,109460c,2,289,13
mn2c62c942b1151c,106621,141468e,0,66,0
mn9dd447b813ffba,318945,52239e,0,120,3
mn4ef4f1f173724e,301718,88458n,1,149,5
mn209689bb3d7f84,328342,136657c,2,65,0
mnb808f9f12b1266,119468,133904c,2,158,6
mna548a94041fe30,80499,90974e,0,166,6
mnf2783895385e44,34597,96805c,2,405,15
mn19baf7f5f11a21,135251,49413e,0,405,15
mn98c410a018ed4e,6311,100595e,0,357,15
mnef6d465794c19b,315825,66401e,0,161,6
mn5f732a669cfcbd,128363,58524c,2,321,14
mn187feec7e1ed96,130330,86802n,1,94,1
mn7f6e247c64aaa1,7147,69461c,2,167,7
mn354845ca1f52bf,190729,35996n,1,112,3
mnf440ceef51d953,303748,91661n,1,268,13
mn8d4f3d707872c4,11524,90661c,2,178,7
mn9caf630efb071b,362316,37423e,0,66,0
mn8a79e4047fa70f,87084,82554n,1,337,15
mnab18520f78c209,291258,9468c,2,112,3
mn0e42b85a216a6b,345109,79779e,0,168,7
mn7379bfd14ac652,271004,82325n,1,317,14
mna6a6588aad9d01,164783,57943c,2,222,10
mn4eece7ec040943,267485,22214n,1,265,13
mne4be421e699e1f,78957,143796c,2,78,1
mnc1048dec2ec14b,329449,3695n,1,150,5
mn68e8091a73ba83,106124,109828e,0,56,0
mnc3dfc0353b3a68,137389,65266c,2,138,4
mn61f13ee0ed5fbb,109837,78885n,1,108,2
mn020247cd5d443c,117118,15245c,2,220,10
mnc5231c14b081f5,152965,97489n,1,280,13
mnccc2a939fda2c5,274829,107652e,0,195,9
mn90232d745b3185,183886,65553n,1,197,9
mn8f4d3de772fd89,279723,110847n,1,107,2
mn15bb928192af7a,308694,132038c,2,240,11
mn12c8023a6f0fb6,217603,79017c,2,123,3
mn0dec3deb86fe2d,328328,35984c,2,95,1
mn3bf8cf46ee6f86,354093,73373c,2,144,5
mnab450094823c43,224883,130508n,1,335,14
mne9eadbfefcc47f,64912,80514n,1,243,12
mn3fd2c134d6dbab,84440,16817c,2,229,11
mn9705cf79912e16,251092,67826c,2,219,10
mnb253707def30d7,22029,117725n,1,80,1
mn1f5853fe7065a1,361476,15269e,0,251,12
mn4396a632192fc0,249006,5411n,1,256,12
mn7f97501968be96,370554,128923e,0,298,14
mne2df16045251cc,86880,105294e,0,96,2
mn2caf8ca04ab709,278322,112614n,1,333,14
mn7edcc18015c1ea,48771,108191c,2,93,1
mnb330b5fb255222,389206,100532c,2,290,13
mn442621ef13dd7a,255133,100621n,1,153,5
mnac954f73bff847,211034,13590c,2,47,0
mn52bb1e0b420b58,57917,135756n,1,173,7
mn07afbf66d68448,214073,45647c,2,135,4
mn0b317240fa8687,285677,86484e,0,78,1
mnb572081ae9f20c,193077,62199e,0,251,12
mn51e9556dfac59c,178716,101709e,0,59,0
mn06e84b5961de31,70592,39217n,1,140,5
mnd28489bf9fc13f,28545,117944n,1,176,7
mn34cc22aa3faa6d,102994,99853e,0,73,0
mn705204880f4a00,17480,48621c,2,106,2
mn3f5c4c39a15587,126744,143041e,0,294,14
mnfbdc0ca73f49e0,234891,57131e,0,321,14
mn0b753d4f88f9c3,288983,130381c,2,143,5
mne9618d564187c5,114570,16258c,2,157,6
mn5a368c635bf381,334754,4509e,0,201,9
mn221be7f8afab35,344798,57021e,0,74,0
mn2f237f4326fce9,205832,126577c,2,184,8
mn07f8945bb459b8,270180,85366n,1,254,12
mn08dbe7f14a0e37,85319,100340c,2,107,2
mnc453401d70cc16,187336,98951n,1,109,2
mn53e31c88a6606a,381803,55244n,1,272,13
mnc79199ef9296e1,157080,38951c,2,87,1
mnbf747d1f37563d,220860,126727n,1,194,8
mnbd8249129ae7d1,29770,55987c,2,304,14
mn8c89e42ce1ab34,20247,42336n,1,121,3
mnb5e26c44421df8,313698,45401n,1,158,6
mn440ef15f13dfe9,262774,138262c,2,327,14
mn93d64461e60c53,265222,31791n,1,174,7
mn08bab8da6c79be,355986,53282c,2,163,6
mn783bb0ad17c396,305503,120169n,1,122,3
mncf853869251e8b,119015,6445e,0,118,3
mn6ff3c94a0bdde5,144734,89231n,1,124,3
mndbd82150dbe43b,169747,77513e,0,162,6
mna17ad63bc9c3d2,157374,47579n,1,72,0
mna09124dce2cb7d,36704,65297c,2,162,6
mn439436765c6807,4534,112970e,0,99,2
mn67c9c65e60bbfa,14807,49912e,0,204,9
mn0a3e0b67fcfb31,178844,25356n,1,178,7
mnd2c503632c04d4,227540,1552n,1,223,10
mna9e3db00b889ac,174240,130819c,2,237,11
mn611bd531627ac6,290289,90235e,0,139,4
mn36b606635eab56,228074,108032e,0,155,6
mnb9cd3bda4fc85f,180201,116993n,1,228,11
mn156c6cca4ba10f,53873,98107c,2,228,11
mndd96e4071a3d30,293267,45572c,2,148,5
mn9a864beda59b81,140423,120934c,2,103,2
mnb1fd5b722f030a,383788,68026n,1,192,8
mn8ffb1c0041aebd,160754,126822n,1,401,15
mne9064ed396853c,36782,110622c,2,226,11
mn0663c55f2a8e6d,9935,126206n,1,268,13
mn29052706e9aee6,214334,72585c,2,222,10
mn33c385411f0597,180773,107708n,1,214,10
mn29eac9bd7286bc,294995,2572c,2,51,0
mnbc45feac433465,199677,23727c,2,248,12
mnb1b22e8241fea4,273490,135797n,1,177,7
mna9174e9b6c3320,177916,37910c,2,211,10
mn2340848cfa731c,120891,109305c,2,63,0
mnd6d4d7a0680d07,107099,47486n,1,149,5
mn4bcb3038ab4f35,291808,12308e,0,80,1
mn07b1763cece5f3,388886,8860c,2,113,3
mn0b8c4dc426c52b,42570,74358c,2,105,2
mne87e078adc9de9,144662,130453n,1,280,13
mn58a92c90c256bc,73918,36982c,2,111,2
mna2e068470816d5,40464,56040n,1,196,9
mnb271068e15fc3a,186113,67579n,1,197,9
mna3f67ae1644624,304884,140553c,2,179,7
mn84c27f62d66d87,161037,124450e,0,273,13
mn21fed2a8e390fa,62205,116566c,2,68,0
mn8aa158db5c9bd7,164732,98233c,2,191,8
mn098c66acedf72f,371169,143413n,1,337,15
mn8cae974640a79e,84999,1957c,2,272,13
mn408e6da25fd41f,185602,114672n,1,245,12
mn1d4dbeb231d57d,364456,50101c,2,206,9
mn0c049688021d39,29178,126439n,1,192,8
mnecb06ca9584627,248879,46142n,1,98,2
mn24170593716b2c,169694,85940e,0,203,9
mn4e5e539f208772,158586,26489e,0,206,9
mn4a46a4500c8c51,28778,46860e,0,212,10
mnc0e3382fa2e1f9,381608,35659c,2,209,9
mn7310912c32ec5b,110601,64392e,0,129,4
mn7b2a8a61f72e1d,279098,138198n,1,188,8
mn4bf024ac58e1be,584,87137c,2,307,14
mndf87d92f90a26d,22798,25732n,1,271,13
mn7a9c3a08d87a1b,6817,66763c,2,258,12
mn2a79f6d9d1406d,77327,89436e,0,190,8
mn3a7787f765f3ab,293634,11432e,0,98,2
mncbf390e433ec10,168930,96245n,1,59,0
mn05009d6cdb24c8,224804,90686n,1,205,9
mn55c0464b7e7526,317899,128355n,1,93,1
mnbcc78cfdc691e0,8812,129382c,2,99,2
mnbc62ae378f81d7,137323,130993c,2,103,2
mn93d8e89d012606,29806,124032e,0,424,15
mn00394d52bcbffc,377918,55655e,0,198,9
mn1f9ba87c4691d4,104762,32985c,2,169,7
mn48c50caa8226e8,66709,101877n,1,147,5
mn8aee4f67eceb31,348958,78459c,2,327,14
mn20c4952654eb67,220153,19961n,1,205,9
mnb666d230fc15d3,147680,52551e,0,101,2
mn15945358ae5997,195004,68774c,2,240,11
mnc497add44baf02,84005,20440n,1,264,13
mna9418a35aa62c2,141260,112596c,2,169,7
mn89444d8e6c1852,169152,142351n,1,188,8
mnd0366d6606d2b9,388616,118356n,1,227,11
mna66af314a40126,85959,10200e,0,250,12
mn05a3bcd271e02f,88380,79967c,2,165,6
mn0e0be0975801e4,274336,90302e,0,189,8
mne62f2164ec17c5,35856,5595c,2,222,10
mnefffc18920dd33,243781,120678e,0,153,6
mn6f0f5000ed4a5d,340600,91364e,0,295,14
mn10b4ae0c9eec23,92273,121588n,1,199,9
mn42b18ee252391f,33176,123204c,2,100,2
mnf3b896f68b64a4,229223,47934c,2,130,4
mn8a0cc37b5c030c,311719,122493c,2,238,11
mnf1f151898d776d,74258,55922c,2,118,3
mnee44dee8d1aed3,214614,134162n,1,251,12
mn833fd9f759de53,299207,92366e,0,86,1
mnd73b301a14e8e3,174592,54708n,1,221,10
mn07fd54d4827f08,150189,28525n,1,260,12
mne2b348e967b3a8,340080,56401c,2,184,8
mn6c878f414a27a2,29884,57042c,2,100,2
mn5e067e3bffc96d,200911,121452e,0,72,0
mn1960478a345cb9,176802,31378n,1,258,12
mn7d4e2911443946,103067,92707n,1,240,11
mn62ebc1d2dfd225,201362,50297n,1,184,8
mnb37f5930256d8d,51611,106493c,2,219,10
mnda477e19b84830,30081,7816n,1,261,12
mnbb4a87452ce8f7,375548,20143n,1,114,3
mn229afebdbc04a3,344096,22658e,0,127,4
mn047cc72e9d5026,161294,27032c,2,270,13
mnb4a1ae3fdeaaa2,263169,54416e,0,106,2
mn2a14a74fbd8f46,66685,13438e,0,140,5
mn79ab337ed0ac53,381189,46788c,2,157,6
mn86eb45db10efc6,120485,104975n,1,107,2
mn2e8d92b067959a,21291,40552c,2,280,13
mn87b29a6f3a66bf,390065,1816c,2,221,10
mn466600c702810e,248956,49359e,0,117,3
mn915b821a43d1cf,83244,120464c,2,76,0
mnaeb9a8388c2178,117872,2785c,2,109,2
mn35857c529cc22b,184046,50048e,0,182,8
mnc0e8285de00292,73785,15368c,2,203,9
mn1fbe71e9350626,18887,2011e,0,336,14
mna9072b13c97ae9,110682,71342e,0,298,14
mn9f279d355da394,106670,70496e,0,251,12
mneaddd52577c251,341976,109217n,1,340,15
mndb35991bde8d51,16915,138616c,2,195,9
mn84778210e68fc0,257663,79277c,2,87,1
mn2156f6575d3577,277085,62066e,0,50,0
mn0a456c5a8e28e2,369288,93283c,2,172,7
mn82ab9b774f6459,183455,95809e,0,112,3
mn5b96a3118ea052,333383,21880c,2,78,1
mncc3e855f99c10e,138447,145638c,2,209,9
mn872c732bc12fc7,160904,141639e,0,337,15
mn4ac9a8dcded101,188962,138955n,1,367,15
mn0c0a2e87e16705,260998,33551e,0,82,1
mnfe947cc47ac7ce,208977,46464n,1,89,1
mnf911879affcdf3,11792,98720c,2,220,10
mn4ce5c662851d17,205132,39906c,2,130,4
mnb85fad3b979b4e,380019,86828e,0,211,10
mn962c89a23d67ef,316408,81519n,1,221,10
mn9fac2bde822171,65820,135047n,1,227,11
mn85c697433e1b9b,282158,93913c,2,208,9
mnaa39121870d8b1,41256,26932c,2,335,14
mnd4492d836ee745,126353,20662e,0,236,11
mn576deaa1ac53da,88581,19039n,1,82,1
mn38c4bbde9d48f6,363893,121165c,2,204,9
mnb7a7cc5b37883b,342041,138035n,1,294,14
mn5ab029a828b8a0,76845,131612e,0,180,7
mn1b6f1974e31568,143781,70898c,2,216,10
mn62d6b81b46a0b7,99757,89651c,2,49,0
mn3538dd427b355b,198376,139234e,0,219,10
mndf3740984bce15,64667,28943n,1,45,0
mnef0cc1000ac4e0,247147,126953n,1,199,9
mnc78d47df04a17e,135030,4531e,0,329,14
mn8966ee51d31cf6,142572,122622e,0,173,7
mna22f1c839b0dbe,137019,145327c,2,324,14
mndd002bb87907ce,59658,74361e,0,405,15
mn3260f7fa2ca8de,229658,128999n,1,329,14
mnac5322190a8486,130280,5760n,1,162,6
mn631130dbffdb2c,237082,139861e,0,369,15
mn2f65d4a309fe69,16600,62400c,2,138,4
mnc81bfd9434d44d,53731,63893e,0,105,2
mn528543249c0476,252423,98789n,1,128,4
mn334d958caf9cb7,171128,107902n,1,216,10
mn247406c1d870fb,172787,39158c,2,201,9
mn28ac2ba7673953,41917,43547e,0,188,8
mnc647d590c1f53a,211427,114410c,2,138,4
mn9b510916d941e7,96400,21930n,1,392,15
mnef2da6cc619b43,377020,133543e,0,101,2
mnabf1b0d658b565,187211,67244n,1,299,14
mnc53f8094ce155f,263322,38531e,0,68,0
mnc2b8d3c842f2f4,306083,93377n,1,245,12
mn86ba41c823a921,164909,54232n,1,275,13
mnfba981e1c0f583,128123,82842n,1,182,8
mn502164a44cb1d5,242243,120200e,0,189,8
mnf3a3c9d25e0fa4,110675,13136c,2,183,8
mn9c01c54a34eb71,382482,126101e,0,110,2
mnfdb2f55c48205f,48602,104841e,0,148,5
mnc57f177cc986e5,199232,123750e,0,199,9
mn855de41c9eaca9,340187,66446e,0,315,14
mna6079c75076f2d,269437,121233c,2,254,12
mn64b81660873d42,330896,18194e,0,56,0
mn3751e905f49c13,236548,115699c,2,194,8
mne63c291c8c1a5a,236276,79966n,1,136,4
mn51c5103162da41,21482,89379e,0,104,2
mn2b4c7b558a2016,259367,15748n,1,169,7
mn084d9a27b904d5,221947,13275e,0,105,2
mn57957783366b5c,60664,98657e,0,87,1
mn9b6747dce68b9e,235883,126475n,1,102,2
mn31c6ecf83cdbf8,80672,76531c,2,129,4
mn55b5cf3bddf3d3,177291,120636c,2,219,10
mn5253aa9fc740eb,340746,21363c,2,171,7
mnc7123ea46e349f,314712,2222e,0,361,15
mnd84dfbb0e6eb15,107483,56343n,1,333,14
mnec67437defa1a4,161036,12832c,2,174,7
mnd29a87c35b5360,281403,85294n,1,176,7
mnb727f1d418a1da,228475,30242e,0,869,15
mn7c219d680f67ce,59899,84764n,1,131,4
mn59ae26a575ecf9,17182,32389n,1,325,14
mncf034daf525ec9,215788,36485c,2,206,9
mn308f9087255805,197701,83369e,0,312,14
mn003341099f02e0,241490,10631c,2,378,15
mn77e17632b9d934,336467,108142c,2,84,1
mn02f5ef93c80cb6,173501,101606c,2,211,10
mnc0df59d83e7a56,57436,86010c,2,630,15
mn67826f587e5b91,330272,136065c,2,268,13
mn6642137a0f842b,189051,83920n,1,224,10
mn5231db94f464a2,46986,39761e,0,286,13
mn5da3eecc404235,141650,125817n,1,123,3
mn85cb4b86794745,140106,91027c,2,154,6
mn98c7b461e3aba5,104070,63113c,2,75,0
mnee6ac6a49f6c61,380005,98388e,0,158,6
mnabec2c61265b10,191560,110701c,2,224,10
mnfa8667c0696250,243097,58977n,1,193,8
mn3b1c4f451edf7b,218403,27814e,0,122,3
mnec81737da45532,349783,107192e,0,397,15
mnc0ee2a46e335aa,258446,70995n,1,267,13
mn71700bbfffd746,192343,17111c,2,347,15
mn39bef6abf2fb11,46632,70472e,0,173,7
mn98ffc6af810f3f,372218,108015e,0,68,0
mnc9a7e8a54d065c,118800,76060c,2,278,13
mn65dd5fd2639192,211362,117305n,1,146,5
mn0e6abea096a132,163516,33175n,1,128,4
mn1ab683defeada0,128569,92410c,2,183,8
mnac8cb8d6781050,126187,1726n,1,312,14
mn2643a2933f4dd2,39701,9759c,2,257,12
mnf6025ce2330800,71596,29046n,1,218,10
mnef6d70b46f25f4,54517,13096n,1,245,12
mn55500af0d17fb7,36455,36883c,2,215,10
mncd92ca0d78440b,285033,69553e,0,168,7
mn23e0df27bb9949,123657,77247c,2,70,0
mna2916ec5a4b61d,235318,118247c,2,77,0
mn9ae90c80582edf,221802,15075c,2,191,8
mn0ff89442b253ac,138517,62845c,2,229,11
mn4299fab2745843,264129,38423n,1,303,14
mn26e387f79a99e3,352274,27275e,0,161,6
mna3ff220206cf30,343163,97645n,1,503,15
mn8f903d560ce83d,6116,115246c,2,195,9
mnc28358285959c6,113206,132404e,0,79,1
mn9e7d14dce57169,114035,116041e,0,381,15
mn8788e2cc39f39b,35125,60506e,0,157,6
mnbbccd5673e1c0f,101269,36264n,1,286,13
mnf4acc0e6fb5e42,164067,56709n,1,124,3
mndb94f4d91d67a7,328548,19130e,0,146,5
mnaed48870969522,182763,54733e,0,69,0
mn0ae537938df028,376319,145000n,1,184,8
mn54f42e6e4466df,253497,137549n,1,70,0
mnf14ae2395cd984,376035,119230n,1,365,15
mn35df0ffe33f232,225390,58701c,2,89,1
mneedcb31b4b6946,20195,59160e,0,200,9
mn84b9ed59d7b320,126945,40302n,1,403,15
mnd03795ceb260f7,59947,41196c,2,174,7
mnd08e31dcb229af,133322,12434n,1,239,11
mnde7d85bcdff838,329303,99617e,0,254,12
mn57fed214e28da4,269504,34801n,1,137,4
mnda9d2dd7b0d8d0,160802,131450n,1,193,8
mnf925b4b9876451,336893,19149e,0,210,10
mn33ec5e8dfd6f79,224446,131223n,1,247,12
mn3f56d030d9795f,284161,36669e,0,164,6
mn9cc1e54f32135b,117694,115652c,2,138,4
mnde5883e20abc9a,219211,18746c,2,257,12
mn817b08536f494e,191197,88257n,1,279,13
mn4c46f8c3c74d5c,32306,29734c,2,262,12
mn8e39923bf94bb9,269615,14303n,1,194,8
mnde9536a12cf826,328943,133844c,2,117,3
mndd8837ce9a0af2,98477,15227c,2,188,8
mn28cc3a784b2ca1,110702,53779e,0,112,3
mn61da7045b6aa19,178205,30963e,0,78,1
mn4aff5d5a7aba23,193841,74061e,0,96,2
mn87b96aa3a38b83,87928,29058e,0,165,6
mncfbaf29c836589,347052,57547e,0,275,13
mn526a36f709d9e0,212567,101219n,1,152,5
mnd4a20640eac4ad,66523,93337n,1,95,2
mn82435d08af8a47,5905,73077n,1,256,12
mn0d686cbc0a3c84,242566,54481c,2,56,0
mn13e80c056477cb,344653,112744e,0,99,2
mna226dc38b761c3,223395,44697c,2,200,9
mn73f310aca1bfbb,336029,67905n,1,166,6
mnf7fb17cd6dfc7c,154320,9670n,1,191,8
mnaece80cf34fb1b,183420,30484n,1,69,0
mnd1de5eaa8997f7,85925,121123c,2,258,12
mn877732ce27d0a7,367750,87526e,0,82,1
mn11b4f4a2639041,342099,69508c,2,114,3
mnf705233173ce3d,70512,44845e,0,174,7
mn08557ac01d0fa8,86978,27406c,2,183,8
mnf0b9341e83a4ef,147423,40681n,1,238,11
mn5fc67615bd810d,65053,136732c,2,195,9
mn849034dff95115,150128,64589c,2,185,8
mnbb8c2fb86f6d5e,59674,102113n,1,333,14
mnb337d8db6bba29,4500,134498c,2,149,5
mn1c19ed0c49ff04,79277,100610e,0,167,7
mn4bdb63cdd2ebbf,235645,35066c,2,232,11
mn05490f13d63765,303484,101535c,2,154,6
mn81dc4ef3d14133,38938,8332e,0,104,2
mnd78a9c1188bbd8,225161,22247n,1,96,2
mn0ecbbdff9f9447,101520,104389e,0,245,12
mnd66aac75ba8b09,384339,31724e,0,216,10
mn192e826806cbd5,314932,25054c,2,65,0
mnfb7a37910dcea4,138680,33727n,1,136,4
mnb6efe75ddd6e85,223978,101861e,0,75,0
mn9165a146cd3710,221544,51556n,1,117,3
mn3b0a4b01dc2688,113660,75536c,2,243,11
mn87440236648236,225731,125441e,0,403,15
mnfffcc1cbfdf561,74024,65326c,2,304,14
mnbbed11fcdbb59c,166637,122057n,1,378,15
mn2033b841dedc83,182108,64197c,2,275,13
mna3253ca09b75a0,391368,41262n,1,213,10
mn749cfbe4b32ff6,200765,127040e,0,165,6
mnda3d81e943f115,335481,71103e,0,171,7
mn5361c7410dc768,342705,121062c,2,144,5
mnc142280c7943b2,303364,78892c,2,252,12
mn3052513747d03f,190060,58933n,1,78,1
mn15ab35fac55f95,99247,36222n,1,229,11
mn620437c6c63519,95081,39283c,2,108,2
mn05bbc8be18b5d3,387204,1638n,1,208,9
mn997026ccfd8a7f,231606,51012c,2,251,12
mnf837e280809b8b,79553,9054c,2,143,5
mn717d2e1697875d,291662,117897e,0,257,12
mn547fcb2bcd8d15,137119,48195e,0,219,10
mnd50452ed34ac8e,173690,143561e,0,371,15
mnadb4f85c92595a,363390,66600e,0,168,7
mna4c8ff19b0c356,203196,5692n,1,228,11
mn4637540f139ab8,192703,22839e,0,84,1
mn5d78a82601ceb5,3357,83636c,2,424,15
mn60e5025c5194e4,367104,146133n,1,128,4
mnd77ef4399d1a3c,105295,35317n,1,244,12
mn2cd0be06921d1b,42221,67401c,2,246,12
mn40cfe3d25bdc18,235644,53467n,1,182,8
mn535d3bbd0fb90c,91622,69114c,2,149,5
mnb43e2f8107b3f1,48070,122520n,1,289,13
mnbd326cc6e344f3,246742,89842c,2,84,1
mn3d76a5262abc65,13455,35526c,2,541,15
mnd2c783af663f6a,381592,75909n,1,144,5
mnb3ad8b03b20f82,296783,137089c,2,178,7
mndfc9e2e6ad1012,388754,3903n,1,173,7
mn2cac794f3c9da4,372802,4549c,2,219,10
mn8b212aaec68959,355150,63374e,0,177,7
mnb89daf07ec4eef,104753,83387c,2,173,7
mn251aba74478ee5,234764,116159c,2,180,7
mne13178af12133f,11514,19927c,2,153,5
mnd399a54b101156,282413,137293c,2,154,6
mna229cb624f4d6c,141463,34116c,2,113,3
mnbf14a8d308c3d0,139232,14795c,2,167,7
mn4ec71d44f7317d,222093,138101n,1,170,7
mnd086f0d8b17945,103801,13811c,2,188,8
mn1bc0fa84905524,225065,103610e,0,195,8
mn8988fbeec2291d,165070,44500e,0,66,0
mn08f935cccb5d2e,236836,128171n,1,95,1
mn617354498f0ecb,165583,74356c,2,160,6
mn17d6a502e25bd2,238704,52823e,0,128,4
mnad6f04b1fa95f1,253856,140394n,1,315,14
mn806c5ad6de9c51,99526,30666n,1,98,2
mne6d5ff3a6249d5,232144,91190e,0,328,14
mn86b450914231b9,78761,87644n,1,244,12
mn2e6929140746e9,160556,26599e,0,216,10
mn18462ee3053a02,96433,135775e,0,191,8
mnf2a5306dc01186,354961,125437e,0,176,7
mnd9608338e2094c,156366,39919n,1,324,14
mn28cc2b5a633520,116888,102874c,2,180,7
mnbe93705b2af211,380315,65042n,1,237,11
mn0cddeeda0c753e,107197,121991n,1,99,2
mn38a5d4413cd5fc,118052,39018c,2,233,11
mnb9e0d37b11e2c6,342741,31136e,0,198,9
mncf481b6bd42cb1,69132,122661c,2,162,6
mnb38179a21c0928,27614,80744c,2,210,10
mn93f8745c63aab3,251035,35613n,1,268,13
mna5de61b3e1fbfe,361662,40676c,2,231,11
mn575393be4d6672,271063,1208c,2,249,12
mn90dcefe722a961,75896,2299n,1,263,12
mn30780a646e27e6,3798,67430e,0,165,6
mn7f868d1f82e042,219992,102081n,1,235,11
mn8ce2f3ee2e877d,208808,108203n,1,171,7
mn45cc71f5bb2b75,240885,142283c,2,209,9
mn9214915cd60e29,227321,87344n,1,376,15
mnfb688de3df8c1c,101336,19100c,2,177,7
mn2a6db8ca526d69,352283,93470n,1,163,6
mn679f06df7b4913,240281,131172c,2,96,2
mn92d658119c3d63,29852,137635e,0,221,10
mnd823db30b9620b,328358,83151e,0,261,12
mn68da4bedf0b489,25571,50241n,1,176,7
mn83c51de511a784,185561,113603n,1,179,7
mn5364547ae2db93,118590,145351n,1,201,9
mn6ca16a7b24d568,326962,12692e,0,154,6
mn1eda04308f1418,276268,133942n,1,160,6
mn08afb723f5a630,231207,65504n,1,105,2
mn6c2409b9aafec4,264658,9424n,1,87,1
mn88ccd5d341886a,27386,47583n,1,346,15
mn3b47ca134726e6,235481,73618c,2,161,6
mn8acdc87fb375ad,193808,57098n,1,129,4
mn53598291807760,172024,86822c,2,207,9
mn17db26ef3ef708,275470,5419e,0,271,13
mn883d52ef07bc06,41154,138054e,0,189,8
mn3e92b45d3a4581,169024,16552c,2,172,7
mnea878ff6daa9d0,184694,52677e,0,51,0
mne430a233627acd,72473,57122e,0,160,6
mn2cdcce5267b8d6,269867,112922n,1,371,15
mnade00052ae1312,370989,7184e,0,318,14
mneaee5ec506f66b,4569,23328n,1,141,5
mn1ef5a39f2cd96b,331772,29333n,1,138,4
mn44c289798db753,204110,70216n,1,149,5
mn65289881ff5231,350152,139151n,1,344,15
mn1ac34464c56df7,64729,70582n,1,264,13
mn5c64bbc4f01703,26980,125494n,1,124,3
mnf42ed174539d19,167720,106095c,2,89,1
mnaf5a7625be7f6f,102455,103283n,1,178,7
mn9e36617b01f7e7,72800,2748c,2,159,6
mn2e9cef84c92e49,61714,63362n,1,174,7
mn67de149695dda1,92217,42739e,0,245,12
mn53256d49ed8a86,173596,125265c,2,199,9
mnbca752c5384253,201997,129395c,2,69,0
mn6190a5f08ac18e,87643,8179c,2,95,1
mn624c2787f8d982,268303,55306c,2,252,12
mn98092fa1f91d4f,292192,5697e,0,314,14
mn5120589d29b001,365727,26622n,1,244,12
mn4a2111224a06e6,281593,7007n,1,163,6
mn703f7640060926,248675,49391e,0,218,10
mn80510236ff4357,320313,56971e,0,187,8
mnba71ffc2b7ca65,292516,43254n,1,112,3
mnc45c142231842c,97661,92778c,2,234,11
mn10719075f5c9de,123851,69532e,0,68,0
mn0b0fc7ddbdc66d,8117,85792e,0,239,11
mn495e6dacdcf541,79039,52566e,0,193,8
mn17409d57537b25,209525,111492e,0,85,1
mne44145eb4fe4e1,72135,38043e,0,52,0
mn33d827a7fea04d,167794,130225c,2,286,13
mn95f92e52507f2f,105993,43603c,2,183,8
mn13eb6900adc93a,112531,23544c,2,311,14
mn9b6b8f11733c45,303312,138637c,2,182,8
mnc3f3356c3ccd57,157345,77995n,1,255,12
mn5d5f6b650c981f,278707,14347n,1,146,5
mn75576699ddea72,281486,122932e,0,251,12
mnd45c6f146263d4,173402,89512c,2,323,14
mndde0f415694310,345085,41952e,0,139,5
mn4ce55c5c639f71,21049,137435c,2,323,14
mn2e498857af7648,75983,11848n,1,144,5
mnd7009dad19c1ae,77668,56971n,1,186,8
mn8c3c2f4c5cb11a,346620,94543n,1,131,4
mn2907e56a6e4e7a,247759,35017n,1,106,2
mn8b47d87459890b,44789,36923e,0,213,10
mnfc35323f65497c,309468,137883c,2,228,11
mnb04b8bc52338a0,202290,116147e,0,156,6
mn77f402113039d3,12744,6165c,2,153,5
mnae7b55cef88b63,209022,9418c,2,222,10
mn938220bdd83b7c,2634,62530n,1,361,15
mn17b78ed2174d08,80261,101943n,1,304,14
mnf1d757f7107b6e,193999,143936n,1,175,7
mn2215cd412e9abf,274827,49798c,2,178,7
mnc3abf4220f89df,320706,16667n,1,194,8
mn3c7e97b641ba79,300630,17972e,0,265,13
mn4e2ef2d231b2e5,319927,101305e,0,195,9
mn31aca7bd605981,251110,41892c,2,95,1
mneb494684f65477,32195,127477e,0,299,14
mn63b1e3c777b714,361162,34625c,2,101,2
mn646e17c7a75d99,63053,16307e,0,88,1
mndcef33db12d8f0,264173,131156c,2,108,2
mn03a441216e37b9,281328,63590n,1,95,1
mnba33f510d7245a,320354,67350e,0,134,4
mn7aea0d3c13044a,107303,60110e,0,165,6
mnc451686b9234a5,187729,107432n,1,156,6
mn2448d81a26edc5,164019,121157n,1,161,6
mnb7096033a0827d,252474,38719c,2,199,9
mnc4cc36147cee62,363544,60718n,1,146,5
mnf5a7e4973a7a75,130558,145012c,2,170,7
mn2ae974fdc58c9e,280372,133288c,2,196,9
mna86c3956afea9b,33386,124136e,0,128,4
mn32f83e659457bc,76197,113924c,2,298,14
mn9dce64da95b210,291420,140125c,2,112,3
mn0d82911938e524,98768,114912n,1,184,8
mnb3e8490af0044f,338064,93414e,0,354,15
mne679b228d3475b,21945,9008c,2,193,8
mn6000aab34e5c07,169406,67634c,2,171,7
mnce92c3d89ba9cf,266800,55787e,0,59,0
mn070e70247b5dd3,306415,38588c,2,75,0
mn8f3cc70f4a2467,318287,49836c,2,332,14
mn6a61e46944cde0,225293,87256n,1,296,14
mnd0759bac259ae8,50993,134360n,1,231,11
mnef87dcd5239283,355232,38723c,2,89,1
mndafba649d17cec,343980,31542n,1,480,15
mnfff51bcf53635d,88882,141414e,0,203,9
mn8079ae7e5d440a,297507,143798n,1,95,2
mnfa15bc123ebbcf,111001,20622e,0,217,10
mnfb82790d814668,13427,19152c,2,206,9
mn90e34179336b8a,321278,38757e,0,182,8
mn920845f49fd4e5,318298,92899n,1,105,2
mnb507a1c6dbf4db,278807,118887e,0,220,10
mn0dc6e62fcd4256,222197,99798e,0,105,2
mn8a86fbee227f5a,295918,26954c,2,347,15
mne8076b88c577fb,48213,14738e,0,239,11
mn283584bc6e4d9c,150686,100652c,2,245,12
mnfac20a64d19819,251260,58189n,1,377,15
mn8038918a56c130,54182,11742n,1,233,11
mn78c099db8b1c4d,382714,108026c,2,111,2
mnbda0b069423641,376264,12536c,2,292,14
mn335ab9155c16f8,74247,96936n,1,105,2
mn6667818fdef254,31915,63842n,1,229,11
mn85417721983a1d,137798,63018e,0,214,10
mnb7c6ab98929808,129256,121704n,1,632,15
mna86369dc172b08,233334,56485c,2,184,8
mn39812aec2792c4,189346,19507c,2,222,10
mnef876142338669,149473,137779c,2,73,0
mn560b2c4c6d002f,147719,43134e,0,204,9
mnfdaed7284d339b,69346,100925e,0,126,4
mn9756a90823fc65,254998,66103n,1,243,11
mn47e93287a15bef,5926,76112n,1,192,8
mna8bf8c6ba167bc,224878,12433n,1,70,0
mna1a8b4b12be074,120423,58312c,2,92,1
mn3b2498754b1506,389242,58282e,0,258,12
mna507e53f4a07b9,54579,125948n,1,372,15
mnb66060e0d5b8d0,194402,24596c,2,251,12
mn62284cff827547,112521,46978n,1,301,14
mn20798ac6054f54,103282,99621n,1,152,5
mnc51eb58b1ec04c,68676,75217n,1,144,5
mne8d18930ff9c8f,381064,133110e,0,85,1
mn4faa34f0fa4804,26124,45867c,2,58,0
mn670105647c469a,300190,40177n,1,190,8
mn194dd4e7a5eac4,160319,44052e,0,210,9
mn9922e1657cfb46,115469,65780n,1,348,15
mne6dba273905f85,195298,142013e,0,148,5
mn34c8a8195b88c7,352279,135085e,0,119,3
mn06246b035df7e1,65767,17649c,2,394,15
mnfb6b0182d447c5,154736,24486c,2,210,10
mn4de8a3da1076fa,44419,129935c,2,220,10
mnba05338553ccd9,213438,37534n,1,363,15
mnd24c2b9f7d5df8,36931,45715e,0,91,1
mn5753e519e61a83,21712,144326n,1,175,7
mn06d95f05797ff0,81346,31769n,1,92,1
mn3e9260234ae40e,144283,47249e,0,149,5
mnc71377a7cbb5b5,196041,78596c,2,85,1
mn901b902093e997,376838,3232n,1,283,13
mn652f6c1460ba35,76891,2615c,2,419,15
mn06c77bb9f0c2da,49325,2642n,1,184,8
mn90bac35bea3804,145062,78125c,2,205,9
mncdfe25de3b424f,3507,21170c,2,77,1
mn1d989359c9b3ba,150660,26870c,2,180,7
mn1337ab1d179ff9,376078,47598c,2,99,2
mn801531c87d3989,373134,33880n,1,210,10
mnef090a5c4922fc,29735,35214c,2,66,0
mn88a75c08bd3a33,310323,139211c,2,163,6
mn0b7228e50b8a20,99539,32841e,0,67,0
mn1de298f3d62af4,376623,22227c,2,190,8
mnf641b3bbc3e709,213071,70844n,1,55,0
mn25dc4501c4cb1d,293413,26829n,1,93,1
mncc9ce97336de8b,129750,49058c,2,156,6
mnbedcbb2473dbd7,196365,93258n,1,167,7
mn329a5b7f299838,67209,83066c,2,58,0
mn33bd4771f0f0a3,333255,99784n,1,194,8
mn2be23cf4f7a967,19176,64480c,2,313,14
mn3e4e8aff8f6f19,223007,48426e,0,283,13
mn89fc4599e90639,224174,82563n,1,229,11
mn70dcaa3d04a478,301617,13630c,2,200,9
mn4a937e42d98a8d,76619,114927e,0,116,3
mnd924f20e89eed0,58556,63915c,2,176,7
mn6e5eda7004e603,103965,79695n,1,206,9
mnd6b1f50924fb09,391126,7582n,1,67,0
mnee1c9331a45f12,166050,13023n,1,129,4
mn2bcc32ad96a5ee,279936,100807c,2,74,0
mn42acfdbf2a1acd,45854,6827e,0,153,5
mn780dfc596083b1,150997,7557n,1,141,5
mn44ec3ab9fcbc2f,235703,1442n,1,278,13
mnca8c29a764ba8c,149729,92647n,1,266,13
mn8d9d5e6316e0d9,127573,77621c,2,158,6
mn3f0dac6634c65e,56413,1611c,2,152,5
mna3b04bd42a3d8e,116243,109975e,0,120,3
mn294b23adf15db9,301181,103066n,1,171,7
mn95b8a837ded0b5,174050,102071c,2,205,9
mnc0f1c3681040ef,366127,137674c,2,139,5
mn5e927f6a0bf9b1,367868,116068n,1,122,3
mne30e34ff4dc6b7,164120,60922c,2,168,7
mn6cdbaf2db9ddda,75045,133513e,0,233,11
mn2ebf39fbf456b5,48034,38383c,2,227,11
mnb2448673d1aaf3,338010,97812c,2,94,1
mn2693b6f230dce4,378118,26266n,1,199,9
mn821d1eec3a31f3,47773,116311c,2,273,13
mn972e0ac846e9e0,335042,112652e,0,264,13
mn29e392460755c8,281225,126762n,1,74,0
mn80030f60c3e6ae,329789,2768n,1,94,1
mnabf62c3e7bd1c7,305729,56800n,1,183,8
mnbdb957fe7c6328,15990,21238c,2,65,0
mne95ffdcf91aed6,103962,38814n,1,242,11
mn37480001cc97e0,336568,79072c,2,104,2
mn3ac7671bab6c22,373710,33107e,0,346,15
mne0be1fdabdb651,328769,65930c,2,238,11
mnee142adbc47f1e,313019,84577c,2,241,11
mn68fcaa05067197,7043,130333e,0,350,15
mndebbd8e144dd80,1889,130608c,2,262,12
mn8d1b70656a5fef,150773,43941c,2,159,6
mn0f47891eafea7a,182486,39970e,0,259,12
mn3ea3eacfc49a04,353623,71238e,0,196,9
mn70c2741e124f89,14019,131719c,2,289,13
mn5244f81103db66,249944,110377e,0,69,0
mn7c7f881922ec03,124277,135193c,2,107,2
mn28d7c6e9cf383e,253284,94193c,2,162,6
mnb1e7e8ef1fd10f,241624,50837n,1,247,12
mn55f246ea02e53a,45333,137104n,1,90,1
mnfaa50881d3c701,365952,57527n,1,111,3
mne4504e07a2f154,384659,34543e,0,246,12
mn5c4b30a2198703,386673,143952e,0,61,0
mn62f0e080549c10,63424,92464c,2,172,7
mn62f26ed4f64fe5,367327,52455e,0,191,8
mn023f9e4a13d679,307757,72865e,0,281,13
mn90eaee1311c83d,332377,58892c,2,117,3
mn8605ff4bef97f6,243305,18682e,0,103,2
mn361648d8bc9751,16067,40971e,0,205,9
mnebdd74479e7efd,40001,74455e,0,123,3
mnde6714ba97c91f,336336,128060c,2,162,6
mn45bef7af718463,9329,132989e,0,133,4
mn67038bea0c4759,280453,62210e,0,251,12
mn651bd600e6271d,130763,59523c,2,344,15
mnacc7cbfa72a14d,273014,46484n,1,314,14
mn830174629ed845,79869,13868c,2,72,0
mn0554c775deaa2a,163256,137421c,2,210,9
mnf2e2a9f322de50,195564,108664n,1,247,12
mn98a304f4e38b29,248342,141067e,0,109,2
mne37b28d01964b5,274713,142478c,2,153,5
mn30d69a04bb5ada,321642,112855n,1,186,8
mn0ad427a537c464,356830,89595c,2,291,13
mnf0de6c547e3797,180272,68101c,2,514,15
mn3f9627cf355aa4,299311,140861n,1,123,3
mnc55aba2f135c73,381593,68137c,2,56,0
mn9134715b8befd6,362918,144285n,1,216,10
mn48ecd1750f4a59,154567,55114e,0,389,15
mnaa6193395a66a7,98275,33712n,1,150,5
mna4c317a8cf1d68,284561,139563n,1,148,5
mn883653005bc5da,219153,89252n,1,112,3
mn26731f53685f04,115496,139258n,1,41,0
mnff1c20c697d12f,383523,122657c,2,184,8
mn4ba0ce3e71fb18,227277,124014n,1,119,3
mnbe1bea76d597d8,275935,77668c,2,141,5
mn1f7d6ca8631691,389417,47363e,0,184,8
mnc6f6e226f6322d,352991,116835n,1,140,5
mnd7384f986424cc,11748,131104e,0,180,8
mncac09d16f61d05,366521,83195n,1,188,8
mn62b4a7cad1f973,157851,47146e,0,230,11
mn9e2abdea006654,127919,84560c,2,193,8
mn0b598abb693710,140915,139832e,0,239,11
mn1e7a68e15441ad,206486,46434c,2,210,9
mn3add3c91608380,277945,133695c,2,166,6
mnb5b1e59557b9f2,46501,132636e,0,182,8
mnee19b5367c6153,148957,48766c,2,277,13
mnc1eec59b054b55,34515,18443e,0,118,3
mn767abce48c8001,147152,117503c,2,137,4
mn3faa7416876ef9,22477,15494c,2,182,8
mnc42d2b748d9214,99815,45619c,2,138,4
mn573f94d8532bd1,107301,141450c,2,61,0
mnec7042acec3b39,129881,103052c,2,186,8
mn17da895e52998a,18148,136182n,1,227,11
mn2c436b1d41d5e4,237968,142188c,2,112,3
mn374d80aef53c76,237849,134865e,0,251,12
mne05a261690d041,380222,144024e,0,182,8
mn03b61a104e8a53,206395,109733e,0,141,5
mn36b336915a1434,275153,30889c,2,96,2
mn8309802284545e,382546,145481n,1,223,10
mne2020fe443a01e,245297,68011n,1,213,10
mn1b4ca1fd553497,264318,102133e,0,86,1
mn253cdd11598361,285963,123248n,1,267,13
mnb83749f86e6092,267739,49261c,2,115,3
mn77240532dd53b1,62268,16364e,0,217,10
mnd0c6f841336ccb,289910,20849e,0,109,2
mn6ea66e29dc111c,274677,106900c,2,67,0
mnad10e086f8e9f9,312389,144470c,2,361,15
mn8a02d52d23e9dd,228422,68215e,0,269,13
mnc466437d8b34d9,237913,144955c,2,72,0
mn245f22a22f4192,202201,55394e,0,226,10
mn02cdca2df95bc5,267600,25969e,0,231,11
mn4102979219f778,273962,123031n,1,230,11
mn75a90de62242dd,253015,95c,2,140,5
mn073ee881d8125e,267928,108251c,2,163,6
mn1dcaa0ee22608a,164872,27401n,1,75,0
mnf40bac1b023578,323693,67290e,0,230,11
mnebeacfc503c679,232020,75637c,2,222,10
mn17b552682490bd,241833,110264n,1,278,13
mndfbea956026c2d,242128,110013c,2,99,2
mncc559c1bdef69f,383893,67900n,1,205,9
mne3dff062de0e63,274681,132437c,2,157,6
mn85ededf94ca9a5,261825,76806c,2,201,9
mn160aa84342a6d1,286260,97090e,0,151,5
mn225f5775962601,237705,13637e,0,97,2
mndf464a56d71799,261935,118366c,2,203,9
mnd5ab8251d40234,298862,60307e,0,135,4
mn3ae0046941d910,219785,107144c,2,148,5
mn59e4a34c669e63,55010,45542e,0,270,13
mn3134b5edbfb90c,141975,116776n,1,379,15
mnc5f70a93419731,380124,10572n,1,240,11
mn05152b902cbfc5,167529,103718c,2,187,8
mna60df8133442ca,277009,42775e,0,243,11
mn6436679d1951bb,387731,92679n,1,125,3
mndc22ad4263e5f8,285915,97807c,2,87,1
mn154c8b6bae02df,187731,84360c,2,109,2
mne2fdcd1052cb84,345094,80072c,2,196,9
mn248ceeca2ada4c,54485,56581c,2,82,1
mnab6b20ee5ef509,298855,112727e,0,275,13
mnfa7cb5e3bd11c2,276440,129597n,1,245,12
mn36f2a382b957be,304554,99146e,0,66,0
mn9bcdde50e65abc,380529,34686c,2,94,1
mn60e56798303c14,142588,74255n,1,249,12
mn0a6f8a6e413215,103790,126812e,0,169,7
mn9aaf39f9c67d7d,96453,121435e,0,85,1
mn266a86ee2829c0,269361,121361n,1,103,2
mn08e5ced9f0e348,139845,36737n,1,66,0
mnff826ccdfbef3e,349038,81324c,2,74,0
mn7d16782c8aca5b,321117,38594e,0,203,9
mna3346f2651c222,295714,75706e,0,105,2
mn425d7152eead85,388840,127912e,0,72,0
mn70aaa500665f96,386003,15522c,2,233,11
mnf0b241f2a7f36e,74213,24205e,0,182,8
mn93dc29e1c309ba,167502,69666c,2,149,5
mn10ca05c0e1423a,131748,85582c,2,177,7
mn9a19dc6df1c6f3,102299,59889e,0,166,6
mn40478b3a04d6e4,50341,24014c,2,112,3
mn79c877bb5c90a4,382375,53928c,2,249,12
mn33a50b4a7f8389,133144,37330c,2,392,15
mneed4d94aa93705,314583,6429e,0,162,6
mnebe83a58b9565d,297131,52978c,2,109,2
mndab628d7622eba,278752,83760n,1,91,1
mnb7a1d933640318,55243,86443c,2,160,6
mn98c206ea62931f,350629,50224e,0,111,2
mna5822068fc84a6,67502,95175e,0,187,8
mn6225316f556bd9,293559,33625e,0,95,1
mndcc592292f2cb0,364910,32060c,2,334,14
mnc84aced0a3b024,25904,51314e,0,171,7
mn3442d65c6f2bdb,367278,98533e,0,154,6
mn6eda2dc5f2e233,290283,36438e,0,210,9
mnfb1a57cb4ee5bb,138176,111756c,2,152,5
mnf5c49b638131d6,392446,103743n,1,227,11
mn0e49996b64081c,205377,47697e,0,75,0
mn045ab81391c780,198345,141507e,0,109,2
mndf12be3cb5b7d1,272234,136850n,1,72,0
mn7c4ee268362ef8,309021,146007e,0,157,6
mnc23334c0272f3e,222711,35140n,1,234,11
mn1562d1f330112b,389346,91794c,2,120,3
mn129e014e3e611d,200342,143203c,2,65,0
mnb44d0a02afb6b5,84853,110202c,2,198,9
mn8d276a539886f5,50383,62758e,0,128,4
mn6b2e620e7293dd,325569,130514n,1,214,10
mne40cb078914abf,55186,59529c,2,48,0
mn4e276c759e8941,357671,126479c,2,177,7
mn4c1defa959bd70,198989,56655e,0,78,1
mnd514d23636b841,20346,131758e,0,70,0
mnc7e8bc269c51c3,139096,23665e,0,192,8
mn80f7b649ea9cf2,48867,120846n,1,346,15
mn550f58d214f911,94299,34604c,2,208,9
mn7c3a96fa252b5b,76557,132145e,0,243,11
mn48f8b2647c9f04,120416,21236n,1,239,11
mn3b356f829c4bba,231667,24342n,1,148,5
mn0d94d6105275e3,125855,74383c,2,294,14
mn07b67aa2397696,352619,101715n,1,228,11
mnfc7129b14f9814,153385,74761n,1,186,8
mn27ef6f97ca7509,365191,144705n,1,159,6
mn52a22bc558506d,121120,11258n,1,278,13
mn1cc59fbe4992a8,361410,143664n,1,314,14
mn4e654968a9e06a,47157,17611e,0,155,6
mneac1bd36ad96d3,157220,51344n,1,224,10
mn7a67a23d61363c,13816,30827n,1,96,2
mn2e451e5716dc0e,204976,105496n,1,118,3
mnb6c9cc16e43a78,377789,116373e,0,152,5
mn37ddd91bedf641,144321,121989e,0,78,1
mn6a99d3b2da566b,145766,12613c,2,236,11
mn02fb880ecc1613,104867,83520c,2,151,5
mne83bb410016deb,375532,55445n,1,190,8
mnbf325e8073bd43,323209,67475n,1,142,5
mnb998da39330ca2,294570,17301n,1,287,13
mn92aeb822880011,123278,53060e,0,85,1
mnc62c33c3daf43a,118117,9579n,1,120,3
mn9b7de180fcaa6d,116952,64031c,2,317,14
mn1f43fc071e0be7,155248,114081c,2,222,10
mnec45fb5ce3cd5b,38906,127554n,1,219,10
mn6f6d4036925b7e,358419,13814e,0,122,3
mne42f61129dade0,317441,35180n,1,270,13
mn3af799d613241b,259917,78746c,2,214,10
mn4f7d029395bf7e,165468,120596c,2,182,8
mnefdd3bce88f9b7,205965,31305c,2,96,2
mn4b6d623d8ef79c,106179,15899e,0,258,12
mndb423050f6089d,141608,71588e,0,91,1
mnbf649080b11487,229941,60986c,2,73,0
mna61be2dd80e329,313409,129186c,2,128,4
mna6de63e12b3af3,250660,64n,1,99,2
mn63d7d363b5a554,186974,129571c,2,145,5
mnb5e00fe4cb121d,387813,64822c,2,123,3
mn772d7fa971d252,274578,12007c,2,218,10
mnf703feb2990191,190634,32090c,2,90,1
mn9da2eb6f839b79,137067,79795c,2,238,11
mn0a9c93a0ca104e,29978,44888c,2,137,4
mnddb5ffc0cd6b56,275361,110102c,2,298,14
mn22e2c693020b26,202607,64281n,1,257,12
mnd626e61d131c1b,63836,34348c,2,196,9
mn91bcd05ddb59d3,166669,124962n,1,416,15
mnf867b41c8ea93a,41122,17902e,0,246,12
mn52ebf96d57b738,227104,124776e,0,215,10
mn3ff708ecb88012,192474,27828e,0,98,2
mn98f21c63dcda56,370463,29789e,0,129,4
mnd002b68611eca1,331133,103980n,1,159,6
mna4c32aa062cd68,186999,54028c,2,242,11
mn7bdee35875d88c,47258,36001n,1,128,4
mne63b7c554f16f0,124192,30039e,0,235,11
mn2dd16ce50361c2,224672,85389e,0,65,0
mne0f4c88c6a35ee,194120,81111e,0,356,15
mn6f937c6dafe716,37121,126612e,0,164,6
mn57db627a581f1e,92475,68352n,1,191,8
mn65959312ae898e,47020,117694n,1,171,7
mn9239686b1792a1,58682,59970n,1,116,3
mn05c5fcf19577f3,119867,44068c,2,316,14
mn5fa69ddad16500,113707,111129e,0,311,14
mnae43d6ddaf5aa9,300444,117630n,1,59,0
mn7668ff4f8ebec4,293791,139586c,2,207,9
mn0392fb7c96632f,102256,1834c,2,97,2
mn7cbb1c8c6a3f2a,281801,5621n,1,130,4
mna7680db89cdb4d,239783,18652n,1,171,7
mn800d2a7a037fd3,66701,70845n,1,123,3
mne46c983c3fabd2,289010,98134n,1,308,14
mn7548c51faafb26,116836,67251n,1,131,4
mnd27c8d70f7c4e6,251213,143647c,2,147,5
mnc21898d17438f0,86144,143092e,0,395,15
mnd5eabbff02128a,302209,82373n,1,212,10
mn65e429cbbc238b,156214,17762n,1,256,12
mnd72c5aa055e5ec,214720,15668n,1,78,1
mnb70b2bb94ca5ff,265775,55314e,0,297,14
mned6fb12ad98c59,103757,72075e,0,218,10
mncda9bd1a618153,19509,33720e,0,202,9
mn845efdeeeaf979,159591,30942n,1,255,12
mn3f46d221b19cf7,225581,138859c,2,206,9
mnd3b8182d56c0ca,120522,56946e,0,128,4
mna5d3cd6f7e1b8a,119719,101931c,2,169,7
mn656332a2db669b,201226,116694e,0,126,4
mnc51968e4b511f4,161640,60574e,0,210,10
mn0ae093cc1dba8e,307584,83789e,0,180,7
mn1066d7c5654a4f,231923,25179n,1,181,8
mne1bfb8adecbdbe,133164,21712c,2,74,0
mn0072c0f0c58cec,189415,93920n,1,173,7
mn03667e25759a44,385110,92047c,2,238,11
mnc64ec14fc42f3c,126405,20395c,2,199,9
mnf52dcd00d7c6c9,389054,118527c,2,166,7
mneabe1df706a527,107933,49311e,0,91,1
mn34aa1d97dfb271,152142,83079c,2,60,0
mn15f28b01f60669,16913,125141e,0,118,3
mn73766da22a5fb2,58280,3117n,1,185,8
mnc4bd5409462b76,144939,145991n,1,160,6
mn487e0727c065aa,290026,20976c,2,217,10
mn0e3fac2108b113,14701,63080e,0,224,10
mn35b39184ba4b4c,82392,79467e,0,80,1
mn6f42412f7f45d1,73708,31819e,0,79,1
mn98044625613614,131692,17401e,0,154,6
mn9eb2f7f7a995c1,305773,122891c,2,142,5
mnbbff2eb6124884,23593,113886c,2,261,12
mn695408c00bdcbd,351850,97158e,0,137,4
mn113789d6bbbb49,61122,77318n,1,245,12
mn91b37660e6c879,31269,70279n,1,333,14
mndee362021cc794,298050,123555e,0,119,3
mn0c9a24598f99fe,48562,8038c,2,180,7
mn02b964ae1ef876,384729,125256c,2,205,9
mndc7595284be450,323633,82020e,0,252,12
mn004d0b61a7774b,106622,118569n,1,309,14
mn75bbd9967794fe,370306,63304e,0,411,15
mn87e746ed0fde1f,245166,4319e,0,205,9
mn5e329544d38a8a,229314,52895e,0,237,11
mn72fd70e98d5da0,211710,3075c,2,94,1
mnbf22b7e12a3e45,370492,128034e,0,207,9
mnc1a6856dba1cd0,188352,126880e,0,64,0
mn82cc6b2507af62,284404,126736n,1,176,7
mnaa8dab49feed08,37496,3976n,1,146,5
mn770ce914f8116d,130954,138619e,0,69,0
mn2a8669438f3a50,33428,51337n,1,160,6
mn5b5a387f7420f2,138772,20997c,2,172,7
mnd246164319263e,239517,71199n,1,137,4
mnea033e441d8c47,293225,3167n,1,124,3
mn9477aa0ae22e10,269059,76288c,2,184,8
mn80274f2ab8daa2,257630,70876e,0,194,8
mn28a5c77bef0cd9,103352,145864n,1,197,9
mn5eff77e5a97dd3,327733,124005c,2,132,4
mnced7008268cf4b,43890,111912n,1,232,11
mn24642c238b55d4,298028,63405e,0,88,1
mn068dc414551320,390915,60568n,1,55,0
mn45123aa1a11c7b,338042,57470e,0,194,8
mn32f60fa2b7b89a,319924,46511c,2,76,0
mne54b13a982ebc3,186964,123023c,2,257,12
mn66cddaf28d6ae1,83573,139638c,2,281,13
mn29b0cb96f4be07,351477,100222e,0,205,9
mn88b303a34bd57b,307635,7944e,0,206,9
mnfd76b24d6fe59d,258693,5257e,0,75,0
mn3c209492dab4ea,121821,47185c,2,193,8
mne58cd469593385,113739,37451n,1,174,7
mnf358adbfe0954e,356022,132389n,1,163,6
mna742a8c30dd295,365190,82270e,0,103,2
mn55b850fe8ff16e,11393,74076n,1,317,14
mn0c7dfd47035346,323438,59231e,0,97,2
mnd8841719888366,359263,139421c,2,80,1
mn88ae0eef7ea450,34589,39584e,0,223,10
mn913e7c38aad33b,296302,74503n,1,251,12
mn965e590f0c372b,58381,31730e,0,157,6
mn0bbd10d2f42c47,172977,33694n,1,139,4
mnc60b726a68e81b,321369,50958e,0,197,9
mn32dff31f8204a8,322749,13915c,2,213,10
mn15c793e0b4f2b2,8081,5508e,0,248,12
mnbc38a6ffc1cd82,292358,43623e,0,67,0
mn1961943c4e274d,324033,72357n,1,224,10
mn348a5f3c9d4cbd,343521,51495c,2,225,10
mn6fcd62d0658cd6,130575,21373c,2,216,10
mn91876e8ab93217,60048,389e,0,273,13
mna7c85ccdf33b20,79615,124767e,0,201,9
mn7680663e4aa770,212996,22530n,1,110,2
mn281f238e87c191,90154,27946e,0,148,5
mn17b047e7bce155,321650,58221c,2,360,15
mn636b968715b995,34167,118394n,1,118,3
mnb65ed668f5e9fe,125882,70620c,2,242,11
mnc86e28499ce86b,162283,43135e,0,260,12
mnca3eb98b5ad530,257,85560n,1,195,9
mn56a4f95eca76e0,44525,31442c,2,50,0
mncbcf63cf544371,218088,83959n,1,182,8
mn3dca5dc3dd2776,150284,96620e,0,244,12
mnb5c13f001c3584,207834,120521e,0,225,10
mn95cc9f9cc27d3e,97080,39348c,2,277,13
mndd53375a3495bd,125687,93833e,0,159,6
mn31e432b989a1a5,275990,20336c,2,88,1
mn29b9b6399645c3,45623,136239c,2,242,11
mn76351966fe17b6,188900,125421n,1,229,11
mne4a2803726c7dc,43974,54747c,2,338,15
mn35c54194c37f0a,264316,138519e,0,182,8
mn415694f5008b31,138229,129165e,0,52,0
mn8765afa8061460,318928,43850n,1,251,12
mn2c5e28a7d384ca,68079,145926e,0,227,11
mn3b1b384912e466,9699,109761c,2,360,15
mnc631277f1997ae,357281,52480e,0,135,4
mnf93feb82b28870,209906,42841e,0,297,14
mn73aa254d128003,351658,44624n,1,86,1
mnfc6ade6f0a2781,266618,48264c,2,109,2
mn02cb553ce3b06a,108748,119941c,2,101,2
mn89c07499c7c894,185609,83720n,1,117,3
mnad1195f9b49926,58596,115598n,1,134,4
mn254d7d06828488,136876,41956e,0,124,3
mnbd7e0b35bed102,100139,108635n,1,134,4
mn783086eaa6207a,287091,13450c,2,346,15
mnde0f9a9c4f8de8,33440,101307e,0,228,11
mndd05cd76b95c9f,90126,95098e,0,42,0
mnd6cf49c1562d08,350476,133275n,1,117,3
mn1c4763e0967134,388585,105073n,1,268,13
mn0396d2e86d7613,246354,54451n,1,103,2
mnb0cad0c08b5e06,146593,14559e,0,241,11
mnb640887dcd53cc,261247,120893c,2,206,9
mn63c1b632c89e85,142023,101399c,2,263,12
mn97af213dddc020,392358,123236n,1,78,1
mn6be3fbe8b97d51,123032,134423c,2,188,8
mnc03e6ebcc68d82,20581,93924e,0,223,10
mn5c40487c82dcee,144111,29283n,1,216,10
mne6c94d21ddefa9,338218,76246n,1,491,15
mnbb024154b78073,185127,63540c,2,144,5
mndce7c1ab5d4dd4,282488,87840n,1,216,10
mna117ad47866583,55044,52380e,0,84,1
mnccdb1b02679251,35115,56988c,2,105,2
mn83d1fdcc5fbbfd,328201,66498n,1,145,5
mne6bc885124ff8a,82382,61104c,2,128,4
mna475ef69c11d37,76156,32098n,1,288,13
mnf97c45bba17111,320882,74587e,0,73,0
mn658ee43cad6a4d,182588,26437c,2,177,7
mna27c129499810a,14441,79783n,1,387,15
mn9613576e769fc4,303394,17941c,2,294,14
mne5904adcb653b7,63319,112364e,0,46,0
mnb19f770edca5fc,285109,67389n,1,117,3
mn4fb0b6f50084f3,295967,5337c,2,205,9
mnfac8d497193fb9,51100,43239e,0,164,6
mn5a0eafedfca1cd,24348,39539c,2,165,6
mn91fb0bede8dd24,347931,94345e,0,81,1
mn846cad62f9fa2a,347164,9705n,1,199,9
mna3fbb29dc9dedb,80667,316c,2,297,14
mn57bab65e1cd868,104732,22698e,0,48,0
mn2f1b7d8dffc13e,327398,100120n,1,410,15
mnf55a0ad747939f,362468,115041c,2,170,7
mn07872aaa14ec82,136770,111028c,2,286,13
mn189843bca78c67,257095,117123n,1,109,2
mn3f05ff5a94d8af,181084,2894e,0,184,8
mnbb9d10fc7d1c6d,242697,72213e,0,130,4
mnb19854cf0ef4d5,46065,140760e,0,72,0
mn3d4f99e79dd022,175043,130094e,0,256,12
mn748cafc27f6465,328300,145497e,0,194,8
mn6e259aafa2c57c,182752,130727c,2,83,1
mn4fe4758606ae0b,265218,74308n,1,279,13
mn14cd258c32c59c,277293,107032c,2,301,14
mnd03b38343234a1,160425,70796e,0,220,10
mn00e8741db8a33c,323528,65965n,1,179,7
mn10583a427e635c,241789,142137e,0,438,15
mnbe70ab5115b562,276343,131010c,2,154,6
mnb0c63b754a2eb0,84722,19512c,2,243,11
mn9c512930db1bad,233575,66835e,0,175,7
mn8bd98a0b921075,280610,35099n,1,171,7
mnc49e2e0a89231e,160978,10629e,0,293,14
mnf286f9085eb381,66328,13004n,1,158,6
mn2dec45518ac42e,135813,26743e,0,91,1
mna9b6277f7805a8,281134,36742c,2,296,14
mn9783db18d549ff,60618,23175n,1,200,9
mnc1c556753663b8,253445,39944c,2,261,12
mnf8d75b7726e25d,363279,100313n,1,138,4
mn6e7893dc06ee7c,53165,23133e,0,261,12
mn1124c24f7eff21,20754,11543e,0,158,6
mn01c2ef349273e4,175008,103516c,2,138,4
mn98d7444e1ed33d,299336,43733n,1,51,0
mn9b553fba5d5cbe,11091,66101e,0,223,10
mn4b442dae4819a2,303657,109495e,0,69,0
mn5d04250d58e87f,295905,106322n,1,307,14
mna2723cbd839593,368360,107133n,1,100,2
mn61a89aedb959ab,154804,23183n,1,209,9
mn846bd2ebec043d,274024,120790n,1,262,12
mn5045bbf8b8571d,203398,131588n,1,311,14
mn319b8f767fbbca,63225,121182c,2,111,2
mn6c24e04be47ea3,87313,124501n,1,176,7
mn1df3a14e8a9f82,143500,62180c,2,152,5
mneaa732916753ca,269062,15881e,0,126,4
mn7a9c4289d9983f,15591,1825n,1,77,0
mnb74987fed716e6,316520,17956e,0,224,10
mn691c0a8b3ed9d3,369519,10337c,2,334,14
mned385de3410f89,133021,111515c,2,347,15
mnd533d86ce6f5f4,54597,64694e,0,57,0
mn6b6a2b948a7a24,235137,83796n,1,111,2
mnf2cdc7c58da10f,345567,69250c,2,111,3
mn7f1d4239f7029b,302778,101619e,0,339,15
mn3d10234037912b,36561,122148e,0,206,9
mna97b2b769f648b,366616,24541n,1,128,4
mne3a98c66668be8,25025,107036e,0,72,0
mna2b9ed59ddd06d,288503,34509n,1,124,3
mn4b19e028ae6a5c,72439,111100n,1,310,14
mn48a1fd20de0989,261403,78380n,1,240,11
mn6a45a55f724d51,57546,76683n,1,104,2
mn15e4439debacf3,115289,4518n,1,469,15
mn5b7f7b44a0b9bb,63516,139466c,2,104,2
mnb70db6f6e17478,207372,53085e,0,137,4
mn59efc5bc7b5bd6,251745,74225c,2,255,12
mn0604c507d8ef9a,117758,84428c,2,241,11
mn7a0f338b35b356,33585,23904c,2,87,1
mne92ded832051bc,187017,47388e,0,50,0
mnbb67e1d5457087,175779,67606e,0,451,15
mn8919d4d75278e4,15259,142496n,1,93,1
mnb68034fa7d8d49,216871,62381e,0,186,8
mnd7a785d5039eab,115055,115338n,1,78,1
mnd41910f69f6df3,147629,132056n,1,49,0
mn9c6c8f15f8381b,79082,115004e,0,238,11
mn2f2b06fab5f098,161536,35200n,1,359,15
mn4b5870e623a2eb,1501,48027n,1,142,5
mn3e389fe72d81b7,35237,122567e,0,230,11
mn4e2b85ecf77ea4,392294,18504n,1,125,3
mn7d8747c6e5d052,383407,117731c,2,134,4
mnff801ee556208e,270994,15493c,2,142,5
mnf2bb0f223d6c6b,44422,56036n,1,218,10
mn8e3e44bf53d81a,214302,15496n,1,130,4
mnae179d518b3c07,101288,16356e,0,112,3
mn5ae04f0ffdc87b,317820,140681n,1,308,14
mnb66547b4a12dd8,384824,139095c,2,477,15
mn99ae1690e9a527,27307,108784e,0,153,5
mn16e9a2a6f8b366,151727,15796e,0,239,11
mn7036b32ed65d07,23911,76016n,1,211,10
mn2a63dbf8784ed4,41729,102488c,2,204,9
mn37319e7f325e53,197758,94943c,2,217,10
mn8f94de4d1a88a8,124188,130656e,0,151,5
mn5b171c74d196f6,385926,112668n,1,190,8
mn604a538f7f2b11,25452,14279n,1,226,10
mn8d4fe8ee3a8d58,222256,34542n,1,195,9
mn04751df55f5417,295959,132346c,2,172,7
mn6531f7131044d9,156237,49985n,1,98,2
mn2a38595b878494,113185,111182e,0,136,4
mn7c6b5939b6ad0e,138443,111863e,0,260,12
mn2ca6af00830d2d,300463,15056n,1,167,7
mn9a17aa7cea73d3,286597,137097c,2,140,5
mn5403a88a9bcb50,207976,68674n,1,132,4
mnd6e131a5b25181,385773,48476n,1,254,12
mn37096daf80d294,317284,106026e,0,225,10
mn052478d74b317a,192295,70145n,1,258,12
mnfb5fdb1820bf99,45993,132728c,2,119,3
mnd7ba4a19a46c4f,177960,132373e,0,541,15
mn704cbaa9314331,221167,20681c,2,138,4
mn898e626f159b8d,278220,75168e,0,88,1
mn1ab33168787484,42673,133916e,0,276,13
mnc1a9f35024a083,85258,1048e,0,192,8
mn5b0e3db8472cb4,118955,47684c,2,214,10
mn741ccb91b0d071,198093,773c,2,170,7
mna727e84541e1ba,162644,57656c,2,86,1
mn7f560ea9a8258c,321531,66746e,0,178,7
mn2f694ba77fa209,361846,37894n,1,328,14
mnb33144d7cff780,321828,138345e,0,203,9
mn03ddcb2f9dfd41,293526,102068n,1,228,11
mnedbee2b6abfa3d,343674,19418c,2,325,14
mnad8dc20b8ee6a6,258857,34291e,0,130,4
mnde07403c926435,113562,3598c,2,196,9
mnb559a7365edd90,206209,36746n,1,137,4
mn592d66953045dd,250380,38195e,0,294,14
mndcc352594c0e1d,122785,44647e,0,192,8
mn33a429812d3e2a,239428,2003e,0,311,14
mn9863fda91a7fb6,73658,123570e,0,84,1
mn2de8100146e030,202078,119625e,0,292,14
mncec29a6d5313b4,54292,126604e,0,205,9
mn62561dc24ebcb7,353640,101220e,0,160,6
mncc76118cdcb239,346177,75745e,0,146,5
mn680bedf7a15e99,344722,99773c,2,120,3
mnde7223aaaa6dfc,18392,15452e,0,106,2
mne53d87b6490f64,179211,30317n,1,162,6
mn7d82471b556d44,389266,96273n,1,67,0
mn91e374c3f0a845,40994,64571c,2,153,5
mn47aec7e99b204f,98004,17716n,1,346,15
mnffa93a820a44fd,156708,89852n,1,275,13
mn99fd8fa9900928,140322,114788e,0,284,13
mned9569b672aacb,266646,36722n,1,175,7
mn57321d0fa67dab,183733,44587n,1,145,5
mn6c33aefa10f483,314163,41576n,1,73,0
mna5c99a6bcb2472,67799,69406e,0,195,9
mn70670cd2791fd5,377171,46344c,2,143,5
mn9b843f117d76dc,357501,111240e,0,323,14
mne42d71c7eaacf3,136706,74620c,2,224,10
mn620fdf986e0605,283521,26757e,0,197,9
mnc1034199fbbe16,327165,67418c,2,101,2
mn81669554209807,52545,142557e,0,251,12
mn49215e6fc6412b,156918,145410c,2,269,13
mnfb57fdfd7df577,204861,9251n,1,237,11
mn9fdf5bd7ad8bf0,339770,79847n,1,117,3
mn27b06de48df7e5,336475,110790n,1,193,8
mn7ba4bd3a4300be,119368,78059c,2,212,10
mn910d303407eefe,2839,25508c,2,115,3
mn83a3e43209a249,283797,40396e,0,86,1
mn377512f76a2ce8,341164,82994n,1,382,15
mn4c78f51fbd86e8,113107,1715n,1,163,6
mned71216a248fc7,224663,134717n,1,202,9
mn0c4f4a67ab1167,363920,25299e,0,159,6
mn876e2ba416385c,29280,69306n,1,206,9
mncdac29095a622b,141060,75n,1,242,11
mncb6471694056c1,211802,102007n,1,77,1
mn9f8875afc0f91f,195120,84965e,0,78,1
mnd22915ad5f0d90,59079,126984c,2,112,3
mne7b1dc627af86f,181492,56379c,2,204,9
mndaff8abe791cf2,32649,48105e,0,211,10
mn3ca49670a210f9,148730,41263n,1,178,7
mn7e26ea5bf597f0,140769,27283n,1,103,2
mn271e053d7d7c63,215379,98192n,1,65,0
mn12df8c0a1cdf33,350786,131679n,1,142,5
mnfa5915d16196c2,113507,127111n,1,221,10
mn9bcb06d8eb0295,116056,57061c,2,126,4
mnb511d59146471a,157182,85148c,2,227,11
mn00213b843d6d64,168575,66594c,2,294,14
mna89a45d2db2b9c,328447,25969n,1,240,11
mnc5cc780cb81593,244299,64983c,2,154,6
mn7bdaf76ad842c8,3753,107308e,0,180,7
mnbf8107e33b01df,278025,14623e,0,84,1
mn50a3516fbaf7c6,219812,12793n,1,252,12
mnd53bb11f5b983e,191660,97466e,0,239,11
mnfe4337c32a03ba,233451,47899n,1,257,12
mnd0b20a583e6675,335167,115589e,0,190,8
mn12ca6c3b227040,238560,43743e,0,71,0
mn0d5ab8b07e9741,363911,22440n,1,119,3
mn9762ea8e5d69b1,161264,121326e,0,270,13
mn4c57856076a3e4,242435,95930c,2,224,10
mnf5d58ab9b48510,159835,82927c,2,138,4
mn618157b586b655,276430,39605n,1,203,9
mn2e57746eefffc8,228758,62205c,2,269,13
mn44fe5c4df507ee,211538,126775e,0,234,11
mn4b7db2fa310f00,124505,136519c,2,190,8
mnc1eb36ce01a3c4,227980,74529n,1,605,15
mne2e41dc7c6e9a7,166434,144448e,0,69,0
mn62d04e83e971d0,379098,44083c,2,142,5
mn86a8a61f1fd76c,92478,29629c,2,399,15
mne48ee063d60169,235231,116842e,0,83,1
mn6b20c3b872fb2e,247435,118142n,1,103,2
mn9541245db545ca,173656,142038c,2,386,15
mn599ce5aa5126a4,325159,47581n,1,141,5
mnba89037808f292,293502,95779c,2,182,8
mn4654882a8e0c49,140276,120369n,1,132,4
mn2b837d68e26ce2,116842,28901c,2,392,15
mn6ea6009e5e824e,188219,47709e,0,109,2
mn7a867c47219e36,287829,44053e,0,304,14
mncf1ef21b65cbae,37576,59000c,2,195,9
mn46e89c8ab4d798,17126,34062e,0,157,6
mnf36783874fb1b4,152977,56927e,0,136,4
mne270c8d3ba6589,83543,140943e,0,144,5
mn0b1f6f20b5229e,162662,70428n,1,131,4
mn343ae6991b5b1b,384805,75153c,2,175,7
mn591efe851275b6,227492,58915c,2,153,5
mn18b8dc1e876659,372827,55072n,1,89,1
mn432c8f60c63603,282200,143374c,2,157,6
mna7781bc30c8e41,51935,23332n,1,153,5
mnc6757df3ffc526,45529,27408e,0,126,4
mn2c8e044ebb13ca,202391,22622e,0,221,10
mn46b846a80173fd,90205,119871n,1,116,3
mn3ce336351ccc9a,355962,97045e,0,311,14
mna061b505902730,205335,81615e,0,171,7
mn31870131b5e165,117666,140639n,1,225,10
mn668ab2d6b5edd3,261684,55038e,0,138,4
mn4146052b3ded5d,119614,108640e,0,156,6
mn2db8ec4b3fd4c0,73086,29476e,0,211,10
mn1d47c22cafab32,368166,139442e,0,137,4
mn97ed38f28a1d74,200018,106596c,2,47,0
mn54ca77c2b222c2,3814,108712n,1,200,9
mn494a5ca586647e,5262,112748n,1,289,13
mn4aa03005de3a4d,102814,99323c,2,91,1
mndc483895b46d93,328155,81928n,1,147,5
mn3dcd371db2a56c,69473,123160n,1,200,9
mn43f7984ac6f667,245018,109191c,2,334,14
mn0d2b8cc51ad782,284257,8374c,2,210,9
mncd2f5728bbf059,347238,123285n,1,287,13
mna9b1ec27cd6726,143561,111933n,1,121,3
mn344e408daad916,358564,16328e,0,200,9
mn0d4092780526d6,169745,28419e,0,103,2
mn1c558be64ddbd7,108514,75699n,1,76,0
mn8e3da3ea9ca8df,70391,118218n,1,95,2
mnfdd659f1b32a95,382187,142074n,1,115,3
mne58e799698e9f6,212046,145636c,2,273,13
mn0901f5af7a5d9d,368013,75872c,2,96,2
mn42a8a953f55ff3,134799,50247n,1,110,2
mn765905943f92d9,286774,39031n,1,194,8
mn0e71f6420773f5,226265,129250n,1,249,12
mn8b271fc9360014,246448,111327c,2,237,11
mna9a86d0bf42b5f,129178,5313n,1,150,5
mn1006e8ab44cc70,42723,8866c,2,86,1
mnafdab3146d6bcd,352096,11544n,1,204,9
mnfa9b19f2661991,132135,121485n,1,55,0
mnc1faf920626671,207822,19681c,2,78,1
mn6da3b4310c5c3c,273899,27395e,0,422,15
mn71a6f0495e9cab,158789,18353c,2,195,9
mnb1e7122cc0bfe3,154554,63744e,0,235,11
mn8cf1c82b174f1f,166911,117476n,1,139,4
mnb01a2055fae5c7,229724,49283c,2,397,15
mnc94a3dc1ae8dda,304991,109579n,1,106,2
mn25122054283d8d,293884,63652n,1,289,13
mn9c386b90eafe21,11537,12134e,0,229,11
mn68bcf537ac745a,138691,47343e,0,128,4
mn228ea1b8fd7d6f,78155,33638n,1,306,14
mn18a80599edd06a,39809,70373e,0,106,2
mn5cf4c262c0d6e4,287999,145108n,1,119,3
mnec21f95b119e5f,88234,2148n,1,268,13
mna9c3643d41cf02,138375,81460e,0,226,10
mn700bcaebc771aa,222418,43976n,1,196,9
mn2e69d8f24cd3cd,378182,28638c,2,874,15
mn86061ac947995b,42213,25971n,1,85,1
mnce9f8c88fa3b76,76775,58337c,2,136,4
mnb0e7dcd1716c8b,126476,107927e,0,292,14
mn9c5bd03e414ec3,40741,105805e,0,183,8
mn5aebc66483695e,55287,88372n,1,80,1
mn5764d086ad80d7,298778,132989c,2,124,3
mn61c788f92e00dd,227192,58167n,1,192,8
mnbbe42527cf2e8b,336774,123387c,2,133,4
mnfa040db6effb47,267286,131739c,2,195,9
mnad33794d31b0e3,391595,121088c,2,266,13
mnef2e839edd4e7b,384900,86432n,1,197,9
mna4124d996a8e16,193684,114488e,0,157,6
mn6fda9dd23b0cf2,288528,71011c,2,123,3
mn568449c2110a3f,23648,59456c,2,152,5
mn25b30036c1b96b,257544,70404e,0,222,10
mn27b1e1fb9e8ee4,279635,69750c,2,88,1
mnaf7a014ed93eae,133447,9293n,1,303,14
mn5989c18bafb445,273833,89200c,2,129,4
mn6c1344fbca2bf1,997,92621c,2,191,8
mnc4bc65a1b9503c,233590,127670n,1,242,11
mn2d968ade182648,165031,27147e,0,199,9
mncd1a4038af3175,366622,98052e,0,169,7
mn485a1fff7e6503,152448,110937c,2,230,11
mn10c2a8b121be26,337355,25367n,1,237,11
mn5f9f9f189490dc,218554,127725c,2,205,9
mn0fae57afa091c7,33030,111236e,0,165,6
mn35892c5d389409,169364,28451n,1,94,1
mnb3e4a303ee1db0,242533,114556c,2,378,15
mn069291054829f1,143276,38018c,2,84,1
mn63f94c391d6e0b,187265,55961e,0,328,14
mn3976b841201db1,234729,48324c,2,56,0
mn5662509269eb20,17143,42549n,1,173,7
mn8131e064242067,104843,134040c,2,110,2
mneb5c68904492af,357071,78301e,0,159,6
mn98f8ba08e4c343,342885,88428c,2,62,0
mnec17edaf283d07,45360,64912n,1,97,2
mn11c96e471bd3ae,49055,53019n,1,104,2
mn0943c794d1b989,165735,8955n,1,258,12
mnef0f26e3a8d404,386681,85841e,0,185,8
mnb8d2c3f4cf7d0e,62037,82523c,2,274,13
mnfa44519379ffc5,331505,31151c,2,138,4
mnaf6cc151312d1c,360431,113614n,1,218,10
mne56ea41c879c02,227514,42505n,1,404,15
mnba42b5995336fe,199042,111392n,1,91,1
mn13361dee5c5033,357035,26202c,2,278,13
mn1e188172f2dd72,48808,9774c,2,269,13
mna039aa579368e2,225429,104266e,0,221,10
mndf3da96017c8a6,266755,128963c,2,130,4
mncb4f0a6294aaf4,113075,7782e,0,156,6
mn9872ca986be46e,309549,144967e,0,84,1
mne071fc807d700c,4877,103726c,2,133,4
mnc0c8f980a1bc97,130138,29744e,0,168,7
mn6eeb1b0cf0848a,312078,52537e,0,53,0
mnf32e892f04c423,69269,139824c,2,241,11
mn37ac205301a0b0,32752,78854n,1,195,8
mnee0b12eeed1969,391128,83288n,1,183,8
mn45650cf99f2c45,332989,62475e,0,108,2
mncaa9ed12c97faf,96256,13290e,0,127,4
mnb9cf60cb99badd,276094,62630e,0,208,9
mn5ca9ff5e5766fe,224890,3210n,1,235,11
mn44cb82991f5bbc,132717,27143e,0,100,2
mn1c921d299f5d36,84105,114123e,0,325,14
mn93f3d434bdd484,295076,136142n,1,136,4
mnf43ebdba752ca6,387752,3970n,1,175,7
mn8138c4c9a645f1,322396,18464n,1,99,2
mndb72d7a4794a22,385854,143905n,1,169,7
mn8805530e553534,346087,4973n,1,170,7
mn3f4011310eec96,204226,3060n,1,389,15
mn54ba9b39ef566d,301839,10494c,2,426,15
mn9b8ca95956956f,94216,93274n,1,314,14
mnb2adfe1ba607c6,372240,43600c,2,208,9
mnfcfde6a596afcf,59934,55375c,2,166,7
mndb3d945ec73109,358688,103762n,1,336,14
mn79cec1bcb301be,83921,88423c,2,95,1
mn36dd569ded9ca7,246903,57966e,0,214,10
mn15e9da7cb9915e,189578,108143c,2,153,5
mn829d72a43a491d,175890,66508c,2,120,3
mnf9c8878e56cb9d,385575,92004e,0,68,0
mn974aef4a36fce0,247398,63240e,0,129,4
mn0b95ea7b6ed584,90774,56935n,1,72,0
mn9712a57433c568,46110,115479c,2,233,11
mnfc532842ce6a17,183758,142626n,1,305,14
mn2207eeb92f8e3d,298089,100765e,0,61,0
mn70d566784316dd,58326,6910n,1,127,4
mn169b29546a427a,386533,87235c,2,230,11
mn1cd6b98f8918cc,29611,100879n,1,235,11
mn19caaae1e6f0ab,88445,44595e,0,300,14
mn817234b77349d0,273584,110457c,2,47,0
mne2ccbefd2c2b0b,388483,7829n,1,187,8
mn1b96a9441e3c22,385613,132070e,0,256,12
mn2e09845dc7b9e5,204699,17230n,1,150,5
mn53fc0ad1f515fe,58539,106864n,1,114,3
mnb81265a8b9264b,49288,58708e,0,134,4
mn01f288f4edf8d2,137733,2555c,2,173,7
mn09e3f381cfeca2,152947,118940n,1,83,1
mn0fdb1a3a199053,283724,98216c,2,352,15
mn329a0a350c4bb1,227400,117769c,2,184,8
mn01dc7aa0303e1e,317794,94838n,1,235,11
mnf7be4a83d4686e,308219,8572c,2,60,0
mn656e78f867540f,17405,65479n,1,128,4
mnfd4393b890476b,269289,37323n,1,159,6
mn73409e61622347,235454,53934c,2,187,8
mn45c93ce5876caa,373341,35904e,0,72,0
mn49e34e866a4b60,242222,121909e,0,89,1
mna3c3261f3e878d,170317,32480n,1,107,2
mn700dbac6989584,116072,88007e,0,215,10
mn304d7d228168c0,34286,65578c,2,218,10
mn25ab609cc036a1,353969,26138e,0,234,11
mn78e365abe97045,267108,105511e,0,183,8
mn46a30c5f36a459,1296,115913e,0,137,4
mnb9b82785c5efed,329110,66915c,2,280,13
mnb121ddeae5c0c9,128179,42174n,1,201,9
mn893fb7b0f813a7,226302,143903c,2,269,13
mn84f4eccba41aec,153154,87779n,1,157,6
mn3f40b4fdd6b51f,126869,97973c,2,120,3
mn09d6ac85434480,49388,22141n,1,106,2
mn1483b24cb6c55c,358013,70520c,2,112,3
mn2ea348d800571e,310425,39613e,0,100,2
mn564e1e3ddb18c9,388613,120239e,0,204,9
mn51727c0d5bf458,382566,135131n,1,172,7
mn625456bea198de,181332,101787c,2,65,0
mnf4f1390b3effe9,234191,78531e,0,221,10
mnef151f689dc526,21220,18781n,1,244,12
mn1cadc28a0d6eb3,274119,65438n,1,154,6
mna7394066a799e3,15458,104931n,1,182,8
mn7a140ae523a9dc,323056,79337e,0,108,2
mnb1c76c9c62b209,25522,53382n,1,129,4
mn6d1cbb0ec7c2f6,191663,138950n,1,263,12
mna99216e20248e5,168955,144051n,1,357,15
mn6a5a2fd0da046a,337316,58493n,1,88,1
mn61fa5fa4c8c266,17681,6331c,2,292,14
mn233b978e57b908,245079,141601c,2,133,4
mn3652121b4c61a6,206792,47661n,1,87,1
mnbec407aa6f1b22,340791,8133c,2,107,2
mnd4ebccbfae1cd1,170992,65801n,1,94,1
mn08d694364b77f4,356627,129326e,0,168,7
mn6739658d486190,361560,112727c,2,250,12
mn30f098d1700255,218503,91854c,2,254,12
mn82ab963fec7cf8,2664,50045c,2,109,2
mn70dac086c64ca6,19883,84162c,2,308,14
mn2c9400fe29be81,305200,47132e,0,216,10
mn346bb31642e6c6,310132,37963e,0,84,1
mn3670b7461580f3,268273,25149c,2,108,2
mn162297b8c9381a,169168,53223n,1,242,11
mnd0db1dc87ade12,359933,136706e,0,102,2
mndf75d4e9bd9609,202852,59814e,0,128,4
mn69e449b933ad92,294248,129652n,1,53,0
mnf34a37d2f9e2d0,219279,41366n,1,125,3
mn83c183be99add2,339820,17233n,1,244,12
mnc0a199c7660a10,362497,127680c,2,217,10
mn3327c97bf7f83a,140113,20446c,2,289,13
mn5e9041674d3fcb,234119,14070c,2,176,7
mn3f896d50f62dd3,174596,56551e,0,148,5
mn347dc7daf2f297,275276,103941n,1,65,0
mn2bc46e1d310599,75300,85715c,2,192,8
mnce00f68727e9ae,150655,99058c,2,223,10
mne378aa64c5ff12,1352,1326c,2,56,0
mnb5e50f3ac7ec2f,341252,117845c,2,62,0
mnb0edcf6ab294ba,367491,116826c,2,66,0
mn70845219d7481d,327716,121871e,0,189,8
mn8e06139531d0cd,123098,74480e,0,170,7
mnd4ff70e896815b,148597,75904c,2,164,6
mnbc9fecbf9c305e,338564,10926n,1,323,14
mnd7009a7a0b5922,329797,77221e,0,153,5
mnaba8c897347e48,47966,60149n,1,252,12
mn6407af1bbcdefd,164366,63900n,1,261,12
mn2324eb7c3c7a2e,2100,114576c,2,230,11
mne5f4c867761544,43541,49560e,0,259,12
mn2556951c4d451f,242583,114046c,2,260,12
mn046d2cadef2c04,211224,136055e,0,81,1
mn57a9731aa8ac0f,4746,22428c,2,111,2
mn685e54945f0c40,326130,140337c,2,169,7
mnfa69b8289fa43f,27869,80453e,0,102,2
mnb882a27a7be97a,223643,98559n,1,245,12
mn2110a532d8a497,260621,133924c,2,196,9
mn0d145b9b33882d,362127,52206e,0,270,13
mn2586f2101618ed,325866,135490e,0,185,8
mndd39ceb2205e43,114227,100294n,1,287,13
mnfe620b8795cf93,272100,90231e,0,246,12
mndb3b07cebef24f,241226,16381e,0,197,9
mn398c971cfb42a3,136185,26761c,2,104,2
mndc5b62ba78d958,268018,34790n,1,211,10
mn81db7fdb4ff063,9255,75931n,1,164,6
mnfcd3596ef422c5,148852,57671n,1,201,9
mn2fce6c49cdd40f,91332,126123e,0,148,5
mn9112f7d0f46cf1,307603,137848c,2,107,2
mnec9268477e8bef,326790,63275e,0,134,4
mne67da71a107750,84262,87621e,0,149,5
mnd3d5c65b4112eb,63555,105974n,1,162,6
mn2d46a4e1b5c55a,22460,92437c,2,123,3
mnba11d85a71e8dc,121072,133193e,0,287,13
mna373d2f74f89db,283801,53299n,1,185,8
mnfdddaf9009a00d,82223,69881n,1,175,7
mna83c8910f031b1,340487,28803n,1,313,14
mn894431d5d56a5f,361780,112737n,1,125,3
mncdec8844a2864f,37937,69043c,2,81,1
mn1921d07de32f7d,363393,69573n,1,151,5
mn82b27f1c12c089,101727,116186c,2,99,2
mned17dbc486ae38,8414,60596c,2,123,3
mne6c1f498dbfed9,337458,19837c,2,135,4
mn771a47e6935fe2,71745,141964n,1,197,9
mn7ae548c64c8bc6,231836,22335n,1,152,5
mn869b28abb87fac,345802,89681n,1,232,11
mnfdb4648fb561e4,192508,138723c,2,250,12
mne0f67a49264676,281156,77302e,0,216,10
mn3d1db234fc1da8,59204,18959n,1,211,10
mnba2c6bc5a3d265,82510,136011n,1,109,2
mn25132dcd4b9440,270605,55145c,2,110,2
mn5531bf07c4e1b7,331015,85313n,1,198,9
mnbc67d81934de92,8031,137871n,1,235,11
mn1983b6ec260d20,241690,69706e,0,103,2
mne2593d4c45bd43,189102,63194e,0,75,0
mnb4ec054c8d32b5,100548,136130c,2,181,8
mn0f7721195b2f6b,48060,82502e,0,166,6
mn4e25d10735053b,151979,128324n,1,127,4
mn5767f140c730fc,74737,84359n,1,152,5
mn0251995c4a766b,248266,52128c,2,251,12
mn6ff71d8b54440b,97171,93248e,0,363,15
mnd99f24426daf36,70319,32758c,2,258,12
mnc20b5193ea980a,240683,411n,1,196,9
mn19857a3a47083b,240448,2115e,0,137,4
mnd834149ab42acd,196730,126387n,1,252,12
mn290f3e77b46ea8,86751,81278n,1,342,15
mn926fc47e548f3e,226409,109955e,0,179,7
mn925dd6789e45a4,368419,22635c,2,117,3
mn8ed0522572cf49,205052,85591e,0,193,8
mn3a37b957b603ed,18098,56285e,0,223,10
mn61d2e619d584e3,81606,51557n,1,273,13
mn0e627874450b2e,269142,113050c,2,163,6
mnabd4490b9d1c58,93987,46379c,2,286,13
mn75732d1921a9ae,247121,6985c,2,408,15
mn66d9f151df0259,166983,27540c,2,434,15
mn5f355a3788a576,64736,77348n,1,232,11
mn5ce7e5205a03e8,36487,46133n,1,189,8
mn73dac0fe215420,186816,144127c,2,131,4
mn5b824c0478035e,284100,101305n,1,206,9
mn0ca5dfeaf84aa0,110153,140e,0,255,12
mn38fd1b3c52e137,1742,126094e,0,249,12
mn27f3e237be55ec,162908,61032c,2,167,7
mn9e0ac44ef40ed9,111407,9028n,1,134,4
mnebfc8692dc68cb,84056,38754c,2,301,14
mne8f497fbf0a1b7,287154,14576e,0,132,4
mna3f51b773a98e7,300741,145769c,2,97,2
mn667c9ca976fbaf,323938,104467c,2,99,2
mnd2f9714d4b8554,94446,136563n,1,145,5
mn71e830acd791da,202767,19039e,0,61,0
mn1af50d99cd4ebe,85355,123815e,0,155,6
mnb6a9ee17a24e11,359361,42465e,0,182,8
mn1030de613bad86,272120,119113c,2,79,1
mn1e5c942d1b0eea,119255,83488n,1,158,6
mn061bf885709632,80201,6472e,0,67,0
mnf343437bc1b93b,379873,44282e,0,76,0
mn71d8336abd7d85,260726,66125c,2,175,7
mn400ef688a578a6,342812,76266c,2,243,11
mna540881a6855ed,338207,119114e,0,258,12
mnad5efb603d6012,112219,22729e,0,83,1
mnba302ebea39ac5,303088,103683e,0,162,6
mnd17171b868bc7a,290955,123722n,1,154,6
mn5e5cf4bf60e704,230584,840c,2,79,1
mn09e2e3074ef0d9,17971,21348c,2,147,5
mn2d5c08d59624f4,43967,112570e,0,65,0
mn66d799fd30e403,171664,73598e,0,230,11
mn6bb49a8c104209,104059,93279c,2,112,3
mn45a347b3682518,299425,25611e,0,256,12
mnfc2ecec93ead7b,381877,64392n,1,138,4
mn25e38bd3d564d6,89093,7940n,1,114,3
mnffa5df4bb286e0,62661,136601e,0,383,15
mn04aed8350e440a,75540,124119c,2,167,7
mn7d25943a5bbbe8,255351,45964n,1,308,14
mn842c3452e270a9,127301,9640n,1,163,6
mndfe1480af74b9e,2855,111755c,2,246,12
mn9f026d4bed396e,118574,133417e,0,157,6
mnaad6654eea6032,328304,70704e,0,323,14
mn64e22979e196af,337084,34826e,0,273,13
mne6521c48c79cfc,110465,35929c,2,198,9
mnf46b0ed464e2fb,390010,36248e,0,387,15
mn7c44412f1e4a1e,145458,32692n,1,200,9
mn19a97bf70f77f6,45651,64015e,0,260,12
mn10d67ab023e0eb,19571,27554n,1,193,8
mn082b49a1e8805e,305235,132805c,2,122,3
mnc2e2bd716a4514,173889,110161e,0,132,4
mn6ade6bc39d1181,197208,43914n,1,255,12
mn91d1ee3e6bd6d6,99431,97436c,2,177,7
mnda8dbb7e4b0e9e,39208,93980n,1,221,10
mn5407bd5658da74,164034,61952c,2,71,0
mnec166e75bc0ab1,320645,95077c,2,183,8
mn332c181f56679f,304587,88377e,0,314,14
mn27315ad40a7b13,264689,144788n,1,122,3
mn09f1bf5abb2a14,325099,80719c,2,59,0
mncfa7ecfe9e0e2d,95232,55566e,0,116,3
mn1305d0fe8a0dec,131066,120145c,2,187,8
mnfb62162a84b604,181672,140799c,2,107,2
mn6b0a13f5806256,79328,72275n,1,241,11
mnf66dfa2a7c77d2,226968,73090c,2,208,9
mn4195e765d0cb77,322286,8403e,0,202,9
mn40d52242725ccf,198820,46861n,1,236,11
mn53fe8bc09d9016,223818,139914e,0,254,12
mnc4a8051caf1b74,82632,34642c,2,261,12
mnf75fed5f37808d,188059,57579e,0,124,3
mn5297dce9844014,13074,28972c,2,304,14
mnd5ad27a3a1f7fc,329652,37019e,0,157,6
mna8f24e50346b46,332594,11247n,1,110,2
mnabce56acc51938,248218,10578c,2,126,4
mn69c0d3a5534777,43654,61779c,2,322,14
mn43cca3f488b6b3,313688,107269e,0,154,6
mnad0b798824bf7b,118923,24530c,2,241,11
mnb1115d995991dc,307135,112086n,1,179,7
mn6a934b321907c2,111376,51932c,2,246,12
mn50e5154939ed8c,164881,94994c,2,171,7
mna4df4ff6a8e527,125694,134205e,0,113,3
mn56af3eda948553,351338,24823e,0,238,11
mne076cd1f174468,200058,97333n,1,250,12
mn9ba7dc04f6e987,49516,14617e,0,142,5
mn790000d826e475,58853,134581c,2,273,13
mna5ff64fde05339,71637,129787e,0,220,10
mn3e19f02c8fd511,100210,66036c,2,152,5
mn98ef121cd46043,23327,114632c,2,300,14
mna7eef2714127e2,382269,21564n,1,127,4
mnd82675405a7bb2,86598,142041e,0,136,4
mn37c2abd9fa707d,261014,66588n,1,115,3
mnacd7a436aca437,33705,79700c,2,310,14
mn33fdd94d04d031,224385,34621c,2,186,8
mn7545d1400075c0,22190,6883n,1,232,11
mnb4e3a95c170dbe,120573,38714c,2,144,5
mn7a701b5064bd2e,61990,77649c,2,163,6
mn7e0c09c0f1b43d,109300,44871e,0,174,7
mna881338dd803f8,196749,101260c,2,258,12
mn737a11973eb01b,121320,82085c,2,227,11
mnd764d528716cc8,253644,91237e,0,96,2
mn37ab3a2d5b3f26,352058,83849c,2,84,1
mn170a9c09c67975,339331,134267e,0,338,15
mn9cd7c81000625e,35852,129573e,0,85,1
mne504cce446d6c7,141609,30147c,2,309,14
mn6ced010b8726a2,105905,39980n,1,283,13
mn7f7aa5d37b4638,156658,21026n,1,402,15
mna6ba7f6fe32a19,26641,93504e,0,176,7
mne21b76be978459,98935,135908n,1,76,0
mne6e3760c979fa5,45354,9833n,1,105,2
mn0eeb21e3b3b480,169842,135131e,0,192,8
mnef51574de11c53,58005,99953e,0,251,12
mn8a2b7a2b04fb8b,158474,30887c,2,167,7
mn776edd5380e39e,93688,117559c,2,124,3
mnbc5d925263116a,150562,49705e,0,417,15
mn3b2a6f9fb812c1,389603,61865c,2,350,15
mn5e6a43ccb13667,309219,14190c,2,125,3
mn9f3189f79a39e2,258077,45936c,2,120,3
mnacdc16af267373,11877,3169n,1,261,12
mn62fd8d60ab35ef,233150,69306e,0,236,11
mnf6eca44d862dd6,97124,76496n,1,242,11
mnd50e3e66537075,204391,142851c,2,120,3
mn9ef3afc4a7aa5d,336502,143891c,2,144,5
mnc43943129a3e56,42740,36619e,0,211,10
mne7d471e2415b69,375123,127386c,2,104,2
mn2ce34e4bb80842,350362,51767e,0,236,11
mn1bca218a6738bf,163250,9773n,1,110,2
mnaa025697e50a99,154664,133777n,1,107,2
mn35de178e0089ed,326774,131216c,2,294,14
mnd6bfc24321df44,59739,46426c,2,237,11
mnde5a00f515b9d9,290542,12041n,1,91,1
mnbffba94cdcdcfc,12373,11998e,0,122,3
mn47416f0c14cc07,320558,58380e,0,324,14
mn6bee904c34955e,256854,49892n,1,319,14
mn7f15267fbac870,237538,104449n,1,230,11
mn26535ea30aff61,46718,128593n,1,366,15
mn95e35b806b23ab,130828,11134c,2,188,8
mn21aa3809516bc3,252542,122095c,2,120,3
mn73eb30c3e92625,123199,45910n,1,235,11
mn57adc88dd7d9fd,336573,5919n,1,266,13
mn36085dde5892ea,219748,121737n,1,190,8
mn983af3e7d83a74,258545,122176c,2,271,13
mn6d86a5c680aa78,46106,50570e,0,150,5
mne1e07f5ae18ad7,144538,9242n,1,176,7
mnf1d6a4589a7b41,358098,110485c,2,247,12
mna00f6abcac8b0a,121780,107248n,1,177,7
mn225ba074bcd9a3,121167,33774c,2,346,15
mn972264f2d118dc,159891,35347c,2,297,14
mn011dbe83e81517,18371,123831c,2,91,1
mn42c3cd485d8d95,364862,110165n,1,160,6
mn4624fd1bd4aae8,318595,48653n,1,300,14
mn728b823a5485b8,238641,71781c,2,203,9
mnd2334399e17fe8,322479,72455c,2,218,10
mn5cb40732198799,91794,57379c,2,168,7
mn12cabee8b7962a,370247,13129e,0,176,7
mnbe736bb6dba6f2,309293,62656n,1,176,7
mn8196104d173e2b,243508,50843n,1,176,7
mn33d06cdafcdb33,267763,116509n,1,150,5
mn279feb1d3004dd,332450,23272e,0,250,12
mn8826a0e7fdf051,139916,47155n,1,343,15
mnb160d1409b9c98,101591,128701c,2,242,11
mnc60b5edc5272bf,377420,125036e,0,60,0
mncb6bb789104af7,380490,138959n,1,191,8
mnceb3ee552d218a,219104,77914e,0,203,9
mn153516edd2be30,74959,133052c,2,155,6
mnf6be8b90a09af8,4075,30470e,0,170,7
mn496f360dc7ebe9,5014,84921c,2,272,13
mn61e76e5520c9b2,236709,17042e,0,99,2
mn4f79055464f3a8,22615,55604n,1,134,4
mn21c1fd65b13162,326413,108347c,2,151,5
mnb369afbe93357a,254904,4226e,0,222,10
mnbbf7a8c7f3e30d,173949,105003n,1,132,4
mnbc4c03bf1bc125,35905,74287c,2,124,3
mn5bc1f78f95f8b0,71579,117372n,1,429,15
mn2b6737c4a07f2c,1127,46679n,1,111,2
mn5da7548a419e51,210845,40781c,2,164,6
mne3339186533ec3,35785,101231c,2,120,3
mn4c0b007512ce9a,336779,138794n,1,249,12
mn3ef37c5c12095d,138880,142053c,2,124,3
mn061308ef523d20,122869,29337n,1,126,4
mnb80e7ddfb5b3b2,227796,63463c,2,110,2
mn9ed7ba33276dcb,57404,24358e,0,92,1
mne1f1b280bf5fb7,292248,117493e,0,165,6
mnb7fea7c74aea74,390934,118039c,2,268,13
mncb8218e0b16269,23139,131321e,0,261,12
mnfd4fe8552d27fd,96781,125565e,0,321,14
mne33a88ea8edf08,260032,10032e,0,452,15
mn69e4e6c1e6dba5,59092,135618e,0,134,4
mn5f09ace67ce9fd,278115,34307e,0,90,1
mn05c372e4bb4ff8,5776,125946n,1,230,11
mn74435e48a8f627,345912,958c,2,77,0
mnc81909e8a0a92c,361562,108844e,0,152,5
mn518cf8ca1eb69e,242377,14756n,1,182,8
mnebed8402fa01ad,171248,52068c,2,277,13
mn6cd4334a330348,68364,31345e,0,150,5
mn13ebea5abbef33,385807,130411e,0,115,3
mn2981ced92baba7,371274,19724e,0,355,15
mn46a72b58078424,155640,96084n,1,145,5
mn5afcc466bc2283,273497,35896c,2,208,9
mn22d2238ca91293,9228,112163c,2,145,5
mna837b0322a55d2,82091,27626n,1,89,1
mnf4dbdd390bf0bc,191794,293e,0,71,0
mn22b3e5b63cb118,113843,117538e,0,171,7
mn7ce8589fab18c1,384772,112032c,2,252,12
mn14beab2d41fe7d,278609,28408e,0,81,1
mnb704bde5624022,83175,143672c,2,172,7
mna705ce0bf0950d,18318,23310e,0,95,2
mn120534bb9fc383,82483,109671e,0,386,15
mneb8de0e7e09809,94918,131588e,0,319,14
mneb31b54ecf8c1b,25220,65507n,1,115,3
mn3baa20dfdfcd04,340126,18795c,2,80,1
mnd11661603dbba5,14778,60323n,1,128,4
mnd3e5bf4a4e653a,88613,37004e,0,193,8
mncfd9b4ebfec8aa,242423,68047e,0,138,4
mncf68147c3427d7,178851,102390c,2,215,10
mnae53ed9e799d15,319427,12757e,0,177,7
mn8564acdc321399,279717,69071n,1,124,3
mn3de41e5b9bf39f,280111,3504n,1,210,9
mnc3a665c783124f,200615,117970n,1,166,6
mn87daa7f85206fa,351771,123140n,1,72,0
mne5f8a7f3239e24,340079,106925c,2,59,0
mn98d2b232631df0,295506,139427c,2,201,9
mndf036ea0255c4b,138998,51546c,2,121,3
mna9bd8abe3a61ea,145127,78929e,0,170,7
mn75d5f65b8d058b,355485,137222c,2,226,10
mn6d12901289b193,380555,87805e,0,75,0
mna63439f3dca75d,184767,129216e,0,129,4
mnbedb38c6db8b93,164775,107034c,2,138,4
mn6432b766a0f12d,91102,14349c,2,250,12
mn7bd76a94b41013,62509,40976n,1,240,11
mn2565644c154a9a,196476,35880e,0,155,6
mn4f6c5123082ee2,275825,15061e,0,112,3
mn4333c396e6af4f,361306,61341n,1,145,5
mn55c8d63c85735c,24869,47996c,2,107,2
mn5b1f2776198fce,160828,86625c,2,309,14
mn242fcdb14cf2ef,110362,61634c,2,188,8
mnc86e210699476f,257408,2380e,0,214,10
mn9c5f258dff48ac,217447,67588e,0,187,8
mnb44e5f46011290,228961,74479n,1,118,3
mne029a5c8504d9e,108895,124466c,2,150,5
mn0312a058ad0a7c,233704,93824e,0,345,15
mn68bdd97c06c38b,373092,5452c,2,227,11
mn62e11e36894bb9,288731,30251e,0,491,15
mn04fbbd72088eb0,383763,53298n,1,169,7
mn65920f80887159,293427,63298e,0,76,0
mn566ccff1515f83,251099,3409e,0,367,15
mn018871f5966a65,302398,34391e,0,184,8
mn8d2a9108bbb3f7,783,29238e,0,291,13
mn2869db8789e29f,195646,30702c,2,82,1
mn7aa88a6b62b5c3,9748,102414n,1,419,15
mnffc34f2a79978d,380238,120123c,2,177,7
mnccca48990debc3,8223,51390c,2,100,2
mn3e786b6346665e,313368,6221c,2,87,1
mnc5b1e66dae1fe3,113512,76033n,1,127,4
mn1cc8d72c3793bc,224204,136333e,0,205,9
mn83b24ae8a055d0,337635,59825c,2,167,7
mnb54634cb3a10c8,7152,6300e,0,185,8
mnffb2bfc8e27e21,17573,19669c,2,261,12
mn52d5b3a3667e67,376331,113934n,1,183,8
mn812c998954f007,243040,82438n,1,328,14
mnb0d3ae25685845,153606,10503n,1,161,6
mnaaac113f51c061,357063,73954c,2,76,0
mnc0567626c4b84b,358572,59297c,2,138,4
mnc9bf942fde0ad8,376211,6091e,0,454,15
mne18e27bbcf41a6,322648,105921e,0,86,1
mnaf0766fe826fce,25372,112480e,0,82,1
mn9ad44e0cf6cc72,275525,105786c,2,127,4
mna6bb4578f66418,118018,82375c,2,110,2
mnb140faeb8b199f,322679,121945c,2,104,2
mnf054e29096f664,229714,113760c,2,270,13
mn9d94711a3e3e5f,130324,110236n,1,66,0
mn40737ed06c133f,276501,100611n,1,167,7
mn437809400c754f,363074,127514e,0,248,12
mn60afe38227057a,15235,48092c,2,160,6
mnc892b3627e05b8,245848,133501c,2,209,9
mncb5dcce4847d9e,370237,37181n,1,196,9
mnb261f2c8129252,121982,1104e,0,241,11
mndad63e9722b3c9,122691,62539e,0,194,8
mn1585c468e81409,371936,122415e,0,118,3
mnb5f98bd7a1bbd9,307276,100236n,1,103,2
mn3a5580450922c6,71837,57055e,0,247,12
mnaca20771fff564,386620,105701c,2,123,3
mn3889d5dca0d224,360176,49380e,0,179,7
mn5311e27ff98c8b,329808,10534e,0,97,2
mnc298fa4bd2955d,41812,145407n,1,96,2
mn16d75b857da158,117689,11681e,0,105,2
mnd70989ccd3809f,330838,13205n,1,289,13
mnadcd840615fa1f,364323,112271c,2,214,10
mndce79af6fc9b1f,230381,75875n,1,337,15
mn363177b9b21b97,236148,140386c,2,108,2
mnc6ee2c50c3883b,160199,3404n,1,127,4
mn59cd7f4590debc,354259,57198e,0,188,8
mn43237bdd932e83,281276,20118c,2,165,6
mna712643a7ccc60,170683,966e,0,134,4
mn5e2cc4928ce2e1,54089,114561c,2,243,11
mn0727abc5684c5b,19173,94308n,1,281,13
mnb4122cedb647a8,82848,50833e,0,202,9
mn5baec3b01cd83b,180643,100585c,2,199,9
mnd4829711cc71e5,95979,59111c,2,122,3
mn4fdcd90a37a8fd,377777,145990e,0,147,5
mn3e7bb6c2af0911,103219,29746c,2,145,5
mn5e08a7fd6dce20,139896,27558c,2,191,8
mn5bd2d8186c51b5,112635,43210n,1,174,7
mn0e8f3347011d92,302153,23916e,0,108,2
mn4612d95b6ccb15,307343,49124c,2,323,14
mncff093149b7aa1,349266,155c,2,219,10
mn03b2233789e9c6,286702,19524e,0,157,6
mn6736cf8b7f9f7f,57822,101211e,0,191,8
mn27bf9776cb8db5,244353,119303c,2,155,6
mnaee5fe0320bc62,308344,33117n,1,205,9
mn963772309a0b6d,204734,131648n,1,270,13
mnad5b7bca7294eb,292808,51703n,1,165,6
mn55085ebbd6b045,84301,1671n,1,170,7
mn9ad2fe99b5e0aa,1729,5012e,0,372,15
mnce0bba0a1e63c3,77062,112279c,2,234,11
mn2ad2fb74204e4e,327917,115735n,1,191,8
mn48316e6bc5398e,255205,11094n,1,304,14
mnf2373e2138008b,145092,136902n,1,87,1
mn6128b0ee52eebb,229246,117716c,2,113,3
mnf2fa56712d1214,237689,38685n,1,281,13
mn41432e231cb122,194592,89439e,0,254,12
mn316739a504ef0b,263821,90062c,2,174,7
mnf79d4d064e5f8f,121620,118071c,2,161,6
mnaea526a1812b24,186843,46086e,0,175,7
mn4acea5c81fc12e,349886,52771n,1,128,4
mn87db2561ccad9d,215033,44380n,1,80,1
mnc86f1fb91caebe,329060,54081n,1,278,13
mn2d5f66d71d7582,177728,75484n,1,217,10
mn9badc65b5b83e0,341367,115290n,1,113,3
mnbd1408acb4340f,253421,122822n,1,212,10
mn48293c65413cfd,155554,88309n,1,219,10
mn16a0811f24b273,340416,94015n,1,283,13
mn5d8fb2ea497286,153608,95214c,2,76,0
mn6f73887eb2c7dd,245866,81653e,0,178,7
mn07834299ad90dc,140487,10111e,0,61,0
mn1998d4a5606ee9,177752,95574n,1,47,0
mn65023813067c5d,80054,45166c,2,221,10
mn10c7108f2140ca,117068,35795c,2,213,10
mn3a701671577b42,111132,119390e,0,211,10
mn3738ad27f62080,228406,96344n,1,142,5
mnb8bc2a3c776e5a,64182,46639e,0,384,15
mn71685b2faf5cdd,10379,118292c,2,138,4
mn9095256a20f522,141655,97777e,0,176,7
mnfc3abdbcbcb623,83271,131874n,1,238,11
mncebb3a54b20685,121272,38075e,0,269,13
mn0e2750b1c11d0a,18352,45682c,2,205,9
mn3cfcd4f2ef344c,387489,16192e,0,243,11
mndda456f2e0cdb1,62127,2360e,0,213,10
mn915f6a54bd25d6,390883,33114c,2,284,13
mna88a68bb4c9833,316991,67108c,2,286,13
mn249e418c9c5665,178544,114619c,2,234,11
mn8429851708d61e,24859,36749e,0,109,2
mn2c3a204b714831,78186,28697e,0,79,1
mn9ce981b6b545fd,166584,7519n,1,260,12
mnbbd74c4b9e69da,321618,41425e,0,139,5
mn89520b2a3f3f9e,212622,127570c,2,288,13
mn31e36c982b877f,165846,64325c,2,216,10
mna1d557aa29b222,114743,141532c,2,159,6
mn485bf7009fc655,304851,79136c,2,81,1
mn2a73923fc9c981,151146,60911e,0,200,9
mne635ef38bd1469,119982,48161e,0,127,4
mnc82d66db4e816e,119388,113389e,0,88,1
mn121e15ea16fc30,382199,141943c,2,281,13
mn8f4bba3ebdd826,257440,82499c,2,280,13
mn538f1e5057a517,240401,44423n,1,223,10
mn3930bcfc9ce124,68706,3695c,2,151,5
mn3c96ed5b6979c0,99257,93269e,0,310,14
mn006af48c875a76,171931,60276n,1,162,6
mn433dcb0b900715,168919,109064c,2,291,13
mne5bda6c2e68f21,35585,27561c,2,200,9
mn07eb238c7e62d5,42130,140157n,1,224,10
mnde45e7773a6765,268879,39982e,0,124,3
mn26e0e7acfd82ff,194342,117201n,1,174,7
mn7eba35e0abf125,238091,78600c,2,217,10
mn07f2c4897c8e4f,158994,9111e,0,174,7
mnfc9d0f4703e553,54470,110663e,0,225,10
mnbff1f13d00f280,36103,100051e,0,197,9
mn265eca9862dd6e,292536,32648c,2,280,13
mn44ea171466b7a3,295563,34791c,2,102,2
mnf1960ce884040e,293,14683n,1,160,6
mn8bad611d0486f4,121753,11459c,2,137,4
mn76517fcecd0220,287729,27986c,2,48,0
mn735d6f04cd4a0b,217051,79614n,1,208,9
mn07a45f50325303,213640,123251n,1,293,14
mn0539a0629362b9,85349,79060e,0,151,5
mnc06716f0fc5e07,92868,62818c,2,222,10
mn9c141a83f17b4f,252399,16640n,1,210,10
mna5b3e1e42df531,119769,108320e,0,379,15
mnca31f52968806f,356173,88885e,0,112,3
mn9100d54779476c,245117,30435e,0,110,2
mnd6b11e058340aa,388048,138948e,0,156,6
mn145bdf9dac4559,356419,108104e,0,317,14
mncd442f055f7664,60467,116672e,0,174,7
mn897a62147b570e,336069,84786e,0,70,0
mnc8d93695152125,282341,67197e,0,138,4
mne81d7188c3a95e,82163,14070e,0,190,8
mndcf03530de65d5,201393,36053e,0,211,10
mnb919a1afa6c74c,277729,39072n,1,132,4
mn9a60860017177d,248446,73748e,0,231,11
mn6bcb65aaf53c1b,354242,89158n,1,105,2
mn88330e2c577556,55100,22613c,2,135,4
mnd323d538479510,287790,135323e,0,227,11
mnda16fb70339d2e,325457,84676e,0,79,1
mn06f6fe1f578119,294936,32856n,1,81,1
mne8503a6a7700cf,313924,39484n,1,179,7
mnd3af840d6c1c10,6690,120398n,1,99,2
mn8ccf4ccd219639,58817,112252c,2,300,14
mne62f8b1180f752,83243,25295n,1,89,1
mn9f88712d54bc06,287058,137517c,2,156,6
mnb1325c4776aa9f,223440,76459e,0,67,0
mn98be17cd6fa249,80252,25812n,1,95,2
mn1ba0b6c2b5695a,43753,135549n,1,76,0
mnc142aa5cb49fc1,65943,25468n,1,156,6
mnee1b1fe8bb30ff,167418,23051c,2,196,9
mned3c55381db0fd,118629,9398e,0,132,4
mn483a6cf7c6296d,314324,79635c,2,148,5
mn9ff3fa9314d482,356455,125943e,0,290,13
mn68304426ff965b,281450,31245c,2,394,15
mnff9d63497c6c47,166305,144476c,2,115,3
mndaffaa258456af,77410,121308n,1,212,10
mn3d1b8d4a9e33ac,28038,113979e,0,141,5
mn4324b6a240bafc,180206,60072c,2,143,5
mn0740a22df5745e,108137,229e,0,144,5
mn15083ebad35e23,323567,67953c,2,434,15
mn8bd648eff494ca,102002,55684c,2,138,4
mn90e6434d4ca2b7,191498,6925c,2,116,3
mne08afe679dcf52,105180,130436n,1,104,2
mn2e758ef21d475f,231698,77029e,0,118,3
mne9da63eed56dc1,302068,139752n,1,182,8
mn2dcba551c35263,202897,108381e,0,72,0
mn9514e55686187e,215995,116133e,0,256,12
mneec417c51b77dd,388770,106125e,0,108,2
mn8ff778d1a1cfa1,126261,80560c,2,174,7
mnde43dd88656017,231302,47044c,2,79,1
mn352355b5a1b21d,6876,84989c,2,284,13
mnf72cea082d1283,370442,20858n,1,187,8
mn5e02e457d515fa,143446,81170e,0,186,8
mn8d907c5bd9ebfb,163848,110649n,1,75,0
mn40c2312d4333fe,18136,34813n,1,93,1
mn6ac83355787341,71818,89621e,0,70,0
mn254b1fa8d75b84,204932,15962e,0,148,5
mn7c1efe04fda50a,347011,57916c,2,184,8
mndcf3d1a2cecb34,201245,125520c,2,260,12
mn81ad16dbdfacc9,225704,44741n,1,182,8
mn917003c80752cd,351008,72262n,1,286,13
mna6e96020656cbe,316762,32983e,0,81,1
mn194e86de7d1376,224097,112707e,0,274,13
mn3dd2b0426437f7,107747,58873c,2,137,4
mn5038b400f85f15,93808,80666e,0,353,15
mn6ee18e19617c63,263714,44120e,0,83,1
mnd2503419c35ca8,117524,21288n,1,177,7
mnd873a10ce8aab8,292955,91373n,1,224,10
mn2ec5edeeeac582,13578,22688n,1,263,12
mn32a9c615665a16,76676,84747c,2,251,12
mn3c4d2c825f6fa3,240134,94990c,2,229,11
mn343bbe91ca3283,29571,72537e,0,386,15
mne4d3344c835b52,234975,31855c,2,165,6
mncf3e00089e5359,125305,101873n,1,254,12
mn2f969e3e66fdd6,291383,33429e,0,232,11
mna0ca5293b24e3f,71108,93390n,1,99,2
mneeddf63b45753b,318072,62188n,1,170,7
mn2f400500dc91fe,147978,112437e,0,66,0
mn71f65369cbb00d,15885,112013c,2,221,10
mn0c8a1d78bb1b1b,310387,135016n,1,231,11
mnd6f5bd66976ef0,263982,93430e,0,252,12
mn5b848539d2fff6,286636,89189c,2,221,10
mn2e80eec1857ba5,298636,9991c,2,232,11
mn8e42fa608788e3,260978,106070n,1,70,0
mnc1dacaf0fa416f,215247,102061c,2,301,14
mn8d3f2165ae8d8a,264383,42839c,2,237,11
mnf786992241b693,13102,47048n,1,394,15
mnf0b5d6d6fc8f9d,261195,86279c,2,213,10
mn828496c13ecc4e,288471,79872e,0,357,15
mn9003ac72ce670a,380472,139465e,0,79,1
mn8f9047106ba092,355507,8637e,0,218,10
mn183312b5d9638b,339591,97632n,1,117,3
mnddcdec6dfc4a1f,310652,142718n,1,331,14
mnb96c0945054193,323172,49371e,0,80,1
mn0b4b5c54ede80f,124670,136034c,2,199,9
mn70faac8a244a95,190471,143192c,2,117,3
mn4aa7e3a2d6d31f,90198,76084n,1,342,15
mnce1973d7e0ff91,388816,102111e,0,146,5
mn9ea87ccdb4d50d,315583,126214n,1,228,11
mn91af94364b3aab,328469,62135c,2,153,5
mn53e0f3116abc57,34449,11366n,1,196,9
mn4a3a2a6bb04806,112093,69680e,0,145,5
mnd45a5ae40033b2,176122,38572c,2,232,11
mnc7a96f0fdb1db4,374070,137437e,0,204,9
mnaf689272bd40e1,180067,97149n,1,123,3
mnfd9dab732a7294,387826,124687e,0,214,10
mn45c1062a63c3b1,361254,42452c,2,257,12
mn85b7768b5c5b64,311984,50662c,2,243,11
mn72059d27d7bf48,27512,127896c,2,327,14
mnf95168dbad2f64,343504,132229n,1,171,7
mn2247882f5bbbdb,195645,62672c,2,163,6
mn1fe5241d6ca7f9,18331,118241n,1,226,10
mn9fe02826e8fd22,120622,43823e,0,251,12
mn1f76507e7d22fb,162097,49613e,0,136,4
mn0d524e425d4ac0,189171,1423n,1,119,3
mn9041dce42c4081,84352,13226c,2,112,3
mnf58a971e5243d3,250192,78270n,1,188,8
mn8fcb817c931e5b,76282,122485c,2,201,9
mn42c7dd2185ad1c,353142,77351n,1,143,5
mn012df4e2dda5dc,190714,81501n,1,168,7
mn0fadd34a18ad3f,222065,101785n,1,176,7
mn8cbd3493bf5485,97825,30273c,2,83,1
mnade37cd88d647f,137778,128509c,2,122,3
mnf0e828a2843f55,215791,20162n,1,161,6
mn53ec0e9556c838,159243,46439e,0,56,0
mn26565b0d1ba6ff,236778,144158e,0,364,15
mncb8f9a5da9ef99,349351,46535n,1,184,8
mn165dd3a167c39d,389579,107071e,0,181,8
mn87e3f2476be298,343836,84002e,0,220,10
mn7ffd59a644b86f,267401,125366c,2,205,9
mnd3262f0438a3bf,70311,57528n,1,89,1
mn76c0020529a93a,137796,127215e,0,98,2
mn510265c60f7be1,41912,63063e,0,147,5
mn723f843d064999,358540,76618n,1,198,9
mn0eb2d09e150d1b,302733,47416n,1,374,15
mn6394dbb15097cb,232995,32397n,1,294,14
mnfd809c4392d098,227129,124847e,0,111,3
mnb8e31aee1af93e,270471,84238c,2,198,9
mnec2a4fb30490cd,86105,51597c,2,252,12
mnfc2692b1e84dda,126599,66800c,2,275,13
mn72f97a0b887a8e,60491,91548e,0,166,6
mn647631a073a54f,132218,34254e,0,129,4
mnf24de5a6049041,333997,121782e,0,152,5
mnb487b90bc7cd37,111413,64762e,0,231,11
mn1ecff793975793,365083,1430n,1,88,1
mncca2d3281bad7a,54135,110101e,0,260,12
mnd1e673aa093c95,209194,48963c,2,223,10
mn2726976d267176,181931,54758n,1,276,13
mnc5a4e2be5db555,245023,34024n,1,178,7
mn27e665fed8e93c,212842,103912c,2,269,13
mnbc1e4a7cfd751e,98531,10912n,1,115,3
mn69285b7d5a3c3c,154174,450n,1,114,3
mn7438aba3f1b7ae,60790,52392e,0,315,14
mnd01966941ed481,274385,124916c,2,121,3
mnc955fa72301870,256900,10404e,0,256,12
mne870adfc7533df,150133,68955e,0,134,4
mn34e750d49321ab,357141,62565c,2,201,9
mn2c83d1026d6981,45753,52479e,0,48,0
mn0cea522614cb2e,77140,128965e,0,223,10
mn830a6d52d737b1,341470,32385n,1,259,12
mn1a460c8e3a0eea,114568,79725n,1,555,15
mn740c4566b91939,132658,101816n,1,216,10
mn9b05cb36dec8e2,48664,47705c,2,213,10
mnc5bda1f686b80f,59761,51585c,2,132,4
mna35c48fcf9db6b,204042,47961n,1,375,15
mnf8d9a38bdf2043,295361,120473c,2,142,5
mn9c584cacda6251,363969,132282n,1,110,2
mn141c890970e092,330309,14619n,1,103,2
mnc2632b3f7d2e5d,85633,107427e,0,108,2
mncb3d7215fb187d,305048,21873c,2,197,9
mnc24da20d3134ba,67422,76024e,0,141,5
mn4a6f090ef10add,295907,92835n,1,148,5
mn9eda1c35c8b9e4,180216,37639c,2,85,1
mna163172dc6e0a7,303226,81395c,2,140,5
mnc8f6af266e36e4,54505,97532c,2,203,9
mn5a3776ef32d638,219042,139801c,2,110,2
mnccaf6782012058,192876,10126c,2,314,14
mn725d419b6016cc,264630,1352c,2,134,4
mn1f5159e35b9fc9,262299,82558e,0,263,12
mn8cabf10ab7c8ac,374219,132285c,2,126,4
mnc4a8f91aa0ab99,391463,88238n,1,76,0
mnd9f3cbb538543b,189090,58109e,0,148,5
mn3245627f738ad2,268816,110920e,0,237,11
mn650387decbdc23,96577,134661n,1,150,5
mn8771049c1a6440,275139,87798c,2,127,4
mnea3b441366e984,177405,1295n,1,115,3
mn29d3338d12fddf,43365,120485c,2,242,11
mnf100d1032cb828,1758,389n,1,268,13
mne073f84e5a95d3,313551,77593e,0,81,1
mnd93fa3311e4457,92807,46224e,0,237,11
mn85034594c19abc,304562,68759c,2,220,10
mnc64ca903f5a627,59460,113859c,2,157,6
mn77e7a8628a0e82,266580,142071e,0,66,0
mn5d00345e4530f7,161853,79959n,1,80,1
mnbd51ec50da73a4,4626,49775n,1,391,15
mn86ff5bd927905a,159900,72093e,0,271,13
mn865e2386614309,93555,143330e,0,93,1
mn3ba6aa7943d60e,17886,133446c,2,113,3
mne669bbadf320c6,297311,23422e,0,179,7
mnd0d05f70ae2596,63265,14141e,0,110,2
mn7a322c9e20069f,124433,97988n,1,207,9
mn040793121db8aa,263559,119776e,0,131,4
mn9336efa0716a52,130536,126036e,0,144,5
mn9c78422d65f477,352160,11663c,2,252,12
mn325b2847e92d56,168530,113792c,2,257,12
mn6baad35f58049e,23687,129230c,2,86,1
mn53acfa8fe47788,34502,67213n,1,213,10
mnaefce9fec3f033,41684,65084c,2,493,15
mn9eb08240b61699,154840,95915e,0,108,2
mn84a9e88afb1bb0,273747,19731e,0,280,13
mnaa34deaa0005a9,198180,122611c,2,144,5
mn7a06e74a33b242,15920,40687c,2,249,12
mn01f59509c0ae46,238229,143833c,2,245,12
mn906e19658faa0d,27476,82727e,0,271,13
mn6cbea003727cbb,305739,53683n,1,294,14
mndf9bbc0b28c20e,57609,66969c,2,200,9
mnf4d76ce02d1a73,168975,70038e,0,279,13
mne171b34193b076,382058,16660c,2,216,10
mn54a811432592ee,222373,126387e,0,214,10
mnc83f2065721e0a,85425,88859n,1,271,13
mn285841802fa454,257509,130844e,0,207,9
mn4ed23bd26bc850,267698,141e,0,156,6
mnfc1ef0d356a77a,23739,134252e,0,277,13
mn0eabc56bd4d88a,163413,137500c,2,125,3
mnebe1657ba49085,219337,6481e,0,170,7
mn1bb90ccfab4cfb,380770,75211n,1,267,13
mn12bab14f090683,142502,133627e,0,341,15
mn660ec9613fe966,308377,53713n,1,142,5
mn2edd4fb0bbc702,378601,36782n,1,80,1
mn410cd942b21da7,255850,143208n,1,148,5
mn296c4dba0d2631,380115,118271e,0,207,9
mn9c33861f839a20,169876,127111e,0,234,11
mn55e37d31f21a09,144070,73712n,1,152,5
mne09ef3da152ef8,250333,144917n,1,247,12
mn0d3ac48cd45296,155990,57548n,1,78,1
mn0bfc73dd91755a,252924,13062e,0,80,1
mn17a5bcf665876e,155746,112573n,1,109,2
mn13820dc8dd8984,381781,95749n,1,344,15
mn7d437c275eb56c,350847,40387e,0,411,15
mn88adf4a7e068de,352637,8230c,2,268,13
mn0b84615047f4f2,310266,139977c,2,272,13
mn3e2c77885b6a56,386765,130462n,1,288,13
mn87614bb9508873,298353,17054n,1,135,4
mn42acfe09f977c9,53441,54013n,1,169,7
mn6649e2763b96da,68775,19777c,2,121,3
mneb588370bb96bb,167225,133318c,2,193,8
mn754429fab4f2cc,163217,145008e,0,209,9
mn4dfc51b29cd9e6,278963,87753n,1,240,11
mn149aa60869367c,12722,110419n,1,307,14
mna8d7b13ce97a9a,99378,46115n,1,339,15
mn67d515dd443a8a,391996,113364n,1,320,14
mn21f2fe8c3613ad,340584,31520n,1,72,0
mnc6d02357a8cb60,368446,135643c,2,114,3
mn49b2937f3d006f,381456,30325e,0,164,6
mn02eabd71320401,386428,18977n,1,84,1
mnd09f1cdba354a9,178564,33788e,0,200,9
mn67e625ba85ef47,14569,84132e,0,246,12
mn8f5a8b49dcb998,334711,91315c,2,115,3
mn80ba88beddfcb5,340832,90081n,1,224,10
mn05f733b57fb6e2,391827,19934e,0,121,3
mn47dae94e2e7618,161937,92184c,2,184,8
mne301459dd31742,317674,75936n,1,329,14
mn3d0d879f4ac472,44900,130640c,2,67,0
mnf730fb821772e5,354670,77130e,0,123,3
mn2d295004f1752d,204017,60840n,1,145,5
mnd2df30026cc637,45568,56099c,2,218,10
mn6aea046b9d90ae,336589,50198c,2,177,7
mn4a0cd040c556fd,78764,112035c,2,325,14
mnf9757f5fc27fbd,222492,64212n,1,199,9
mneb8f8391b2d24c,223721,100140c,2,52,0
mn9d4390fd07b41d,47703,53590c,2,303,14
mn859c5061a761c9,180831,67727n,1,186,8
mn2af6a5a371c2d9,209965,92242c,2,298,14
mn1599a6e95734f0,311431,7103n,1,279,13
mn229a5353d134c9,114622,103703n,1,251,12
mn82c7b439501f4b,107278,129368e,0,140,5
mn9ea172d6d4e932,265289,126719e,0,289,13
mnb21611e5e0001d,49702,110910n,1,216,10
mn5cfd2920de81a7,136010,64177n,1,168,7
mn8fd12fff0ae7ad,334408,85840n,1,222,10
mn0a5f3565610438,33047,113160c,2,190,8
mn3f9c1f56e16f88,145623,2151e,0,109,2
mn768f099c5911d0,104571,73326n,1,162,6
mnf5342a46cf1af1,337782,11898c,2,329,14
mn9e9da078f7ec8d,371704,63789c,2,149,5
mn064bccd94cbee1,340489,46443e,0,292,13
mn785b2a55fbadcc,40035,130621n,1,152,5
mnda0a7df00242be,196395,11748n,1,336,14
mn7221494e849a3d,39188,61079e,0,150,5
mn598c062fbb07b1,9423,44323e,0,186,8
mn5e9f66be2ab4ac,117272,83836e,0,221,10
mn9267f00a158c03,243872,114967c,2,260,12
mne7caae9c2e204e,11995,58340n,1,209,9
mnad3564d2097dfc,301256,128613n,1,172,7
mnba6dfd0cbd3790,328098,30693e,0,98,2
mnf1c9067d31e231,249921,38286e,0,276,13
mn33ea69b9b79a22,208067,48077n,1,157,6
mn4a5f0d1dfe1fac,226479,129793e,0,273,13
mn02fa8ef9f61a90,388302,39116c,2,270,13
mn7079eb832b731d,247287,139468c,2,142,5
mnebf5826095c31c,148592,30344n,1,153,6
mne40e955fd732cb,157416,118016n,1,114,3
mn2a82303f1fb26c,369667,34145n,1,251,12
mn912460c31f88d7,119071,28481e,0,259,12
mnd246faba6b1716,286979,86290n,1,380,15
mn092c8ec461b68d,81940,119620e,0,85,1
mn1aff891870b7b5,12369,111868c,2,46,0
mn60671c464100b8,229583,46016e,0,297,14
mn3b785f0c18ce91,220217,46394e,0,149,5
mn49ae51dfee2418,300969,53874c,2,137,4
mn8115b7b7972d82,50199,45726e,0,162,6
mnf391fbd6a1ce14,99504,29573e,0,153,6
mn93714de08b152d,324968,58487e,0,255,12
mnc47aab2602f493,340737,118252n,1,126,4
mna6b04549ee3a51,172210,41783e,0,75,0
mn43d6cb04ba5a35,42317,129325n,1,237,11
mnd2f196ad868060,377169,53980c,2,349,15
mn8fe4bf89ef5a14,244142,46530c,2,280,13
mnd6aff78eaf9238,271897,42697c,2,147,5
mn52f4967ba33e50,333395,61201c,2,102,2
mn600d35cd5a99de,122292,126218n,1,138,4
mn85cfaa9bc0ff3b,46346,130291n,1,77,0
mn4cff2173072ef6,348771,68002c,2,252,12
mne0e287c9fd0941,311103,20372n,1,175,7
mnef529442ebd28e,192379,8415n,1,93,1
mnd188c467eb3fdd,131915,125998e,0,167,7
mn1c0e767ee518b6,142227,109296n,1,140,5
mnb7b042d15fc4fe,372232,50873n,1,220,10
mnb841640a11ed68,301055,40502e,0,309,14
mnfad25be09de6ab,164892,101549c,2,100,2
mnad3f8e189ff53f,126899,105742e,0,396,15
mnc313f8d7e26103,65949,77056n,1,163,6
mn02633e9fc4c24f,34528,114615n,1,360,15
mne6f0d70d869547,336932,102863e,0,283,13
mn405254302462db,142724,58183e,0,371,15
mn4d1e461c5b15b0,210449,111885n,1,136,4
mn7e3edd889839f3,15592,128340n,1,133,4
mn0e8778e7a550e8,267709,69289e,0,289,13
mnfd361f5f050bd8,358696,105050c,2,118,3
mn97ae03b688c7fd,199551,7960e,0,295,14
mn8e93e24953b3cf,360722,43449e,0,167,7
mn4f40ffc0087825,255640,120227n,1,381,15
mn41c058133662ec,346037,26267c,2,171,7
mna28596df872152,365947,64993n,1,133,4
mnb802c7f2b8474b,151764,90498c,2,225,10
mn1929f66aef0ca2,283480,71425n,1,117,3
mnf0fa2d9bf7f259,371227,74959n,1,128,4
mn48ab2b93064d7a,222871,46449e,0,195,8
mne0a7ee297cc7c6,74917,28735c,2,264,13
mn45b812f103b9e0,392071,144565e,0,232,11
mnace2154497ac8a,123846,30123c,2,167,7
mn2dfd803b722612,316357,86126e,0,124,3
mn1f3bb2504a6b0b,245448,120522c,2,140,5
mnaf3cd2b30e7770,212,59558c,2,93,1
mn51d18aaa367348,345712,49790n,1,122,3
mn88780bdfb2ac1e,248167,18865c,2,147,5
mn2f93381dc3c47f,271511,37767n,1,381,15
mnfa025e2e919ce5,156410,89958c,2,160,6
mn8b277bfb7093f1,72330,44412n,1,216,10
mnb6a84d72cfc0ed,83548,24936c,2,242,11
mne2daadbcc70faa,1516,91674c,2,93,1
mnb0d73a2f437a5f,276840,26428e,0,446,15
mnbef4eaf0a243aa,342800,98055n,1,155,6
mn05a88e25aaca13,362165,69148n,1,172,7
mn9df92c81eb482e,222408,67269c,2,163,6
mnb08fd01588d8d4,360731,41303n,1,167,7
mn17478e98a322a8,370990,128378n,1,307,14
mn39f317bd5447d0,309467,8203n,1,238,11
mn3230fa908785b1,324899,12831e,0,41,0
mn5aaa64c0f2a755,205991,124786c,2,245,12
mna0c9b627dd1a8a,288018,25350c,2,166,6
mnf63c67565e91c5,10004,6478n,1,96,2
mn5347d2db1b5ef1,363514,79160e,0,131,4
mn3caf53c7ff615d,342390,83246c,2,92,1
mn7258c63bf6c098,35661,112730n,1,126,4
mn9b22cd689f52ef,16767,118645c,2,184,8
mn33bf82bb2bca19,104990,80487e,0,177,7
mn4f63ef42028117,14723,144489n,1,81,1
mn32e99edcb65ff2,287480,58041n,1,232,11
mn591ea53fe9ff5b,87554,24873n,1,182,8
mn5ef6a5e6ae5069,254066,63994e,0,270,13
mn7b64528a459933,41612,133930c,2,316,14
mnbf20b1c4153772,359127,141058n,1,145,5
mnd1d02a569fa068,26622,106144c,2,204,9
mna815dc11f6797b,246548,89884c,2,54,0
mnf7c4b8c904605f,105412,885c,2,193,8
mn173450a9ad9376,159903,40163e,0,82,1
mn45a3431ea653b4,311695,27669e,0,141,5
mn8923c90cb663d3,351650,67321c,2,216,10
mn66d9554081a054,80383,30973n,1,186,8
mna4e3f18c912555,335812,142449c,2,115,3
mnca9ae7c8c23c6d,73059,42383e,0,302,14
mnf216d8dcb52200,308855,144318e,0,246,12
mn591a2887065d3f,93129,68999c,2,156,6
mn09e3f567148e41,384367,135164n,1,161,6
mn6553d98a9199c4,303361,63435c,2,97,2
mnd2da42f6d49753,170331,45478e,0,99,2
mna7af99ecdfcf3b,229089,129483n,1,102,2
mn9f45ec5a5386cb,311403,141592c,2,281,13
mn1147b9c6284ffe,236428,81097e,0,203,9
mn72e476194ff487,346952,32512e,0,91,1
mn8acbc3eee2130b,117363,134334c,2,255,12
mn49fba3742f2dca,171425,56460c,2,96,2
mn5804374a6147f1,1984,68442c,2,186,8
mn62cff35d69419a,271421,25588c,2,109,2
mnc5d725e2ff863d,247342,71978n,1,331,14
mn1e06c7925fdd09,278682,3658e,0,103,2
mnf4b19f155c4f26,260579,115302n,1,235,11
mndda31077d848c9,94336,91725c,2,230,11
mn8847942828209f,161128,42221c,2,148,5
mn483ce844552ee9,44283,33792c,2,141,5
mnb78094ce9e9dc1,20868,59105c,2,240,11
mne7ab9d997dc42c,79494,140292c,2,308,14
mn5c6cd6cdc72f54,334332,27891n,1,160,6
mn305d519319f67c,252610,40908e,0,149,5
mneb41c816d24810,263968,134809c,2,344,15
mn96dfdd98f4591a,107358,142732e,0,62,0
mne2448bc9511b8f,237743,97025n,1,96,2
mn1ccfa7a564477b,31773,113954e,0,212,10
mn3cc5256014f690,104748,36050c,2,158,6
mnfef5a53eee524b,266714,97648n,1,173,7
mnfff972d22e8e86,79307,82137c,2,268,13
mn18bb0143a0dac5,287948,41577c,2,135,4
mn84ac3acaa69eff,22324,145120n,1,277,13
mn19e3f4a2c332cb,320539,123929c,2,358,15
mn0bd8f7d25aad9d,28327,37482c,2,108,2
mn37036dabcdfdb5,163857,23854c,2,117,3
mn6af82810891bc3,6840,120028c,2,127,4
mn41a0d83f5ba48e,346433,660n,1,422,15
mn44639b21af47ac,85743,131711n,1,250,12
mn9ab51df3e5741a,108801,128348c,2,203,9
mn5e8bc8b36d535a,214818,142741c,2,123,3
mnf9972772b5bf8b,332793,144763c,2,157,6
mnafdb7b0404ae38,303616,128513c,2,96,2
mn3f8a7c39298d4d,172745,70456c,2,298,14
mn1ac642915ad979,293908,64573c,2,241,11
mna98c236501f428,30933,121004n,1,237,11
mn781a1a70de6688,375183,52032n,1,155,6
mn8691387b734271,270583,62608e,0,167,7
mn9433298c8e2a5b,178746,135161n,1,162,6
mn0416639d94523f,367917,36763n,1,98,2
mn554a6060149795,136231,125233e,0,94,1
mnaad54cbc549bd2,318679,36145n,1,306,14
mn91ca5e0bfa21b1,24298,133359n,1,226,10
mn8e2dbcb4b3a7e4,18957,26516e,0,109,2
mn32cec230de2fad,139081,36404c,2,217,10
mn8ff074507b271e,380965,38473c,2,159,6
mn85864b4bed048c,7810,20426e,0,235,11
mne2a2003d1942bd,68420,134615n,1,425,15
mnb467bc46f9c8ff,210331,30240c,2,197,9
mn386df682a3b19b,23964,96340e,0,191,8
mn4dc24d9d70637a,190602,93998n,1,194,8
mn4250e74a0afc89,339558,48078n,1,226,10
mnb8ae8970c0a37b,276748,31898c,2,348,15
mne868eb329580be,310917,8740e,0,148,5
mn785b38b12e3b29,153372,73010e,0,378,15
mnc7fdddefcb3781,4220,45329n,1,200,9
mn34daee944fbfa3,252289,95131e,0,192,8
mnba66dea7aef8f0,60624,76568e,0,296,14
mn3ae15d29f80e01,264599,89271e,0,230,11
mn42bad48118cb9f,174686,73322c,2,279,13
mna86271493b8144,67994,74554c,2,80,1
mnf0a047ab6edf3a,268603,35549e,0,153,6
mn2210e87c810d92,188342,307n,1,197,9
mnca069ff332746e,200822,95996n,1,264,13
mn5832cf76cfc1b5,340066,94287e,0,86,1
mn1309fa483bd67f,65199,94044c,2,103,2
mn6d9146694321b5,250160,142435e,0,255,12
mnba6abff00ed8a6,198282,94754c,2,269,13
mn7c51512f21a2b1,334577,44242n,1,111,2
mn07fce584536ba1,356736,145397e,0,203,9
mn5fc5f57c162452,174896,56671c,2,216,10
mnf107b21827b9b0,259442,66872n,1,281,13
mn9edb7336c7893f,381719,91961e,0,241,11
mn42328a59782d16,166181,13171n,1,302,14
mn9a7fe20ded4ce3,63250,73737n,1,58,0
mn939277da09173e,262851,68033n,1,292,14
mn3800b4d9c5e55b,2701,123159c,2,146,5
mnf25ef9a9492dba,53167,108181e,0,286,13
mn4afce09942789e,237561,119131n,1,144,5
mn851e47e08aa8bc,72060,91711e,0,159,6
mn778192c585764a,95710,70095c,2,350,15
mn71262f197c3ebb,60885,60269c,2,184,8
mn0c4a920a6459f8,194101,68261e,0,162,6
mne16f5fc59fd10a,139355,26405n,1,490,15
mn33862cef5d69d8,98749,117973c,2,218,10
mn424db7980850d2,230307,80761e,0,281,13
mnc22da6631f7db7,304441,56389c,2,98,2
mn8a9cbdbbd14f5a,217732,12766n,1,125,3
mnf88576453ccf24,107381,139533e,0,78,1
mn14c057d1f13587,353786,134537c,2,224,10
mn167da482976773,47347,102522c,2,143,5
mn78019705949e6a,54504,6988c,2,182,8
mne97798ddec8570,314129,80908c,2,185,8
mnc7859a888fcf1f,161517,93422n,1,266,13
mnc9e560a6cf5cb9,49947,44840e,0,160,6
mn0245be8d9e14cf,165488,136933e,0,317,14
mn2a9e1f21f7610e,206729,100881c,2,459,15
mn3e3c3d4efaec3c,286920,40706e,0,228,11
mn48e53a38b59053,49939,96644e,0,67,0
mn8c8d8081466d97,299516,41817c,2,205,9
mn2bbf657f470954,213309,73851e,0,185,8
mn2fe13d6fb686b8,388817,1844c,2,167,7
mnefefe6bd3b6eb2,466,105144e,0,160,6
mn6b234c490ed472,108672,100195e,0,209,9
mncac0be6f72c8cf,45201,106882n,1,235,11
mn2b4bb7b1b96a80,199967,91702n,1,175,7
mnc2818fc7864b03,74532,67639e,0,504,15
mn545b0e9e436bb7,210825,45156n,1,116,3
mn11f852e336b39d,260094,15379e,0,109,2
mna4a7296b1d2997,200396,71096e,0,282,13
mnf49af6adbd2485,390751,139067n,1,133,4
mn42345b69693568,155420,45407e,0,120,3
mn7a9ba23aa2bef5,244754,7234e,0,215,10
mnc29c2ad685edf1,43724,64026n,1,389,15
mn64c4e6ec84c372,221424,49026e,0,115,3
mn5f8d310404bc75,334878,141885c,2,412,15
mn7b550788dc2150,229352,69940n,1,291,13
mn93ded92654ba88,211539,114825e,0,428,15
mn21b64ac68786f1,382329,131519c,2,180,7
mne415d03eaf696a,28947,126981n,1,102,2
mn2bc400d568841c,351438,98702e,0,55,0
mn3657acd1dc63da,364196,47060e,0,90,1
mn6d4dbbc6158139,210275,87400e,0,241,11
mn496055b5748b93,4128,20033e,0,64,0
mne41df93b1c8c17,360476,79169c,2,222,10
mn20c679875a6605,273209,131830n,1,262,12
mndd206671bc1ea3,284862,93724e,0,180,8
mn85e7d6e755bef7,321721,31303e,0,140,5
mn55afbd42fe8a30,378855,56316e,0,235,11
mne47cf4940c3097,167592,127276n,1,230,11
mn453edf44c52714,203608,119295e,0,109,2
mnaee559ec2bcd88,223051,108805c,2,135,4
mneac9a8ffc46fa4,138485,143860c,2,105,2
mn2c6cbbed4a6df2,148457,18045c,2,225,10
mn6cbf34103a34d2,16076,55648n,1,277,13
mndb993b9127230f,116741,95825n,1,273,13
mn3166d98537ff75,66833,13949e,0,294,14
mn1b511daa003e69,184143,116126c,2,116,3
mnf0c2d23a56787b,346403,142349n,1,407,15
mn65890c28dd7d93,42524,44665e,0,191,8
mn01efbe56206860,321813,84756n,1,103,2
mn3c9475e51c6f15,330232,69574e,0,226,10
mn4ebb2eed6d4968,264026,113910e,0,179,7
mn4cf909ccf848eb,110242,7239e,0,49,0
mn9effb147bb19a5,348877,19380n,1,240,11
mnb76f6a5adb6927,307377,5434c,2,250,12
mn6cb5f5a92cb10c,245996,125310n,1,79,1
mna7169704e527ea,151317,46638e,0,217,10
mn108903904100db,76297,42693n,1,100,2
mn9d365f99cc3ebd,391258,133018e,0,217,10
mnfabea9dca7f6f9,32199,138280e,0,111,3
mn09c0dbe6888e8f,341016,21161c,2,199,9
mn22ff2d4565ea29,64849,60592e,0,96,2
mna461b442aa77bc,149843,41031n,1,455,15
mn761f581433a505,266633,60240c,2,240,11
mn2fb2f2bdacb27b,86979,135830n,1,217,10
mn69161983344f97,137154,128218e,0,288,13
mnacf6e891f5f39a,139272,92522c,2,79,1
mnf12840c2801abb,198011,77735e,0,61,0
mnbc86c9d1ab0a7a,294615,129950c,2,133,4
mn678b97290ea633,220919,121112e,0,271,13
mn3e181766f0942e,63050,120698e,0,139,4
mn8efd7116371e93,224189,96519c,2,152,5
mn3b15d11be034f2,231748,39844n,1,197,9
mn84cecc85bd7ea8,382411,133371n,1,209,9
mn64d5e1e687ef46,23609,108834e,0,139,4
mn06136051a0054f,384211,70893n,1,175,7
mnadefdff430f7f6,259864,44536c,2,128,4
mn81275d4ee90cc0,200233,95834e,0,116,3
mnf484ce08ab0e10,276969,43600n,1,212,10
mn37a6d2939bfb8a,267421,62413n,1,145,5
mn1a6504cb31a559,44863,63664c,2,81,1
mn58195a2bac0b79,299086,19358c,2,238,11
mneda7fdc1fb5de0,94080,43602e,0,190,8
mn6114a252831c47,338704,105005c,2,163,6
mn774f2adcf91ccf,165261,48350e,0,224,10
mnce66966a4794bb,350526,14111c,2,115,3
mn45ffaef3482c36,340035,13530n,1,132,4
mn485db2a59c5823,34460,95589c,2,210,9
mn6f65497f96a087,271605,100094e,0,200,9
mne912e8ff1d9515,264470,76043c,2,250,12
mn78011032293186,360834,92234c,2,112,3
mn4f49a4c7889ead,167070,25181c,2,165,6
mne15e8c0bb52871,262385,129649n,1,195,9
mn4f90e6a4bcff35,311401,89703n,1,137,4
mn1c77c59709503f,49709,69862n,1,295,14
mn49fdf72155b118,357996,117442c,2,108,2
mn74f58df77661ca,22676,94317c,2,207,9
mn41ac354e0087cf,64761,19021n,1,382,15
mn0657fe72d55467,324882,73104c,2,292,13
mnb35b72d40287aa,219961,90833n,1,160,6
mn1eb9547df5ba52,381975,117748c,2,141,5
mnd9e95666c8ed2c,67339,35669n,1,272,13
mnc7319407d8a2dd,281307,142724n,1,221,10
mn513bda773d3af7,336645,18845c,2,182,8
mnd7c08707ca0d80,175314,131131c,2,107,2
mnfdb9c264916dc3,293323,93671e,0,371,15
mna1289592a9f6c2,119208,95579e,0,142,5
mn7c8789879c0a54,70732,131134n,1,188,8
mne56bd85d1cc96e,221752,102931n,1,102,2
mna888c1dccdb049,14197,101476e,0,298,14
mn2cefb34d186f72,292626,25203e,0,158,6
mnef6de6d1fbefbb,243536,16004c,2,265,13
mn85722e246c745c,43984,100741e,0,63,0
mn467f8b854b8eca,362396,146106e,0,81,1
mn1852eb0c4526a0,274438,40217c,2,260,12
mnb156307db45ee8,22925,11540e,0,263,12
mn4bd116cf2041ce,337752,124645e,0,180,7
mna4d66be234fa4c,295158,127072c,2,318,14
mnf595baa9b4609e,312166,100976e,0,199,9
mnd0e7c9a01c12ac,260010,31420c,2,172,7
mnba607751dc704e,294198,88432n,1,274,13
mnfe4c4ea57920a4,191513,105803n,1,105,2
mnc68157edeea736,350648,63258e,0,133,4
mnf014e0ee3dde47,336312,61546e,0,180,8
mn4d852f4669a20e,329418,5098n,1,270,13
mn77a6ef8b55186f,57706,116184e,0,135,4
mn660f6e4cfd88af,224990,134754n,1,119,3
mn29a2aac3c21066,103366,53388e,0,283,13
mne94e0afc83f6a8,148315,145739e,0,119,3
mnb302f3f448107f,389185,78091n,1,93,1
mne6f0029894763e,16535,105214c,2,118,3
mn71ac1b65138ba7,312539,1272e,0,243,11
mn49b453619289bf,224487,89389c,2,44,0
mnfd122a74554f27,354019,139679n,1,311,14
mnfed80b0a8340c6,174495,80076n,1,152,5
mn7798da5756d9e3,346709,96882n,1,204,9
mn968772c0e78840,190642,133335e,0,347,15
mnfe83a655d91994,24234,14622n,1,114,3
mn5caa9b488ac111,284098,127107e,0,107,2
mn195dfd97535048,292735,108727n,1,301,14
mnb9565be8cc1cd3,140472,113149e,0,140,5
mn11b1f601b6c16c,288969,60602n,1,158,6
mnd2f40321f8b339,136130,96910n,1,72,0
mn7219986e0a23b1,62317,43994n,1,194,8
mn3645b3a84879ab,375844,64178e,0,97,2
mn76868addc3a11c,191770,65048c,2,140,5
mn629f886ddfda00,300934,136684e,0,92,1
mnf543f73f8c3db0,136374,82750e,0,131,4
mn103100b57d44b9,195015,21647e,0,216,10
mndf8d1f0b93386e,33529,40925c,2,202,9
mn7b8983de400605,273752,136666e,0,90,1
mnd8f64caef8d9b1,88357,79960c,2,56,0
mn4c341b89af322b,291698,93379e,0,407,15
mne7c63d2bbf74f0,366962,42751c,2,192,8
mn8bf29e11d7d378,103873,97903e,0,216,10
mnd4f8ca7d302bcd,284111,54011c,2,396,15
mn2f0607975ad13a,361539,50587n,1,151,5
mn6f0d4fa30a124a,100938,47249n,1,186,8
mn87b0bb627fab67,48890,75354c,2,191,8
mnb97801234a73b2,187530,125739n,1,158,6
mnc713adcd91d845,268469,58687n,1,146,5
mnfa827f9a472c79,128007,115657n,1,359,15
mne4d4fe26f97b58,58570,14861e,0,158,6
mnec5af8ac0b957f,322056,104515n,1,169,7
mneaaa5664276c9f,89545,110215n,1,70,0
mn0c90540cc1c701,239203,64641e,0,489,15
mne7f84330cf9484,126235,89354e,0,86,1
mn3686144b7d10b5,281787,108764e,0,167,7
mn182fa4986b7c29,210016,102764n,1,102,2
mn1e916c138cbf17,32762,77510c,2,154,6
mna12936789dd15b,339512,112279n,1,251,12
mnb14e54839660a5,83541,113306c,2,271,13
mn1f96fe1f50d689,4277,43764n,1,134,4
mn64b603e4b0d203,32123,121304e,0,238,11
mn0014eba8d9b74d,317112,26995n,1,173,7
mn01dac62fa7e73e,198249,128898e,0,334,14
mncd1fa8d1840b95,333469,56360n,1,477,15
mn22615403b3b0cf,200665,123521n,1,270,13
mnc0161a0ecee714,73131,54911e,0,354,15
mn5aa761f0fc70c4,18413,27233c,2,201,9
mne43f145fd10b31,246361,12983c,2,91,1
mnf084fd7d53ebaa,292154,97575e,0,126,4
mnc3c850ed8d3926,69353,132531c,2,237,11
mne64c84c245b143,368066,69106e,0,358,15
mn9d04600efa72f9,332636,25336n,1,264,13
mn7ee500d8c1cfec,310632,56666n,1,71,0
mn6128df779988e6,292630,116415e,0,141,5
mn2eefd2860c9fb2,40534,6553c,2,215,10
mn7a8a8b35075823,227749,77677e,0,435,15
mnac2e9a0901e3a0,309907,17105n,1,154,6
mn10ddbbb4bc7795,76291,34305e,0,186,8
mn525ef25a1c1a56,30434,106776n,1,190,8
mn262490f745cd78,301336,135151n,1,170,7
mn1c688d386decd3,283050,8630n,1,55,0
mn971cb8a4c01095,177404,43317c,2,176,7
mnc6f87a8f684084,228667,54570n,1,166,6
mn49d7c97bfee0bb,264563,94760e,0,179,7
mn1403f12d5a0605,171764,32439n,1,239,11
mnc58802765da447,391708,76973n,1,98,2
mnec3cd7dba6dca6,16489,13248c,2,135,4
mnf81de861357046,116332,32183c,2,217,10
mn2392ebcbb15458,246868,81930e,0,184,8
mn42cdb6fa8a09d7,347505,28421n,1,197,9
mn014eb82cb854c4,124613,98615c,2,219,10
mn730f3d359ab039,57431,71262n,1,164,6
mn7dbaf38505afc7,154272,55742n,1,221,10
mn9b577a18abe8b5,81862,103132c,2,80,1
mnba6e8d59889dcb,372946,89460n,1,195,9
mn1ca7f5869b4ef1,156712,73916n,1,279,13
mn947e1526687479,370972,77275n,1,86,1
mn966f7a30c7e6ae,290734,61414n,1,116,3
mnde8332d56bb00b,250998,105662e,0,202,9
mn436772865fccfd,26016,78770e,0,132,4
mna482245e5945e8,66826,22317c,2,236,11
mne3ad6cd3a0f2dd,380845,131953e,0,202,9
mne2b83f682ec33e,107524,27904n,1,117,3
mn6b7e373e84f9be,21180,47386e,0,357,15
mn44dec792faf81a,19595,61487n,1,159,6
mn63a2a2c86d5263,80800,51217c,2,64,0
mna1af2d287bea1b,386578,122936n,1,252,12
mnbbae083aac36d2,119060,37569e,0,140,5
mnfd370e3bf5a42b,141627,124313c,2,196,9
mn173a828b253d3c,156191,127520n,1,118,3
mnfc6a03a0bb1c73,302716,62267c,2,157,6
mne57bd260ca7771,122679,9008e,0,246,12
mn58d65d6a97539f,218465,132314c,2,56,0
mn631824667e2dca,317778,107821e,0,79,1
mn4d13086bbe7e11,206705,89167e,0,182,8
mndd5209e2d28ee3,116378,73065c,2,253,12
mnfe6c7bfe967def,350419,90233e,0,273,13
mncd760db2f0032c,368951,33832e,0,179,7
mn1585970edd5353,223522,71813c,2,171,7
mn9367f2b9cba28c,65446,19700n,1,96,2
mnff577eeffe80f9,3959,113948c,2,206,9
mn1ef943cde9240f,14415,69984n,1,92,1
mna856335acc8c02,231201,81144c,2,293,14
mn22a507248bd41f,387868,24832e,0,55,0
mn4f6bdf7a0473bd,383642,93922n,1,144,5
mn727d71be4c79bd,305700,131024n,1,224,10
mnc5e96cb033035d,329587,33244n,1,176,7
mn26461d1af47c56,271142,83499n,1,165,6
mnf2c6d4820c7a64,362894,40134n,1,196,9
mn2ff71024b70b60,106668,81485n,1,261,12
mn5a32a2636fea40,115051,108506c,2,137,4
mn97502185f80f6b,212056,23149n,1,196,9
mneeca728d389044,363448,106763e,0,166,6
mn03351a8b2bf805,43198,110437c,2,77,0
mndcf405cb170ba5,183982,4467n,1,158,6
mn807973694a38f1,119246,15348n,1,204,9
mnd0b392dc00982b,136617,118527e,0,165,6
mn0b8e9928b0ccd9,182990,139316n,1,161,6
mn47d7561734c215,54633,98054n,1,356,15
mn1e6e4af4abf8d4,66141,6689n,1,253,12
mn1bd05f55d23a9e,197928,55391n,1,151,5
mn50a262856dbe83,27295,144749n,1,61,0
mnbe6b08e5c53afe,67373,87495n,1,152,5
mnb5c44fc8f04492,320755,38355n,1,200,9
mn80fd3ffad0ab37,289819,24642n,1,74,0
mndf93a0bdde69e5,176434,109206c,2,170,7
mn92354daa01806e,371735,124419e,0,233,11
mn3e2c55414f235c,63822,138626e,0,337,15
mn71faf0dc245fca,326611,109691e,0,265,13
mnf641946d2e2a25,302953,60847n,1,116,3
mn30badaf897ca9b,130841,99714n,1,157,6
mnf3792a258fe785,377712,127526e,0,356,15
mn38af9cd4ef08ce,44247,99998e,0,309,14
mn965631fc5f3f0c,255066,17675n,1,173,7
mn71af87afe89ff9,16692,122655n,1,131,4
mn4e7b6426cb3f24,373384,20418e,0,176,7
mn425c075d40bb52,81122,139948n,1,232,11
mn6775da3cb212d8,194293,38385c,2,264,13
mn047fec9f2f235a,390530,123529e,0,199,9
mne2d597496e8f99,147504,82098n,1,167,7
mnbae18f8eef65e8,283637,40499c,2,204,9
mn44961296794fa5,48611,42046c,2,258,12
mneb897810a51476,80075,101236e,0,231,11
mn8654104db3f078,119861,49047e,0,266,13
mn177025b34dc309,326582,124073n,1,170,7
mnf7ecaafaff0df0,230776,36367c,2,316,14
mn4c1c8c202bf183,312301,69888n,1,157,6
mneed2ac2bfb13b2,299345,126541n,1,250,12
mna5f09875b7bfab,276926,136449n,1,257,12
mn3261846ee695da,389696,84990c,2,151,5
mn3c9e21c9c25d19,270244,17536e,0,155,6
mnf0653dccce9df5,81988,73397n,1,302,14
mne14f41a2ff3549,230967,131682e,0,163,6
mn07ec2913c48226,387062,74301n,1,136,4
mnff9bf0308fb77b,137307,22853n,1,152,5
mnc7cb0f0d9e0ded,286407,121539n,1,197,9
mn8978cf71d03591,303495,61158c,2,117,3
mne985ecbd88684d,190450,35888e,0,232,11
mn40b44f86b09b03,204854,99551c,2,197,9
mn517c66d439862e,14571,131181c,2,236,11
mn841a58c8c5bfdd,363746,119162c,2,90,1
mn61a5d68711863e,187256,97061c,2,90,1
mn54f41bda5904c8,363463,26224n,1,183,8
mn46fdba130bd192,308536,69894c,2,249,12
mn6d9d1de042deb0,96790,30293e,0,179,7
mnff48503aa12bde,245748,83970n,1,132,4
mn32f2353375fad1,287352,6997c,2,194,8
mn2a54d1d0683a76,350841,82781n,1,211,10
mn24df701d9bc6b7,192841,80857e,0,295,14
mnd9eef1342df002,265868,96333e,0,175,7
mnc4fd6a68e0bea1,298803,88930n,1,180,8
mnb292b3f4c814d7,366125,141990c,2,240,11
mnedf57acd4c7c45,35336,76892c,2,188,8
mn3bba84fd77890a,41949,68834c,2,160,6
mn8711629aac1f0e,363771,38832n,1,291,13
mn4d479bef4d1a91,111597,34414n,1,125,3
mn5dc3109add9fe3,276514,70814e,0,319,14
mnc0d1d55e27da9e,166571,73357c,2,244,12
mnd621d323f1cdff,155246,44049n,1,96,2
mn12a7036b0795ce,33804,37918c,2,127,4
mn5a495ed118316d,40939,54446e,0,165,6
mn9d708dcb676a3c,255692,128676e,0,262,12
mn6746f5af09bae2,362493,104406c,2,186,8
mn4f68628bc7886c,105073,122781c,2,180,7
mn59090037458083,151301,23783c,2,139,4
mnd0678c2c52c6cf,128614,143739e,0,122,3
mnc7d0f6fef1534e,719,56860n,1,214,10
mn1c66ffa980bfc2,231391,37410c,2,188,8
mnea4b602b967ad3,213858,51620n,1,215,10
mn685c126774e4f6,23348,12448n,1,162,6
mne8d97fc4309652,215851,1498c,2,163,6
mn5dfd94d1bad0f4,149963,99390n,1,190,8
mn48ed4a591a0f0a,370273,71903c,2,240,11
mn2c38c11bc2449b,126400,139147c,2,177,7
mn53e0b4dd9091c6,206621,87349n,1,165,6
mne9f8eee4263dff,62274,7530e,0,299,14
mna16e8aab4cee68,44695,92523c,2,115,3
mn27c06afca9d6d5,64992,58679e,0,93,1
mnfa40e22a7f65ca,227581,33798n,1,160,6
mnebb79e5cfcba4e,36677,141629c,2,127,4
mn8aeb3288f32149,387459,101124e,0,531,15
mne5a2d1c27cadf4,198654,31136c,2,193,8
mnd737cba4be29f9,289435,122559e,0,202,9
mn28818fcd838684,124043,40572n,1,249,12
mnb173423bf1b4b4,180438,93393c,2,398,15
mn8c2bbd8a38443f,185387,111345n,1,141,5
mne12026388ea9cb,216979,13493c,2,145,5
mn8e2a0e4fe26ad6,76362,44850c,2,295,14
mn1c6dddf14da2e0,78525,112291n,1,208,9
mnf5232729efd80a,184622,13600n,1,95,2
mn3cd4470cdca211,188007,26444c,2,171,7
mnbafd9887fe7010,265409,102737e,0,147,5
mnf2bc9cbf0370cc,160604,33154c,2,361,15
mn304a85d60b9a37,108323,28516e,0,136,4
mn3fa0d4bb421385,275916,105083e,0,295,14
mnacd6007d86db56,258493,30346n,1,111,2
mnab536623f06fa5,352036,60067e,0,265,13
mnbb226227fab86d,37248,31201n,1,306,14
mndd8b6add294eab,163667,12320c,2,246,12
mn0b7176b3977f8c,103755,73588n,1,195,8
mn64b44676a37ef1,191819,102103c,2,182,8
mne741be7185f9bd,284089,48339e,0,175,7
mn00bf53df91bc13,11144,40725c,2,326,14
mn882c9214801f53,266838,93706e,0,92,1
mn58de645960f2c6,290482,41360n,1,108,2
mn598b1c5b3af792,118586,138093e,0,425,15
mnd811a201a96c59,228353,86944e,0,273,13
mn20109daca6d11c,384327,85156e,0,143,5
mn04e77a1e02c5cd,76808,65262c,2,356,15
mna86773bf4f8345,302268,46572c,2,231,11
mn2548ca49e81dbf,354018,69936n,1,171,7
mn5b53383c8479ba,147254,144373e,0,180,7
mna43d94eb765033,4909,16624c,2,76,0
mncb4d8ae1f3dabe,338217,26842c,2,86,1
mnb31e2f59aa20d1,159763,82017c,2,61,0
mn9463939afdc1ba,27911,45972n,1,138,4
mn206cc3bb98e984,344192,36849n,1,134,4
mn97eb9ef54a10e8,318414,52407e,0,104,2
mn2fdb2726d5a225,353421,13454e,0,243,11
mn537e5b15cf8bba,185735,7083n,1,221,10
mne3e6251f10db1a,27400,89842e,0,75,0
mn124192779f196b,8904,90606n,1,330,14
mn9518449897e788,244558,57139n,1,241,11
mndc686546bca91f,315105,35034c,2,247,12
mne14e56266fc0f2,389160,124463n,1,152,5
mn1d2ad18907f591,346762,111194e,0,106,2
mnc5b8a6ed9183b0,322388,67589e,0,145,5
mnbc8e717c52604f,46523,6068c,2,170,7
mn175ad6124e97d0,288576,136776c,2,146,5
mn88e4b69c86d0d4,324353,13001c,2,137,4
mn2eb5b5f85e482a,294800,135635c,2,288,13
mnf90876e2bd4bcd,133008,51888e,0,406,15
mn2e5fc55ae8c02a,261842,58121c,2,114,3
mnded7c862745c92,25209,53460n,1,225,10
mn0c8938f30d5d00,28693,126216e,0,146,5
mn90e0650c2282d1,27625,24316n,1,90,1
mn5c79cbd4d8663d,337178,47861c,2,117,3
mna16d4c5c3e1791,344401,73144e,0,139,4
mnfe86852362d6f2,166452,26072e,0,352,15
mn4089587b704d44,24936,50381c,2,249,12
mna86607effdf4df,195530,71315c,2,130,4
mn9a2bfe593a362e,295260,10336c,2,249,12
mne0262d3701fe6a,356405,95487n,1,79,1
mn6401d98baad932,4014,31783n,1,828,15
mne416158911f23d,107647,122072n,1,208,9
mnd7396a7f2052a5,323970,132472e,0,105,2
mn29510e20d0f42d,234218,67163c,2,94,1
mn74ee3facfdd91d,351183,2914e,0,278,13
mn7d5131c052171a,178912,107133c,2,74,0
mn3e965d3bc59233,246471,36593e,0,160,6
mnc8032f599c248a,89971,33180e,0,295,14
mn0192fadf58fc92,86306,85522e,0,375,15
mn1dd2e5bcc56693,370082,27495n,1,234,11
mn8b0beb06df034f,376678,8556n,1,173,7
mn3206c9905a93f3,85625,97286c,2,47,0
mn5f9854e7942915,343994,76936e,0,218,10
mncb7d6b8529836f,79891,123431c,2,64,0
mn8b19f49c0e4112,140173,41910e,0,326,14
mn4432d874ea53da,113381,78547c,2,264,13
mn3f3721430b1415,185925,52410c,2,211,10
mne3c8478aa811c4,174447,76460e,0,96,2
mn7f70d4b671b1ce,87447,133541e,0,254,12
mn96938bcd9cc9b8,108012,85280c,2,176,7
mnb0fef38b43c1bb,314561,110874n,1,200,9
mn6d8b3c3d049458,86365,139552c,2,295,14
mn7e0064c32da12f,231814,87198c,2,211,10
mn25e2e4a65f5d76,3130,86047e,0,145,5
mn6a6cb9bec25d7a,299183,136813e,0,172,7
mnfe025c514f167a,329521,82928c,2,113,3
mn5fd5f0bf233654,267790,26745e,0,236,11
mn7caec8a74ac923,98044,29712e,0,103,2
mn1fc63c571417f9,295096,28499n,1,227,11
mna42282da68701a,219811,101752e,0,56,0
mn60ad93dee172f6,202154,93512c,2,169,7
mnac0fa597f81dac,69509,26598n,1,120,3
mn640e9be44fa1ad,292193,129031n,1,193,8
mn2d616920c8b177,140429,91173e,0,159,6
mn326a81931e9067,195659,136542n,1,258,12
mn058df4e0d061b5,262817,113507e,0,253,12
mn0baff8152baa41,194757,126628n,1,230,11
mnf88af0e042130d,251977,134736c,2,238,11
mndee3599f99fbac,370198,90082n,1,145,5
mn6df1a7e0a615fe,6604,145714c,2,185,8
mn61b3f6b23a0d9d,146835,87957e,0,304,14
mn9190e123c7747a,306158,3636n,1,115,3
mn3cac532ff739af,274396,97719e,0,161,6
mn7be37ff060d4e5,112021,74894e,0,286,13
mn3ede5c9619039b,47116,83496e,0,185,8
mnc32f005e8a361d,98532,132038c,2,205,9
mn728775557fbd2b,148156,87598c,2,96,2
mn5c15f5fa11d30e,190966,143895c,2,259,12
mn482665bbc00a29,46403,54651e,0,121,3
mn4f5d73e437541c,240765,24576n,1,314,14
mn2a47673c77769e,116605,78726e,0,146,5
mn12ba05b4ad2bc4,281766,21771c,2,120,3
mncfbd5f3fb434b5,31807,89398n,1,125,3
mn4b01ea371bc859,254955,44101n,1,192,8
mn6e3a77e1315ca6,368581,3138c,2,201,9
mn25b07478e4028a,196342,4227c,2,126,4
mn83de55caae4516,178632,4359c,2,261,12
mn034a58050ad83a,41510,125375c,2,156,6
mn59e957c57fe229,23400,10066c,2,399,15
mn653127660ab797,120830,139429n,1,288,13
mn2c09879bc4eb0f,247487,115405c,2,223,10
mna6588eb6e8e3d1,181959,63430n,1,304,14
mn3b19032898b3e1,65709,4739n,1,213,10
mne3ca18328ae958,143641,1813n,1,141,5
mne2e49862252efe,97493,128461n,1,592,15
mna60fe4767ac1ec,45190,21661e,0,69,0
mn73d94e118c0dc5,16848,143981n,1,426,15
mne4d45784312098,164378,142492n,1,260,12
mnd33070207506c8,244771,128502e,0,311,14
mn6c839ceef7897a,201554,141125n,1,209,9
mn3173d8774f64e6,274420,41353c,2,438,15
mn5e29bd9e0cc5f1,256945,93649n,1,113,3
mn366c49649ddeb5,16650,138578e,0,246,12
mn1f45a91b2a75d9,291723,63841c,2,143,5
mn345776c0179a7b,185348,49965c,2,98,2
mn62400b338bd0f6,103144,115473c,2,107,2
mn71f17e8ef5e1b7,35599,117239e,0,157,6
mn77fbb8b6bc0eac,225418,78638e,0,188,8
mn847cd7f6461108,213816,27049e,0,82,1
mnd4ecda9948d3f6,173734,51797n,1,148,5
mn5353c43c322feb,28457,101046c,2,239,11
mnee2608344ed75a,95129,68796e,0,277,13
mn21101f5547d130,111562,131083c,2,187,8
mnaa459410b45a55,234405,106252e,0,104,2
mn6bfb8411582d9f,260521,88411n,1,336,14
mn7c5d388d7a2489,160343,44573c,2,111,2
mnadee2ecdafe8f1,257358,4840c,2,198,9
mn3a220eb65dc82b,271451,4297n,1,109,2
mn70b9ddb1320c78,53324,110772e,0,80,1
mn1ecac548a11128,273575,76796c,2,268,13
mn34b492ca1c4508,40227,123736e,0,166,6
mn23649c0bbb5282,254033,55330n,1,168,7
mn261d22072f7a4c,31008,111212e,0,157,6
mn274be60931b70e,277358,23029n,1,154,6
mnca33a5cb9cbc5f,271668,55788c,2,91,1
mn2b82cfaa2326aa,119529,48681n,1,175,7
mnfdb1119840e8b4,294068,66605n,1,320,14
mn1ea1990ae71405,313206,104325n,1,150,5
mn8a33e6406b0bb3,194389,137300n,1,160,6
mn07df8ec350b41e,146512,6870c,2,236,11
mn3c93849c3fdede,295452,2926e,0,103,2
mn083c13cc68b33c,305429,96094c,2,287,13
mnc10846b18ec55c,197604,11365n,1,138,4
mn64244559c4063f,102681,95563n,1,232,11
mn088f7bf60a08ea,48546,86883c,2,111,2
mn515fcf1af44a96,207248,113948n,1,192,8
mn80b3a6852aa8ae,98215,16594c,2,167,7
mnff3e4014968cb0,30827,947e,0,232,11
mnefcad280124256,306886,30740c,2,188,8
mnecf62481ea6529,96110,117242n,1,154,6
mnaa16d6201ab490,172998,90063e,0,208,9
mneb1784b29cc97c,332246,37468c,2,57,0
mnfd011bf2e3b3a8,197018,122025e,0,88,1
mnef169350495f88,382873,33258n,1,229,11
mn1cd053ad633bf3,146220,72489n,1,144,5
mn602aeaf83a2be5,58372,2402n,1,149,5
mn11d082792b67fa,7230,51256c,2,194,8
mn5646c588c1110b,263960,101697n,1,136,4
mnc7d0ced1f99222,274493,142815e,0,161,6
mn5df0c0a893b2f4,208257,108004e,0,193,8
mn17a48b255c5c39,337781,12998c,2,91,1
mn9f10c3a3919016,105685,11546e,0,358,15
mn583796c8342db8,80857,83745c,2,145,5
mn3f0acc13fb8c06,368689,40020n,1,219,10
mne28ba3f5e7d88c,190917,18913n,1,112,3
mnb059f12c3eb7ee,64496,69144e,0,244,12
mn19a6ef28aaa674,293242,33347e,0,244,12
mna59b9481e75098,237070,63734c,2,83,1
mnab788bc8203778,325291,115761n,1,163,6
mn7c301594e329eb,103336,33768n,1,85,1
mn8c6b4fc489eb4c,949,43774n,1,340,15
mn2e21d629f9ab22,73197,651n,1,161,6
mna101120d96cd52,19528,106506e,0,121,3
mnee0dbaab5b266e,90789,47894n,1,174,7
mnc32d44db36a98c,257608,91044e,0,109,2
mncdb4cae2b2f384,343869,120513e,0,130,4
mna5e3b8ce548835,48913,76096e,0,214,10
mnbce29d5fd3f008,192246,100427e,0,130,4
mn3a3b91c2212f8e,256736,88052e,0,284,13
mnab1683347abe6d,108800,86338e,0,123,3
mneb4c2779f7ae8e,232731,89796n,1,174,7
mna0bec20a45dde4,293315,30430e,0,149,5
mn2fa29a8fc001af,7342,48370n,1,284,13
mn4840062df83fad,162159,90374c,2,192,8
mncc515373dec94e,133248,113722e,0,373,15
mnd85afe6e884622,359710,77772n,1,162,6
mn2be1900abb6236,101235,120690c,2,363,15
mn134102bd553341,43450,61057c,2,199,9
mn2cf2e62539243b,106118,29150e,0,189,8
mnb656c239672d3f,1194,75666n,1,89,1
mn93cf66e3c3c9f7,16025,55245c,2,329,14
mnc10afa262bf04a,78682,66887e,0,198,9
mn11473fe2ecb080,116444,37351n,1,130,4
mn1036cf632e2a6c,87776,40770c,2,258,12
mncd13bec93ee8b6,19200,65719e,0,92,1
mn8923430323c981,44053,63948n,1,196,9
mn4a2a497cc1b8eb,379601,90391c,2,246,12
mnc4d70a6d3d0bf0,308851,48700c,2,193,8
mna2252e744ac253,135848,100033n,1,275,13
mna04a47e9dffc29,11886,127650e,0,210,10
mnbdfb16f37ef835,349390,88796c,2,246,12
mn040ab4be9d3832,224716,16316c,2,191,8
mn8b73c120ef4bde,190961,20593n,1,206,9
mn9b580ec8cad38b,349710,143801c,2,232,11
mn812d117fa0d6c8,53125,140784n,1,194,8
mn049d7d62021e89,310134,136406c,2,48,0
mna5670fc3b2fc7e,51930,78796c,2,217,10
mn174d85e180d2e2,122614,5851c,2,89,1
mnd4f25f5bcdca0f,327938,122120c,2,323,14
mn1286707ca07fdd,357276,119344e,0,126,4
mnc467eb48fd506a,274791,96372n,1,73,0
mnc6f6ed53135451,234053,47306c,2,196,9
mn3e0b9cf2edf5d5,192967,146174n,1,179,7
mn9485483fe58580,10033,20071c,2,153,5
mn421d9b1032067c,177307,6460n,1,216,10
mnbca301d6675143,352525,51828e,0,236,11
mn0338f47456e8f9,127541,131604c,2,149,5
mne5ea692ffbfb6f,219693,3783n,1,116,3
mn1d838f632838b5,376027,39891n,1,241,11
mn605b81490c1612,222161,72285c,2,91,1
mnf6b8a336669493,216224,131143n,1,249,12
mn8ae9d6ca358007,186605,53007n,1,176,7
mn10338b2f92481f,196922,145213c,2,144,5
mn4d97c27c13d819,217347,76278e,0,101,2
mnae4a4ae8b5fa38,197423,72120n,1,402,15
mn6362fe8e903412,96714,141536c,2,198,9
mn68c715cf5277c3,8307,20204e,0,212,10
mn6af3ce3991e087,383507,76002e,0,119,3
mn6447046432c998,325855,75912e,0,139,4
mn2ac652a533c150,194228,91271c,2,56,0
mn8f25c016ce62c3,258928,34301c,2,343,15
mnd8f010d74d7eb3,34151,60321n,1,364,15
mncabeab11ee6226,85617,106089e,0,75,0
mn861697e05b608f,18055,103636c,2,78,1
mnc1c95ebe5f5d36,33018,11471n,1,176,7
mnbc182b0f1f3c49,31331,134320c,2,217,10
mn114999528a4424,52306,1665e,0,185,8
mn1145a444d23179,260187,32419c,2,111,2
mnb6bbf665dba4a0,284110,145229n,1,231,11
mncb2ead9cb27f33,181458,144985e,0,84,1
mn07ed30947cb767,215898,3920n,1,200,9
mn3acf7388196ea3,298547,102810e,0,294,14
mnfbba22c66a0a0c,2823,120247n,1,179,7
mn59e28df37dce01,267878,52972n,1,164,6
mn00ab0795dd54c8,267897,19492c,2,293,14
mne0ab3566e93431,167292,56413n,1,263,12
mnce70808043bfe6,7558,100958c,2,236,11
mnb6ba4f0073d8e6,179491,79117c,2,221,10
mnfef90402a4ea0b,243086,134798e,0,61,0
mne75e4ab06b6bc4,228335,145370n,1,214,10
mn1d59eea6cf2a1d,135933,7518c,2,288,13
mn52dac14ea1d07d,75455,125777c,2,110,2
mn21a1738ac5e976,188871,20862n,1,308,14
mn5cb54023a47872,214274,108689c,2,180,7
mncf9f55d81ea7fa,115747,84896n,1,173,7
mnf2fec22dd44acb,272976,92216c,2,154,6
mnb76c2f9f860a31,95378,76615n,1,242,11
mn16427867de42e1,79632,137711c,2,232,11
mn491d7e846e2665,16663,97180e,0,94,1
mne8c78c26e0f3ae,337031,13439n,1,320,14
mn306b309962a41d,105670,89684c,2,154,6
mn167ed3f5fa821d,94187,61686n,1,178,7
mnd815f7757de239,96279,84294c,2,201,9
mnff2de851ff32d7,228162,37117e,0,83,1
mne23ccf63a36197,267025,136841c,2,163,6
mn3feb1c7ac4bd03,15456,112223n,1,174,7
mn1ccb932d858259,260969,4454e,0,108,2
mn78db3c4794d122,247633,27836c,2,171,7
mn69cff5bbb4ce64,323005,22812n,1,182,8
mn581c7ea523a049,186271,125006e,0,351,15
mncb2a1e9955709c,102565,79784n,1,230,11
mnf3aef7b4d4126f,166163,125813n,1,265,13
mn555696d9abd1c2,300267,61170n,1,122,3
mn7d1ebf65946e01,191795,51365c,2,225,10
mnfccb9c7bb9bd6d,63456,61888n,1,241,11
mn8abcfb7d9158be,250172,37339e,0,248,12
mn076ed2880dbf39,142272,67484c,2,178,7
mn762da80a77dce5,237723,10218e,0,205,9
mn305c5074e503d8,273835,36568c,2,205,9
mn4ca449c6c49a72,29246,8617e,0,159,6
mn5b7a3872d2c1ad,94270,60558e,0,632,15
mnd0f5bb02859661,322456,21936c,2,306,14
mn233bd82547cc7b,21440,13283c,2,81,1
mnfb0a99dc7ec379,130370,77332n,1,208,9
mnd8c269932ea8b5,268587,40215n,1,355,15
mn7b94ccc9daa8ee,336559,106846n,1,209,9
mnd1088b7809074d,192971,38247c,2,101,2
mn275158e8e64a9d,352044,59121c,2,80,1
mn6642c861a4cb47,220074,45235e,0,303,14
mn260e0a1d2d922d,84248,118672n,1,99,2
mn3822d2a835885b,195426,15275n,1,245,12
mn10e4073f0915b3,100415,61152n,1,154,6
mnbf183af242ceef,241211,117349n,1,214,10
mnd8e1c7be9c2139,291781,10883e,0,112,3
mnaf9566b90e0ebd,308106,46892n,1,102,2
mn6aab7a9d20c2d6,227054,3274n,1,114,3
mnc5498c59dd3df8,91799,41814e,0,130,4
mne3c219b5c3eb15,316363,33574c,2,291,13
mn4e62d81ef6ae9a,952,122552n,1,198,9
mn9e595db8246a93,284911,28533e,0,204,9
mnef7bc80ed82305,131740,77254e,0,134,4
mn08a664390a9e31,369497,105961c,2,163,6
mn5c2973bfd65a96,349011,61336e,0,64,0
mn63d61da7adf0ba,324597,21741e,0,244,12
mn40efa72a02f68a,88504,144279e,0,186,8
mn84942d12439d8e,372603,63365c,2,258,12
mn378acd09c518f8,115206,126771c,2,156,6
mn119506754f0aa8,86923,7202n,1,279,13
mn1a67ce41c61bf3,208299,64909c,2,99,2
mn51521b131d6b23,150468,48693c,2,222,10
mn7682bed77c789d,86784,88919e,0,267,13
mn4b5680c9440a51,33894,143113c,2,174,7
mn7b5ae623f46ef0,9645,67969e,0,201,9
mnb1cb5063ed3a5b,346473,78822c,2,92,1
mn01e83b726997a2,354682,87623n,1,168,7
mn2cffa4add64ad9,114364,103299e,0,139,4
mn2d768032c4a9eb,30074,94858c,2,195,8
mn31d8be33f5ed51,38713,54848n,1,292,14
mn0d412239ecbe32,231595,77291n,1,168,7
mn40d84575883a2b,11481,31521c,2,87,1
mn63c2396bb9f2e8,143194,41040c,2,142,5
mn20c39ba4699f3f,34010,34494e,0,137,4
mncffd8e9cdf8e05,239824,109800n,1,242,11
mnbca7617a315812,234097,35807c,2,163,6
mn122fdf29876296,292032,70696e,0,162,6
mn37f8316b06fa97,237683,66706c,2,103,2
mn87b10e21082b28,61740,47366c,2,256,12
mn507798d542ed50,78357,96469n,1,147,5
mn0932cae0b525d4,235042,47985n,1,139,4
mnb92097d8a77c56,360633,54713c,2,177,7
mn5d5968a851caa0,228127,106550e,0,234,11
mnb2af50536db398,348692,86592c,2,111,3
mna8bc971a62c7c7,185730,83931c,2,221,10
mnba7adc8d1a2895,45037,18238c,2,216,10
mn5e48a40390c1af,261314,120134e,0,167,7
mnb3ef013c5527fa,288512,92258e,0,252,12
mn08ffbdb330e50a,184035,34284n,1,233,11
mnfcef92df132e95,11662,126872c,2,194,8
mna3c3f4e0e70afc,167098,139480n,1,126,4
mn974c95328910a2,258058,136169n,1,185,8
mnbaaace52217779,186292,118611e,0,116,3
mn8b6c56af733f2e,208913,86297n,1,498,15
mn1dfac18753a680,71691,9938n,1,79,1
mne068c2b78ec0a1,343412,1317n,1,330,14
mn6839f89b7a300c,144272,135445e,0,350,15
mn8b241b86fc42b7,324474,6863c,2,440,15
mna42b03ebd3390f,236603,40459e,0,75,0
mn2db62ad2cc440e,201965,100255c,2,160,6
mnf5dae5c1600a08,78542,50240c,2,196,9
mn2bdc14e4408962,209611,63516c,2,215,10
mnb7a069913684a1,124048,98255n,1,117,3
mne71cf14d27ee9d,167682,8997c,2,217,10
mn0e36dbf9687bfb,317032,83258c,2,105,2
mnda66efdba41b84,19550,102858n,1,240,11
mnc8af98fb330581,279995,8115e,0,222,10
mn940a19c0900e81,297710,110024e,0,223,10
mn037330015f73d5,359458,113558n,1,157,6
mn1cb23bf065739c,64420,30386c,2,164,6
mn36669d41ba6843,27858,88193n,1,183,8
mn25c50b339f1694,12171,123801n,1,79,1
mn440f6d8d2775dd,285850,67170n,1,138,4
mn9f98cdcd7c4390,293386,65040n,1,209,9
mn15eca2f5db95da,10849,24398e,0,163,6
mn6d2a850c98fd29,253195,15067c,2,77,0
mn20bb7f5820eedd,251784,64875c,2,136,4
mnb525257ba1e1e2,23931,110650n,1,211,10
mnce6fa47ff56f26,211516,83897e,0,327,14
mnf67cf0a8c9b572,285254,118147e,0,193,8
mn3ca0d189d47ff9,325739,139339n,1,142,5
mn224ed6b31e043c,45992,39966n,1,121,3
mn52b81934ce3ec1,101530,28927c,2,115,3
mn479d9fc3b4e579,49177,77734n,1,176,7
mn246c9c7539e8a4,29653,134991e,0,130,4
mn7b3d8f40cc871b,203149,114565c,2,217,10
mn728d335bd05e29,93584,142076n,1,56,0
mn4491727ffaee59,97622,46857e,0,206,9
mn056e52f919900d,136812,124275e,0,315,14
mn9362d2516926a4,350181,76975e,0,77,0
mncf7a8ff7753317,310741,9159e,0,155,6
mn1cfd1abfa339ff,200706,101427e,0,344,15
mn1706fcbcf0a905,72281,72393n,1,175,7
mn057db8e79e3d59,249394,943n,1,58,0
mn36162af6b48739,365628,113267n,1,96,2
mn59cd469506220e,70042,131684c,2,167,7
mnd140fa8be41828,16275,60059c,2,50,0
mn289dfb03945ecd,315886,144749e,0,52,0
mne092f8992519ea,28082,95896e,0,172,7
mn788ac5b2193de1,303296,135126e,0,229,11
mn6ce876a8da2740,288711,14789n,1,222,10
mn77cd5c62b78128,373595,23655c,2,235,11
mnb9b085ad7c0530,135845,68874c,2,128,4
mneef759c047b420,264780,82212c,2,284,13
mna92ebecdb48836,238068,64273n,1,205,9
mnc88be1bb023802,10750,124822n,1,159,6
mn0c40eec41290a5,233579,105458e,0,263,12
mn418395971c6526,94098,145696c,2,200,9
mnc71054b773ae11,337638,138425e,0,258,12
mn2ee824ae680930,5390,114860c,2,133,4
mn29f5a4fffbe405,80429,16357c,2,84,1
mn0f31e0c298733c,382769,56110c,2,250,12
mnf11eb2716e1492,254754,138559c,2,107,2
mne8e6ad23fb3472,363552,85931n,1,185,8
mnd7b5c18c914ca1,64034,94096c,2,172,7
mnc8420b0494ddd3,294075,67157e,0,48,0
mn74553da3bd1a11,190058,43668e,0,198,9
mn7f6c44f6318e50,208868,127231n,1,217,10
mn4f4f27f87d4bdc,71789,43955c,2,335,14
mn5bd6ea713eaffe,388890,29461c,2,167,7
mndd2d1960333e8b,371467,68791n,1,245,12
mn6cf97b3ac4eaae,136265,59291e,0,201,9
mnb99957f88bbaf7,142798,104039c,2,91,1
mn028e2571f64ccd,27264,3957e,0,255,12
mn02280ae7442d10,191717,52346c,2,357,15
mna3de6db42fbf4a,120969,73854c,2,243,11
mn4dbc1168d520b5,374376,11643e,0,281,13
mne9e6e00a02e030,190449,143762n,1,214,10
mn619dc4665f6b66,336245,43749c,2,53,0
mn77cf0a76f234c5,174304,10236e,0,219,10
mn78a461858ffa43,330643,36782e,0,59,0
mnc5417c35476a27,6615,87162c,2,126,4
mn3fc22310784a9e,45519,126856c,2,143,5
mn63ae9f669ad779,167388,15045c,2,190,8
mndcad22c2aa88d1,73261,79222c,2,177,7
mn0461c04d0f2c6f,327605,681n,1,130,4
mne7122e36dd0a8d,135254,82840e,0,352,15
mn2250576514b806,256031,51817e,0,402,15
mneddcfbe8c0ea67,20651,92056n,1,244,12
mn06078981ed80e0,334907,98880n,1,260,12
mna1b75924828ef7,150841,102131e,0,179,7
mn20096b81b50a6c,238703,94216n,1,151,5
mndb1c08ca1ad2fc,74750,140930n,1,165,6
mn57ac9a8b982214,189294,36647c,2,302,14
mncc569f1069ca95,232823,39785n,1,161,6
mn48a4b15ee8eb69,132877,75372n,1,128,4
mnfa1066b5e17c22,62915,124126c,2,285,13
mn03491b606a0e2d,213146,143163e,0,148,5
mnf64b0921b4c6e6,257216,28463c,2,98,2
mn2e8548c165bc97,186739,91020c,2,228,11
mn78cb154b4d2e54,351030,124819n,1,214,10
mn51d2f11a7c3ede,301080,141254n,1,160,6
mna1fb2895e528ba,186908,131234c,2,189,8
mna5d44eb849588b,377801,8670n,1,233,11
mnddf5f17cc73f1c,25399,41602c,2,304,14
mna5792a723a63ed,297631,104400e,0,194,8
mn0e3af188b66aa7,194593,63197e,0,201,9
mnd692290da9ebc5,276098,65844n,1,198,9
mn6fa4089d70a036,212325,8016n,1,214,10
mne5898827aa02c0,6010,137170e,0,388,15
mn288bd4db1cc9d3,155698,106898c,2,151,5
mn37e230a972bc18,148662,119604n,1,91,1
mn3a8d0b493e7a72,141917,10697e,0,207,9
mn34cbb517352923,102472,87669n,1,210,9
mnfb16c87d106858,69378,128347c,2,124,3
mnd669a15d1b3b9d,185456,127941c,2,102,2
mnd766a5ae0133ce,352137,41311n,1,221,10
mn42f16ba4932c4e,72854,97474e,0,248,12
mn7455a590c9bb4b,30491,68531n,1,165,6
mna2935acfe5248d,67932,45104c,2,142,5
mnfe0026ae29d40b,228712,83096e,0,208,9
mn5f818d65d2a70e,212010,47303c,2,182,8
mn91a12ad2372d74,34986,102555n,1,80,1
mn9dd7931acc477a,75850,8984e,0,234,11
mn85a5c7aa2fe375,140707,282e,0,96,2
mnee4837045f1bf4,101394,14526c,2,227,11
mn0e55ba06c0de34,172501,134212c,2,136,4
mn52f8928a73953e,240675,36323c,2,146,5
mn65f1fcc4d9952d,180169,9864c,2,143,5
mn8833b909aa0fd0,97770,137868e,0,203,9
mn5a9b703cfa00ff,383793,28901n,1,424,15
mnc2c4e05d4b9b77,98247,124076c,2,90,1
mnae47e2a11e0a5d,381059,46248e,0,80,1
mn83b12f0de36e79,196341,126810e,0,211,10
mn2e3e438e9b0767,269119,121931n,1,151,5
mn53d11b41745d6e,239393,17788n,1,165,6
mnebb05df9c52c2a,363818,140321e,0,88,1
mn1f860b5c60cb7a,243432,11718c,2,229,11
mneb9d960601f22b,378819,121984n,1,225,10
mn834b6df5b6c7de,385972,116454e,0,313,14
mn4b06a60b28f8ad,336157,114039c,2,556,15
mn0e1a134a198ff9,391908,119787c,2,132,4
mnd615b301c791ff,377347,42537n,1,161,6
mn27749e13046525,78859,35023n,1,173,7
mn82108586a8c945,254180,36460e,0,172,7
mn567474bf4ee797,129712,117147c,2,102,2
mn5dee542a975ff7,375042,5321c,2,311,14
mn93af6bba45b97f,360209,140602e,0,242,11
mn09e4a133034c96,94759,130382e,0,116,3
mn8772b6ee4f6a29,54494,29965e,0,281,13
mn37e4b041757ef9,48312,46652e,0,91,1
mn8f07ed16b4d2b3,176290,25989e,0,225,10
mn85b206a52fece5,246710,123765e,0,184,8
mn1eee7c618b3058,296507,136238n,1,597,15
mn5d5679a0508415,110459,72098c,2,198,9
mn6dcfd2a57ae9a4,63900,101992n,1,148,5
mn1a168bf96fb496,200078,84552n,1,196,9
mnc8f0cd18c93c1c,312681,114294e,0,228,11
mnfdf8ad4f62ba10,204606,138290c,2,158,6
mndb55bd44e579bf,158858,76916c,2,205,9
mn6d40cc2749d9f3,237841,42801c,2,304,14
mn157493772fcfb8,149519,47987e,0,223,10
mn4c6d920a5e542f,154657,134390n,1,257,12
mn2eb1de740a9301,128412,71734e,0,170,7
mn9fd177046376a0,195338,29629e,0,411,15
mn8c919f05bdacd6,31869,106484n,1,144,5
mn23bf993bf5b852,4594,82441e,0,116,3
mn2f6521432bb981,34049,10002e,0,101,2
mn2f4df221899f4c,317223,3313c,2,215,10
mn0149812e72fd67,210297,134587e,0,221,10
mne239d613c4749d,251439,69298c,2,163,6
mn5952e34eaf8981,193658,137530c,2,204,9
mn8dc2a99d43e8a1,102880,124032c,2,434,15
mna30a10988a7897,205438,79359e,0,57,0
mnf1c0d53f7d5b01,366863,34784c,2,118,3
mn7179888e9bb002,66659,67696e,0,203,9
mnc7ecd9503dacd8,61236,52384c,2,45,0
mn93e976c1e204b3,47049,121525n,1,155,6
mn2eff9282e8d996,115762,105256c,2,121,3
mnd85e6342ecf05e,228245,95698e,0,121,3
mn4b692b0e66fd18,31195,130312e,0,77,0
mn20dba25cad6cc7,134998,1832n,1,193,8
mnc319ed970a7258,125546,44448n,1,152,5
mn2d9b4347917e3a,88282,133650n,1,308,14
mn01311363ba3a1a,156764,54022c,2,152,5
mn04f52dc53b9da4,76377,117377c,2,378,15
mn564082a12ff759,363341,21219n,1,198,9
mnf204bfbb5f5bc5,156909,7489c,2,214,10
mn4d803e3ed74be2,103509,59397n,1,195,9
mnc9b2c5c053731b,325546,75473e,0,316,14
mnd51855d752b47c,148995,102881e,0,232,11
mncf274503d526fa,58736,34e,0,245,12
mnc563225340dbe8,109059,6385n,1,308,14
mnd2478e89702258,277250,3430n,1,189,8
mnfab402a079f7c5,307414,68406n,1,77,1
mnbf9d5dfca683a2,91547,48393c,2,93,1
mn47ff4aae31247b,254339,102356c,2,157,6
mn06b020431a294e,361104,48843c,2,217,10
mn9ed942828d8116,118829,8410n,1,200,9
mnb8036104d301a9,218225,107442n,1,127,4
mnae6764d2d15251,127428,87380c,2,122,3
mnc7233bbf082684,328625,28609n,1,95,2
mn30c67382d6a282,10947,75386n,1,264,13
mna1b5b81203a53d,171729,30039n,1,243,11
mn0b2e2649a05322,345250,108078c,2,127,4
mn9d1c74316e2889,50381,105487c,2,187,8
mnc5d5b511e11cf8,25018,81798c,2,69,0
mnb5043891495e85,121175,135202n,1,216,10
mn895da012a29457,241692,124104n,1,97,2
mn40dbf8e4d15496,220968,70826e,0,213,10
mn1597c068d500c3,125811,132117c,2,81,1
mn600467aa335861,204824,115684c,2,144,5
mn25e4f00a33ed9d,133400,17226n,1,90,1
mn1e1ea68f9102d7,116550,57735e,0,330,14
mn5a0b9c1bf15797,74061,130075n,1,68,0
mnbe09286a947d88,156473,24595c,2,250,12
mnfebd1d91734e7e,271478,2172c,2,87,1
mnd12fd3afb15627,108912,5076e,0,51,0
mn286cf90d72e5ee,159136,117310n,1,136,4
mn4cd62f56f507b6,266940,129666n,1,411,15
mn62b0cec16970eb,254880,120950n,1,247,12
mnba130aebcfe628,125035,131985e,0,168,7
mn9e2edf7155f77b,130322,108116n,1,224,10
mn4334ef4c5438b2,376636,86424c,2,154,6
mne49d551596b43c,273995,135988e,0,302,14
mna5253086aa8e81,95763,27024e,0,270,13
mn8a7f2b30628f25,158561,143964n,1,219,10
mn4ffbc5ca39edc0,149493,130656c,2,121,3
mn8c44212d7093d7,383951,11234n,1,85,1
mn037047f22f3991,262714,42833e,0,282,13
mnd90b892e3f89f4,314927,71999n,1,244,12
mn634b9926d315db,189837,73091n,1,192,8
mna518301191fe37,136591,36057e,0,297,14
mne3ab13b10203e4,241981,24173e,0,284,13
mn3783b7448aa65c,369246,43140n,1,123,3
mnebaa7204ff7bcf,83057,128665e,0,91,1
mn081e36c441e5e3,181714,25236n,1,192,8
mn01487e9ce3073b,154883,137214e,0,59,0
mnca25ca746707aa,240121,84637c,2,280,13
mnc719098371b6d9,6230,6885n,1,150,5
mn4d4a4f78fa58e2,278439,105906n,1,211,10
mna605f897eb695a,11888,87280n,1,131,4
mneb993d4376f28b,233008,56783n,1,56,0
mn9e32d897ac9db8,67796,48443n,1,204,9
mn686e422017a22f,391033,75756c,2,119,3
mnf6ce178f3bc300,28984,106445e,0,70,0
mn10b594c05a8c59,110332,49606c,2,276,13
mne22a7e496b6c18,290041,117143c,2,146,5
mn901dfb1d6b3524,335458,114936e,0,80,1
mn56a221931de474,108379,63554e,0,192,8
mn4885534ee1b42f,180136,22072e,0,199,9
mnce36a7eb5c0c5b,37336,24177c,2,230,11
mnf29ea6d8cfaa3f,369108,136625c,2,130,4
mn7e50c68b87833a,143617,26129e,0,64,0
mn1d51c496b6804c,144340,122873e,0,167,7
mn477d3127519547,66384,83475c,2,130,4
mn32b8f874a149aa,18834,2827n,1,281,13
mne73d4c16951b1a,65861,24076n,1,259,12
mn71a2228d208386,375108,33710c,2,397,15
mndcf66474db50ec,76642,20287c,2,208,9
mn6503359a6e9e6c,139871,37969c,2,105,2
mn67cf79b6434b4d,83188,93479c,2,113,3
mn12f47e1bba3bed,79699,106525e,0,214,10
mn3daea20433416c,112739,110285c,2,82,1
mnbf05a12805ef50,251851,69219c,2,172,7
mnc0aa19c28edb8b,337478,126592e,0,97,2
mn1d0f95f0806172,179931,62352n,1,288,13
mndad2ed55d0e59e,240847,50080e,0,454,15
mn3840242fc19c68,187077,84161c,2,481,15
mn9c7eb8a4e12a80,356537,25302n,1,172,7
mnc2b62850c5fead,61872,67346e,0,56,0
mn68b986679b9451,119430,135736c,2,105,2
mnb2ab8bce464e88,102414,73850e,0,195,9
mnb1b68f8364b3bc,28801,38429e,0,201,9
mn85d6f586d27526,167495,109167e,0,240,11
mn89dad32d435dc4,49515,60429n,1,206,9
mn75ceddcdd4c2b2,97695,94897e,0,235,11
mnccbf3c98e28cdf,94091,76377c,2,182,8
mn3632be59f2a6d9,72780,106169e,0,78,1
mn1133f69b19e7eb,67456,63620n,1,181,8
mnb299cf9e4f42eb,72377,94116n,1,281,13
mn742530a6a327ee,321576,59970e,0,94,1
mn60f5c0bfa7d5bd,231892,115504e,0,119,3
mn660fb1e68059db,365360,129802n,1,185,8
mn833e12b85ecf74,4221,145097c,2,144,5
mn7f79d0566912c7,263115,140671n,1,233,11
mn05987b0e387392,134112,68005n,1,136,4
mn2e2a159a240728,78681,39178c,2,352,15
mn6c452ff8bedb4c,234018,27461n,1,148,5
mnc2f8f89c4cef0e,339105,109382e,0,93,1
mnfb4f5b02843622,32704,105477n,1,169,7
mn984bccea4596a5,177764,46515e,0,136,4
mn11e3d9f738bb4d,226089,80104n,1,116,3
mnc92a930f8a66fa,191151,77386n,1,303,14
mn088dfa9b018ba4,232618,37157c,2,252,12
mn5920a6a46892f9,7873,48991c,2,281,13
mne61d8f9fb2afa9,249269,111525n,1,348,15
mn61a69a532b7f35,112603,52698e,0,240,11
mnd59b302844b3cc,204240,16756n,1,250,12
mn325c5797729718,174384,109277c,2,146,5
mnc972da6b68b1e8,99543,142689n,1,49,0
mn3f7de7efe6ea8a,93650,135674e,0,91,1
mn03b8073c4c94e4,352640,29339e,0,124,3
mn50c180dab9e6a5,114166,108078n,1,113,3
mn9c6bcdf5d25340,95213,124377c,2,114,3
mn39f3f11fb501c2,178103,129460c,2,231,11
mned7ccb7d584e79,371287,44805e,0,197,9
mndb1534b82c84f7,366085,68677e,0,166,6
mnda1467d498f206,247081,145628e,0,189,8
mn12907942648727,258268,47168n,1,184,8
mn2c8a60ea2fd2fd,288656,30898c,2,221,10
mne49d18aa6ddcc8,213624,84636n,1,202,9
mn3c565a4d3bb3d0,154607,70837n,1,104,2
mnc9588e61dadf0a,12170,107790c,2,90,1
mna6522c7931ec43,104473,125447c,2,228,11
mne04813ceb630f0,218707,78771c,2,217,10
mn2cf228fb885c02,102679,81323n,1,106,2
mn0dc3463601201f,372124,99436e,0,213,10
mnd5a33b2e38c1a2,47249,24589c,2,321,14
mn7b3272369a544e,193385,136570n,1,95,2
mneb5a943de34179,258939,65089n,1,278,13
mn7294705f7a3ada,365086,44927c,2,332,14
mnee676223361f30,285756,43918e,0,161,6
mnc04a7974761aed,346056,81181e,0,159,6
mn0c9a22d79f7cfa,59423,65406n,1,199,9
mned170afa532c73,95553,121999c,2,377,15
mneeb58031066b4e,190999,139859c,2,101,2
mnb24424aab9f75b,259187,69267e,0,240,11
mnf64fc80a2e3218,38841,65633c,2,187,8
mn884c0a641ba9f4,312769,34899e,0,243,11
mn51cb9d224bfc2c,72427,83277c,2,143,5
mnff7a0278b2d73c,383183,124873n,1,95,2
mn3034b9c84e7ccc,123026,12655c,2,240,11
mn3fba1686aedd53,171450,49369e,0,302,14
mnfac92d3cfa5fac,229078,128922n,1,259,12
mnda7852aee1edd5,246449,49387e,0,69,0
mn107b5b8dce09b3,339736,83589e,0,137,4
mn86716f18d5266f,87326,80184n,1,206,9
mnaaa60bf608f2a3,22330,102996e,0,251,12
mn7ab55dea8e52b8,210586,44608c,2,227,11
mn78e2d4734d6b09,126239,17167n,1,312,14
mneffc2cb7d055e6,277399,47863c,2,202,9
mn38012a421ecf23,100661,125472c,2,116,3
mn2a6abf570a30b3,124267,94895e,0,103,2
mnb581bf8c89cf3c,78467,92140n,1,230,11
mnf842ff58ae13e9,108821,23811e,0,63,0
mn0c95119c7376f2,295983,146036n,1,159,6
mnf7910dce17a062,319607,97844n,1,395,15
mn0ae53c7472974f,204602,121108e,0,295,14
mn14b12dd49c4833,278574,71241n,1,269,13
mn1da84118fe9d19,114205,44730c,2,102,2
mn122776ba275d99,280134,105789e,0,104,2
mne1bf724188930d,227078,19739c,2,211,10
mn036fe66080b05c,7332,104963n,1,157,6
mn66393f24d92ad2,170054,59900e,0,199,9
mn4044a06ab2fee4,83201,100776n,1,144,5
mne9cb8186a1c9a4,355980,51695e,0,231,11
mndccffd6d30e763,115318,136652e,0,211,10
mn455e5927221c6f,126351,145112e,0,139,4
mn4b598942781c3f,159674,79918c,2,282,13
mned281bc513eae3,163637,6376c,2,77,1
mn2f34f78d3114e5,210386,122659c,2,125,3
mn30d3750b49a9f6,275121,52417e,0,263,12
mna42fc3072d26cb,80221,88376e,0,209,9
mn9c6e17b99646b3,185774,101717c,2,194,8
mnabedc77260f664,64837,130498n,1,158,6
mndd114172ea4441,123553,18564c,2,181,8
mn3cbbb890367167,321624,88683n,1,204,9
mn17fc03786b584a,339674,71834n,1,149,5
mn2b1d6e87c36e81,71750,86031n,1,134,4
mne4d0622c725102,331989,138691c,2,85,1
mn8a79ed9344b4ef,125414,102006c,2,180,8
mn91c888269ddc35,76607,136804n,1,257,12
mna102c4a7a52369,368626,142876n,1,344,15
mnce9c774b1a2e00,199348,98214c,2,180,8
mn6fbac004a5a700,148000,119882n,1,368,15
mne0ab738a7396db,236006,35612c,2,145,5
mn8155f3dd02ddec,147646,109596e,0,236,11
mna5087fd459d546,62904,73636e,0,127,4
mn82bfb14db662d9,231557,119284c,2,460,15
mn78bbbbd0ead611,304657,145251e,0,70,0
mnaf38b82394b2e9,184963,1226n,1,77,0
mn2e0d881f37d585,174890,57577c,2,58,0
mn6361ebedf326f3,157282,33978c,2,298,14
mnd5d0ae1859320c,26912,48919n,1,168,7
mnc39b35e05c0769,166199,138038e,0,186,8
mn355b6dafa05161,271873,29653n,1,124,3
mn3e41f212bd2c02,306581,52472e,0,410,15
mne69ffb70c33267,43634,44893c,2,76,0
mnef7eb654e1f7ff,212519,40336e,0,86,1
mnde1879bea28e11,94251,57371n,1,224,10
mn07fa78a401b00e,352482,4432c,2,262,12
mn677c5a8098e550,238684,6140n,1,289,13
mn918a123ecf717d,196831,88854c,2,119,3
mn3f0f74d3317ab5,187222,67676n,1,134,4
mnddfdcc1b1db07f,227873,116941n,1,71,0
mn85b386d270fccc,139385,67016n,1,217,10
mn7d6e08126c28b9,7048,69625c,2,82,1
mnd15c7cb5fca972,97751,76770c,2,125,3
mn81f13890b17397,52383,59154n,1,236,11
mnba1ede5accbac5,181126,26381c,2,206,9
mn92931a6721a886,218221,32270c,2,241,11
mn7ee91955d22172,234051,1598n,1,230,11
mne309ea7760123c,64100,102443n,1,312,14
mn5a575ea607af50,313194,22784c,2,162,6
mna07e2961e899c9,38768,51503e,0,530,15
mnedd0fcf60e7990,343166,74698c,2,140,5
mn60a8b893ee7913,31042,12359n,1,244,12
mna67d0399e801ad,338479,13774e,0,375,15
mnd05bb614bad314,84640,110292e,0,272,13
mnd21bb8e92d6b32,50060,53954c,2,276,13
mn161669c3c5c351,4033,111969n,1,216,10
mn31999fb87c9fc6,16648,141077e,0,245,12
mn0aef51218c84c9,216623,94066e,0,243,11
mn6ddcd627e2d4b5,41990,60869e,0,195,9
mn6f124fce9e4cac,377762,62421c,2,166,6
mn36f0faca62345e,322169,89007e,0,255,12
mn22a16b95243e58,196117,67088n,1,157,6
mndec9fe6e9f2657,260684,60840c,2,163,6
mn3426ee927ee07b,223942,105729c,2,314,14
mn521c379f85e480,25601,11746c,2,238,11
mn4cd65f7a625875,378151,137392e,0,116,3
mn5a88383a9d2e55,156651,35637n,1,249,12
mn0f7134ebeed636,208539,126966c,2,48,0
mn0c9cc67925907f,30492,16902c,2,116,3
mn369646c2ffcf22,376518,11883e,0,99,2
mn304d579bd8bb0f,204664,104974n,1,157,6
mn1642cda0b39e6d,149721,121090c,2,107,2
mn3ced2ed596564e,137107,51554e,0,211,10
mna2c936d9d35273,219009,37014e,0,45,0
mnd2df38b605c65b,5965,84618e,0,272,13
mn3aeec7da6019ad,81144,108971e,0,245,12
mn3a0e371fe26fa5,391003,54085n,1,414,15
mnc6591a53a6e1e4,297413,97591n,1,67,0
mn9cc16fd0fbf185,218654,53764c,2,228,11
mn6f14bced1c682d,10809,146023c,2,118,3
mn3371c0a22fab48,380614,142369n,1,375,15
mnb62faecd510340,18702,27391c,2,135,4
mna889a09886f213,158512,36796e,0,244,12
mn2afc4603918030,149440,23950e,0,142,5
mn1eddd5d25091aa,167860,76680c,2,184,8
mn04b627fc7d6655,294486,135754n,1,201,9
mn21d978d51ca716,22690,81160e,0,314,14
mn2669f0eb90656f,245645,29340c,2,219,10
mn7dca98ea9bfba0,241465,145757e,0,67,0
mna7ccbad32be33a,85591,34806n,1,127,4
mn42a4c35ab5b49f,230120,133853n,1,88,1
mn63a9e0abdbebc5,95630,97385n,1,231,11
mnd891a1fe4fd617,373370,138373n,1,438,15
mn8ba5024f4a45bf,227716,105453e,0,174,7
mna10be2b033c9a1,188943,21783n,1,325,14
mnf558e1e1792a31,108143,46898c,2,342,15
mn4f60cb46c6b85d,126278,9129e,0,61,0
mn191d56de3037d1,317117,116724e,0,214,10
mn73568a679c77f6,46203,10383e,0,245,12
mn19ba4f8cb25b91,366891,110868c,2,165,6
mn22ae30170f1e57,246819,46037e,0,267,13
mn721a6a4674aef9,252935,96662e,0,237,11
mnb49b10442adc63,346078,55375e,0,179,7
mn0c2de9beeef2eb,99860,45635e,0,137,4
mne73cfcf123de8f,170853,53787e,0,121,3
mnadbe0f999f57ab,82235,55900e,0,209,9
mn2472748812997d,258884,3917c,2,475,15
mn06d950073291fc,176783,63044e,0,117,3
mn140f1ab2d756e9,226739,104779c,2,252,12
mndfe04642908f7b,391068,54418n,1,308,14
mne68e56ff41d7e0,157391,103935n,1,153,6
mn31adc825b72c17,231173,121557c,2,222,10
mn9d1981816c5c85,17677,50705n,1,210,10
mnbbcb597a1ae45b,314044,56654e,0,87,1
mn5ab462f666c38b,281055,31228n,1,147,5
mn74a6e3fcbfb141,361332,87102n,1,220,10
mnb0e8db0549ad86,161098,29236n,1,183,8
mn8d27d2cdddfdcc,139543,117955e,0,120,3
mne6f356749ba72d,82894,74344n,1,112,3
mn5de047a7aa9bb8,360490,47343c,2,126,4
mna6ee0d0f9677b4,301430,62154c,2,125,3
mn7231c5bad13dfd,141786,28094c,2,246,12
mna7c948b9abf2fc,187295,35899e,0,310,14
mna85a7f4819cd7b,310600,115565c,2,221,10
mn7b4db657114e46,257428,63461c,2,248,12
mnbcad33bec1bfb0,97920,141959n,1,168,7
mn188e9979d216e7,119416,89099c,2,129,4
mnd7502f47e1fa4a,143227,99739c,2,119,3
mn7ad3c472648cc0,62043,69194n,1,399,15
mn4d1797997ef393,279737,8175n,1,218,10
mn7f654576432d9f,80544,36219n,1,162,6
mn45e8768a21d5e0,135242,81950e,0,51,0
mn73d3b3c364b198,283763,76449n,1,98,2
mn1051bc8c21c31b,198306,57537e,0,96,2
mne9998fa1cff542,43303,86453n,1,174,7
mnfd278c8f2df18a,43368,118623e,0,168,7
mn1da059bfa1674a,27896,126536e,0,261,12
mnf4999dede23683,124647,112255c,2,354,15
mnc2e0f23a3d8bb8,38817,79177n,1,363,15
mn6c81764679944f,111539,130863c,2,393,15
mn34a122d38ab7c3,325158,106775c,2,224,10
mn1c23edf5eae7a9,65523,138063c,2,248,12
mn60834d5ebdcd0b,201090,61677n,1,75,0
mn03ab47d08889a1,73490,128487c,2,69,0
mna147b133378e5c,273466,72908c,2,184,8
mn2aac0ea2df5df8,291878,4799e,0,93,1
mn8674631f50e604,48843,108572e,0,156,6
mn25d1d67b96173c,5201,1019c,2,128,4
mna5309ce346f32d,236744,51442n,1,170,7
mn2dacab1642edad,99344,83205n,1,165,6
mn8071029adfc4ec,68251,74406n,1,409,15
mn16cb8c34bfaeef,224166,75262c,2,114,3
mnaad13abadd3791,106956,5552n,1,126,4
mn28e6793454b53b,27747,130418e,0,208,9
mnd8f416268e8955,189087,80684n,1,283,13
mn7a83363fcf6225,23792,84616e,0,161,6
mn03ef3794db492c,215134,53469n,1,85,1
mn63cbcbe3e844a0,212134,81946n,1,85,1
mne83210bd436efb,46586,87444n,1,88,1
mn529b8bd8cd1a2a,328464,115433c,2,285,13
mn62294cd8d36437,379756,82296n,1,182,8
mnab2f4189e7775e,71902,1665n,1,244,12
mn589357207f890d,173067,111021e,0,166,6
mn9942c112f2929e,44013,44876n,1,254,12
mnead303a96d6241,1533,8679e,0,156,6
mnf1e29872c794ba,379528,43969n,1,265,13
mn677d62ff09548c,68348,14969e,0,218,10
mnd37b9c82a5f661,234312,81660e,0,195,9
mn1c7aa795de0a75,314418,283e,0,135,4
mn9534be158b69bd,32425,126024n,1,163,6
mnf0ca1f4f043611,36898,8729c,2,138,4
mn4c87df0a594294,349746,21976n,1,196,9
mn1495ca5e4764d1,240259,54365e,0,106,2
mncf748413f07ae8,259025,65845n,1,333,14
mnfdd06aa6d74e81,139663,136348n,1,215,10
mn43243360c73c62,139717,39124c,2,220,10
mnfc2f9ab6b31e52,42506,64693e,0,241,11
mnca293a2bfe5cc0,302435,41146c,2,360,15
mna2b77b9363b6f5,130764,63283c,2,117,3
mn0510783e925faf,367962,34509c,2,104,2
mnf52e05697e9daf,358862,96086e,0,152,5
mnaa17e96a1d07e1,303498,100271c,2,258,12
mn2ab083f0a9fc5f,201264,59753c,2,95,1
mn533979f1c170a5,130596,132664e,0,108,2
mn2649987b349c71,27875,99307e,0,304,14
mn9078cf84e73bce,88340,126629e,0,124,3
mndb0065bba33da2,75701,144311e,0,321,14
mn5c67a4ea7f2aa2,257773,139286e,0,234,11
mnd57ac36aac877c,207253,59660e,0,381,15
mnfcece288b3cec2,130750,66578c,2,491,15
mnb5e24e599cc0e4,146926,129708c,2,130,4
mnd8606271cdaa1e,71350,121931c,2,119,3
mn4cac0ee6de93c9,206162,142107n,1,289,13
mnd4de70ccb78e8d,105784,28576e,0,267,13
mncbffc81fc48372,734,100039e,0,320,14
mn551c3aac4c738f,104719,65020c,2,105,2
mn90d31e3ebb2bfd,344352,93581n,1,161,6
mnb82f9f014a2332,90509,52067c,2,260,12
mn418293413c0d2d,348205,27302n,1,129,4
mn18e0dfb0cb149b,149949,21455c,2,121,3
mned5c7a77858715,285799,97786e,0,331,14
mn2cfa3b0ebf0c8f,169408,139619c,2,191,8
mn529dcf4a2dfd05,227175,63590c,2,83,1
mn4ed1b3903a4a16,63819,44132n,1,201,9
mnd5da2e0a444b34,153508,10546c,2,103,2
mna550a1ec64f0e8,42139,8183c,2,254,12
mn30654047aee199,326054,111650n,1,249,12
mndbc14fde53d789,307825,114819e,0,117,3
mn9a72e699d0acc9,73178,1183c,2,140,5
mn4e15d224ee1b2b,103544,145958e,0,159,6
mnfb3b144ea07bc2,352023,143739n,1,141,5
mn4a31868bc8c487,177776,18245c,2,82,1
mn66760c355e1a17,174394,2739c,2,231,11
mn1ad7ec291c0fae,284273,116508n,1,185,8
mn73123875d50b04,96977,93409e,0,71,0
mnf0f4217aed21f7,186830,7571c,2,107,2
mn4366209c5e181d,266584,63756c,2,258,12
mn417338ed3c8420,363416,44345c,2,194,8
mn7d0f868312bea0,380801,15578n,1,71,0
mn15b62d3685fc4f,262801,19438c,2,223,10
mn49b07887f35379,19665,108466c,2,120,3
mn906c4a3e7f5cd0,219372,19567n,1,491,15
mn8bbd7b68d1ddef,254773,106738c,2,289,13
mn3596cb6e19a22a,160599,79554c,2,410,15
mn92149b58ea5c70,335774,54706e,0,132,4
mnb36009ec18b6df,215771,38379c,2,478,15
mn43e36d79efdbc4,164472,96724e,0,338,15
mnc827a00090b62a,67726,97077e,0,406,15
mn3df8fc50007258,339070,10865e,0,839,15
mn083f75950f9930,339824,74359c,2,154,6
mn697d7e66e1b041,269134,22015e,0,271,13
mnf1813e27bfac02,118557,104465c,2,146,5
mn8e15f4ec16888d,299292,26661n,1,257,12
mnaaa9389babb209,255553,2884e,0,149,5
mn4f00dcd3492486,216707,133892c,2,332,14
mn5c00ff30ec0ea6,137252,23955n,1,470,15
mna9225c2e468542,167366,13175n,1,237,11
mn7cc705e66a3169,159159,82001n,1,240,11
mnbb31671582e627,1193,31986c,2,472,15
mn5720e565da8bae,280095,68840n,1,339,15
mn35444e43ddafe8,263619,142921c,2,244,12
mna10e861a8140d3,380964,103047n,1,248,12
mna52ee846aca6b4,247386,128493e,0,224,10
mnd073076e516160,141990,44851e,0,59,0
mn9365a5c5d862b8,182318,51096n,1,102,2
mn29a2f7f35e621e,109895,89222n,1,181,8
mn5c23bb64e81447,334747,25525c,2,119,3
mn415eaecb87ca20,241433,23324n,1,229,11
mn2848138029405f,95197,39800e,0,240,11
mn592afd34c35f60,385822,48016n,1,172,7
mnf97f51d51951fe,205960,144129e,0,249,12
mn0a840b23970e1b,317348,108478n,1,220,10
mn136e90acc5fc82,300224,53610e,0,268,13
mn3de3863fd081cd,237344,82236n,1,188,8
mnd732eeb890e545,246583,66466c,2,276,13
mn6b564922bf5317,128761,25747e,0,89,1
mn4da7134f14a1cf,91067,85883n,1,138,4
mnfc2da99ef20b50,260338,84558n,1,169,7
mnd589d9fde39926,85136,142077e,0,191,8
mn687325826fb1b8,155882,112414n,1,178,7
mnb88077c5548359,345019,29159n,1,235,11
mn6a43d1cfc63440,288688,133637c,2,165,6
mn05ad9c2a4c2b1e,154423,103273e,0,166,6
mn5b8e7a38cab327,26877,14257c,2,223,10
mn7cdc4a820c6d06,3677,10470c,2,104,2
mn431cdb24f0e736,376883,35882e,0,114,3
mne2c1c2b80d4385,370983,6328e,0,227,11
mn79d6651dd2ab06,285064,2997n,1,161,6
mnb2cfaaedc9acf3,277598,23999c,2,93,1
mncaa90afcc353d9,176659,59146e,0,305,14
mn124789a334d84d,161666,11178e,0,216,10
mn66b79ff1bd9234,363603,51733n,1,113,3
mn67750c98b0bb1b,184701,130031e,0,242,11
mnc781ef55417098,29925,20801e,0,112,3
mnd13106b2978755,150299,40227e,0,95,2
mnbe968718d03a45,187913,78895c,2,134,4
mn40e80d6f79104e,262081,45170e,0,84,1
mn8aa4c85320ee14,62104,27990e,0,63,0
mn7b0c53f9ecda08,235619,66752c,2,160,6
mn8a8202da806e90,46999,34359e,0,231,11
mn0008f4c719ab99,54218,122567c,2,219,10
mn0eb348283bcac5,178123,23622n,1,177,7
mn5c123ec1df2d6c,302697,43078c,2,98,2
mn97d920c9856da3,146053,44570c,2,128,4
mn689a87a7a00ea7,181916,70197c,2,231,11
mn92d65f72b4b32c,298941,46151c,2,78,1
mn9df407c9a42337,386062,111500e,0,213,10
mn7b042a9b64363f,366777,64904n,1,234,11
mn1add65109a6c2b,51586,93700e,0,304,14
mn0fe46dd02f979f,376616,88687e,0,208,9
mnac9e864ec7f85a,152577,5616c,2,59,0
mn0af80d8f6a0e72,90756,43731c,2,118,3
mn189d49c42e33aa,5308,16693n,1,123,3
mnb0c386afe0e6e9,311352,132223n,1,75,0
mn9619da85f5da05,189498,111040e,0,289,13
mn752480dac8b9d3,195047,36869c,2,246,12
mn83508efb713453,169536,98596c,2,55,0
mn59c580dda5ec51,382532,74749c,2,258,12
mnaaa3b7b80ba830,314817,88587e,0,172,7
mn232b2144334f8f,110514,22410n,1,82,1
mnc9ec7461ddd5e2,316711,90271n,1,110,2
mnd0bbc4ecc5e997,327999,26088c,2,92,1
mn11fc3c188a0cf1,71926,104612e,0,72,0
mn9821eeedbb423c,49929,52552e,0,336,14
mn853265bfe9eeb8,206572,23897c,2,112,3
mn00546f154f47f9,218836,93792c,2,87,1
mn80bf51f33262a7,382903,116495c,2,234,11
mnb431a380f68dc5,392626,14758c,2,179,7
mnad76f78c610057,149985,126313c,2,215,10
mnd1a1b269f5c5c4,104644,113419n,1,320,14
mne55147077989f8,254068,79557e,0,183,8
mn8373b7933d7853,335058,23370n,1,241,11
mn58fa4f68ac829d,250062,89853c,2,196,9
mn4b60be77d24078,180542,63325n,1,190,8
mn7182d9ad43f067,233223,108961c,2,216,10
mnc22511f7b51a48,109058,69918c,2,116,3
mn8ef831a02d52ab,391340,90017n,1,233,11
mndbb906ba7f65d8,62457,144329n,1,99,2
mnb580b6155c5430,269641,140351e,0,101,2
mn4facae51b0ec7b,239906,6056e,0,151,5
mn5f7278b9a28e4a,210346,17680e,0,120,3
mn8f0f9de6ec6584,180482,27509e,0,296,14
mn4b32b709cd2e74,30665,117862e,0,178,7
mnca1b60d9d2c0c5,119592,97775n,1,217,10
mn4c401b02ab492a,83745,100769n,1,327,14
mn1faf85632bbb61,82812,67858e,0,99,2
mn8ee2f4856aef4d,115374,101952e,0,144,5
mna496373fc290e9,133596,132278n,1,89,1
mnb9e80b09a670a8,148521,29023n,1,173,7
mncd965b03ee622c,359224,68028e,0,172,7
mn5077e17684b48c,296477,46554e,0,76,0
mn00ffebe1e56cf0,357516,63914n,1,180,7
mn4fffe9c3ba65e4,79515,44533c,2,160,6
mn97a17522be69c5,28040,32827c,2,205,9
mnbf89ce6296fbba,57982,55052c,2,95,2
mn7d061e32e59220,240769,42936n,1,48,0
mn6b38fa5d9e57f8,246700,112287e,0,192,8
mnb058d00e3264bb,321258,42013e,0,284,13
mn75bd2357e9fd4f,121075,41764n,1,53,0
mna8353f0f6bc754,98098,63780n,1,164,6
mn89f59be7f2c679,280496,50990n,1,69,0
mnbf0d53f254968a,233162,40646c,2,362,15
mn971c8d430e6951,298773,103078n,1,138,4
mn185079567415b2,28357,127660c,2,175,7
mnb5b0edead6315d,195697,6678n,1,141,5
mnd00cefaac03b54,353933,112864e,0,119,3
mn1021d7218858cd,294243,51833e,0,190,8
mnea514aa5543ea4,53933,11833e,0,143,5
mn3712abc18af47b,90841,133024c,2,147,5
mn44e2b197850428,339080,70697c,2,98,2
mnf5d82aceba4205,38940,114055c,2,165,6
mn36a828e6f895c5,85810,42269e,0,110,2
mn83746275f5b5c3,312159,137553c,2,94,1
mnb75ee9feef2976,147983,73887n,1,133,4
mn4977d0d9ec57f6,328059,89128n,1,159,6
mnee004ce35cffa6,135550,52796n,1,57,0
mn5d3f73bdecded5,249749,136287n,1,80,1
mn2e144c6b2c6381,15118,54356e,0,206,9
mn9977a3590869a3,270503,26414n,1,95,2
mnf85c9dc05d6607,162037,32935n,1,209,9
mnd717f18eb150e2,278985,1764e,0,222,10
mna4fd66299fd184,209672,130177e,0,233,11
mn360206ae46fb0c,84671,52731c,2,117,3
mnfa877118e6cfaa,112828,18435c,2,86,1
mnf23dd3cdaa378c,349659,25966n,1,260,12
mne00e886953afc3,232307,36345n,1,91,1
mn7694167f60c280,208367,93499e,0,71,0
mn5cd78bf7577bcb,185568,51352c,2,118,3
mna56b42a755b8b4,268414,4980c,2,164,6
mn3353747dd74063,158183,98890n,1,313,14
mn1292faa35d5a0e,303889,71184e,0,383,15
mn002187c3383d1c,278218,92295n,1,209,9
mn6d8760cc5a765b,331321,10317n,1,110,2
mnab2690b95a9883,86168,26601n,1,116,3
mn30620fc9530137,240648,661c,2,288,13
mne6e28c42bf1e0a,129780,59496e,0,268,13
mn083a5f42a04377,5867,66840n,1,198,9
mnf510e0b0be2bd4,144674,94377e,0,359,15
mn7f05721262f280,319525,55291c,2,216,10
mn134405c642d983,191327,55346e,0,248,12
mn4861708bbaf566,378226,98626n,1,117,3
mn1b99b4ab1fb295,251964,2865n,1,194,8
mnd42133421b9031,314983,91194e,0,144,5
mn8181bc2d6b8569,175320,35669e,0,243,11
mne5bd37bc360308,79480,128063c,2,236,11
mn83214469638d7b,134629,72770c,2,48,0
mn69f376047267f1,178138,78803c,2,123,3
mn6cd834b8f85bcc,78394,134765e,0,316,14
mn12e2256d4e38ab,58403,118699e,0,132,4
mn3caf3e48a0ecda,277603,19982n,1,339,15
mn447575b73a3071,357574,114664n,1,144,5
mn146f6b4db6fddb,170229,38219e,0,290,13
mn9b2dd16bbd8c54,386997,20096n,1,189,8
mn1744948e600095,210958,96454n,1,202,9
mn196e611f81bb4c,352018,79874c,2,130,4
mn343944f7947daa,210606,128059e,0,193,8
mneb7a241f13f7de,134964,55476n,1,128,4
mnaad9bb18885c50,266362,94354n,1,245,12
mn779591d4c3f22b,290214,55497n,1,120,3
mn4e724a387aaabf,156503,7944c,2,201,9
mnb0216d178524f8,391137,143815n,1,89,1
mn6a3a66e8c8f346,390223,80294n,1,201,9
mnd0102e1cb170d9,273893,107136e,0,110,2
mn205cdacc096d42,345003,9714n,1,247,12
mn89f9b2e7133a81,39613,95683e,0,145,5
mn295f657ccc851d,218346,119672c,2,179,7
mnb816fbc124ef56,331526,9579c,2,93,1
mn3ec0a2562bf51f,165399,89428n,1,361,15
mn7db245c83227bb,11815,36852e,0,144,5
mnd259a6a26ef510,8741,145062c,2,176,7
mndaf8a9e5cc2702,391281,129372n,1,252,12
mn75dba513df36d3,78098,116749e,0,192,8
mnaa0d025d032988,58589,68933n,1,95,2
mnd55120b33d2fa1,342191,78307n,1,151,5
mnd9c574b9c9604e,191725,45958e,0,156,6
mn0ddc70c2cc3943,85604,144121e,0,250,12
mn1b384c7b329a84,377164,94882e,0,245,12
mna31bda775f3390,176639,57765c,2,309,14
mnfcb0b94f5f5e5e,259956,104141e,0,143,5
mn5370fc81077c73,41152,58116e,0,122,3
mn55dae951c5bfc3,5714,127580c,2,114,3
mn34cc82288dea5b,316164,108105c,2,264,13
mn4d959ff006f2f2,152210,124070n,1,222,10
mn2d937c080254ec,311959,33561c,2,376,15
mn27b9de65541729,134382,85478c,2,178,7
mn8bd8eccdf9e8d1,160737,86666n,1,399,15
mn3687801781c0cf,256969,17155e,0,107,2
mnda2ad62aa1d8fd,122118,108910c,2,137,4
mnce3604a94cdd66,111914,8715e,0,186,8
mn0655909b5a1069,358686,18073n,1,241,11
mn21eb84b2631aa2,106220,101189c,2,328,14
mnc6defc7adc7687,267702,64040e,0,150,5
mn46ff5872157cba,246990,105789c,2,113,3
mna1343401cd3f55,40492,50777e,0,72,0
mnb7531554aea2bc,120099,67391n,1,246,12
mn976b476439f397,383414,72147c,2,222,10
mn110a61f9dd40a4,346421,119204c,2,264,12
mn9c48cd463fdae6,339103,104007c,2,78,1
mn4f89133b4371a2,327476,115558c,2,255,12
mn0fc1199b49882a,29850,70020e,0,225,10
mn01875377d61c3b,229359,18847n,1,134,4
mn46a70c6ab1f0b1,270370,40456n,1,187,8
mnb33afcdd0a6cec,94135,128193c,2,50,0
mnec3cc6bdaa9442,234275,98742e,0,84,1
mnf74b3b32b0d657,235885,98194n,1,187,8
mn863ec0b7b2d5d9,38540,134421e,0,252,12
mn91f1daedc62125,322521,49969n,1,144,5
mneaa512d4464c01,179790,9192c,2,155,6
mnc5e1a7e4a53521,36909,133483e,0,186,8
mn2d1db2cec2b7aa,293126,79084c,2,161,6
mn1166dae7ad5f93,177957,82442e,0,210,9
mn20950c7ad08397,219508,92063e,0,192,8
mn82206f021838be,109739,114279n,1,227,11
mn9e1bb8a9e8f0d8,208992,64775n,1,285,13
mn0fc6adfabdb12f,280719,73667c,2,164,6
mn6302a950aeea89,214137,119553n,1,157,6
mn883996535a5b19,292747,127839c,2,231,11
mnd6a9d12392a998,332201,109830n,1,95,2
mn87c67c1af2ccf9,102166,125070c,2,327,14
mn20995dc7cbb22b,125334,130176n,1,146,5
mn85913a59afdae9,63163,40949c,2,255,12
mnace3e04487e46c,284092,54157c,2,102,2
mn8af148881cffd3,384715,119943c,2,165,6
mnfca4372138f434,271448,118672e,0,103,2
mnc2ba67c6101e51,43111,131260c,2,71,0
mn5d800080595c79,104284,19743e,0,295,14
mn4f244e7b035662,97048,53806e,0,303,14
mnd73ecaca5a9ce9,251696,72847e,0,171,7
mnc9994e77c86323,230376,56169n,1,178,7
mnb3b0bfee82c74c,92463,43853c,2,134,4
mn51739507fdaaf1,276972,120905e,0,159,6
mn83cf293df6780d,293081,24330n,1,162,6
mn2d9afb298b6498,179962,34756n,1,292,14
mn2b99b9ea51a4d9,190718,18992e,0,107,2
mna8ec6add44158b,187707,764n,1,128,4
mn6a431637802b2a,66789,45582c,2,284,13
mnc5b56426a37bae,78842,90435n,1,263,12
mn4b66a88624bf13,355328,89188c,2,59,0
mn86a7b715066263,91618,47345c,2,146,5
mn06dd93e7073240,264740,2409n,1,306,14
mn7c8492d35c235c,296415,18536n,1,129,4
mn934175eacd17c3,61639,64016n,1,113,3
mn95726341f04726,164755,143558n,1,394,15
mn2f1f26a8a36788,80950,59709c,2,173,7
mn9ba56dd2e506b4,134242,96265e,0,132,4
mn49c4fe56e8b8a5,319028,34477e,0,260,12
mn3d26ed3cd3cf5e,301422,13067n,1,172,7
mnd4609129db5a1d,128561,134096e,0,79,1
mnf64bc2c61f09a5,174912,75424n,1,94,1
mn88132c6459ca31,287113,3020e,0,56,0
mn56a641d161d93c,16592,8854c,2,138,4
mn314b876a30eb32,90934,145851c,2,95,1
mnfc6a0dd5d80b0c,340691,105461e,0,266,13
mn3a691514155ec3,274030,36650e,0,250,12
mnb4a0a59b4a0de5,203055,101771n,1,396,15
mn20c6850c1a3a4c,242770,84905e,0,171,7
mnb766d46183a156,165348,76717c,2,470,15
mnf84a4e404aeac7,104907,110124c,2,284,13
mn8c4de1225a3aa1,381709,38512c,2,184,8
mn3fc252917f0215,66567,72531n,1,245,12
mnb4a0b71ea4cfe0,304122,49874n,1,163,6
mn14973370e95d84,42256,78383e,0,102,2
mn2c79af5d03bf7d,173340,83638n,1,269,13
mn7e4d8b9c3934c6,213005,105181c,2,245,12
mn4c44b0f064372d,276116,134693n,1,183,8
mn10ac1da40b52ae,328668,12008n,1,184,8
mn73933fe63f62f9,119317,129023c,2,211,10
mn283df8bdd3f336,328403,16387c,2,109,2
mn04d8ab5b6a40f0,281653,80901c,2,211,10
mnaa44250d867bf5,210816,63038n,1,96,2
mn6b04f693a12db5,178232,135298n,1,420,15
mnd8fc0f92c0d67a,189598,53176c,2,166,6
mn96363ae725e869,6039,92637e,0,67,0
mn10471669af0367,167566,99911e,0,106,2
mnf1362774649866,273196,85361c,2,123,3
mnfbe6b97f0f4c90,169806,61451e,0,211,10
mn03988205b5abf1,139786,3411e,0,141,5
mnaf875048663467,287385,60584n,1,272,13
mn099729c1247bb2,28645,39582e,0,227,11
mn792f064ade5ccb,344424,9620e,0,200,9
mn77d17ce5c2a15d,26155,41359e,0,328,14
mn36aa97c8fd13fc,340022,105604n,1,217,10
mnaeaada4ce54f27,19109,25439n,1,107,2
mn5f8378c6f98ea0,90924,80549n,1,162,6
mn0284b84249ab58,78337,140811e,0,218,10
mnfe07fb2ed8d0fe,51018,55734c,2,198,9
mnaea151ad2d503d,291357,126855c,2,169,7
mn55eb895ada58d9,237147,74363e,0,241,11
mn7dac089c48b181,388827,24049e,0,118,3
mn2a3fdae2cee927,155916,19634e,0,357,15
mn6d2830b4e042ee,308361,45313c,2,105,2
mnde582343ecb936,50428,3291c,2,264,13
mn45c3d88255231f,76172,85688c,2,227,11
mn57371a888f6a80,242577,41688n,1,259,12
mn350e7bac9bed92,285950,16455n,1,162,6
mnd9b68a8f6a3f8a,142125,19422c,2,169,7
mnba8388d6208a63,256809,49951n,1,74,0
mn361fa6043e96f9,221821,111274c,2,63,0
mnd94fee8d8539c9,230312,92036e,0,114,3
mn3da70f1aa45904,114614,1909n,1,243,11
mne2c875119cd589,28906,103493n,1,97,2
mnbb75ce7fce916d,49686,57851c,2,203,9
mn6641fa783b0fa8,274172,120209n,1,332,14
mne2fc8d008b390b,98028,122376n,1,230,11
mn90868703d4b113,177908,42688c,2,87,1
mn5db2100e2f0aa9,186227,36199e,0,222,10
mn7c1e8f95de1fa6,135430,30400e,0,197,9
mnd62a2ecb9aec42,326664,21168c,2,77,1
mn869ad67c57eafb,354735,128826c,2,74,0
mndb944d2082ff63,155370,48351e,0,219,10
mn57bdda71226f0c,183101,48765n,1,106,2
mnc54e2100dd59c2,204825,4499n,1,167,7
mnc44dd3d008d0f3,90263,109778c,2,157,6
mne079a2015796a3,90760,16593c,2,126,4
mna742b96c74717e,298739,10990c,2,51,0
mna17344e0f860aa,151193,143942c,2,99,2
mna339d67ab896c2,291094,34508n,1,44,0
mnf38e41b59f6307,382630,106509e,0,182,8
mn91914640fa64dd,374091,2771n,1,317,14
mnd0a5441eb0602b,270009,53150n,1,266,13
mnbfad8006d99c52,128507,106474c,2,187,8
mn36b3f8506aa7db,191110,19448c,2,98,2
mnd320a0bf29a408,153236,70366n,1,154,6
mn523ea9957b2dc8,346202,96361c,2,86,1
mnd1194f7def6684,56322,60246e,0,181,8
mndc34645d90c51b,387105,123863n,1,239,11
mnbddd79ee11b474,111575,118268c,2,368,15
mna4df1dc06e645c,171020,23100c,2,252,12
mn0bb50b7030eb57,332152,92672n,1,257,12
mnc900a83f404501,116441,122575n,1,351,15
mn5bdebde7656438,211483,136428e,0,94,1
mn4cf79ed0ea3ee0,54147,69164c,2,98,2
mn4f42121099a195,53520,100979n,1,179,7
mnd343d9f17f43f4,148686,90084c,2,148,5
mnff2cf7cebc5db1,352691,57359c,2,129,4
mn0eeab59e43bd64,8296,110742n,1,96,2
mnd66f6bbe8a3aa5,349760,130710n,1,302,14
mn43740694b12e8b,40446,25234e,0,86,1
mnae79744f27e145,155791,53662c,2,234,11
mnb67fadb2210332,154429,112536c,2,187,8
mnc29fec62dc34f9,250080,139239e,0,136,4
mnd3bdb2f1c8d018,182782,100197c,2,246,12
mn3d01ffc2a185d9,127168,13402n,1,161,6
mncc452ceaeee3f6,247884,34417n,1,243,11
mncdeb0f38a2e513,360867,141024e,0,99,2
mndf3d79e57b8bb1,46376,125435n,1,170,7
mndbf6e6e21dfeee,279230,71856n,1,95,2
mnb65f052bf38dd2,259830,68235c,2,249,12
mn9da043ee85cfd4,176986,37697n,1,160,6
mn0609e57284fd16,162835,52005e,0,168,7
mnf59e7aa62334f8,261111,117693c,2,201,9
mn81b4893ab14a32,273155,109967n,1,128,4
mn9338a6085882a9,247613,65910n,1,119,3
mn25626c50c81167,185335,21362e,0,304,14
mnc6502a1a3b4734,223004,23194n,1,203,9
mnc3335d19f5801a,250783,116542n,1,241,11
mn2ae4b031fbf424,207930,119231n,1,219,10
mnc05a720980a1dd,97266,59091n,1,234,11
mn2c15e72d1f1f4f,46138,17747n,1,187,8
mn0c854212af10fb,130532,140667e,0,312,14
mn05209e1cd9669a,57154,46811e,0,70,0
mne2d4e9f3a974df,381713,140257e,0,327,14
mnb6d27348777f54,181030,66569e,0,171,7
mnbeca69eeeeb8b6,155427,95096e,0,67,0
mnae1150a2d8161c,30816,108794n,1,161,6
mn36a3c1c4c22e11,319015,33965c,2,141,5
mn0edf9768fa1708,212746,67295e,0,275,13
mn8a9e906e103f1e,39736,134944c,2,229,11
mnf3c1c79303be77,214525,106188e,0,158,6
mn6a0a6ffe08e7d8,364925,126524n,1,191,8
mn7ca6771e2b26c0,25136,19440c,2,244,12
mna1efb37a5c7b21,172021,86221n,1,65,0
mnf7cedb176ca080,55941,117932c,2,160,6
mn6b195aec5dabf7,207263,50496c,2,82,1
mn7d724d5aa2c49a,313818,83527n,1,111,2
mn543f59c980ecb3,180908,77523e,0,177,7
mn64e3a89539b994,246445,27066n,1,83,1
mn2170170784c4e5,118833,25270n,1,236,11
mn793a2a180c0b87,11352,91589c,2,321,14
mn85803e00c7ce88,354085,36541c,2,211,10
mn77d4bc58276065,197195,43391e,0,171,7
mnd382299dce33c7,2673,50423c,2,337,15
mn33643038d6720f,143597,20097c,2,192,8
mndd3fd62ff9e1b2,208733,132076e,0,266,13
mn9e78fb60e1633a,139576,118238n,1,137,4
mn3c4f961f65d648,365610,25136c,2,187,8
mn0f5e5998c1ae6d,16855,74261c,2,78,1
mn62a865838e5988,271294,131340c,2,301,14
mn827bf55b2ab6d4,155075,128821n,1,81,1
mnd99ab09fdd7a29,325665,55038n,1,144,5
mnaa3cbbeb233cda,105782,117484c,2,106,2
mn0c20db6db69f95,279494,42008n,1,205,9
mn86ef59032d56b6,146918,111786c,2,219,10
mn8befa110ae8304,322351,132285e,0,119,3
mn262ccf24f26581,354474,74137e,0,364,15
mnb3fd21b7f5ee44,207538,16475c,2,68,0
mnced5e31cd75439,144864,30910e,0,78,1
mn45012e302c284f,302317,61971n,1,159,6
mn0d827de8ddee4e,106904,55304n,1,174,7
mnda4d27318606b5,311213,133784e,0,247,12
mn4b828ec8b1dede,81936,123022n,1,183,8
mne65cc2369f3d19,101670,116513n,1,101,2
mn972d315c744196,382009,108128e,0,236,11
mnf919019abbcc8b,113761,134106c,2,94,1
mn2c2e0497f06d5b,137013,126383e,0,157,6
mn3e8e4da053b35f,347134,31819n,1,81,1
mn6870e7899e146e,246266,143625n,1,277,13
mna906aeec3cd245,144760,93223c,2,193,8
mnddab0390e7aa2a,95343,1537c,2,167,7
mnea1a78f289a094,172922,109039c,2,126,4
mn24413bafec276e,279369,132233n,1,118,3
mn389f9a12ab85bb,376871,36351c,2,272,13
mne6f93a9a1ae87c,280304,61008n,1,266,13
mnbdbf462884d9e1,203817,67905e,0,176,7
mnf9054961b8d9be,283785,7808e,0,65,0
mnbcbdaf8ee5782f,231840,20336e,0,80,1
mn1ab1cfae9a0fa7,2456,73892c,2,230,11
mn856439fa663af0,103990,23657e,0,71,0
mn53745e2424adb1,74385,79741e,0,123,3
mnfeefc3ad162db3,83643,89850n,1,138,4
mn8881a0feec21c5,347219,132567c,2,181,8
mn9f33e932d0ed3b,296840,20222e,0,249,12
mn88650aa203f090,32573,14472n,1,117,3
mn4e2372537590d1,214615,57624e,0,227,11
mn986835aaca5dda,80407,131266c,2,273,13
mn73799e4ae2c5c7,380322,138528c,2,141,5
mn4981e6ea817b9f,244111,96059c,2,77,0
mnd24cf5d819a20a,27510,79528c,2,119,3
mn11f011b1b5c02f,338160,93078n,1,203,9
mnc6165f0ad26e7f,63365,104980c,2,83,1
mn78f538cdb453df,8650,53813n,1,95,1
mnbec57f6de4825e,336996,107594e,0,213,10
mn031b7ac83447c1,117178,6441c,2,173,7
mn5dd85816147ce7,243595,142434n,1,386,15
mnae0fbaa4cf214a,182384,111519n,1,106,2
mn01757e7da594c0,122820,118128c,2,177,7
mn5b42da8e77f6ab,269129,49782c,2,293,14
mnb6c70be876203d,270833,104758n,1,279,13
mn1f4c48c0683c71,216970,113205n,1,210,9
mn97a72b08cbf661,87913,87962e,0,239,11
mn0aff5811e051b9,306553,139238e,0,231,11
mn7ece1c2f4bb1ba,315684,14983c,2,170,7
mnc3faa8fbf11149,376861,15425n,1,137,4
mn3ec6d69397d046,124269,32582c,2,143,5
mna694a82d1ac7aa,176861,56616n,1,364,15
mnbe0b0a8d81c476,207536,59959n,1,151,5
mn49d49c8a1961be,15085,317e,0,226,10
mn54d03d32145cb1,21732,30936c,2,151,5
mn8b4511c43aabcd,241540,72418n,1,154,6
mnbeef19e7dcbd6f,320754,32192n,1,171,7
mnc24929cf8f5be1,10540,52462n,1,309,14
mn2311ac6f3037e3,322207,26042c,2,330,14
mna08d8979585565,368005,76040n,1,84,1
mn1d146322112783,50031,64381c,2,102,2
mnd7846c8a3abb73,66672,28344c,2,99,2
mn414ae599f93422,43940,12919c,2,227,11
mn320cdf6dd453ee,135745,71076c,2,202,9
mn9d6b54bf61d95b,251064,17965c,2,444,15
mn218f56d7488dbd,239390,129765n,1,187,8
mnbaa3b61ab1ce93,391649,91481e,0,156,6
mn85c40bc726c5b8,208197,31832c,2,151,5
mn11aaf3081b27d7,350021,30575e,0,232,11
mn0250464cabfe53,340403,39353c,2,100,2
mn0ca987508e0a0b,76013,14444n,1,225,10
mn82a2e3f3471c3a,223126,101876n,1,321,14
mne6b46dfce44ad9,211471,112011n,1,313,14
mn18e2cbd768ac9e,126063,8467n,1,261,12
mncae0a91b5ecb10,267265,113023e,0,196,9
mn593c7f207a6db8,75042,119926e,0,136,4
mnf16d69c20fef00,299355,97763c,2,113,3
mnd516d18014d691,33952,88234c,2,287,13
mnf25685614808a2,16087,618e,0,263,12
mn95037ceb07badf,194610,92642n,1,167,7
mnff0fbabd2a5c07,319021,65806c,2,142,5
mn0e91e904ce7180,288030,46480e,0,371,15
mn0e1c600f0d5615,160446,126622e,0,137,4
mn7cecc7c28f8e19,195506,12512n,1,82,1
mn55799192d50858,122968,42188e,0,124,3
mn81bbeebf260f9e,186077,114524c,2,113,3
mn007c3982bc0ff3,5704,98455n,1,116,3
mndf2b532252a439,360448,77075e,0,244,12
mn1e7b8dbaedf5d8,211633,94413e,0,270,13
mn96b0f92594b83e,137545,91182n,1,243,11
mn0e421244a96ed5,363842,145528c,2,180,7
mn673319695ab94f,310311,72932c,2,152,5
mn9b1fcd2d434126,372236,89084n,1,130,4
mn75e24f6ccb1327,135690,36498c,2,188,8
mn96265eb7b7e5b4,68342,61106c,2,122,3
mn921674a8359d5e,329192,140612c,2,276,13
mnf2bb131bc74a23,316121,20896c,2,107,2
mn972595c4c2f4a4,358719,71475n,1,207,9
mn9a7b8aeeb8b181,14442,112396e,0,595,15
mne5d09e2cb3b001,45526,81728c,2,243,12
mn80ed93db5703da,200004,61206e,0,282,13
mn1c50089ab73e2b,293530,57364e,0,156,6
mn8b2d620834c943,264830,21387c,2,225,10
mnb2aebcffe892ec,333946,78627n,1,166,6
mn38d089217b933a,356637,28619n,1,270,13
mn7fad2e7d258d43,142399,6179n,1,87,1
mnf75a2594b737e9,1736,94809c,2,187,8
mn5a28b56055bc89,20553,44320c,2,182,8
mnae1819002d9aeb,10232,52726e,0,189,8
mn2100eb97d5b8d3,225402,123505n,1,316,14
mn7a66c04f9684d6,99701,66574c,2,293,14
mnee93d733972a94,225421,106387e,0,370,15
mndcbe248d01ddc4,186457,69337e,0,217,10
mn800182af77219f,297123,5258n,1,91,1
mnb0a68dc194eae1,328115,145978e,0,137,4
mn77b167a37f85ff,244297,32899n,1,98,2
mnc45d125d565a3d,24519,76415c,2,223,10
mncce2635a3a5a33,355181,108551n,1,229,11
mn44086dd30a60f2,127335,3647e,0,320,14
mn28b2860674d36e,229230,145087n,1,260,12
mn278b62016c68a7,363315,31943n,1,342,15
mn99ba8cf8d11955,352318,52912c,2,173,7
mn27945800d9f1b6,306516,114347n,1,106,2
mn5158b78cf42b6e,254525,86881e,0,77,0
mnb2aaa2e5b77029,57288,13031c,2,115,3
mnc840adceda0264,139442,27407e,0,66,0
mncb05995398b8e7,345043,10881e,0,220,10
mn183a97be9006e5,310177,85255c,2,59,0
mn2d8d12e8b22115,41802,110419c,2,286,13
mn9b8e7f3debcf72,110328,39221n,1,133,4
mn651920bc4adbec,193857,138544e,0,149,5
mneaba2cfe5996f1,106393,97918n,1,295,14
mn64999e9beefcfc,363619,83366c,2,138,4
mn5b40155eca154f,372499,86566n,1,262,12
mne1b39c59c47cac,356840,18954c,2,337,15
mn9f5ad9959eaf47,106857,101788e,0,94,1
mnb50b537a18d7f0,359863,18338c,2,155,6
mnd15e36549a68ef,236791,42866c,2,210,10
mne86174d7c4125a,84883,49895c,2,89,1
mnda96e0430fdab6,47093,28990e,0,327,14
mn39902784fc3b80,29200,129253e,0,146,5
mna6dcb09f107261,267096,25789c,2,123,3
mn0342d3fbf6ea43,59296,1868c,2,360,15
mnbf006ee06e1008,13842,77194c,2,280,13
mnd8b5279c27cfff,166714,33108n,1,176,7
mne883a61c768f0c,13988,19466n,1,243,12
mn4f3e1554d37389,10910,43443n,1,102,2
mn4845620bef9423,103329,78241e,0,270,13
mn6024c6e95496e3,138143,39401c,2,235,11
mn9db7a009b7b581,155552,23904e,0,95,2
mnaf0a9626903574,185970,114683c,2,310,14
mn6fb9a681742734,85281,29242n,1,259,12
mnd00fe06147fd77,210566,31784n,1,64,0
mn49fd24f78d8056,19092,131978n,1,242,11
mnc588f6e96aef5a,164118,127757e,0,276,13
mn1578af66d25ea8,20729,119067e,0,234,11
mn7f2aaf4de65812,49879,131306c,2,298,14
mn2545a60cd9d29d,135486,114852c,2,291,13
mn2438280993593a,379499,51176c,2,168,7
mncfc7f798186d85,238412,88928e,0,134,4
mn79ca4cac794c0b,198847,23647c,2,272,13
mna4e2a84939830c,336167,75232c,2,165,6
mn5756774f4fb7b8,173782,1624n,1,199,9
mn948662f55694fa,181385,108372n,1,290,13
mnb216655cc09252,62096,120251c,2,115,3
mn01e3988d842bb1,283092,136181c,2,75,0
mn18528553604984,269436,80980e,0,168,7
mn5a4718a2386fcf,238447,122873n,1,185,8
mn2b147b5493144d,311928,74612c,2,186,8
mn55e12964b9eef1,31216,81129c,2,369,15
mn5495f3d1b0c2d5,301942,37071n,1,266,13
mn787428d0155a04,181659,3828n,1,134,4
mn4f47b2abff5230,200223,11105c,2,150,5
mn70d05a62cd8714,334527,88181c,2,105,2
mn09ff6c790608c2,85254,32213e,0,64,0
mnaf7eea3df4531e,287024,7517e,0,154,6
mndbf980a8f2acb0,89345,18575n,1,92,1
mna34f7d719946b1,85069,51033c,2,159,6
mn7a53bcc168cab1,342,119252n,1,297,14
mn8e078d8dd8cb08,125973,34525c,2,60,0
mn1978bb1251981a,147565,145128n,1,85,1
mn00b6de4a4d357d,190886,61069c,2,116,3
mn6b6e428c7e91ae,159856,49944c,2,434,15
mn2aa19f44c95e70,355747,18390n,1,82,1
mn5dc991ad4d1090,13848,15459n,1,215,10
mn301b58403337c5,331841,5589e,0,250,12
mnf838c4fced9b6b,136527,21305e,0,206,9
mn78c2163f049cb2,8060,13901n,1,302,14
mnf6e2dc6c1df907,152588,140355n,1,244,12
mn6f346dec062de6,185081,22059n,1,125,3
mnaeb3c14cb1214f,71151,26387e,0,306,14
mn2ca09368623619,66595,79833n,1,191,8
mn32c56d0c664195,290983,60628e,0,414,15
mn5fbed823ff0c26,339638,48907c,2,155,6
mn788d64caac8601,380989,130303n,1,260,12
mn824356da0185cb,27098,110750c,2,172,7
mn38b9a538a23ea6,35329,122022c,2,182,8
mn6be37efcbc32ec,64955,126603c,2,262,12
mnc6ca356718ad11,37538,67958n,1,248,12
mnd910c4d4b45395,270604,40758e,0,230,11
mn2a342e1152b72b,324732,51188n,1,111,2
mn792235066bd6b8,162716,114440e,0,93,1
mnd660eecaaec219,321310,41525c,2,229,11
mnb3e1007e843fd7,171297,104347e,0,231,11
mn3b442c76498b46,351823,49049n,1,333,14
mnb5766359763c16,232746,2233c,2,122,3
mn463b567638fe1b,131534,49071n,1,273,13
mn258491367f6e48,120344,22169e,0,153,5
mn68848f7a272ff0,141723,89401n,1,90,1
mn0aa90bc1adffa5,274038,48081c,2,247,12
mna11616e0a0e112,391865,135608e,0,65,0
mn04869e6299164d,92039,104249e,0,101,2
mnf753d44f42591d,392145,11417e,0,161,6
mn9a0cfed92a2256,307053,77826n,1,101,2
mnad45c6b5b89f85,281576,51722n,1,265,13
mn00d3db09904e8d,38383,17953n,1,90,1
mnfe07d1b7f0b346,12124,55122c,2,311,14
mn1a26635f66cb40,304171,141926e,0,144,5
mnc3e8bbde7c1576,280301,13397n,1,156,6
mnb19a45d8d6b640,9001,133682e,0,219,10
mn52d9b658271a47,67569,55667c,2,69,0
mn369f6d8431df1c,316727,106731c,2,51,0
mn610d9f703386b0,280662,139852e,0,276,13
mn473f0ff25cf8ef,206822,96927n,1,243,11
mn7cb6827bafdb8f,298727,99027c,2,180,8
mne4e2a0b008661d,8028,73610n,1,136,4
mncbb8fb789694aa,255058,11205c,2,519,15
mn5fefc472f891b7,26529,51535c,2,239,11
mn5805bf98d3644d,375904,78233n,1,122,3
mn759a719d614d7d,211193,19551e,0,59,0
mnb139639da41d93,73898,107848c,2,95,2
mne487a45bfae17b,150427,103253e,0,306,14
mn52d45a41e3ba34,197403,85154c,2,199,9
mn45ac729bfcc5fb,99475,124125n,1,224,10
mn1c235b34066bbf,294199,116361c,2,311,14
mn5d941f4ba90a55,253200,109949n,1,135,4
mna0cc7492d46644,215613,13734n,1,93,1
mn34a958de9b815d,247010,24502c,2,222,10
mn7087b4822a66d9,119864,40542c,2,244,12
mn0561d4876459f4,230589,91132e,0,143,5
mn932e1cc6380fcd,34656,43449n,1,222,10
mnb5df704da7f097,108276,91e,0,265,13
mnb67ee67afaf0eb,268116,104525n,1,230,11
mnb1c93b729dbb43,94371,140709c,2,137,4
mn09d8e1ea68c40e,177894,28993e,0,139,4
mn1219eaa44e6562,215537,41441e,0,226,10
mnd2cc5f0c0b9b44,23477,109991c,2,193,8
mnc8255fc30a3c11,48400,11294c,2,174,7
mnb01496cc2051d0,206742,46427n,1,325,14
mnc865178f12a2a5,268899,124021c,2,175,7
mnbf573473422994,238343,117356n,1,211,10
mnefbcec658c400b,381986,9202c,2,220,10
mnad64d03e02353a,73544,62596c,2,158,6
mn6622d2b7a7b492,126715,2722e,0,149,5
mnf2ef66fefedab5,95774,33343c,2,168,7
mn60d2c5a775660d,324932,5269e,0,322,14
mn4be8bf54d419c0,263302,122362n,1,199,9
mnb4df78cc4dfd3b,355401,82188n,1,101,2
mn86d341e2e14555,212193,101492e,0,248,12
mn2e2eb065e0e20c,364831,54033n,1,211,10
mn4df74e847f4b47,370918,80641e,0,275,13
mnf467011c512563,59133,31410n,1,219,10
mnb60c523cc7aa29,267663,57242n,1,137,4
mn4a3c6a3459b04f,206676,85749n,1,330,14
mnd8692f0a7b8888,49900,57810n,1,70,0
mn200ebf5b91a2ba,335334,132204e,0,78,1
mndcba0e088694fa,219457,31658c,2,123,3
mnc9f7ce5c2e89ce,63590,8015n,1,219,10
mn9a4783fd861eb9,285361,111066c,2,171,7
mn585c46ce8fb162,142224,56184e,0,198,9
mn27a6d638349188,27491,119182c,2,130,4
mn5b7454184cea07,202736,5197n,1,100,2
mn18bb461746d014,362921,40851n,1,322,14
mn55d9c8722fb4fa,201904,11529c,2,470,15
mnaaf1da83053a11,335365,56189e,0,117,3
mnc53d9201e920e9,253967,78164c,2,286,13
mn04e9f5ebdbe07d,124829,50512e,0,185,8
mndd5dbf2fb8d9aa,42378,58121n,1,112,3
mna63c41e5ebb895,217093,33249e,0,392,15
mn635d797fdd35f7,227577,44343c,2,116,3
mn63c53d49019958,31179,33377c,2,238,11
mn43bf22aa56042e,34,103614c,2,433,15
mn9b9c22c39f9958,46309,144808n,1,146,5
mn2ff7d847e2633a,50207,116775e,0,209,9
mn67491b7850c1d0,64922,97685n,1,238,11
mnfb96676021e492,271339,80242e,0,179,7
mnd5e402393526f5,121344,137924e,0,265,13
mn69320da2780b2b,49215,43799n,1,169,7
mn1d2611db686849,377145,43046e,0,88,1
mn6f15ff645a2046,172813,85443c,2,147,5
mn72933f4389e387,162827,106748e,0,210,9
mn0e0134bafc9417,77735,63211c,2,225,10
mn4fb43839403e09,172845,2939n,1,304,14
mn3fd6b127afa82a,244970,85627c,2,169,7
mnb368a28a0d3ec6,305940,83380n,1,256,12
mn5e88bb24b238f3,376741,140623n,1,204,9
mnda7134b5388402,176881,108560c,2,53,0
mn85830c9d9ff1a0,181679,144287n,1,114,3
mn36b888c65c21b2,9353,82612n,1,80,1
mnbbcbcee5aab806,312803,122651n,1,131,4
mn7b9889d2b4241d,52760,40451n,1,354,15
mncfa50efba10755,379942,38231e,0,220,10
mn454eacc5d7f1ce,359004,111459n,1,200,9
mn0fbd2f26c3c769,373428,46255e,0,106,2
mn795aa472359a82,374372,113740n,1,319,14
mnfbcbf6b46dfb6e,62142,72316n,1,215,10
mn1602c8a2adf968,342892,107361e,0,272,13
mn7b33d8fdcece24,3495,126476n,1,148,5
mne03843c7cc5161,392540,41585n,1,271,13
mn6b301afb477724,41166,114043e,0,237,11
mnec2bcfb7c52efb,366049,63577c,2,118,3
mn57a64d2dbd42f4,23411,32338n,1,82,1
mn9e6b7f8fc3b699,31498,132781c,2,234,11
mne4d6750d15d421,12522,99927n,1,319,14
mn34a8d0c593301b,245146,99141n,1,117,3
mna6be138c1ad13e,44427,7217n,1,360,15
mn3aced6e7635b63,291246,41367e,0,43,0
mnce5a63ed99d3f7,270634,90790e,0,128,4
mnb5ccbe98a603d6,142662,12934c,2,171,7
mn7130a2d5aa6f2e,33317,60867c,2,130,4
mn6760898e0c1d2d,292196,17951n,1,477,15
mn0cb92be42da3e3,255218,92613e,0,72,0
mne3bc1605a67ea2,323943,145001n,1,296,14
mn0363372109c062,142267,81932n,1,192,8
mnd34a54cae47e04,166146,141874n,1,147,5
mn950508f04c8e12,278582,143871c,2,81,1
mn79225618f612d9,243755,50895e,0,177,7
mn73a59a2ed1873f,92315,98111c,2,193,8
mn3f5895691835b9,75669,120560c,2,248,12
mn17a5d01b3f3f6a,363006,15811c,2,210,9
mn52fe6be5d3fd01,173562,4880c,2,100,2
mnf621bef3bc57a9,194130,94207c,2,78,1
mnfaba253ec6ec15,360314,93429e,0,156,6
mn0729e77ccf18de,84289,12532n,1,234,11
mnb4c6999753daf9,252431,126158n,1,278,13
mnf46f92194aa789,139420,79672c,2,148,5
mnbb66d8a48d11e5,228789,66187n,1,297,14
mna36d923f86058a,16114,69756c,2,183,8
mn9ef01f52a59205,389037,112918e,0,137,4
mn0e2f162d9e1ed5,231325,109013c,2,72,0
mnecb85f51b2ef36,170872,132946e,0,93,1
mn4852a8775f84d9,342866,40777n,1,257,12
mn97e41ce846b88a,165926,4935c,2,230,11
mn9388e33bcd7377,156715,77683e,0,344,15
mnd1fc832c55eebe,22866,28221c,2,96,2
mn7f463549154cd6,103320,102555c,2,96,2
mn86c4ebf39817d8,1444,20048c,2,175,7
mn7e8989369fa825,377539,123543n,1,197,9
mnda8772a551f0ba,319990,69180e,0,197,9
mnb81e2295fbf944,345208,136321c,2,326,14
mn32a6182543e8bd,248570,99270c,2,73,0
mn03bbce5e526126,207891,108074c,2,117,3
mn113e48ab7ea1fe,387258,54488n,1,157,6
mn3748c4c1a9aa28,79559,137204c,2,319,14
mn6ced32fa875a11,207862,112909n,1,329,14
mnb9b5cd7acd14a6,86551,55807c,2,278,13
mn6609b07d4b60d1,146787,59628e,0,288,13
mn42daff2b51eae7,217539,9752c,2,81,1
mn491824705e3615,361897,23447n,1,89,1
mn0133ff2c82b135,25646,124566n,1,49,0
mn23edfb6ab2cc53,100261,139699n,1,354,15
mn90a4b36f62a3dd,204954,29483e,0,236,11
mnf6cea1d132307d,79161,22091c,2,99,2
mn336ecbaf6f168f,319333,60432c,2,132,4
mn89513ff1fcbdea,238176,71151n,1,175,7
mn7ccfd43964c9a1,13724,135292n,1,295,14
mn2886ade42b08ae,108798,78848c,2,138,4
mnb3294fe5661e1a,120993,69308n,1,120,3
mned6fe4f2d86aba,168362,57992c,2,94,1
mna4826935c31aa3,224916,43062n,1,92,1
mnd1ddc55af19935,18686,134404e,0,249,12
mn2c474c08bd0089,64097,114822e,0,118,3
mn79f7f520fc391b,300796,74957n,1,274,13
mn5d2b4ebcac831b,74752,133618e,0,381,15
mn1d98c34afc93ba,37481,61136e,0,209,9
mnda29a58793377d,266752,93599e,0,254,12
mn739cc71a212a28,207618,90616n,1,178,7
mn577b99aa14c9b5,112238,49533n,1,210,9
mnf982f0f464aedb,304754,31816n,1,114,3
mn8eb943d2583f8b,14996,78917e,0,158,6
mn609dffce022409,380020,46062c,2,155,6
mn74f544b5b014ea,119212,61352c,2,219,10
mn8f71d3f51e5248,162781,118739c,2,204,9
mne97e22f2a2e061,164375,87243n,1,122,3
mn5457a3fb70a32d,375490,86465n,1,56,0
mnd1f4b0f88b14cd,385035,108430n,1,155,6
mn5c5a4f2761af54,203515,5870e,0,173,7
mnebf4909cd34634,18757,13787c,2,251,12
mn27766a3b4594ca,166264,89125c,2,120,3
mnf433010dcf3ced,81867,41563c,2,278,13
mnb812ec8baa6656,117121,22067e,0,229,11
mna5de2c9334239a,352099,118755e,0,131,4
mn3f96f5f5bfe7fb,205510,73689n,1,230,11
mn42c6237a9f0e96,78068,33497c,2,149,5
mn5f17095be6723d,316370,99226e,0,181,8
mn06cecfe6f29c48,266516,119577c,2,66,0
mnafbad3ace2c50e,383591,10847c,2,130,4
mneaaa01cddd8f6a,94443,129230n,1,109,2
mn4006b352d6533d,146346,36043n,1,91,1
mn4dacc86a0b8375,117394,61562n,1,240,11
mnff25f935f615fc,141540,8317e,0,269,13
mne3d376363ae85a,133221,9734c,2,185,8
mnd19da373323a2c,124789,82251c,2,264,13
mn76e65969c85c24,215179,34464e,0,272,13
mnab5da4fad8009a,333450,122387c,2,246,12
mn91a3e2d7a4461a,332577,90522n,1,134,4
mnb5e070075d1a06,264105,86512c,2,88,1
mnbfb0eb9becfe1c,88870,111911e,0,107,2
mn6911433dc425b4,184108,12837n,1,119,3
mnf2d81e2be90a4e,31380,23562e,0,97,2
mna7cf63d1ea603d,162548,62587c,2,115,3
mn3bd63d40deefff,226590,68465e,0,566,15
mn00c07e3a5d8abe,103482,25105c,2,57,0
mnc3a2cf8b4b9b3d,30671,13958n,1,166,6
mn54dc021dab1191,270667,49019n,1,66,0
mn5d4cccde9eb971,201734,81580n,1,361,15
mn85ab7c180a4a21,217610,34443c,2,52,0
mnde34b8ee013d73,364618,106874n,1,104,2
mna316a8e6848833,154882,141598n,1,109,2
mnced0d5f1aba67c,276344,139692n,1,175,7
mn19a489f94352b5,89068,74056e,0,92,1
mn7c18fa8c13d791,302376,100049e,0,112,3
mn86fb8ae28a0758,379358,141997e,0,89,1
mn58c795ee86f631,175371,72269e,0,141,5
mn196ba5914f07dd,142126,99334c,2,188,8
mnf450fc8078f639,294683,54199e,0,472,15
mnb0557e6071d484,81753,134592e,0,195,9
mnebb0492484c79e,177229,103655e,0,151,5
mnaecdc44e46094b,101370,28222c,2,211,10
mnec2fc86969bd8b,299908,115860e,0,71,0
mnbdfc994a2a162c,150776,131337c,2,176,7
mn599ad8681fac95,17520,113761n,1,160,6
mn790ad464a7a012,73957,43163e,0,124,3
mnde5da14607f3cb,215921,4724e,0,285,13
mn385ff03cd7bb5c,273006,124619n,1,314,14
mn6edc49a8f219ff,122652,35433c,2,198,9
mn7ed25da4c39f61,279203,116339e,0,231,11
mn181ca44c95a4be,231846,89138n,1,185,8
mn4ac02bcee3c9bb,29567,63031c,2,180,7
mn52371eb49af137,124586,58068c,2,191,8
mn7e5f8fe3c262e3,334819,63666c,2,350,15
mnc588395516de77,309057,47887n,1,94,1
mne283c45d32e364,33064,77796c,2,84,1
mn4dd4b7bb772c83,209951,136206c,2,89,1
mn367405aef0a611,74996,20591e,0,107,2
mn48f7e5a4cf007e,288364,81825e,0,364,15
mndf6ab28dc2b60d,19362,109144e,0,131,4
mn916f86e0a0523c,185663,101246c,2,145,5
mn8749d7dc69e888,386340,1578c,2,240,11
mnd756fe40cab6de,176860,20276c,2,226,11
mn7be4561377a51b,378576,137654n,1,75,0
mnc4a044fef4f82b,361378,91649e,0,171,7
mn5d4215525f0600,102129,93132n,1,263,12
mn75767ec8bab4d0,203426,139219c,2,241,11
mn9f683be9838928,279903,96293n,1,140,5
mn46e834701c589c,264179,48431n,1,308,14
mna20954fb374377,327274,17904c,2,80,1
mn3bcb81a4bf1e22,71457,28480c,2,96,2
mnb49889826b709a,123317,74163c,2,315,14
mna62e50026b5599,241598,59808n,1,243,11
mnaebc50e0274661,212841,5172c,2,142,5
mn4ba591edbec639,67575,6706e,0,137,4
mn3076b4f3211676,375521,100721e,0,160,6
mn815f6a43b3d6cc,254418,77689n,1,260,12
mn56a9484a27ba8a,175217,73856n,1,212,10
mnf3bd8b4605b40a,216926,101651c,2,98,2
mn8c03e88549a782,335947,136801e,0,75,0
mn7e38ae68506ecb,316443,32983c,2,86,1
mn7498ca57180c92,204779,17549n,1,150,5
mne423cacc4ed8e5,162917,9108n,1,214,10
mnaece2e866c4cde,181293,48954c,2,231,11
mnb3c5ebf2956af6,1585,73002c,2,127,4
mn58f7bc6dbc6da6,97132,81416e,0,257,12
mn27861c06114cd2,76621,20344n,1,198,9
mn98a153013f39fe,267048,4173n,1,360,15
mncb2235c8f7aca5,317843,34687e,0,113,3
mnee582906040171,86589,8412e,0,160,6
mn528e53f9ba8803,307476,44972n,1,298,14
mnc5dc72152d64db,162528,3305n,1,201,9
mndbaa99452619d8,197178,94403c,2,206,9
mn3fc57234418e25,136984,46275e,0,64,0
mn9d74bb14ba1ca9,199416,55480e,0,52,0
mne71ae0a5abeeae,268704,18470c,2,200,9
mne9361ffadd21a3,141414,142575e,0,238,11
mnbc5307ba708c7d,125969,94590e,0,127,4
mnd47944c2c259e1,289730,122812c,2,349,15
mn01464c62f90db9,181343,139694c,2,213,10
mn60c360a18645b8,282220,68198c,2,244,12
mn9efc791aebfc4f,389087,38274c,2,262,12
mn1094653c67063b,378834,97857e,0,244,12
mn5cf1123c484852,52861,44710c,2,378,15
mn17c474fe7a09bb,319144,115393n,1,232,11
mn405bb27a5b86a9,209356,114498n,1,346,15
mnc1ecda440f5f4e,123557,31701e,0,72,0
mn649e000aa83ba7,327363,87789c,2,160,6
mnfc2ccce64ae454,170385,130182e,0,131,4
mn702b7299ce61f1,120292,135197c,2,191,8
mn826f30e1f87169,140305,100442n,1,228,11
mn030baafc1df070,220213,138038n,1,165,6
mn424d58e61374ca,227045,68010c,2,211,10
mn3748837a9b665f,211300,82378c,2,177,7
mn5e86a799d439fb,326694,9962c,2,72,0
mn50fb6b9ec2d8c1,323274,114727e,0,295,14
mn29c1093d7b6af5,156901,117751c,2,381,15
mnd61e251fa9a34d,380254,88214e,0,45,0
mnc2d7ed173b8c4f,200248,83061e,0,126,4
mne2dc3c5308ba83,119937,138566c,2,433,15
mn60aa5381f76042,184387,130699e,0,129,4
mnfa2f81a850feef,255862,48023c,2,125,3
mnc0fc43f46e786f,212259,134118n,1,188,8
mn5145537a346d68,258937,11849n,1,109,2
mn7c53f90adaaa1f,169851,35845n,1,151,5
mn2d733165090dec,163785,139583n,1,178,7
mnbe80fceac55677,234989,36539c,2,162,6
mn7ea48300b10c47,103833,216n,1,258,12
mn11c9efead91a14,316438,97884e,0,230,11
mn54e2609e80ff79,135375,20685c,2,114,3
mn190142fe2e4404,151658,133200e,0,85,1
mn9d73bf006e6f25,96719,64933n,1,363,15
mneddde1bc0b0c83,321627,143429c,2,62,0
mnc74d1aea7c672b,107375,145976c,2,86,1
mn7f27f08b130089,137918,125515c,2,115,3
mncf79927e3e44be,103135,54678e,0,221,10
mn84c82e14044d3e,52526,50428c,2,167,7
mneec27d4787e972,338649,104376n,1,373,15
mnf7f6d15a4ceffb,260255,110091n,1,186,8
mn83bae3c1174820,291140,48629e,0,194,8
mnefa3b2e21cbcc2,173154,62467e,0,134,4
mn1ac9805c1ff904,254185,15662c,2,76,0
mn2c8a0facc84d7a,98721,82998c,2,221,10
mn67a6fe808d95cd,134729,68614c,2,141,5
mn296796fc3135df,26560,119092c,2,66,0
mn4668bf77feb2af,384044,58389n,1,177,7
mn32a98a9bcd5cb1,155500,82593e,0,394,15
mnef6f00e949b537,297657,37035n,1,232,11
mn22daba7cbca9b6,141157,57214n,1,184,8
mn754b7c5b1434b7,309732,72218n,1,238,11
mn91efcb5cf16862,312755,67676c,2,113,3
mne0a689ce6b6ecf,224752,20891c,2,106,2
mnc353399a6727d6,161460,15048e,0,201,9
mn5fb61c5801748e,32792,7053c,2,70,0
mn4978a5b7ef03ce,280085,6029n,1,126,4
mn964d1386913b7c,322248,115852c,2,240,11
mn0a9e9e84926a8a,46492,5939e,0,199,9
mnd78e87d5d0d0ce,305087,95693e,0,215,10
mn077943ec97d398,75591,105521n,1,190,8
mn166ab074c36615,303813,16903e,0,118,3
mn4e0441864af506,260617,61546c,2,191,8
mn30d5466995335a,330755,133052n,1,159,6
mnf76a252b8f51f0,75432,40097e,0,229,11
mn93b137e7dd8a9f,247402,6883c,2,217,10
mn3772bd987f0c8d,140857,47836e,0,59,0
mneb1cef0983e01c,96106,127910n,1,127,4
mn3b266e897e9815,168443,99622n,1,166,6
mnedf3f3eaa9dc5e,126954,30924c,2,231,11
mnc367055e2a27b4,191812,107623c,2,58,0
mndf47403db64885,324428,89399c,2,119,3
mneca25d07310f6c,142349,116124n,1,240,11
mne18c4391d39eeb,355693,75805e,0,287,13
mnef32a264a1068d,262285,91496n,1,228,11
mn6aae04de280e0e,249875,33742e,0,232,11
mn860bd3bceca5dd,288559,87057n,1,226,10
mnf43689e567b11e,281183,116686c,2,159,6
mn33711359f4a66c,258080,52818n,1,295,14
mn20f8f06c028ef6,369059,132245c,2,224,10
mn6dfc7cb420ac9b,178981,51143n,1,390,15
mn10a1d618ef4e97,390901,45996e,0,272,13
mnba6aa1d175c21b,372704,16931n,1,209,9
mnbb3a64c61b29f6,263070,106266e,0,436,15
mnc65e1776d97aad,316529,89758e,0,201,9
mnd8ff2d541e0cf4,188249,95884n,1,138,4
mn7cfe3c19740978,33615,110337c,2,255,12
mn7a5cd7ae19bbb4,137520,55646e,0,241,11
mn7f326ea65fac9e,154790,139550e,0,207,9
mn082509785a2a14,143273,9274c,2,134,4
mnd1485984e0fb1f,95186,65726c,2,236,11
mnf35123992b9587,59370,58869e,0,255,12
mn5c63097e193711,135357,74348e,0,288,13
mnf26b6fc519deb3,163442,95464n,1,159,6
mnc57d7c3d2df755,20965,11517c,2,296,14
mn4e8f0d2d6c6498,348522,4145c,2,209,9
mn79f7c0c5fdd208,96610,75133n,1,106,2
mn88d9da1014cd93,105251,87543n,1,210,10
mnf3b693b803b1b0,364731,31288c,2,194,8
mn3d28081d1fa220,104915,119206n,1,196,9
mn613851d9527617,1426,29525n,1,307,14
mn43389b5a74acb9,259120,60723e,0,293,14
mn896e8a84508412,22932,37745e,0,279,13
mn036359b876adb8,144909,88054e,0,144,5
mn2eb5e230b36ae9,310072,71584e,0,304,14
mn2d1c670a0dac28,386411,66786c,2,203,9
mn53d998719f417f,220718,67474e,0,217,10
mn45e820e98e71dc,133474,64840n,1,222,10
mnea876492cf07d1,115796,27254n,1,146,5
mn74b5ad68d4d44b,249653,69112c,2,199,9
mn24ad6ef2b28138,271204,58860c,2,60,0
mn44f68042fe7db6,41584,120580c,2,400,15
mn13dc8b54e5a257,91157,124204c,2,85,1
mned1f25b783eb3b,343630,19571e,0,103,2
mne25ea5701bc97e,170285,26777c,2,136,4
mncf5ba3e7f457b9,61591,61278c,2,194,8
mn8f4df570abf932,242448,43660e,0,212,10
mn11007d6baa1e00,383924,60119e,0,190,8
mn88baae891ba588,76892,132711e,0,114,3
mn28830ef3acf848,246242,90265e,0,155,6
mnbedb7040f196cc,66879,90831c,2,155,6
mnb91d4be4a8f2d1,263857,4083c,2,61,0
mn6d4cf339ec47b8,328425,35433e,0,207,9
mn6b3b7438e2abaf,234238,16472c,2,244,12
mn614be94237661b,173171,145704n,1,111,2
mn1110b3b3fdaf3b,240028,33486n,1,123,3
mn7d338567d58ce4,292438,19570n,1,134,4
mn6da07ca0aed37e,340422,34477c,2,265,13
mnbe73edca27fc9d,259279,20900n,1,76,0
mn125f9fc5b6b9b1,234352,750c,2,277,13
mna794064be3a7ac,353131,19193e,0,207,9
mn98820136fe309f,44923,74962n,1,315,14
mncc5f2993eee8b5,297904,104973n,1,306,14
mncd4fd0fedfe3ff,47813,23456c,2,227,11
mnefd1669a371968,59132,28157c,2,191,8
mn3d9b3f1e30998e,220379,127596e,0,123,3
mnd481fb078a6a57,273187,126642n,1,125,3
mnb8fe25ecbaabdc,166783,56816e,0,58,0
mn08b414629cb563,247458,91127c,2,320,14
mnf6373b2d2043ac,95930,39465e,0,147,5
mn7e2ffe4272df69,350017,100115c,2,255,12
mn6d5b0c71a4b8c6,139431,48729c,2,106,2
mn4ebfb82c470355,390604,35513c,2,165,6
mn8ccab1420a0d9d,201936,68662c,2,363,15
mn0504e0b3e590ff,89671,77065n,1,206,9
mn9cb1e2d2fd880a,225753,79467c,2,72,0
mnf001da2ebc7f44,352368,47986n,1,80,1
mnc44e1025967f97,377954,85976n,1,253,12
mn010e585b7f23c5,147903,78510e,0,221,10
mndb792db72e6ad5,210218,138427c,2,112,3
mnf5af4ac044be36,284236,47272n,1,371,15
mn60b710b13c7851,222658,19687n,1,51,0
mn16d1810eae8fa7,210026,55464n,1,101,2
mn74604507457305,138335,66504c,2,120,3
mn25a0a9cef43fbf,331976,91685c,2,130,4
mned3eddf900054f,275672,24776e,0,92,1
mnf83a26122d07fa,92943,126813c,2,275,13
mne2548c1f397f1c,1247,102974c,2,327,14
mna4905c506de0dc,163523,121138e,0,96,2
mn6b68fddb1ec428,345552,114140e,0,60,0
mn4f9fb6b34b2f20,223460,59878c,2,379,15
mn21d86f0e03808e,195748,3242e,0,98,2
mne5cf543c91f4c4,112447,48055c,2,130,4
mncc59e59ceeb236,252240,41286n,1,158,6
mnccfda32db9ee23,222306,142977e,0,320,14
mnafcd8bd8fa04b5,176364,96659c,2,293,14
mn1aee032ae2707a,44194,134851c,2,59,0
mnd42bdcc8f59ecf,208920,133626n,1,185,8
mnb8fcd327cfb916,196054,101911e,0,328,14
mn63627c42d075ee,94518,128296e,0,216,10
mnd8d024b2b6b7df,67043,7235n,1,306,14
mna6f381e78f65bc,332649,114101c,2,178,7
mne6e0da440f70cd,71380,135579e,0,584,15
mnbac512bcebc2cc,353679,91193c,2,165,6
mn1205c9b6c2e270,67513,134500n,1,164,6
mnc36de262b5424c,237591,66719c,2,122,3
mnfd7a5b654d4330,113567,22751e,0,200,9
mnc328b146033678,361055,42676e,0,78,1
mn8c43e0f6e1a73d,102384,108948n,1,220,10
mn6ce826632ab236,118864,105458n,1,250,12
mn4892ff5c6e7873,320736,32549c,2,201,9
mn42bcc0680fe4c5,22709,68067e,0,297,14
mn661a035a18a2a3,140815,1478n,1,176,7
mnb69b3823d9cf38,301282,72098e,0,189,8
mn8201b8aaf63e2c,339419,63537e,0,271,13
mnf1aa6e03cfe222,336381,100703c,2,83,1
mn966f1e3d429427,48021,66349e,0,141,5
mn5736362c1379fa,38867,105157e,0,269,13
mn5eaade5e34979e,172736,455n,1,116,3
mncb6c903425db74,231013,78369c,2,102,2
mn7ac379ea0bbad1,156233,129801e,0,439,15
mnad5ccb351e4202,341037,136478c,2,215,10
mn96dc0407aec937,251952,13287c,2,46,0
mnd14e2a9162abfe,64307,139998n,1,102,2
mn598a642bac11ee,174958,74503e,0,245,12
mn63c99c3e581da2,381524,108319c,2,211,10
mn3392e264de7470,17265,55700e,0,277,13
mn9959b45d6a8bb8,299290,143187n,1,257,12
mn0117f43d4df743,49546,115066c,2,174,7
mnfe7b7847330f75,131971,25943c,2,186,8
mn12c173383111a5,282316,98534e,0,192,8
mnd20eb25a1fb98b,354732,136014c,2,265,13
mn778e1a6e5ec4e3,140836,10532n,1,79,1
mnb4ede6476abdc2,320686,92990e,0,235,11
mnf19fe36a5ecf7c,173702,19379n,1,257,12
mn9a8c1b5a814ccf,271532,1560c,2,314,14
mne28a2e90d1c930,188831,54005c,2,211,10
mnba43dbc1547a54,322768,121747e,0,326,14
mnd96ad326405eb8,69597,9278e,0,215,10
mn8129a1c96d45d4,121786,18185c,2,158,6
mn7f0850c14f0cb6,328807,35786n,1,190,8
mn956c66e8a0e8a0,323180,116518e,0,54,0
mn3265e3680a2d44,108213,122828c,2,243,11
mn5f7ee7280daf74,12175,56275n,1,231,11
mn132d5403ae3f6f,121514,28636e,0,113,3
mn7c5043b7bf22bf,228387,124897n,1,254,12
mnfa25fa3e9df60f,201902,104490c,2,46,0
mn08b4490c244b9a,82769,126037n,1,144,5
mn2c23c6673613d6,366491,127932c,2,213,10
mnaaf2a528c52e97,48226,38660c,2,267,13
mn730f0841c178bf,86873,103170n,1,160,6
mn575d03a518d421,52728,95569e,0,130,4
mn3d2ea1ec78c0ac,280796,20815n,1,251,12
mn2591d5a1564168,234231,77798c,2,213,10
mn3aed1cedb421f3,24774,105992n,1,135,4
mnf4fc41bfa064c3,314405,22928c,2,260,12
mnf46b657da70f19,342418,107574e,0,251,12
mnb112f5851bfc60,72714,134059n,1,151,5
mn708d72acea9d2f,209269,91859c,2,351,15
mn04dc45f73ec68f,363857,78026e,0,178,7
mn9a665c1046d8ae,375887,85834n,1,239,11
mnc01883f252e05a,238624,30365c,2,248,12
mn8b6afced683001,18802,45766c,2,257,12
mn65abfb4f01cb1e,363247,46808n,1,178,7
mn772cb04d3f2589,182465,145982e,0,182,8
mnfa158d614af265,356899,108616e,0,61,0
mnc8a2ece30791f3,142348,89793n,1,137,4
mn66aa84a41a81d7,128985,100503c,2,87,1
mne12e34f9a41fb5,53537,33988e,0,168,7
mn80fb069539ea27,92340,133342n,1,230,11
mn1b8bb9e15f7cfd,159010,24578c,2,390,15
mn5e2fbd66a519e1,40211,103219e,0,119,3
mn82cc34c95aff8e,20599,24782c,2,82,1
mn0d311120319a64,213138,86804n,1,102,2
mn96aad3ad365b44,366007,10238c,2,201,9
mn714ce922968eed,351859,97938n,1,82,1
mnbe1187152e5fe0,147935,137740c,2,138,4
mnfe2ebfd10b6fe5,343040,36003n,1,138,4
mnb058d8358be60c,293029,57355e,0,144,5
mn7fd058f08244aa,4009,102290c,2,141,5
mnefc58251aaa2c5,237003,104163c,2,156,6
mna1fcfedbf811cd,181863,25739e,0,279,13
mnfc2691e4b8008a,142291,54739n,1,236,11
mne97de35cb7fe4c,165065,61732n,1,107,2
mn29a4384e520f43,65648,49136e,0,262,12
mn17032b692b3296,165310,62927n,1,182,8
mnf07c71d9e66677,342732,99419c,2,207,9
mnc37837c1d2ec07,1600,27974c,2,184,8
mn98c929c8b28e15,305744,90856e,0,198,9
mn4cae98be63d4f1,140870,36203e,0,89,1
mnb8257691a78149,263296,74663e,0,139,4
mnb2bbe32053b3e7,52396,105224e,0,169,7
mn09653f3129b1ee,44196,46672e,0,148,5
mn4a0b6fc9b2491e,271312,118708c,2,193,8
mnfdee534495c5e8,141769,109009e,0,244,12
mnf95cd9dffa4c54,148375,129490c,2,170,7
mnfff6cd25c1479d,106345,94262c,2,183,8
mn20a4154f687ef4,233699,70887c,2,116,3
mndf245713f16f58,233329,22798e,0,193,8
mna5685baea05f3c,213374,107392e,0,229,11
mn3851728950ae37,180557,141667c,2,284,13
mn46ba702b90fe62,147508,114758n,1,115,3
mn3c4c5b3b60bb10,223393,130046e,0,229,11
mndd354e4d543d04,341801,26871e,0,168,7
mn63359b73b9f0ed,147430,30539e,0,182,8
mnee0e315a410ee3,9583,55232c,2,175,7
mne6acf4e7ac07f5,269604,91899e,0,239,11
mn156a0a36d1451f,263207,88520c,2,140,5
mn2b8818a6444b0a,274342,16106n,1,193,8
mn3c188c6fc647ed,118068,102301c,2,69,0
mn4b99bb65ccdbcd,259256,57803n,1,313,14
mn0d148b4a94a3a4,239391,56330e,0,198,9
mnf47bc53f4152d4,141087,81160n,1,278,13
mn15228b84e5fd51,24395,139830n,1,153,5
mn7f1f6c595bf6cf,264967,38611n,1,78,1
mne395ddebd6024d,68685,134275c,2,201,9
mn67e16c8b28f369,83866,35674c,2,207,9
mnb49c269d889b63,250260,14430e,0,257,12
mn76b5b231fa0880,311699,73628e,0,284,13
mn70d8406413823b,75996,140484c,2,85,1
mnd671f118988d89,310504,35215c,2,311,14
mn7523cc32a979ea,160083,29302n,1,210,9
mn699da59491b84e,364222,132347e,0,388,15
mn286ab3d5411ead,379679,107183e,0,283,13
mn0a2473ed68d602,97431,135243e,0,110,2
mn7e0cbab79a81f3,182430,111564c,2,121,3
mncf853b18bb7457,50947,24012c,2,296,14
mn0320d235ec48f4,91936,41441n,1,224,10
mn1104735e661c88,81199,59153n,1,230,11
mna93351e8fdcfc1,265140,111706e,0,49,0
mn6a98a49eff9b94,290767,83077c,2,151,5
mn53f982aee6a5db,214564,29348e,0,100,2
mnb47b67cd8bb8dc,69465,86406c,2,92,1
mnaec12db4226643,296000,40124c,2,164,6
mn26ba27a27b1a44,4530,126323n,1,152,5
mnc6d39439bd7428,103805,32391e,0,358,15
mn95ba3fd8c950c7,287838,142683c,2,300,14
mn97f6207c28b12c,294047,103386c,2,261,12
mnc5c1d0daffb52b,13776,120148c,2,137,4
mn6817a74225428e,316527,57929n,1,341,15
mn50957194f6c771,290167,122563c,2,81,1
mn2da877a29a802f,196853,47063n,1,171,7
mn036606fe370f7f,275591,112272e,0,98,2
mn7693cac6b2507e,197634,49370c,2,342,15
mnbf648b506ecef5,68867,94708n,1,215,10
mn643fb7fb45542b,151552,113033e,0,275,13
mn5363732d1e6e50,256403,131706c,2,148,5
mn30ed5d4d8373b4,185854,12548n,1,204,9
mn70f5ffbb9e7d20,47955,35951c,2,71,0
mn08a818934437ce,32083,110736c,2,127,4
mn90b56680635557,307633,16937c,2,235,11
mn50e6818a359430,109862,102400c,2,318,14
mnc28ab95dab4ad7,260268,16298e,0,73,0
mnd8fd8e69e7a0a8,163642,61608n,1,79,1
mn34e81152b856fa,173561,6768e,0,138,4
mnbbe62ad6a80d5b,155732,13393n,1,226,10
mnbb7d6a2d2baf51,104261,47084n,1,176,7
mna87badac1a556a,86675,40474n,1,330,14
mn811674e5009d87,322539,104791c,2,79,1
mn6de760d9fe4155,63136,110407n,1,133,4
mnbcdbe700be09d8,600,139929e,0,132,4
mna448be289aed27,78506,81701e,0,139,4
mnf5e5fd475f6a55,99587,77834c,2,234,11
mn83c3174482712e,123535,126171c,2,160,6
mn327ea7abd0acb3,4310,59503c,2,151,5
mn59cf2d562837d1,147313,52516n,1,163,6
mn44b418d1d54f7a,131227,12001e,0,148,5
mnffafe052fe5895,8570,44661n,1,201,9
mn1b28642d0678f2,224809,131900n,1,125,3
mn5ff52629ca3773,168851,98291c,2,105,2
mncb1a9c5d404a7f,210898,90838e,0,185,8
mn7d68065584a8dd,278029,44678n,1,302,14
mnfb739347787bd5,184084,10183e,0,225,10
mnbfa70def422188,148344,106762n,1,189,8
mn09227098838b5f,85747,137160n,1,188,8
mn0eac5d2caa1844,359916,70258n,1,245,12
mn8bd454878ee838,214989,81290e,0,84,1
mn7d2a52ab0a236d,216466,56815e,0,229,11
mn2a2a835615e8ae,1919,11351n,1,155,6
mn9581248930e352,141583,43300n,1,272,13
mn5f33234586c8e2,162274,83582c,2,244,12
mn337a8e1833e536,359708,92850e,0,303,14
mnc8c02e42c9afdb,22150,20818c,2,508,15
mn72479e886febe2,339981,57398e,0,361,15
mnda2cd8b43d1f45,308860,134538c,2,207,9
mnfd40f022d6daae,236921,23569e,0,115,3
mn29481a83cb4a18,115799,114313e,0,131,4
mn694a40ce652d1e,102346,87551n,1,289,13
mnb200780b4ca4fa,94381,121556e,0,120,3
mn32dfd27097993d,287109,36178c,2,190,8
mn376a969b073b6d,200802,107026c,2,226,10
mn6244bf7424cc93,257999,102137n,1,352,15
mn43cfe1031b7b1c,165768,93006e,0,66,0
mn8718e61afbf39e,318508,113723n,1,228,11
mn552de61908b59a,34783,35300e,0,178,7
mnb9d17951c31c15,210496,69310c,2,127,4
mn091a84c0b42f92,66662,105749c,2,143,5
mn6589898f446ca2,40238,101365n,1,145,5
mnee528b3d663122,261752,27955n,1,146,5
mn790c0040065801,83542,16754c,2,171,7
mn5e171340c9a7bc,258584,126867n,1,295,14
mna19cefa78211f8,197872,14532e,0,186,8
mn70ef6ca5c74ec5,266659,45355e,0,144,5
mn272c196e671c30,6440,47655n,1,172,7
mn2cc13725b7e4b6,383544,64670c,2,126,4
mnea0cef7f997a98,157587,109620e,0,455,15
mn56be7a92dba016,41767,23030e,0,61,0
mnb13b63c693a6ec,90661,133113c,2,123,3
mn80fe7878eda0b1,209793,98798c,2,281,13
mncd2ab87496d001,301939,20517n,1,476,15
mn3a8d480d6c3376,59003,55635e,0,94,1
mn609e9485954ac7,217981,129662n,1,130,4
mn726c6631599fdb,257442,29078n,1,120,3
mna9ebea45169784,196124,138221n,1,246,12
mn91131531ab20fe,197921,108851n,1,327,14
mnb728216fa3c4e0,313598,81209e,0,257,12
mn537c4cbd4bbfa9,163342,71952e,0,332,14
mn74939beec29cac,129481,125635n,1,257,12
mnea5613ffe07945,122995,21800c,2,189,8
mnc13ebe82b99dd4,133793,118864c,2,247,12
mn53684c6913df6b,163979,118021n,1,163,6
mn640235296f8de8,355760,123544n,1,321,14
mn874039043a0869,46824,102657e,0,191,8
mn8f2f5abedd0cce,262038,37189n,1,394,15
mn18fc234e5bdab4,335107,27727n,1,186,8
mn3dbf7f2944867e,227528,110946c,2,396,15
mn3ea0dc355f59b9,248941,136952n,1,200,9
mn596a382902e383,193861,1433n,1,403,15
mn439dca3e1c9e89,250629,10942e,0,74,0
mn4d722cfa685e43,334596,28861e,0,189,8
mnf842025447f726,259219,134329e,0,289,13
mn82bc0016a33a98,4317,60933n,1,84,1
mn8a54159a041995,103117,66749e,0,204,9
mn9eb538694d53b9,226604,27591n,1,119,3
mnbf1b325e4db369,136611,16310n,1,155,6
mnf06259c6b5bfb1,181145,91920c,2,140,5
mn8f2e18d6f8bd4a,379715,110867c,2,223,10
mn3aeae1ce257848,314914,47178e,0,102,2
mna0bb0ddcf1e939,306031,37745n,1,264,13
mn17547af6d44913,260865,121956c,2,46,0
mn2d699d8cd1dd00,97870,74311c,2,245,12
mnd52a5b495f6517,375126,98789c,2,122,3
mn4ef46354eaeec5,370276,89386n,1,118,3
mn4e1ac72a3fe6f9,65971,5194c,2,234,11
mn2ae1849a94f973,330690,17338c,2,84,1
mne2172edf50f0bc,149517,135160n,1,155,6
mn24baddf930d883,275271,31519n,1,153,5
mn0ff1c15b76a158,68431,55178c,2,192,8
mnbfb217c713f3ad,293086,118984n,1,96,2
mn33ba6672b9e9aa,392586,39679n,1,317,14
mn906af6aeaa855e,220924,80054e,0,112,3
mn114a7cb64881b8,375223,4646c,2,274,13
mn6dfd8a474dfebd,25221,80872e,0,321,14
mn91b2d06218336c,183402,45741c,2,270,13
mnb53c5e25a5a8d1,255611,144779c,2,326,14
mnd28127dc8a916b,75608,15970e,0,782,15
mn79b43c66d48cf8,249322,132739e,0,307,14
mnb0596106931bc8,224581,48307n,1,254,12
mnce7c05382687a0,298179,61060e,0,199,9
mnd7d3290e08dbd6,266888,92413n,1,150,5
mn7f4bc88b9c1957,79321,4944n,1,159,6
mn7933745cf5cc14,269066,19417n,1,359,15
mn82f3d24a8b7365,380257,91117c,2,287,13
mne70cf1848c8830,371971,73311e,0,143,5
mn50fc5d2c08c6e9,201968,84083c,2,68,0
mnc36d3b4a11238f,65327,4055c,2,184,8
mncefa23a06f0f2b,333636,93418c,2,217,10
mnf120ccbe78075d,356689,112221n,1,140,5
mn5f69f0edaf3d15,19817,61251e,0,63,0
mn76eccb9515a1fb,167494,83009c,2,148,5
mn24eef01b9d3148,138557,129327e,0,153,5
mn7f5671c532db00,275060,14146c,2,252,12
mn0a93e1373de7bf,103129,101428n,1,207,9
mn5836a2c6134fd5,206550,94720c,2,200,9
mn879a9e14670562,200067,133560e,0,123,3
mn7e44c7de97bd9e,98509,88848c,2,201,9
mn12a0afcc06a869,75695,54170n,1,230,11
mn3a82a8f0e2078d,380388,141063c,2,348,15
mn07df5a288949fe,30389,42913e,0,189,8
mn63051798001062,387440,103961n,1,349,15
mncf31cc18e8465b,297641,16353n,1,138,4
mn8c2e55e75f04b4,156533,34397n,1,267,13
mn1be2d2d086f0e4,339393,39313c,2,241,11
mn5a129cfe8ce2b4,87533,85845e,0,324,14
mndd66fc446ee17a,255056,111615e,0,194,8
mnde78d8ffbdbea3,274854,8879n,1,142,5
mnd7a7c701b134c7,510,138930c,2,309,14
mn3c27cc9d1ca86f,173537,33660n,1,199,9
mn52099dfbf4900b,323037,86382c,2,195,9
mndd6c2500caf277,314188,2801n,1,99,2
mnd15f8e4783dd00,265676,105399c,2,163,6
mn10746ae4db065d,201969,93978n,1,65,0
mn75379646eee536,70286,63554c,2,187,8
mn275d290e046a42,89224,34928n,1,82,1
mn168c8686a29b96,214939,34398e,0,93,1
mn355dee1fb97c4c,61202,129051n,1,181,8
mn2565c085192846,128327,42100c,2,160,6
mn2def9623865c6a,134535,47368n,1,85,1
mn211ad03183dee8,259622,51138e,0,92,1
mn47dbce53efa38b,231412,5980c,2,150,5
mnf46d6d60ce5900,236340,135969e,0,206,9
mnaf074dc3d89ecc,306652,51758e,0,262,12
mn96412b3bc52aea,160498,108495c,2,274,13
mn95bc3c9a031518,30568,4547c,2,103,2
mn76dbe687ca4d07,234389,58696c,2,163,6
mnb8e716c16179f0,216328,144496e,0,268,13
mncce13963b7f00e,297419,110952n,1,285,13
mn8bcc0606ac76de,321659,130416e,0,220,10
mn242f9db1cbc31a,7847,87112c,2,150,5
mn448cbd79d903fd,223360,5467c,2,210,9
mnd3bdf518dbc032,266113,136355e,0,290,13
mn30cc252d681eff,312402,27146c,2,302,14
mn246f3f66d8e63b,86167,12371n,1,222,10
mn2d97736857a1af,172619,22514e,0,318,14
mnd1bb66d11a1d36,264572,52056n,1,102,2
mnb522ccc1ec8818,358654,108791n,1,135,4
mnee455fb88b1493,248123,69931c,2,202,9
mn08571cde5f8312,139479,84868e,0,122,3
mn756a3353ed20e6,167049,102309c,2,183,8
mnfa25728ea18bd7,235441,145386e,0,76,0
mnbe220bdc32f0a0,83451,68912c,2,180,8
mn9b0d59ed24786d,26081,75181c,2,80,1
mnef4f9951763c28,238174,3783n,1,90,1
mn131ef54ba923ed,301785,116444n,1,423,15
mnf50e2bbcaaee38,195557,111968e,0,73,0
mndd9670886be6c8,111745,20959e,0,202,9
mna0bf3b1336cc00,272326,97303e,0,270,13
mn1e2c88f4b7b56c,75703,102211n,1,240,11
mnf3cebdfc3a2f05,104272,44958e,0,278,13
mn4a71f28c62bff2,65047,17844e,0,59,0
mnce05b9a868dc32,242504,83650e,0,239,11
mn1049a579a3ed0f,371594,68331n,1,277,13
mn88f80f6d88f7c9,242367,31720e,0,227,11
mn097ea77860c174,52971,140407e,0,69,0
mnb6312d8d571076,155127,86158e,0,269,13
mnbdf29082cf85bd,47916,86537c,2,336,14
mned5ffe01b7d387,374812,37317n,1,182,8
mn7e676e2163bf28,7984,41344c,2,190,8
mn67a14acb63943c,198065,24074c,2,235,11
mn0c324877c1d0a2,342577,76418c,2,104,2
mnba3802aa1a0bd0,191555,40142c,2,165,6
mn3ce3dcf42aaab2,237370,107745c,2,133,4
mndf1dbdb63bfc33,216297,102288c,2,393,15
mn9ff43eb16a2b57,325048,124734e,0,94,1
mn66013d381135e0,175576,137847c,2,108,2
mndef43af12fb4f8,293260,22426c,2,97,2
mn47051c69e76985,293148,126910e,0,291,13
mn870fe4c5d12b88,374699,97616c,2,194,8
mnf4866559905a60,142518,132251e,0,246,12
mna4b35dfe017469,21923,113104e,0,101,2
mnf353f8b3b26578,91843,79088c,2,196,9
mn28784e972353c6,333027,108151n,1,150,5
mn5d95338f30abf0,209696,53255c,2,127,4
mn7b8c28d9b203db,99657,128995e,0,246,12
mn49f61458656403,109485,31017c,2,131,4
mna9edcdc3174b29,233662,44460e,0,77,0
mn9a41ef874f10e9,291906,123178e,0,119,3
mn2d730d132cfbc3,193510,119302c,2,85,1
mnde297add7eb240,251933,104816n,1,225,10
mnc6cf8ec4d38fb8,88696,33175c,2,126,4
mn5fe392e6aa0ce7,356826,3359n,1,98,2
mna665c31ddc5f14,9250,61184e,0,177,7
mnc2833489f0c649,129714,106228e,0,68,0
mn65e77ad49fede1,24486,1856c,2,124,3
mn8282ed86736585,261537,106320e,0,80,1
mnf40a324a04e7f0,237866,119775n,1,90,1
mn6b1c1b4d9f7fa3,315189,10575n,1,134,4
mn4f235b49af4374,258748,66744e,0,163,6
mnf968ec60fdb173,189863,36693e,0,62,0
mn56278d9bf34011,368716,108677c,2,65,0
mn49436d62cf821c,200987,108742c,2,217,10
mn612df8973b9a01,126412,88529n,1,203,9
mn9f115a79ab761c,334261,61392e,0,164,6
mnc8c80f1313eeb0,284690,92742n,1,232,11
mna746fe4bddec98,346616,19829n,1,114,3
mnb7c11c2b038550,354014,35280c,2,122,3
mn94380a8d291946,239714,124769e,0,190,8
mn15bba79edb7d97,198690,62867e,0,128,4
mne0bdd91cf9bd34,303636,68892n,1,167,7
mne2d0d63c0139f1,226166,109626n,1,214,10
mncd6e43735049d7,234534,29614c,2,351,15
mn8346891825a66d,37304,14285n,1,275,13
mnb54e7148524ffa,328765,130742e,0,126,4
mn1810826a0ad798,340578,106345c,2,212,10
mn362d87293d6126,220934,117219e,0,294,14
mn930eddc42139cf,301871,9642c,2,158,6
mn092e2b365f3bff,2518,80562c,2,164,6
mn76ed6a5b8b6143,19360,80795n,1,143,5
mnbbcff24bbd51cf,69371,144935e,0,66,0
mn00b8d053bd252c,359298,131110c,2,312,14
mn2ad89ec767cb1d,240253,57675n,1,254,12
mn3c9c486da5f8c5,58294,33722c,2,178,7
mnccf0d119205073,371432,117953n,1,273,13
mn70557d6521ce68,33090,70291e,0,135,4
mn47265327948d7a,183970,18349e,0,331,14
mn4ee289e9111928,194851,81090e,0,336,14
mn67644abf99b4c3,169239,52430n,1,188,8
mne4a1846aa2d960,164297,95459e,0,76,0
mnfeb43b4bad25a9,370635,98530c,2,126,4
mn9db5f0e5a76cbe,369100,142765n,1,102,2
mn9228de13544875,30700,17187c,2,432,15
mn2e5ad09c1a452d,233806,93143n,1,87,1
mnac17c2686107fa,50506,108295n,1,267,13
mne20503c9b7c624,201120,60591c,2,106,2
mn9128f38258f4c2,307824,96523c,2,253,12
mnb25c7719735ca5,209841,15700n,1,435,15
mnd47e9e5f1916bf,188152,118324e,0,60,0
mncd7f24b9062edf,277582,60714n,1,260,12
mn73f3a5cd36e3ef,46545,26335n,1,148,5
mn3da5550d6b9bf6,198836,57817n,1,89,1
mn2638183d62d0f0,179626,482c,2,75,0
mn847f60b33979e6,172152,73683c,2,308,14
mn7af6d3d3956594,288760,83952c,2,88,1
mnffaf5dd76fdcdb,201417,22794n,1,88,1
mn714a295595d65e,318389,31347n,1,234,11
mn9980dc20268b7f,106097,61264c,2,223,10
mnd316d24778a7a0,116450,108065c,2,119,3
mnd637b9adcac492,366268,56753c,2,266,13
mn521489a03a3529,256015,92839e,0,296,14
mnae07543121b8db,91614,21144n,1,265,13
mn0c02f02507da8d,201639,81706n,1,239,11
mnad993cea84fa9d,322629,44384c,2,241,11
mnf2f04bd11428b6,351952,5771e,0,220,10
mn7d8232b8dadef7,147954,44376c,2,258,12
mn0904b1e10dba73,81749,2522c,2,153,5
mn9f7c7d84eb0b6c,348033,45710n,1,85,1
mndeeba6ef7a2c2f,357425,71168c,2,258,12
mna34b329a317d9a,186819,81777n,1,85,1
mnead6cf1d078281,289271,68995c,2,387,15
mn8c70c39d5fee3f,257117,99448n,1,275,13
mn3070d5ad24dbe7,189244,67456c,2,117,3
mn7db00f51bf89ca,386424,86214c,2,294,14
mnc5c2bd31e73ea9,23161,112432n,1,243,11
mnaa4976bda3bc3c,48288,6996c,2,57,0
mn6816314f5e7914,203265,50646n,1,203,9
mnbab8b96e8e6320,322173,118873c,2,142,5
mne3759e22fef266,194916,141433c,2,125,3
mn72f19482c350ac,337766,54249e,0,169,7
mn598acc64a882ff,339222,142649n,1,67,0
mn3987d29fd893e1,388219,141827n,1,244,12
mn83977fb405bed8,267285,19989n,1,242,11
mn93d512d8efb45a,341414,125142c,2,274,13
mnc9a5f78ccc8fd9,381511,3942c,2,252,12
mn17362c372f4b8f,333767,95963c,2,64,0
mn5b7fcee70c57a5,215604,4132c,2,88,1
mn7b87e8ccff4438,198742,108977n,1,100,2
mnbb84a3c48b6956,325823,49205c,2,314,14
mne9d795dbcc6bd9,254857,1315c,2,260,12
mnc4d1701ef04787,73405,2533n,1,537,15
mnc273e6101d0ca8,217703,39996e,0,158,6
mn61aff3f2d151a3,387613,115024n,1,208,9
mn9dc1dfbd2bd419,335346,135425c,2,172,7
mnf29c05ab0621e8,225794,38980e,0,263,12
mnb1ac6c0d36b710,78759,102922c,2,158,6
mnc35bd12bb6cda0,332599,37579c,2,178,7
mn2372737aae5071,212830,86907e,0,268,13
mn8676163c3dfee8,148366,5381e,0,150,5
mnb99e994c797d0e,217262,90423n,1,277,13
mn004772cfce7fce,239511,110267c,2,254,12
mna209547a6b437f,187745,105019n,1,128,4
mn06d511f9f18d26,300997,28552e,0,90,1
mn8f96d367cc1558,149405,27610e,0,86,1
mn431f78adb4808f,325506,36344e,0,174,7
mn03cc2c834e4a0f,298560,130460c,2,351,15
mnf43ddb0616ac68,144802,61040e,0,188,8
mnd097378a9e7288,129450,76681n,1,118,3
mn25dbe8bacd1d52,378019,58538e,0,252,12
mn839ee95029afd6,21895,72853n,1,122,3
mn040a3c2504dbb9,189098,128331n,1,168,7
mn7d1fccb47d9cba,332717,138005e,0,126,4
mn275da440faea24,263145,18484c,2,114,3
mn1e741c777b600d,83502,16354e,0,74,0
mn60c815cfe36ef0,353158,141112e,0,174,7
mn350d153867f924,1191,95951n,1,92,1
mn7a4d04602e6947,278826,88724e,0,212,10
mnc422eac00b7f81,4927,33220n,1,194,8
mnb287f33007ff0c,333394,39731e,0,103,2
mn45028bc9a57917,136062,52881e,0,511,15
mna2cb62c7983351,110141,29273n,1,339,15
mn77258c54d0b3d0,133438,106580e,0,181,8
mnba87e7bc6b2c3b,47422,96156n,1,92,1
mn9ad9fc939f170c,23263,41548n,1,259,12
mnab3ca5d3444ed0,71142,121191e,0,275,13
mnc5a5fed8885cbf,12454,13483e,0,274,13
mn3e54e81bbbdd14,88826,68178n,1,143,5
mnbd0578b25bb94b,337579,41902n,1,222,10
mn2f94e07858d291,324503,13456c,2,123,3
mnf77945dbe0e218,259741,85759c,2,168,7
mn2f440f45f59af1,26715,81243c,2,160,6
mn5785732a45ba6a,320840,59579c,2,309,14
mnbf784ed8b6531c,33223,128950e,0,300,14
mnd40d778b7775d9,6484,22191e,0,105,2
mn40e480cad7327c,66343,145480c,2,178,7
mn47741a6ab9b1b2,369008,103573e,0,96,2
mn6a7e11513e18d4,314390,98190n,1,299,14
mn9684aefb89a2dc,115721,1822e,0,214,10
mn940a555b569a65,233126,1783n,1,130,4
mnd6426d7db7c65a,161025,21483n,1,219,10
mn448eff95b2fa55,28956,114025n,1,246,12
mne1a425106537e0,221277,23719e,0,137,4
mn1e34ee46d433ff,157014,94737c,2,300,14
mn8a1f9e2fdefb47,15923,110486e,0,252,12
mn2153d8af285c3a,334855,85995e,0,170,7
mn867a2475e5eb29,16437,52728e,0,238,11
mn493c0e5239e4fd,225239,80117e,0,156,6
mn19b58af97fb2b9,24706,51732e,0,100,2
mn70da3c9da7edec,35101,12637c,2,110,2
mnaec852965fc21a,59050,44841e,0,289,13
mndd77a9c4beb3a6,318471,5809n,1,100,2
mnf8b50420df5523,64513,45701n,1,337,15
mn05efc298e8617a,174218,29330n,1,324,14
mn0ad49993088cbc,22232,118726c,2,143,5
mn0377dbbc9f6689,147350,45803e,0,346,15
mn2c4fb374fa6461,166427,44818e,0,131,4
mn37ea2adb3204d8,309815,43172c,2,292,14
mn09e415336e5fad,345798,123413c,2,78,1
mnaf69fa716abf0d,110331,17343n,1,378,15
mn410aa7e637df0b,300411,22363n,1,202,9
mn2d22829a149a58,74656,4721n,1,275,13
mnbf51a5836141f2,54184,43056n,1,264,13
mnce80b1b455a631,43553,32550e,0,91,1
mn8192a084453d33,282264,6514n,1,107,2
mn1565d85b26777d,336009,35369n,1,264,13
mn40c174d1f99761,290291,2946e,0,240,11
mn3e8d071404d64a,329022,5163n,1,224,10
mn7243e2c911c8bc,50439,6365c,2,345,15
mn5ab4d88ebac4ec,53797,92035c,2,261,12
mn9e9a18161078c0,259774,144969e,0,72,0
mnc8360b1636a35c,314814,82152c,2,107,2
mna73dae922d7b55,254,119476n,1,142,5
mn99c02464e173ea,213031,1068n,1,128,4
mn1af0d63be2802c,51260,53587n,1,253,12
mn54aa2d16f40b38,170146,101025n,1,200,9
mn323f75aea7e5a4,224634,3640e,0,316,14
mn275666aef049d7,325807,58790c,2,165,6
mn17e150755169bd,190158,27825n,1,258,12
mn0913673adf5b4f,73503,130366e,0,254,12
mn7151cf8fe583af,314758,10046e,0,201,9
mn58fbef65381922,20369,34768c,2,260,12
mn77ba1f088d135d,162068,118902c,2,193,8
mnebc6e0a5fd5dad,183298,34735n,1,185,8
mn8de77c05193855,21972,104104c,2,172,7
mnb5751e27d105da,175595,10110n,1,134,4
mn361965fb578ee5,83565,109133c,2,212,10
mnff18a3694ad8d4,48130,58927c,2,269,13
mn7812702d4ef31b,97494,66031c,2,184,8
mn541fac8ff00e22,166491,25224c,2,188,8
mn16beb92adc8873,227403,73722c,2,250,12
mn3fd2e4ee9057ed,156231,74196c,2,230,11
mn32f7458887af69,118583,102498n,1,138,4
mn7685f09f500949,153623,34017c,2,232,11
mnc74559638b9014,121338,105703c,2,187,8
mn4bb8a504df9533,49213,40857e,0,74,0
mn7b74eca4cd656b,377710,51874n,1,127,4
mn17901d11a2776a,205262,130524e,0,115,3
mn77e543f77c7902,219342,46107c,2,234,11
mn8e0abe6ed77bce,309614,102242n,1,123,3
mn2e5e80d40f01f5,128447,47709c,2,96,2
mn5f7de6d4449ca1,15555,142408c,2,127,4
mn26ec668cb6b346,118587,136383e,0,128,4
mn9a721df3861de7,329447,98280n,1,89,1
mnef90cfa2c634c8,57512,120219e,0,137,4
mnabfa31617fb2c8,27675,26595c,2,253,12
mned2f62c468ad7e,109429,39193e,0,64,0
mn8e10f9abd480cd,318664,3858n,1,187,8
mn7c84a1b89d6204,116504,129126e,0,300,14
mn60142cdbe1c939,313293,27692c,2,241,11
mnb7aa6a6f529b75,351120,137481c,2,268,13
mnda4cd227876847,90036,8503n,1,473,15
mnef802dc422aee9,97352,120853n,1,247,12
mn5357743fd554e1,283512,56319n,1,228,11
mn2258616b403d47,196947,77245n,1,163,6
mn5846cc0a48c403,230522,113093n,1,122,3
mn17f1d93fe97237,187918,21424e,0,196,9
mne05472f1781af0,179463,59203n,1,259,12
mn58c190ce2dd730,264506,67951c,2,81,1
mnbfd79e2885b68b,18989,94793e,0,298,14
mne58b51f8ec0d1f,59399,5642e,0,91,1
mn6cb56477d680db,298738,90152c,2,219,10
mn798adf29c349ec,15752,96673n,1,214,10
mnbf8576b0f4eda5,179994,96824c,2,323,14
mn6392568daf9bfd,247790,127848n,1,283,13
mna9d3b2899ebf00,304527,93722e,0,337,15
mn266e03e11427a7,156563,99007n,1,78,1
mnef2ab95aaf0988,40245,139030n,1,220,10
mnba70d0d3b55504,354940,31860e,0,243,11
mn58a361cf5f5a05,188932,136223c,2,148,5
mn1da611ab0556c5,325427,119631c,2,266,13
mn6610ffdaf64035,376084,23902c,2,146,5
mn0176cf6f284f1d,102689,45212n,1,116,3
mn9bcfd564e0eed5,365242,31006c,2,136,4
mn0af4ab9aec949d,138197,8449c,2,251,12
mnde7c3a8b72eea0,170823,127335n,1,154,6
mn561c8c48a0e495,241472,125000e,0,67,0
mn8319b2fdb19578,77414,116260e,0,163,6
mn5e001bcff2b621,29909,60617n,1,151,5
mn392d4caf57b56a,243887,136904e,0,100,2
mna4abb5f80c1f74,214420,57035c,2,218,10
mn6199703d9aa3ef,90629,30991n,1,194,8
mn9991638d793e01,325765,136688n,1,231,11
mncda137144b631d,171649,714n,1,242,11
mne85ac986c60392,367146,112820n,1,95,2
mn298c27d84e2070,98878,81610n,1,276,13
mn5fe97ff5fdde4c,179759,41188c,2,306,14
mn856860f12a7cfb,293046,134279e,0,142,5
mna6f8f0a87db5db,347609,27245c,2,236,11
mnb1185dbe9d4213,339378,36240c,2,131,4
mn8c7c04b7c5aa60,85408,3478c,2,164,6
mn8dd812580ed46d,46005,48073n,1,218,10
mn066f65ee2853e7,89854,25589e,0,138,4
mncb1789050135c8,300814,105547n,1,337,15
mn02085f40439962,321983,43340c,2,158,6
mn092cdfcc3ced5e,250163,22271n,1,64,0
mn587dc4c57a7d00,308665,136024e,0,204,9
mn9b3d902366471c,5483,75744n,1,95,2
mn33aa30aeb9c683,365082,40614e,0,124,3
mn6aa20d6be00473,336827,76525c,2,90,1
mn0ddeb77a81742a,56804,98374e,0,68,0
mn183ca237966203,381366,101844c,2,101,2
mne1208ac95237c3,128825,112429n,1,245,12
mnb2f90f47f2ea25,84321,139818c,2,195,9
mnc74a0f783973e3,127489,141067n,1,118,3
mn6aeb25a566934d,10796,9163c,2,118,3
mned7b99548d9213,162319,102219e,0,101,2
mne7f8c593ba4533,224299,16360e,0,319,14
mnaa8feb754da3b2,84887,98326n,1,216,10
mn8580c70805d74e,105481,3694n,1,157,6
mne9f557afcbdf31,390484,37613n,1,331,14
mna6effa17aa0ef1,374731,83950e,0,212,10
mna6652fabaf771e,218772,88515e,0,244,12
mnfec875bec07d90,234154,140068c,2,249,12
mn36ff83241bbac0,140595,23633e,0,71,0
mn0d6bd603cc3d82,299126,106019c,2,387,15
mnee1fc060c16598,122471,98732c,2,723,15
mnccb3eaf7fdeea5,76765,18468n,1,79,1
mn8666c427e6f4fd,285683,84172e,0,142,5
mna34b51c3b1bce3,230556,69890n,1,131,4
mne87aafeda2a2c1,239196,48668c,2,253,12
mncd4256b8d456e7,385271,131801n,1,194,8
mnbdf47769f0200b,275140,140263e,0,319,14
mna54431c2eefe68,39363,10971e,0,181,8
mnea5ff4ac153527,342016,79220n,1,285,13
mn273d22d250b0f8,102434,71764c,2,330,14
mn30b47f9a2fe130,141875,139639c,2,239,11
mn09a7a0d8593705,287306,133072c,2,251,12
mn440cec80fb202c,180899,4549n,1,246,12
mn8a0ffa57b754e0,144977,71631c,2,121,3
mn8f3b5f51de6a03,79938,93915c,2,195,9
mn1c05ed207a744b,2565,19325c,2,231,11
mn325babeef6943b,180183,1114c,2,268,13
mn2e6142fe698b3c,308497,3968n,1,262,12
mna7dfb59c8fc35a,242584,132840e,0,294,14
mn1e392fa73a435e,323337,105405n,1,222,10
mndffac6e9985052,270806,21298n,1,252,12
mn247ce88eb3360e,46281,6390e,0,95,1
mnb8340160be084e,306931,95878c,2,318,14
mnfa99720936c898,40318,143600c,2,190,8
mn857633ebbd5bfe,57916,26830c,2,161,6
mnc0baff99c6ecc4,160148,40762n,1,229,11
mn58d0b589d9c8b7,205049,112178n,1,142,5
mnf3a567276f0c5f,176481,146021e,0,87,1
mn699ec16bd28d84,227534,29881c,2,102,2
mn964f9a1c44d2a8,213596,55814n,1,146,5
mn680dd7a440aeed,98274,53137e,0,200,9
mnf5fc1c98ea3135,142649,53793e,0,188,8
mncadb60d2f119b1,115737,107940c,2,139,5
mnf903e7cbfcaac5,200307,99881c,2,215,10
mnf6b0d548688458,392093,66357n,1,95,2
mn86220146fb9976,51807,134398e,0,164,6
mna74bcf83b550d9,231904,73605c,2,181,8
mna551ded6e87d3a,360386,538e,0,98,2
mna44c42ed9e97e8,234424,124924c,2,164,6
mn7902e7ccf78023,350478,109562n,1,204,9
mn366a7426a49015,185233,51318e,0,238,11
mn2871569da63658,144308,8983c,2,115,3
mnd65d2b74fee2e4,349597,99943c,2,107,2
mn79854380b2af77,343347,129525e,0,40,0
mndb3b45c38fae2e,131929,30716c,2,331,14
mncb7f94c969e79b,369759,60443n,1,102,2
mne705afb312fada,110061,77487n,1,279,13
mnd333553e579f53,9913,40191c,2,345,15
mn6d20c6cd879e60,21893,97198e,0,278,13
mn64812e1b5de49d,243660,68508e,0,224,10
mn1006f27eca25a0,334288,20967n,1,150,5
mna7e5f3e78c0f44,212449,132995e,0,333,14
mnd522eede8852e8,263261,113327n,1,212,10
mn433d285af78e56,206594,58407e,0,151,5
mn812d023c6a4020,358820,20688e,0,108,2
mn6fa1be9f416095,112810,139182n,1,175,7
mnc44507d5140394,305860,103964n,1,146,5
mn88135f640b0f8e,214164,13172e,0,164,6
mn886be3d0f68b9e,178441,25112e,0,142,5
mn4c7bf0325f96bb,103834,8331e,0,233,11
mn3eb35d26077b06,392154,62049e,0,149,5
mn0bf55af21a2f95,51849,72988c,2,56,0
mne5db9ecb4a26e8,141100,109448c,2,191,8
mnb22b21e5a4e6eb,80198,143254e,0,203,9
mnd16ac5404ee384,346971,138170c,2,102,2
mn3dfc9216821f23,367406,22809c,2,233,11
mnd640eebc5d52e4,289337,15678c,2,326,14
mn37c522c45d6389,48576,32131c,2,295,14
mn735dc39d111948,109716,64288c,2,102,2
mn2792036d1b45a6,21077,109851e,0,232,11
mnf6a9d0e156bc67,283315,117865c,2,274,13
mn8da9245ae4e4ad,202752,6147e,0,196,9
mnb6bfa4799a6e41,369339,50041e,0,248,12
mn68328176d93f8c,20265,36175e,0,184,8
mncf22f461e823d9,177059,44611e,0,181,8
mn3da6371c27d8bc,8067,57317n,1,223,10
mn55a5fbd40b3889,327732,136902c,2,87,1
mn3a18f0c9a0fda8,32120,81488c,2,122,3
mn1d2b14930ed406,39854,130844c,2,211,10
mn199dae6991809a,171504,81967c,2,353,15
mn0ce9b7f1219ce5,92378,102399n,1,296,14
mn07a750c7d7a656,237828,90484n,1,180,7
mnbfe5b434c11a92,325458,30411c,2,172,7
mn39a93a9e7d572f,274545,65361n,1,140,5
mn7e13825b461d86,105031,54243n,1,181,8
mncae0e1d12e4d58,252888,6806c,2,262,12
mn0e15d1dd4b4238,94724,88440c,2,155,6
mne17b98a98b8eb5,56176,129079e,0,303,14
mnddde8713a4c453,240039,119616e,0,119,3
mn43bf42d4128d9c,27733,139272n,1,139,4
mn2a3be338d392c2,269178,105112n,1,240,11
mn739b4acdd41bcf,177828,99248e,0,226,10
mnc04050458c6d12,10730,54743c,2,231,11
mn561f021d6dd012,100785,89912n,1,153,5
mnbe3832a8c4188c,16971,8450n,1,306,14
mn69a3613d23ed97,83905,24811n,1,115,3
mn6d6644fb3b8884,214390,137531e,0,133,4
mn85c83c93b359a0,6835,74360c,2,228,11
mn91bf319c5e62ca,383831,120174c,2,266,13
mndb4621d6ad598d,53388,92165c,2,116,3
mndbbc9e7b9143da,317217,21234e,0,370,15
mn2dccb70ce416fc,367506,109490n,1,209,9
mn04a550446ac7ac,174684,39688n,1,116,3
mnb5a3643cdd872f,6086,136012n,1,253,12
mndbc2cf1cfd0ee3,99295,29954n,1,348,15
mn106260cdbbc2aa,14730,17172e,0,201,9
mne8eebec9bae0e6,334158,61280c,2,228,11
mnc733dd1397bdc6,187471,141256n,1,273,13
mn0fc1a4d35f3452,290217,114354e,0,181,8
mn11a3e58b10751a,63823,119516e,0,373,15
mnbd0510a8e0a85d,261318,69597e,0,308,14
mn6957de9b9e70be,309659,126210c,2,210,9
mn77083f483bd2f0,148022,63568c,2,68,0
mn01d3cbc0af3e7c,316023,123154e,0,408,15
mnbb6417e31b086e,567,80880n,1,253,12
mn64fece58ac7815,121066,93857e,0,278,13
mne0a76cfbc353d2,185829,113766e,0,247,12
mnfd381e0d14b6fb,391244,83787n,1,147,5
mn5d0577ce5de62d,315919,14348e,0,246,12
mn9fc57a5974ceef,331114,67864c,2,222,10
mn4129902bc9764b,241956,58919n,1,111,2
mn09ca6cd07420de,391819,62435n,1,191,8
mn17091dadb84f3f,78802,65223n,1,364,15
mne602d3d248112c,385419,51765c,2,68,0
mn9ef879569af889,90281,58346n,1,232,11
mnec60a18ecc0c26,204091,77523c,2,186,8
mnf9b744865c7fc1,219076,115522n,1,252,12
mn6b6e89c515ad8d,219990,660e,0,395,15
mn06679efd3b747f,151954,34388c,2,158,6
mna9222fee04af96,140779,78025e,0,113,3
mn338e0c48cd7fc4,176208,10754n,1,160,6
mn519570bf69d3f0,227484,9120n,1,287,13
mn3af6be5a231bac,382374,74959c,2,133,4
mn8eebd6cd458ed4,197213,141326c,2,149,5
mn38a36cc08fff17,178455,90734n,1,143,5
mnf5ca06b6eac813,78034,97870e,0,64,0
mn937c267e6bd4ba,54554,131832c,2,383,15
mn27a86d30b28538,153055,46568n,1,312,14
mnd91c9a4f56ab45,77349,59475c,2,113,3
mnc1f9b8fed66535,302147,81377c,2,139,5
mnb60009af5b4c28,154378,48345n,1,122,3
mn03fdc83367d68b,349605,126232n,1,241,11
mn4c3c10f2c4649c,81026,172n,1,102,2
mn7e3830f4116e1a,126988,126434c,2,115,3
mn24df172a7ce91e,346775,35997c,2,160,6
mnb0f5786effef9f,294773,139160n,1,135,4
mn962e0c57e22676,217142,76853c,2,270,13
mnec80b6eae47966,158126,65368e,0,139,5
mn05c4dab95b6038,181583,136761n,1,236,11
mn511e107de65ae8,304191,98481e,0,219,10
mn64c63f247978f0,168991,21693c,2,243,11
mn25eb628a810fb2,295674,52935c,2,104,2
mn80071771afb3bc,176509,113944c,2,77,0
mnf8d616b489605b,370652,114031n,1,229,11
mne87878d3ab08f4,174840,72157n,1,267,13
mnde3c9ad3dc4a39,104655,61932c,2,185,8
mn240034cddc047e,330205,85651c,2,165,6
mn404ae2c8be3524,77347,1208e,0,226,10
mn0f73453713fe62,9634,116169e,0,278,13
mn54799687eaa512,250450,139221e,0,192,8
mna84d1b19678da3,189650,6892c,2,110,2
mn7ae2b8f9aa2bfc,47934,45482c,2,127,4
mnb1a284c2af30a9,178160,53533n,1,98,2
mn23646ee90b8eab,12857,123706e,0,246,12
mnb5aef0ef459d76,268865,40120n,1,183,8
mn8c5b3dedcf8e7e,98605,115791e,0,142,5
mne93c8984bac671,352728,137203n,1,158,6
mn247fac87f9facd,51162,134499c,2,190,8
mnf84e07d332d732,255597,127415n,1,110,2
mn56680788c317db,42887,59372n,1,135,4
mnec2e87bd060fd7,77830,11057c,2,115,3
mnee98d6d883f8ed,285057,121144e,0,91,1
mneea1016c404bf1,253695,137136n,1,275,13
mnce3aef18080a78,368223,15252n,1,203,9
mn09a37338e06177,162992,57511e,0,78,1
mne2347fec88a072,131132,40778e,0,132,4
mnc7844dc253b77a,34654,81421n,1,211,10
mnbff6ceec5b5c88,374587,130038e,0,167,7
mna197160a85c1d9,147203,27641n,1,245,12
mn282ec97efd5646,1745,70306c,2,302,14
mnddffc838258717,385135,25382c,2,141,5
mncaf04981f43cec,161877,142778e,0,204,9
mn42e17690b07fdc,270600,53056n,1,132,4
mnf507f9ff3cc6f5,226070,75748c,2,448,15
mn5160be881f0e44,292487,47775e,0,272,13
mn5938389de0e92a,291467,28730e,0,207,9
mn3184f43374c092,260606,83741c,2,216,10
mnbb76f66b342502,199404,40744e,0,124,3
mn0ce0102c0b1fa4,377856,10077c,2,246,12
mn37e5f940236783,317741,63802e,0,111,2
mnc1a9ca5a266c45,287209,54091e,0,197,9
mnc221a6f1e9740e,63665,56020c,2,231,11
mnccad10f2333f2c,229179,89149c,2,213,10
mn0db4a5cb597e03,159374,124766n,1,220,10
mn8a0b1ca9c0f8f0,213890,128600e,0,54,0
mnc3f40bc63e637a,79035,15642e,0,132,4
mn1ca3fb680efab3,297860,53571e,0,281,13
mn5f1a5c3ab7ffa5,360813,113335n,1,169,7
mn4516b707093efa,360916,1980c,2,69,0
mne062fd294915ef,5775,112118e,0,55,0
mn575a8d985143d5,297200,3279c,2,113,3
mn642f2103f0faa6,347240,134544c,2,187,8
mnb8de065cd3829f,341660,121270c,2,197,9
mnda0ea49e4767fc,269298,31439c,2,66,0
mn584785f0d02959,40858,61184n,1,155,6
mnc1855662f1e7e9,235777,120803n,1,177,7
mnb52cb851720410,29161,27363n,1,55,0
mn64b85d89f07f45,165983,14933n,1,236,11
mnaa3a917ca15e41,65856,104958n,1,112,3
mnf0bee4e23b0260,355162,68465n,1,544,15
mn10882790a22c2e,388271,17001n,1,86,1
mnf93a8e3534878f,339772,142242n,1,164,6
mnc441e330e9984f,173320,13298c,2,125,3
mn87ba4a373fd2a7,242088,145409e,0,156,6
mn7b4ecfd6557169,6002,2953c,2,110,2
mna4961391ffaf33,272901,102915c,2,195,9
mna0e688b76123d2,49230,6153c,2,204,9
mnddcfb7ab04dbe9,220959,44998e,0,89,1
mn801dd6fd3b5fff,271557,68813n,1,67,0
mn930b26aa1dbe46,257278,80210n,1,178,7
mn2e5049a1e0457f,54905,2803n,1,291,13
mn296e57e3e1e431,42939,33924e,0,320,14
mnacec5e53eea7a5,273347,74450e,0,204,9
mn8c30de6435c84e,211907,94215e,0,170,7
mndd7be4fa293bc8,126214,61978c,2,110,2
mnb6af853f61e87b,382460,25835e,0,163,6
mn9ee97c2efc5025,361781,19314c,2,200,9
mn446f5b733670e8,190290,48659n,1,164,6
mn69980a62b4fa98,55773,93465n,1,188,8
mn247c483caca9c2,141775,91738c,2,148,5
mn7e2e7f0f120bbf,268840,48798e,0,242,11
mn7955b7f988e872,197509,107157e,0,218,10
mn1f13121b2555f6,79822,8807e,0,246,12
mn71c3bee07934bc,126074,112652n,1,286,13
mn7e30a9dc44d532,235976,90814e,0,167,7
mnb8978aa6acd925,314725,94320c,2,138,4
mn86513942ee7ca5,15913,127561e,0,152,5
mn7b22dca049936f,323618,97623n,1,187,8
mn198a3d305c8ae4,19920,25489e,0,263,12
mn9189b195feea44,104852,76917e,0,269,13
mnd86c73e943ad1c,198374,46057e,0,203,9
mne7ed0d7626cc9e,268997,81919c,2,55,0
mn4c0fbb15e220fb,389075,70908e,0,246,12
mn51455111495583,209364,135872e,0,143,5
mn07f07156bc5be3,286972,55528n,1,250,12
mn827f850df59bad,291453,6142n,1,150,5
mn43ee5a2c75c961,346899,68254e,0,202,9
mnbb7129ee7eb5b2,302488,2376c,2,179,7
mn64dafc352dd40a,293940,93590e,0,228,11
mnccef9f7ac9d16a,19492,85148e,0,232,11
mnb64f5d6889d607,262606,78236e,0,87,1
mne58a571441d62d,342760,101152n,1,223,10
mne7e3624b12d6fb,74230,24338n,1,138,4
mn526fdfb92100b0,126795,100237n,1,144,5
mncd54c5a52e8bd1,98345,47515c,2,156,6
mn8bcd4baf2e473e,316429,92015c,2,272,13
mna679aba4471506,364671,82345n,1,157,6
mn3df29600293d45,191168,62701c,2,162,6
mnd87d0552d1429d,373269,63815e,0,95,2
mna38bba32b22e8e,154670,65869n,1,125,3
mn1aefe4e79a364f,149043,112040n,1,137,4
mn089429eeb4b4a9,161350,47634c,2,156,6
mndd0ab7ffd1f4a1,288619,120436e,0,71,0
mn33a6f604486b72,165937,33571n,1,436,15
mnea2eab83d75c86,173709,128629c,2,113,3
mnc317483b777ba1,367045,134900n,1,172,7
mn3eef49831ed043,99768,10480e,0,266,13
mndabe6482959ae4,179679,116935c,2,70,0
mneabfa4ad185c1e,45720,101078c,2,283,13
mndca5514f195cae,281232,21815e,0,143,5
mn8f22f1da1a0c8a,305719,35866e,0,216,10
mnf12d281543cfa9,249639,90785c,2,151,5
mn23195573e1d05f,218165,45036e,0,344,15
mnc54dec40ba3f4a,387336,68053c,2,107,2
mn7e83ab4418749c,270788,67861c,2,197,9
mn836e831d099522,157350,57836e,0,280,13
mn15c0bb3da887b1,13114,82003e,0,301,14
mnbaa56e190d22c4,184756,52737e,0,123,3
mnea0dcbb6a0778a,288791,50934e,0,340,15
mn8412ebc246f16a,34720,12919e,0,235,11
mn151f4d8d26e915,223447,119289n,1,212,10
mn997da266248ed0,171587,19474e,0,205,9
mn09a1e243093b99,355593,13393e,0,300,14
mn0f39e7a4a5582f,331977,42397c,2,201,9
mn0d8b923635bd88,148045,12079n,1,177,7
mn5592febbb49214,371423,95646e,0,111,2
mn735f3bad2060e3,44397,129590e,0,137,4
mna77d095389febd,148395,31181c,2,105,2
mn8e63b7f6fcdbf6,151387,4178e,0,254,12
mn15a7b35d52c556,50153,48797e,0,232,11
mndd424f771bd9d5,101109,115222n,1,175,7
mnfc8994a526d277,274133,12174e,0,234,11
mn4909f1ebe3d4e1,10920,77423n,1,215,10
mn170ae30883106f,330939,75726c,2,214,10
mne3ba07086abb3e,274646,92384n,1,280,13
mn403de7d510f16f,312723,51905n,1,179,7
mnd462266850b4ee,389605,47407e,0,234,11
mn920639dbc99f3b,111423,13207n,1,110,2
mn4cd2bf3068c004,152668,60314n,1,250,12
mnbddf511ab28434,386689,94022e,0,210,10
mn6332be367cb089,89046,94093c,2,292,14
mn38aa8172c316f2,390606,85827c,2,232,11
mn5a7eb4285949b6,234593,128671c,2,107,2
mn9a22a147dd516d,82369,138702e,0,128,4
mn0c443a2e373e9f,78475,123352n,1,177,7
mnc89b60a168648c,321194,42801e,0,321,14
mn7f33f1533867b0,39974,128560n,1,195,9
mn347b62ad653394,197189,33702e,0,290,13
mnf98c54f274de8b,105012,80381n,1,146,5
mn87943de7905666,207192,82832c,2,195,9
mn3df5d46eded4cf,116442,44941n,1,260,12
mn21b4a6d73c0b4c,73548,2850c,2,123,3
mn4fa559c7c49584,261291,128637e,0,291,13
mn15a069ad71edc0,128368,73462c,2,243,11
mn8b52885f6561ad,63232,109059e,0,256,12
mnbec7e1d37c3817,291734,6628n,1,198,9
mn15e93d5c8d42df,271938,39552c,2,264,13
mn51f3ae86db546d,14676,67837c,2,257,12
mn692972771c4f78,379517,136091c,2,322,14
mn87ba2c6b5f6067,366185,134526c,2,256,12
mn5874568dfc2a53,91153,37763c,2,55,0
mnd9a5793139ea4b,208507,42015c,2,163,6
mnb94e2cea7b861a,384129,106613e,0,96,2
mnc0fe973dbf9179,246025,66337n,1,126,4
mn2d98e099a3fe45,12408,40250e,0,140,5
mn049b3d336f135e,159890,84048e,0,268,13
mnf0d7c39ed9c678,357017,19909n,1,328,14
mn335b5ebe01969c,313337,19123c,2,166,6
mnfbcfd4fd8f9361,311564,137210c,2,159,6
mn27cb9fd2e2f7ba,189485,30594c,2,138,4
mn6e8fa73030a14e,181973,324e,0,71,0
mn15299134be4a80,143916,122761c,2,231,11
mn822e08caca81e8,314216,40772n,1,207,9
mnff944c6b1765ba,43073,140724c,2,59,0
mn69fe047773fc2e,128343,122882e,0,430,15
mn6810b5be218ced,165134,51857e,0,108,2
mn9a6c967e760529,366287,116358e,0,110,2
mnb71d12e6131cd9,170183,47685c,2,278,13
mn6f08ff4bc10cef,304640,4311c,2,176,7
mn1c896e13a18d66,371349,27210n,1,228,11
mn54700ddb8b3434,48491,105818e,0,63,0
mn4ff46b6d11c58b,147926,58029e,0,362,15
mn0728d3c9ec61f2,47577,53412e,0,177,7
mne77ddd1d035b7c,81056,110892e,0,177,7
mnc9a6a84118d522,116712,75451c,2,138,4
mn5bf561dc04950f,90931,140500n,1,136,4
mnf38ddb5bd41b7c,23501,19638c,2,65,0
mncd94482b5e23a8,353542,96582n,1,162,6
mn3ac35c6bc1349d,37293,116345c,2,295,14
mn04a13a1e13c3ac,305725,35932e,0,124,3
mn234d147b3f1b4c,27321,116825e,0,251,12
mn608e9a1d181ee3,128166,47353e,0,101,2
mnd82c27576d7901,224525,38493c,2,201,9
mnc8dbcd5739709b,9510,94757c,2,305,14
mnd15140e695dfac,378626,51394e,0,69,0
mn98e33e0b7bb29e,384470,21934e,0,207,9
mn91bd0a76742ac4,96651,12340e,0,125,3
mn4d89c964c34c65,218788,90437n,1,338,15
mnd8b777cdd58eb7,148704,117437n,1,238,11
mnea314938dbd863,199875,143268c,2,69,0
mn5855b3e43fb1cd,235057,84151n,1,134,4
mn3239626367796a,152561,88201n,1,199,9
mnde7d505581a180,162788,4144c,2,116,3
mnc82ac13fd22113,149381,21042c,2,158,6
mn115669ff76983c,186161,83319e,0,88,1
mnceb5bf678ad248,157390,30841c,2,131,4
mn02d5333e31198c,109688,87295n,1,193,8
mne2f74142069e07,133230,61415e,0,356,15
mnca08477a8a4431,195693,108047c,2,350,15
mn3d7af99fa093d9,85239,35630n,1,206,9
mn1e3e70e6f0767e,208231,142451n,1,392,15
mn9b23d8f16a71c8,94556,10991n,1,114,3
mndcfbe3c66b1e2a,306534,35465c,2,141,5
mnf6ea382508a767,195308,126213c,2,296,14
mn120f93c488c97c,235353,144219c,2,261,12
mnad0855fb553ad4,179303,57935n,1,139,4
mn897ecc6030bcab,12995,64235n,1,168,7
mn93f4425195c22d,106651,101109e,0,86,1
mnb6f7e81463ce57,200887,27675n,1,134,4
mn95d1e9c797ab6e,256332,93656e,0,51,0
mncfcc2044153fab,200153,116710c,2,214,10
mn1c70a150d3e836,389641,140375n,1,353,15
mn01a8a9ba02d185,124598,9220c,2,251,12
mn0457222f94f6d3,245216,140103c,2,163,6
mned526f1e48443b,31443,9209c,2,144,5
mn463eb144a15651,356143,39047n,1,110,2
mn7c66225c88dcff,76020,60344c,2,102,2
mn597743a9d2760b,320326,133519n,1,240,11
mn11dfd9daff5779,167804,143595n,1,142,5
mncdc72f49c2c116,83224,65792c,2,177,7
mn01a8bd4a614b70,284844,22326n,1,250,12
mnbe4bc37f7166fc,332452,27448c,2,183,8
mn31f37042512909,373299,91397c,2,118,3
mnde36170deb17e3,250249,7779e,0,180,8
mn81275b9326c25a,60707,73596e,0,123,3
mnba2d98e44c3b3f,294330,34067n,1,202,9
mn34847d6b8735cb,222920,89876e,0,190,8
mncf1601e41f826c,50611,4794e,0,215,10
mn4d2ff0c18ecc72,199329,20036n,1,153,5
mnd76013d286126f,21105,72800n,1,102,2
mn44dc80ab0cd98e,73187,89541c,2,176,7
mn51ce980926d437,311483,1459c,2,266,13
mn1d9be0f8bd38be,101100,4859c,2,171,7
mn86047eaf389f53,243534,26983e,0,93,1
mn23b79f8a053189,344166,39838n,1,123,3
mnd54ffd37fb02ea,6649,57918c,2,280,13
mn3ca7e3cf314efc,112044,58485c,2,182,8
mn00eb0a374e8cff,335846,6748n,1,202,9
mn0fbf5e5aebdb5f,374576,58189e,0,409,15
mn418209281d3007,74874,117865n,1,308,14
mn92c249255771f1,272176,86415n,1,87,1
mnda12dbb4d6b11f,337137,4123n,1,160,6
mne08ef6a0646113,147316,2126c,2,238,11
mn005ab19514d80d,75220,14878n,1,316,14
mn8cdd62d800df40,213046,19298e,0,137,4
mn8f8ae7b8fa7e71,58764,97121c,2,353,15
mn4884df6b886755,244372,136462e,0,102,2
mn29e85eb77eb412,280153,102060n,1,218,10
mn97ec28fdbb43a1,333697,126605n,1,148,5
mnb410670ec747f4,300348,135110n,1,253,12
mn440cf79e9c5bc4,353797,69073c,2,339,15
mn4eb0388fc86fcc,104654,37468e,0,42,0
mn36b7df38b17289,261001,91841n,1,68,0
mn4eb679892ed349,223093,94139e,0,352,15
mnc7d961c20fc66c,377023,62042n,1,144,5
mn8d430f249d66d3,339085,69598c,2,152,5
mn1bc364f63f69c7,166627,60618e,0,218,10
mn9dc49a3e188434,274029,25942c,2,74,0
mn0a89ace9f40912,291862,135208e,0,63,0
mnbec28eaa66fda0,271617,93018e,0,269,13
mn32a83264b15a89,103854,9161e,0,178,7
mn9cca050b78405a,349067,30731c,2,159,6
mnb7c731cfdfd05e,366180,55815n,1,191,8
mnc9974452ab951f,206176,33539e,0,53,0
mn4fcce580d19f2c,109400,53857e,0,80,1
mn062de93b6a214d,116356,53248e,0,123,3
mn3ce4b6afc0afc3,358981,110607e,0,141,5
mn563a3ccdd12d91,373991,103842n,1,244,12
mn050b7741eb5a71,258962,34743e,0,485,15
mnf4ac357dab416a,236647,70963c,2,401,15
mn32acd3e3fe40a7,50048,76052c,2,130,4
mn9c558aaecd3341,233527,26079n,1,185,8
mn57344c0a5564c3,133490,71263e,0,200,9
mnee04716088ca0c,32861,123960c,2,306,14
mn3daf1400522910,342612,124921n,1,178,7
mn8dc9abbedb34db,149930,54735n,1,222,10
mn58f41a28afdd7a,119482,108498n,1,378,15
mn8f4adc47a2e3ad,91033,95124e,0,221,10
mn535ee5a61e0a7d,290430,102581c,2,69,0
mnc1bca8347d34ed,156087,25161e,0,286,13
mn9f22327bc97ab7,216941,108836e,0,380,15
mne4a01369ba7bda,229440,101724e,0,123,3
mn1e5775b441b3ae,16290,141101c,2,143,5
mn0331bb1993dc2e,185822,6882e,0,195,8
mn45dc7db152857c,368389,85420e,0,129,4
mn21af9dc9081c46,134308,2140c,2,147,5
mnf7203b734fd2eb,97193,40792n,1,237,11
mn084e8b3ae1057d,309507,80650n,1,145,5
mne8190029701796,292526,115992e,0,71,0
mnfaecefa056035a,247814,85757e,0,151,5
mn4cd8581772e87a,63709,76392c,2,234,11
mn967aca0510ad74,16867,32586c,2,284,13
mnb90e8cfa42b37c,138418,75410e,0,175,7
mn43a0a97ac93570,182473,73427e,0,262,12
mnbc8efd7fd99ad7,237912,141118c,2,296,14
mn11e2d806fee101,12371,88874n,1,234,11
mn027656bb3d39c5,349262,143890c,2,60,0
mnd60b71a3c999a3,370023,20259c,2,68,0
mn01daf1cc7573ef,154142,88191c,2,78,1
mn49cd1515990469,186299,31461e,0,140,5
mn3cb728759b9294,362228,138863e,0,290,13
mnf6f6bdd21812ed,135280,129127c,2,270,13
mn75d54e64b93e61,60834,117587e,0,340,15
mn277cbc5a6abcb9,380557,10128c,2,296,14
mn1b544ca21db227,106637,104409e,0,184,8
mna7782ea406875d,160193,105819e,0,69,0
mn8f955a67770113,150571,37682n,1,194,8
mnc54658fa0e8f15,298833,57256e,0,95,2
mnbfef1407659f9a,247187,721n,1,179,7
mn29ad2bffc3d2a7,22687,145012e,0,201,9
mn0213736dd92a21,360383,51401c,2,73,0
mn698581fb49ea20,94405,48696n,1,227,11
mnd430f1247e6992,71799,90970c,2,181,8
mn5caa7eff01704a,379366,54449c,2,168,7
mn04942aabb996ea,45895,74238n,1,80,1
mnb7129d4b991512,382091,94886e,0,91,1
mnb3dfdf51d8cb49,75506,71687e,0,207,9
mndc84e8c81af244,344619,47383c,2,114,3
mn4bdec322a3547d,55958,145374c,2,504,15
mncc859076e5b35e,308257,96339n,1,213,10
mnfa8a23baf65012,265931,136345e,0,244,12
mn7d132a7c6b245d,360487,72390c,2,188,8
mnc76138dfe2e094,362679,51343n,1,230,11
mn805a07ed1350b8,322765,82273n,1,96,2
mn5319e67fe1e233,199814,11892c,2,194,8
mnc9d2ae86b58a8c,252336,21522n,1,133,4
mneacbcb71000346,3494,78881n,1,192,8
mnb29793be668358,136343,53245n,1,257,12
mnc383966b365a2f,230255,97219e,0,173,7
mn0a3fd289c056b5,157073,32362c,2,191,8
mn44f302c8a0ecc4,100528,78557e,0,269,13
mn98d7040ab4026a,69404,3960n,1,274,13
mnc6f23413ca695b,223904,51817c,2,405,15
mne10ce8317198ea,190779,55607e,0,244,12
mn5adb5e89365342,24634,39256e,0,72,0
mn9ad8db16a4c3fa,179742,21806n,1,244,12
mnecebb90478cd83,146843,11626n,1,301,14
mn7731dd780ab1ed,324782,37249e,0,231,11
mn328e25880db3f4,302654,122946e,0,146,5
mn08b6ca00fe16e8,217619,35709c,2,128,4
mn0631da5a9e370f,240963,1762c,2,145,5
mn6d3590f905d283,145197,44554c,2,94,1
mn8c643c519c7677,65085,112968e,0,128,4
mnadf7bfda94fe3a,198867,5492e,0,149,5
mnff00e54871956c,41513,101626n,1,184,8
mn893c60982ffb35,284140,92236e,0,163,6
mnb73a1187ffbd35,126968,135606c,2,246,12
mn9ec5c96a402483,392684,124649n,1,146,5
mn6196b3f5a59848,144216,73974e,0,137,4
mnbadabfade3e48d,126650,103396n,1,360,15
mn4b5e7cb31b77f3,281185,2885c,2,128,4
mn17bc3137674c77,187788,43602n,1,155,6
mn37ad10883c8e2a,47705,96015e,0,196,9
mnf774ed06575553,330265,104226c,2,299,14
mn83e73e086d2bcd,33471,126432c,2,314,14
mn5462fa858f2673,228998,103065e,0,77,0
mn80fe8b6151456e,365113,4725n,1,225,10
mn14e555b3686a70,154863,52094n,1,74,0
mn1e2e73d8b9932e,250796,124639c,2,112,3
mn1c1cdd05ec3e39,117034,45838n,1,184,8
mn040c5190e9d198,116934,105199n,1,127,4
mn45be58dec57aa4,284064,79048e,0,63,0
mnf34036425c94f8,327589,41542n,1,295,14
mn33f7e1ff660d85,148220,107008c,2,146,5
mn9dee6622e9f49e,277029,128331e,0,199,9
mnf5bbc928c8d530,107652,6952n,1,148,5
mn30fbbbff5eb47a,57093,119788c,2,189,8
mn5f589bf4eb3146,359357,20041e,0,265,13
mn739819fd440dc4,136762,88104c,2,126,4
mnf91e47058c38bc,120666,33906c,2,229,11
mn321763c5c7d4bc,57140,806c,2,119,3
mn3a27b721b7ad5e,142021,1488n,1,186,8
mne027d0ad0db8a7,278261,88331e,0,143,5
mnd5b52c7e7f00bd,34448,5752c,2,294,14
mn0a9c9b631d484d,278605,83777e,0,174,7
mn559709352b3af1,211556,21634n,1,161,6
mn5da91d49e1b4aa,258296,86009c,2,137,4
mn8816e81a2b26d4,211682,71772n,1,181,8
mn24bee16f6115ba,141799,98350c,2,255,12
mn403bad187981b6,9169,84415e,0,172,7
mn3df55ce70e7a90,85448,53177n,1,81,1
mn651d8bb2400e5e,211669,120964n,1,182,8
mn8feabedb735719,270191,49204c,2,384,15
mn9e6401106890af,166732,75421c,2,61,0
mndf6b00f6cc74bf,66310,106371e,0,141,5
mn9fee5d30e9f788,364074,93310e,0,130,4
mn3446ce40d9f3fd,11850,66835c,2,178,7
mn53463a33c3b2c9,327164,7647c,2,214,10
mnaeeead26a99d01,255639,71054e,0,213,10
mn5fc18ee640b0e8,7644,91987e,0,54,0
mnfada02637f1cbc,109780,86402n,1,293,14
mn44fd80711bcf21,224899,70489c,2,113,3
mn44f75a83cb7789,97810,43332c,2,160,6
mncf1151d3a4c173,72746,130721n,1,290,13
mn33eb0d3a72b487,99358,116633c,2,88,1
mn34338ce38eb923,214047,99707n,1,90,1
mn4c374172004177,81330,48234c,2,209,9
mn32f1bad9529b4e,336714,2974c,2,326,14
mn25e797da9c3073,265780,118414n,1,139,4
mna0ff112096d575,11370,113081e,0,50,0
mnde0e623b6c8282,83587,46369e,0,220,10
mn5ff589e2b793da,278889,79458n,1,153,5
mn1ee8dab64cda82,32039,107432c,2,160,6
mn1b4b0920c8f4b9,142422,127708c,2,208,9
mn8a5fe277b2c7c4,7069,17214e,0,290,13
mn4a19da991349af,254591,43998c,2,96,2
mn998296a09f6264,81589,36476e,0,232,11
mn4b32a903c775df,293810,90908n,1,78,1
mn4c6e07718ff4a3,18503,59685c,2,80,1
mnd37bae0c1e3b7f,169907,53337c,2,187,8
mn14815fc374f012,78032,131953e,0,195,8
mn063ee4fe098a65,41994,18026n,1,219,10
mnde0641bc635c82,27390,75132c,2,109,2
mn67d8bc2ca0c694,44984,112069e,0,260,12
mndbfee101155050,117473,26429c,2,141,5
mne92dc99bcf40d3,56073,104213n,1,283,13
mn929cac832321a3,298631,133258e,0,90,1
mn29d6d820ebe05d,382321,93564e,0,208,9
mn2c7e2a1a48f592,294381,98844e,0,221,10
mn0bc74e7f2df281,44788,133485e,0,389,15
mn2d7a9e512e6f0e,354905,57790e,0,191,8
mnc4b6e095ce66f7,170247,113504e,0,538,15
mned92203dcf50aa,159487,94100e,0,159,6
mn4d0afe6a626955,338465,129240n,1,81,1
mn461b0cc990cbdf,217423,115182c,2,145,5
mn4680cc3aca49fb,72043,54781c,2,140,5
mn5e0d11c806f110,295565,95349e,0,97,2
mn5fcdbfa80327ea,135893,81862c,2,130,4
mn1aaff5ba5cc3b2,56174,36122c,2,194,8
mn95eea4b8bf7a1b,137198,107210e,0,156,6
mn5954404ebcfcd8,216451,55565c,2,73,0
mnc690c2303011e4,51243,100557e,0,128,4
mnf272962c19a592,214896,59808e,0,259,12
mna7abd88f797f6f,320729,40293e,0,134,4
mn5674c2d43f0c1c,79645,62578c,2,168,7
mn1e3cb4893d4372,139693,137228e,0,299,14
mn10869fa95568d7,305872,31213n,1,338,15
mnf26545c6c1441a,143365,106020n,1,245,12
mn309e5599bc010c,390596,88404c,2,188,8
mne46b7dd6920ac2,15633,114166c,2,244,12
mn8526c2d988dfcb,115346,40053e,0,42,0
mn67e13a68bd54c3,207266,19278c,2,139,4
mn8d44a32d623203,130355,133967e,0,184,8
mna963fc58221809,271769,129922c,2,113,3
mna0353286fabbc5,101072,129937c,2,171,7
mn1e357f2e3da3c4,18696,121472c,2,142,5
mn534817764ad610,53841,140870n,1,150,5
mn916d3de820bb68,119161,103605c,2,70,0
mn4c287c6eb67229,28949,47277c,2,163,6
mnfd3a1cff5a596a,265732,102503e,0,155,6
mn599b93b985ac3c,30738,26757n,1,166,6
mnec912e8a35877e,103020,40796e,0,193,8
mnb380e82236a8b0,67675,115092c,2,80,1
mnd82860cf4330b1,45503,123330c,2,122,3
mn7306b3e9470858,376890,120158e,0,217,10
mn22fe7076b1ea15,129566,98566c,2,255,12
mn42a8a3c94b7693,343529,103538c,2,89,1
mn12338a2f5b507b,73638,115223c,2,242,11
mn2026ee5630b752,177662,76913e,0,125,3
mnaf06c934e40ba1,107610,67734n,1,47,0
mnb19b70beca216f,59461,55156c,2,230,11
mnc0e047d9c67344,252811,3999e,0,183,8
mn3026facaeddf87,216722,81758e,0,160,6
mnf9d4ca1772ff9a,149959,101548c,2,122,3
mndb9f0e81d71d88,18103,117425c,2,143,5
mn1b4e44c8e96ff9,245654,34354n,1,301,14
mn9bbf41786e61de,218409,131121e,0,136,4
mn2833fc2c21fcd3,296309,18474n,1,111,2
mn23c04243fb4bf3,213768,121979c,2,95,1
mn7ee121c5599994,175080,121071c,2,169,7
mn7d7cf175027d40,362153,17081c,2,88,1
mnaab24350775412,303438,3613c,2,240,11
mnb9d1b221c7633c,298953,13293c,2,172,7
mn36f4e7120085d2,389004,112952n,1,224,10
mn17297d9a36c54b,202861,37364n,1,169,7
mn9787aa3b9124ce,72288,111910n,1,145,5
mnc8d3a747a8ad17,44847,115456e,0,222,10
mneafdb78ac15942,351247,38316n,1,206,9
mnc79d9274531895,366315,36833n,1,88,1
mn9ab73790285596,149675,57350n,1,95,2
mna93b7a6816f6ca,199979,634n,1,266,13
mn4cb9d16cf8ce7a,354796,102110c,2,162,6
mnced61abe9a34d5,11178,61911c,2,299,14
mn4896ec7a24cefb,97312,142811n,1,204,9
mn53b4b1a2610720,205623,67134n,1,245,12
mnde5caf955ddaeb,273952,20656n,1,363,15
mn4f892eeed59898,378472,16229c,2,185,8
mnf0c16fe34873d2,382848,145734c,2,157,6
mnc4614a15165294,119377,55632n,1,94,1
mnf7e98be872f563,242668,56728n,1,74,0
mn3b8b3fdc6264d8,220123,67604n,1,135,4
mnac543796cc96f9,365942,24630c,2,347,15
mn93f76e80e07ca9,361528,96157n,1,294,14
mn91fb93e0d0a1a3,331383,135813c,2,132,4
mn0d01d15889a49d,334031,23070c,2,120,3
mn46901db48c5272,246816,55713c,2,123,3
mn5085ec119b1fa8,185531,115452e,0,238,11
mna239fb1f06d2ac,91830,33100e,0,245,12
mnb127c1181cbef1,257056,39675c,2,155,6
mn0c3bb2752a303f,341041,30726n,1,129,4
mnc71e8a52f73db3,223742,44952n,1,327,14
mn2b02c0296acbd2,242409,16044n,1,267,13
mnd53946a72c0b90,32279,30112n,1,151,5
mn613b22ae0cf03f,296494,109475n,1,160,6
mn4023a43c443bdb,249884,117347c,2,208,9
mn164872c3b7a522,324529,48632n,1,290,13
mn60f5b5e2452abb,346231,66656n,1,173,7
mna63fd8bd2188b2,249204,48062n,1,173,7
mn845e7486f749f5,198291,21718e,0,114,3
mnbdac2c01af13e9,106050,86395n,1,102,2
mn86c8eaaec7105a,95399,110526c,2,222,10
mnfce8afac614a64,101441,57302n,1,119,3
mn6559e63a15c964,186612,114509e,0,172,7
mn268c3e2d673223,100752,75505c,2,164,6
mne700e3cf0eae83,3171,9779n,1,268,13
mnb71ff10a46cbcc,297389,34061c,2,79,1
mn9eb0e551d194a0,199383,115161c,2,178,7
mnc22aa9f0f6e78f,8984,115116c,2,90,1
mnd1fb225e00b05d,22172,29543e,0,123,3
mn1bf846a754489a,362285,7796n,1,113,3
mn9ec5e6e473f1a7,296500,108287e,0,381,15
mn3bb895cbb6141e,258167,52956e,0,69,0
mn19dca5f6bb51ca,168531,65146c,2,106,2
mn60ca9a38a65bbf,223323,41214c,2,134,4
mn1e251348963510,159771,93447n,1,157,6
mn3a39263a6a542d,382079,72590e,0,313,14
mn2ed11cef0e136b,91663,141905e,0,101,2
mnc4bccbf7f78366,303936,97256e,0,103,2
mn6c4d5080d38d50,305007,48328n,1,186,8
mnc915ae0c290a1d,207366,143048e,0,272,13
mn13ccc3326d2921,111764,140099c,2,214,10
mne93305e26b9356,153772,85641n,1,365,15
mnd342439e173b24,240017,38942n,1,192,8
mnc12da323082aab,141338,24418e,0,85,1
mn535ecf87d1ad50,179696,118571c,2,156,6
mnaf962d0f1627ac,340756,18570c,2,135,4
mn6626498921d676,297464,29151e,0,157,6
mn3f4cee442ce07f,252972,52354c,2,246,12
mnf3b699928d25a8,104649,19390c,2,117,3
mn3c63ecfdfae646,297353,73441n,1,186,8
mn11265944ac3fa0,375562,144894c,2,67,0
mn18e5db5522f905,220002,13730e,0,163,6
mnfcc11e3549a224,65963,14179c,2,216,10
mn7bcc03344be704,375399,93138n,1,153,5
mn5572cfebc4aa84,45543,104908e,0,625,15
mnc154a5314f625b,317436,83245c,2,119,3
mn6e47787f9f1895,295538,137504n,1,170,7
mne13b20c36c6383,270371,84732e,0,119,3
mn52d399915daa92,30593,111302n,1,324,14
mnd23b335749f3c2,276933,51291e,0,55,0
mn861f82a71317ee,107650,146080c,2,85,1
mn00f774cd772c6b,359900,129022e,0,79,1
mn77dc5ba393f2a1,233052,79189e,0,252,12
mnb147359ebea4cb,115983,22773e,0,104,2
mndedd251854dfc9,20477,101137n,1,368,15
mn145dab480c9583,83572,73639e,0,91,1
mn2e687b271a16b2,208914,44115e,0,241,11
mn1e333a14a82275,304359,97538e,0,339,15
mnc5496d7c3fc121,327720,108277c,2,86,1
mn778ac07bc68e9e,249331,103445c,2,200,9
mnb6cd3481bd6f2a,183498,114139c,2,159,6
mn9667fcaa56b061,275927,98695n,1,287,13
mncf32a097468d64,205975,135019c,2,277,13
mnf17ec19cf1f036,384014,27852n,1,358,15
mnf9481c5a70d566,365023,45058e,0,152,5
mna8baa7be262ef2,76572,131023c,2,92,1
mnc8b4f6be87bc88,193689,117415n,1,119,3
mn5dfb7ab2516b7e,324988,56276e,0,241,11
mne5ed4b447529e6,160109,21714c,2,166,6
mn6f6c6d08bd51bb,114320,145934e,0,282,13
mnbc59b014e0d2a7,116662,71758n,1,170,7
mne1e464006dad3e,310984,9453n,1,172,7
mn2e51d3fe0c410b,243083,88062e,0,308,14
mn27392ec0459185,26873,118081e,0,464,15
mna4b8971f2cb64d,80698,18534e,0,218,10
mncf3287d181eb1e,99699,78809c,2,249,12
mn4b1555bccabfa8,253264,100113n,1,174,7
mnd02d72eda0697f,72297,54538e,0,302,14
mn6262463e17e6ac,164832,35857e,0,267,13
mne4c10ac0ad54d2,40636,146015e,0,138,4
mn6d1b7ada18dcd6,35917,113215c,2,184,8
mn0ed3ab85cf4ae9,263094,130146c,2,151,5
mn15f1b04ca2fa61,228247,64040n,1,151,5
mn9de46e7ab72685,302958,20469c,2,220,10
mn6210505277051f,384364,141821n,1,154,6
mn34c27232b7f0ba,50821,100034e,0,218,10
mn6a8bbe7df2e65d,301345,54215n,1,168,7
mn5fc48a9289eaf5,389574,7343n,1,120,3
mn6c3232d3be8433,249913,56061n,1,139,4
mneba23e2f8f7856,324763,55566n,1,154,6
mn30499c61fdefd8,165551,67535e,0,376,15
mn5b6a98a6694c2f,272004,111735c,2,112,3
mn5c5a20bb7b24da,130111,138068e,0,306,14
mn6fb5fc20236b07,254312,95215n,1,162,6
mn92313b6281412f,317001,40820c,2,183,8
mn8ceeb51d5a1392,254303,5026c,2,96,2
mn38f067a8366a84,110536,89278c,2,160,6
mn650ed7fae46e67,51105,71071n,1,83,1
mn00250364e35ba1,354889,81709e,0,108,2
mn354430b0595faa,32108,51162e,0,184,8
mna3b05014c04f0a,13966,63282e,0,325,14
mn7eb4bfcbe031ea,370687,116637n,1,101,2
mn1128fdfb6b9f6a,242456,93773c,2,140,5
mnbc69d579bb5606,300281,94678n,1,307,14
mn749f409acc5e46,229449,66872c,2,288,13
mna9f4ed10a4ecf4,63737,144223n,1,197,9
mn2e14b127a9624d,124926,13658e,0,123,3
mn99ec0fb8459602,253866,140700n,1,340,15
mn3cf4ee6eda78a7,96944,63002n,1,81,1
mn8d3e7031ff890f,30419,55991e,0,256,12
mn267571ecab4e21,349412,129038c,2,43,0
mnec7934b45e9448,72596,8259e,0,62,0
mnc2065ec57c4fc2,103844,28821n,1,290,13
mn9c53ad45b10228,127534,21347c,2,94,1
mnea5c02e2ace002,210791,57421e,0,182,8
mn8df76f9c984c66,142863,30229e,0,78,1
mn8f291d9fb0f3f6,210459,91991e,0,140,5
mn086e2e8f05ede1,107406,16304e,0,74,0
mnaaf7ec99d9bd2d,195013,49586e,0,160,6
mn0860e92e85d60f,266707,88807c,2,87,1
mnaea62ef253d791,146671,76892e,0,193,8
mn377493eb266fe5,22435,5909c,2,379,15
mnecbd1c5e24050a,164230,31715c,2,122,3
mnb11676d2a9f5e6,295837,12939e,0,86,1
mn7cd3b441c80c73,24590,109889n,1,270,13
mn5695662c91e44e,371158,91021e,0,125,3
mnd22c4224d0da0d,102854,17646e,0,175,7
mn59c2605a95ebad,295860,64329e,0,117,3
mnce136e608760e8,165191,102264e,0,96,2
mn2ff1efb4526a3f,131736,19558c,2,301,14
mn6b5187f983d6cb,388866,103962n,1,162,6
mn875747a91775ed,249472,37855e,0,243,11
mn0aa723396ca9a9,103289,32802n,1,241,11
mn6d8118334967cc,288251,104055e,0,126,4
mn5f815bbf90c73e,69479,119810e,0,258,12
mnb5bb1d304279af,197858,133339e,0,163,6
mn43cfb91cdb3c14,183584,21615c,2,183,8
mnb60ea7b9861c4d,89961,109548c,2,113,3
mnc3e38509e34018,233941,7341c,2,123,3
mn20d93e9435dbc8,343647,71559n,1,317,14
mn5e42783cd8304c,378142,47814c,2,348,15
mncad46dc63eed24,43020,50457c,2,172,7
mn135d77a9a9c8a7,368405,34522c,2,177,7
mn83dff6ce5d2ea2,339441,117216e,0,206,9
mne7afbc1fd50d5f,118608,92628e,0,197,9
mn9dbaaaab90e68a,389125,96016e,0,226,10
mn1900b880b9f784,102573,83006n,1,60,0
mn19d36cad3823de,40495,39689c,2,132,4
mn1dc9464920f15b,29271,73189c,2,111,2
mn91f05db83f20fd,204337,67998n,1,81,1
mn04728bd8dea354,359049,11967c,2,154,6
mn2e9d4b5a615271,295841,117462n,1,97,2
mnb7499bff7f87f1,343283,14773n,1,168,7
mn8f69606bf641cc,152081,98239e,0,142,5
mn1353940107c89d,145164,62864e,0,321,14
mna183d31d717083,242507,94967e,0,149,5
mnb3a83af6724e49,279928,26832n,1,162,6
mnccd909ab1ffabc,205330,27321c,2,107,2
mn41c1f985254c21,202782,83707c,2,80,1
mnda78f0e3068959,134117,129422n,1,110,2
mnfc9a9d82a02be3,125454,65158e,0,118,3
mn641c742a7e380c,161302,82591e,0,92,1
mn2bc03151436e05,161559,72038e,0,368,15
mna2fca3a9555917,338028,140914n,1,115,3
mn10a0953606ad45,153438,20536n,1,243,11
mnd1316e83d5afe1,211607,139467c,2,72,0
mn6a311e83987aff,288233,40610n,1,164,6
mne3ada5feca5113,252401,90016e,0,91,1
mn9c1efac1237b0e,203121,87931n,1,176,7
mn6aefdb44e5a459,17206,70856n,1,66,0
mn293d6421a972bc,159917,42349c,2,154,6
mnc59de96f3e6793,25032,137903c,2,210,10
mn0da078f864ca22,356902,114669n,1,114,3
mn972b9442b1c895,225726,33378e,0,173,7
mn546f6fac61d4ca,340205,82376c,2,258,12
mn537611330fa7c5,107597,24094c,2,189,8
mn0af229885e092a,277785,131191c,2,189,8
mne8f6e38a15dc7c,376779,84679e,0,158,6
mnf907d31466d396,320692,64361n,1,260,12
mnb79f83ef33253b,39585,24918e,0,278,13
mn6788ee6dccf903,251086,55963c,2,176,7
mn71306a699b6458,245834,25358n,1,167,7
mne1d538832e4fa9,200285,99177n,1,152,5
mn3e80457d553204,156642,133135n,1,105,2
mn870f6ea3c81127,273136,91250e,0,381,15
mn16f219ab96075e,346095,47857c,2,141,5
mn613e7775099dae,12990,55641e,0,141,5
mne9284306157f58,2928,98958e,0,86,1
mnbafd90ae5b9505,52277,47601c,2,93,1
mn0bc5641831ebdb,319330,137994n,1,421,15
mn4b9bd47a02c825,271479,90679c,2,90,1
mnc893cc49ad83db,129585,142104c,2,99,2
mn3663264bcbc3ab,73119,7582e,0,60,0
mnc574ed276e7ef6,164525,112336n,1,369,15
mnf45752b8599eb3,42200,84211c,2,130,4
mnda7c80e8d279b6,164734,136743e,0,216,10
mn40f6bc7b24ad0f,357033,3172n,1,106,2
mn529fe8daaddc4b,278871,94843c,2,260,12
mn778507ed2e31ff,64082,86179c,2,137,4
mn767398e779f718,176587,93353c,2,239,11
mnea03ee80506635,12855,111287n,1,253,12
mn3cc6b865adb220,157718,47956e,0,186,8
mn0e4a718307c4bc,236605,91825n,1,95,1
mn1278ef78863d31,357427,90658e,0,150,5
mne9f38a7c79e4ea,362854,117170n,1,375,15
mn3200156435e56e,333596,29686e,0,214,10
mn3cec4b244b34a6,96191,136823e,0,445,15
mnb2500a9e5efe1e,71516,75071c,2,237,11
mnb7987a756f55b3,253854,38054e,0,125,3
mn517fe2c240d084,152545,61797n,1,128,4
mn687ae8d6f1e93e,268680,35942c,2,191,8
mn4e5dc2656a7577,72209,57366c,2,165,6
mn30016d0150ac5c,113508,55707c,2,197,9
mn6d6dff1f14bf91,51325,90382c,2,231,11
mn26b4b74b8bf266,2760,20335n,1,157,6
mn42ff82434cbf56,158104,92261e,0,190,8
mn8c468abbc211f1,220317,96429c,2,412,15
mn00b1d95eb5733f,99110,84323n,1,187,8
mnce4052c459f45c,339589,131280n,1,218,10
mn3d20cd9b7c35bb,294435,75457c,2,146,5
mn874197169ab985,329473,84690c,2,176,7
mn4fc363995cb0af,103157,4288n,1,307,14
mn9415fb9b688467,197086,37558n,1,152,5
mn668d47d219587d,290196,95566c,2,140,5
mne809e77e8a6754,281032,84373n,1,176,7
mnfb782175e0f85b,208601,6853c,2,327,14
mn2f892e8119fb75,169393,76729n,1,239,11
mn38c47f68896fb3,106589,136822n,1,268,13
mnc902a6984c21da,316464,21048e,0,167,7
mnaa9d97a95e22f7,218620,118101c,2,245,12
mn6569cd64313aea,292251,137379n,1,279,13
mnd1caf58680e360,77470,37339n,1,205,9
mndda8714a90724e,204273,120957c,2,151,5
mna272eb26a51a02,274209,119989e,0,94,1
mne11153eb005122,301888,48460c,2,127,4
mn0546a72f506536,16409,80449c,2,312,14
mnf8c2e526c7caec,259251,111494n,1,211,10
mn09ff45f68d68ac,294737,82684e,0,121,3
mnd7fe9dec3fd959,385481,106451e,0,276,13
mn2a74e7678e54f1,124419,121771c,2,159,6
mn077f754ee33e0c,284739,95572c,2,275,13
mnf112b3a15d8591,246676,36940n,1,352,15
mn1d2dbd8f720a72,388406,121976n,1,265,13
mnf2e754bd1505cc,285135,80418e,0,154,6
mnc1fbded1f0ba8c,376187,128221n,1,225,10
mn10c09f99f38e8f,169673,133023c,2,531,15
mnce530ed24233d6,383245,34686n,1,111,3
mn8d79c866310e70,1090,128132e,0,133,4
mn10d4cbe24c8f45,208508,84569c,2,264,12
mn3016d9f39392ff,333652,124098e,0,181,8
mn1ea2cc6aa37e10,174549,98115c,2,59,0
mn83614d223dbb6b,163402,49106e,0,133,4
mna3383fd7f2bb35,391912,64809c,2,71,0
mna24b603339953f,44587,112523c,2,114,3
mnc3c012510e9395,109003,10874n,1,261,12
mn0d5531d2d7cf51,221415,96941n,1,131,4
mne8319e73641ba9,129164,86279e,0,182,8
mn468ddd66c9a85c,85693,144348n,1,195,8
mnc1db12b3114612,311555,48058e,0,204,9
mn84da8552bdd42f,36988,54175c,2,113,3
mnd40efbb3a64cbc,91561,114544e,0,152,5
mn45f2f8e6c1da63,12089,104853c,2,219,10
mn431bb6ef02e3e7,144609,40397e,0,223,10
mne9c050c3f9aa06,277612,2935n,1,171,7
mn97fd4c4733a08a,368492,126186e,0,60,0
mn391d18536c585a,43670,73368e,0,257,12
mne6408cfc6cee4a,136474,71386e,0,294,14
mn990764603b8e4c,33889,131682n,1,151,5
mn163b72f21d5a68,111060,42838n,1,194,8
mn6432241dec94da,63741,121258c,2,191,8
mnfeb27c2b4b7a7b,319040,102122e,0,42,0
mn31ae2e5d50bf86,126648,55047e,0,115,3
mn0fa7971c403656,352664,55449n,1,54,0
mn88a66b7803ccc2,181054,145255e,0,204,9
mnd89ad1d5ceb815,166324,101198e,0,292,14
mn9dc6761b9bdc69,161300,15821n,1,294,14
mn887cffca0d5245,294652,12400e,0,206,9
mn31239b712f8555,92309,96735c,2,263,12
mn32529d44ce3b91,365708,72312c,2,178,7
mn7d0f4b2b1316f8,370779,10834e,0,138,4
mnece4bb4bdc3605,277280,101980e,0,201,9
mn2f62e4006b99d1,255110,16079e,0,84,1
mn6a5534dc7c150e,292458,126617c,2,305,14
mn71451da30064d0,309903,111683c,2,158,6
mne78ac56e714ba7,80825,142819n,1,137,4
mnf75f09867e8ce9,160693,49489e,0,191,8
mn2687ca1e05c708,58702,18032n,1,128,4
mnf47c2efe401827,224074,113349n,1,290,13
mn5fd077f397c184,197399,100362n,1,167,7
mnac3b9fe71c9ede,13156,35384n,1,173,7
mn4c87dafe47e1fc,369713,64809e,0,67,0
mna4df98c76fe875,238071,123434n,1,289,13
mn55d46c500c02dd,279211,56328e,0,337,15
mnb5ef4ab523f0f2,151584,108480n,1,212,10
mne5b630fd1d34bc,2014,9618c,2,105,2
mn807f822c74f63d,369680,103548e,0,188,8
mnae4b464a583a0d,201442,120287c,2,206,9
mn3fc3962db3f626,275104,22726c,2,146,5
mn09e1876cb64fd8,221630,126428c,2,78,1
mn0db5dd20b6bf17,134161,63369c,2,202,9
mndc81e01dd94a0e,145836,48249e,0,228,11
mn1b796ba8bf93af,118240,105990e,0,202,9
mnfed00e9d3c98d2,381151,37902n,1,163,6
mna908dc0180665e,94837,144972c,2,105,2
mn5ae7bc2fe157c6,222904,40260c,2,198,9
mnf0ec96828efc9a,337900,34645e,0,238,11
mn72ed01ce7267ca,31360,22439c,2,154,6
mn879d8500cb65af,140977,37435c,2,289,13
mn63194a444d7a73,164477,120438e,0,271,13
mndbef1a39f8c5c7,235327,45875e,0,91,1
mn6874c31ab52381,258825,34204c,2,203,9
mn5250ddb9daea85,338963,60125e,0,86,1
mn7c96127629b3eb,253458,104741n,1,59,0
mn43ea1d656049c6,264159,28641e,0,231,11
mneee4114d32a1ba,80097,14168n,1,225,10
mn26e3203510561f,343086,5330e,0,153,5
mn66bd8d60653f15,130417,56139n,1,117,3
mne22fd8fc565a86,326089,20342e,0,217,10
mnc9ee69861ca914,355329,64421c,2,194,8
mn60fae1f900f408,189262,119326n,1,405,15
mn17ab4d885c4f9e,196785,107231c,2,54,0
mn1ffcde2da8a7f0,185577,125751c,2,135,4
mn3d0432ae5a89e2,13229,87974e,0,179,7
mnd97cee09feece5,176561,5549n,1,183,8
mn2f9265f1bce67b,114915,54950e,0,307,14
mna74597b25b4998,240395,73118e,0,208,9
mn55276c760e5cd5,187397,46644c,2,357,15
mnab064f7f0f757a,115499,57610e,0,138,4
mn180779a3bf612c,14093,143373c,2,131,4
mnb6ceb4ebc1fe82,243185,26955c,2,273,13
mn2597ff49f012c7,308801,101913c,2,155,6
mn25b52238afde22,163781,65930c,2,266,13
mnc7fd8965f853ea,17431,46156n,1,261,12
mn81e01143bba185,266450,112657c,2,162,6
mnee28e513e7561d,191822,40183c,2,205,9
mn08ca6270e309bb,274690,91671e,0,85,1
mn455c56e9b89118,244541,120079n,1,257,12
mna172cd3b875807,379775,43409n,1,261,12
mnc8dfb443025f2e,323439,83953e,0,279,13
mn5fd776367c9a2e,199630,11707e,0,125,3
mnea2a07c6c43e02,385529,10349n,1,124,3
mnd2d81edb5c5ca7,24380,33599c,2,295,14
mne92c676e471c8a,173216,13280e,0,163,6
mndf75d67d4bbb11,164358,118743n,1,138,4
mncbe8a9288c673a,145256,138649e,0,128,4
mn0baf2e8b176d96,169573,23843n,1,306,14
mn4f35c182c70cdd,33171,139088c,2,89,1
mn2ea02dd7245cb9,222491,26237n,1,132,4
mn671c2e77b2ca26,236206,107983n,1,207,9
mn37ae35a55b579e,110610,144610n,1,148,5
mn1f17eb117d54ea,253633,132457n,1,49,0
mn707dfb3ec8ffe0,313863,128463c,2,164,6
mn21cb96f1e9bf5f,222518,102903n,1,283,13
mnd308b280a9c915,64751,29856n,1,457,15
mnd42ff5ee77118c,309454,21676c,2,273,13
mn95389b7292caaf,128827,135518e,0,155,6
mn3033d447d1cccd,388312,45046c,2,180,7
mn35ae314c045cbf,184088,51184e,0,297,14
mn38848075d9cad4,60868,106176e,0,116,3
mn5cca235a984223,304252,112814n,1,69,0
mnfd7e5c3e5cdb61,47768,82155n,1,75,0
mndbc52aa0d72913,157204,120198c,2,100,2
mnd76bf246af52ba,24975,11089n,1,112,3
mn30545043f1951c,208056,104730c,2,121,3
mn1552cdc473dbd0,90396,85259n,1,254,12
mnb04245d8186ca6,45580,38511c,2,812,15
mn048b715161dad2,235003,88390n,1,240,11
mn6cf434e59a3e9e,389420,111669c,2,120,3
mnef5aff746bb066,324191,48202e,0,89,1
mned54ded18f262a,125175,25331c,2,69,0
mnd32d90e469c413,4831,5242e,0,247,12
mn5029b696ce89b6,86908,131250c,2,220,10
mn45a062ae1bf8fc,87626,90828c,2,112,3
mn9a8feb6c3ef034,131400,8151c,2,223,10
mn3768cc8e9c7bff,338908,76448e,0,171,7
mnc6a6d210057f0e,155752,18725c,2,112,3
mn5e4808065eaaa9,41084,135862e,0,120,3
mn1a4c05364303c5,223974,1304e,0,175,7
mnd464e3d9ad1365,102567,97128n,1,122,3
mn2558434bca6d50,326563,18202c,2,144,5
mnc1b32b31250e67,138387,78903e,0,242,11
mnf7eb67b83e2d97,91530,70471c,2,190,8
mn795fdc98d30c4b,368308,115938n,1,155,6
mn32b3d2c6179cf2,224892,10322e,0,288,13
mnd6cb12ccb03585,220447,57340e,0,54,0
mn17350bccb3e9c1,379597,79232n,1,155,6
mn05cd32c90214f6,15239,39363n,1,89,1
mn51f05bdb72cdb6,328644,11285n,1,165,6
mn5af09a8abca99f,249023,20890e,0,174,7
mna62837d19ae091,5058,75625c,2,141,5
mne61622d5f04031,312374,38522c,2,108,2
mn6a5e1eed6f0dbb,266859,142099e,0,141,5
mnb207ec4da8dacf,171371,97393c,2,192,8
mna0b6dba08384ff,272723,88573n,1,244,12
mn73371247b61e49,46739,89337e,0,201,9
mn96464103ac8465,290529,33725n,1,98,2
mn71fa782f2e066e,24295,105543c,2,191,8
mn13e5222a78c634,177856,97921c,2,86,1
mn5c7aa3d45ceeee,319094,60160c,2,276,13
mn992bce848970a4,64562,48000c,2,131,4
mn52e945b8d17d21,286302,95453e,0,120,3
mn0505cb6a7b0511,198937,112383n,1,80,1
mn38622288b42df8,13797,143999n,1,268,13
mn9b85192cdd2d47,128483,144426n,1,232,11
mn7a4d8404d551f1,215595,105574c,2,54,0
mna5d1495984a843,383476,100389e,0,422,15
mn26689258cf5241,25574,139043n,1,266,13
mnc7a4d3c7962507,276908,31915e,0,386,15
mn9086971572799c,63047,90691n,1,208,9
mn0778cfea65bf1c,375766,14152c,2,250,12
mnebd0c5b3ae9492,95415,99565n,1,171,7
mne1e2e4405f35a7,224055,45344c,2,252,12
mn8d0cd5f76a7354,326688,59500c,2,89,1
mnbd70f2a1e8ae0f,200497,94608e,0,196,9
mnb2ca05d1b35d06,367376,72356n,1,269,13
mn89ee414fef6027,368971,137918e,0,65,0
mne12258654354e6,17575,42590c,2,206,9
mn597198ba61b921,2056,127209c,2,376,15
mn1e4322b40e8af6,251903,45261e,0,202,9
mne13258df12e9a1,282477,106216c,2,115,3
mn496af6694d622e,343280,103324e,0,71,0
mn7e49f6bf641448,272060,53277e,0,244,12
mnb9421b0f0b4334,115182,3986n,1,333,14
mndc7bc726f65af8,145626,118477n,1,194,8
mnbbf71e27b680d4,381413,101477e,0,315,14
mned47b0ff629f92,76542,93593c,2,77,1
mn901fbeba47a6c2,385352,91912e,0,110,2
mn35d1ed6cf80d99,256826,18903e,0,281,13
mnab86ac3c28dc9d,5288,73180n,1,203,9
mn7774f1249237f9,370637,89053e,0,280,13
mnbf064398740b77,143459,279c,2,181,8
mn4ede11d474e05c,135008,16405n,1,114,3
mnf39deeadc68254,17637,11474n,1,133,4
mnc07be418e2d381,121253,124864e,0,317,14
mnbd7d55c827457d,334218,88681n,1,230,11
mnd37cc581eb9af6,173677,113674n,1,82,1
mnea4fde5c4c04f5,38190,143397e,0,262,12
mn0bc22f7bb6e7d7,319404,14441e,0,266,13
mn9e5255f63a808d,247324,123820n,1,88,1
mnb82e5a92fae0ba,226270,71549n,1,72,0
mn684a489f4ed778,317890,84180e,0,240,11
mnbee616919fd02b,383587,38335e,0,81,1
mnb2c421f61c2a4d,128249,78707e,0,121,3
mnce709ef3718a06,342184,138798e,0,67,0
mne17525ba989361,178313,23785c,2,149,5
mnc2225fdf71b614,212657,118942c,2,154,6
mn92e5321dee3a1d,243319,104058c,2,335,14
mnf4666a7525b29e,349124,44603c,2,151,5
mncb8b9e140850e1,147341,122723e,0,360,15
mn2f241681a11a5b,190937,28564c,2,158,6
mn8acdd71bb2f15f,168847,6487c,2,172,7
mn035db76575b8e8,31516,112021c,2,207,9
mn0d20a2fe848526,186394,22857e,0,245,12
mneda95a26b672b8,27702,47510n,1,222,10
mn7cfe28684ec648,109889,53551n,1,81,1
mn43c74ec8a3bf08,107414,135971c,2,218,10
mn6c423862443992,18069,40782e,0,153,5
mn3001ba741041b1,205737,59295c,2,229,11
mnac9acf009a8e9d,64725,6112n,1,434,15
mn01ed46c22bb57b,140855,11821c,2,169,7
mn06453027d98db9,122485,37205c,2,147,5
mn98a83d95e4d04b,67519,123904e,0,121,3
mne2356762102915,352334,139533n,1,70,0
mnf2fd8f8f9cf2b0,170,107458n,1,362,15
mn88821b8f959e9d,365041,139567n,1,184,8
mn53591f1f0067c2,48931,89126n,1,163,6
mna7641d8dbb1880,201291,130264c,2,129,4
mn5c917810e1a833,275835,103266n,1,359,15
mn2f49484b39422e,261197,15130c,2,170,7
mna94a329c909d76,20275,21342c,2,243,11
mn3246015ce00ad5,209380,57191c,2,502,15
mnb401db8830a455,247901,8485n,1,220,10
mna48dd224cf9921,121349,131879n,1,147,5
mnc784c9982b2cec,292036,5232e,0,271,13
mnae42579ea149b4,170144,121084c,2,171,7
mn475a3c0ec317e1,210216,18433n,1,526,15
mn94f79b8967a9ef,372075,135399c,2,367,15
mn84361a5ef427ec,304248,40426e,0,322,14
mn950659f4548411,304376,29464e,0,177,7
mnfec888159cb5cc,187190,90138n,1,190,8
mne78b5680f0b6a9,246388,130907e,0,88,1
mn2fac2576ec7d1c,82259,58251c,2,142,5
mn09e15ee48acf37,255560,100682n,1,175,7
mn6afa2335dafcc9,161843,45856e,0,311,14
mnd42021a3b5ebd6,362186,116945c,2,111,3
mn7da09c7b645744,288157,125637n,1,200,9
mn8e31542b753690,83978,129082c,2,287,13
mn6b64d3ca828aa3,2612,119290e,0,181,8
mnc6bebec6360336,147003,24564n,1,173,7
mndac38f5637983e,190304,58409c,2,155,6
mn665d50e9bdc548,251565,70540e,0,346,15
mn8818d502aa2d8d,67510,44756e,0,115,3
mn42e9c39a804bc8,332460,103637c,2,140,5
mn57957572647f5f,53393,76091n,1,258,12
mnbfa60d1dd554af,69098,80804c,2,276,13
mn689595afe7dcd3,332153,81736c,2,179,7
mn0fc58bcc0143d4,152026,121323e,0,201,9
mnef61fb9afd897e,298478,11493c,2,393,15
mn7ca6e0a134ce0b,360623,26276n,1,110,2
mn9e41378240b399,41096,24309c,2,114,3
mn9b50ee9698e4d3,188746,20908c,2,99,2
mn01925fadf3f1da,34863,29165c,2,149,5
mnb1dcded081f382,250968,5041n,1,160,6
mn62655da444ddb9,172089,72670c,2,118,3
mn4ad6647767580a,23557,91077c,2,81,1
mn6039a818fdd572,213906,106166n,1,130,4
mn31462017bfb326,63182,25851e,0,328,14
mn59ee6f1c73de0d,64602,66192e,0,279,13
mn276ba869a4fbdb,290756,127401c,2,306,14
mna2149c2af691e4,68502,118278n,1,127,4
mn24ac389efba964,172368,70385e,0,214,10
mn406fd1739498f3,326281,54174e,0,146,5
mn3e123c8574f024,282517,21836e,0,189,8
mn2a3b5b6f8cbaa6,223107,26444e,0,158,6
mn8080eca3749716,376458,67751n,1,264,13
mn34f28334ab04c1,16741,55934e,0,184,8
mn7caffce52355d0,154581,79274c,2,244,12
mncc392eab2fdb28,27070,29810e,0,193,8
mnd3d2ac8d73eed9,71697,87625n,1,137,4
mn80c05860c3a28e,268382,68101e,0,537,15
mn157c86691445a0,153057,102522n,1,162,6
mn519b4f809c90c9,343725,14576c,2,157,6
mn4fdc88237430d8,223085,24879c,2,308,14
mn0b1868e55507d5,319738,88758e,0,185,8
mne0a2057db7d386,168211,50655e,0,114,3
mn460b147360f424,297341,108536n,1,189,8
mn870bad5d3f85bb,182895,36905e,0,258,12
mn893ef8d250c00d,114380,145316c,2,47,0
mnf756851a739c02,80255,50012e,0,285,13
mn7b5536e903a5b8,214198,117885e,0,121,3
mn3058b0bc0f5db4,322076,22994c,2,230,11
mnf9fbd25e594b1e,317799,113904n,1,218,10
mnba9c465d03ed47,189604,88567e,0,85,1
mn65b581903c31ea,68800,123093e,0,61,0
mn2d4be190b9b70a,33882,68588n,1,100,2
mncf1a271c670e25,312638,995e,0,312,14
mn64c9c875329018,215184,56027n,1,259,12
mnce3f11e6e4d754,318169,130472c,2,86,1
mnea2af7a948a875,224967,88141n,1,190,8
mn80f111287256fc,66489,136116n,1,268,13
mn079ec28e031c3e,4756,7404c,2,461,15
mn14d46adef38dff,6749,75035e,0,55,0
mn1dce44b45d81a3,13515,72014n,1,218,10
mn405ce16677d955,145292,60463n,1,126,4
mnbb63c2ea8237ec,243925,115272n,1,297,14
mn9db58d59521b5e,296592,115376c,2,250,12
mn5886a3762bec88,245933,36134c,2,151,5
mn5d6947cc0de34e,340601,60446e,0,276,13
mn2bd9b566762800,366002,142121e,0,193,8
mn6354201356a40a,70424,66528n,1,68,0
mn6a411ba01d8151,157661,10381e,0,189,8
mn4a7619b1d74d4c,34694,11494e,0,82,1
mnc39de5c247f86b,203714,113009e,0,63,0
mn224e42d942823d,199431,28300c,2,175,7
mnd7e06ee7c0bbf8,60171,2584e,0,172,7
mne13cf8da09b6e0,262127,96499c,2,171,7
mn978432cc3f74f0,257330,30288c,2,364,15
mn34ac01b1d1b397,231949,81260n,1,186,8
mnc093c069e178b9,283792,4694n,1,213,10
mn3feadc82e8ef9e,386380,133658n,1,216,10
mnbd8db836f3180c,159401,43472c,2,167,7
mncf68cb57a2d918,71304,62222c,2,168,7
mnea6fb8628b4ee5,226489,110525n,1,238,11
mnc0c71758f9abe7,23793,123406n,1,117,3
mn970260668f08ea,13108,91644c,2,159,6
